id_municipio,sigla_uf,ano,populacao,nome,pib,gastos_educacao,quantidade_matricula,ideb_iniciais,ideb_finais,taxa_abandono_ef_anos_iniciais,taxa_abandono_ef_anos_finais,pib_per_capita,gasto_por_aluno,DEA_RCOI,DEA_RCOP,DEA_RVOI,DEA_RVOP,DEA_RNDOI,DEA_RNCOI,DEA_scale_efficiency,DEA_returns_nature
1100015,RO,2019,22945,Alta Floresta D'Oeste,495775000,19035814,1878,4.7,4.6,0.6,4.9,21607.1,10136.22,0.29321458489990393,0.29321458489990354,0.34902885742888873,0.9939999999999952,0.29321458489990376,0.3490288574288888,0.8400869402600717,Crescente
1100023,RO,2019,107863,Ariquemes,2579278000,73389544,7999,5.1,4.4,0.7,0.9,23912.54,9174.84,0.2715535554445225,0.2715535554445352,0.3410887816141815,0.9930000000000013,0.2715535554445223,0.3410887816141815,0.7961374577006377,Decrescente
1100049,RO,2019,85359,Cacoal,2261930000,52561942,4560,5.6,4.3,0.0,0.7,26499.02,11526.74,0.25274917360460797,0.2527491736046122,0.42138856507296174,1.0,0.2527491736046082,0.4213885650729618,0.599800741059135,Crescente
1100098,RO,2019,32374,Espigão D'Oeste,624787000,20515267,2224,5.9,4.5,0.1,0.4,19299.04,9224.49,0.35164633376972315,0.3516463337697242,0.4737637375537326,0.9990000000000001,0.3516463337697231,0.4737637375537326,0.7422398674610268,Decrescente
1100148,RO,2019,20474,Nova Brasilândia D'Oeste,359625000,15284821,1690,6.8,5.7,0.0,0.0,17564.96,9044.27,0.43175515196854675,0.4317551519685487,0.7224284389058825,1.0,0.43175515196854697,0.7224284389058825,0.5976441799861031,Decrescente
1100304,RO,2019,99854,Vilhena,2832738000,73555009,7929,5.6,4.6,0.1,0.3,28368.8,9276.71,0.2526430868905521,0.25264308689082227,0.3766993001160493,0.9989999999999888,0.2526430868905522,0.3766993001160493,0.6706757533468224,Decrescente
1100320,RO,2019,23005,São Miguel do Guaporé,616830000,19509945,2377,5.1,4.5,0.1,0.3,26812.87,8207.8,0.25548849507807797,0.2554884950780803,0.4014069395656947,0.9990000000000028,0.2554884950780781,0.40140693956569473,0.6364825066415287,Crescente
1100346,RO,2019,14411,Alvorada D'Oeste,260403000,10237893,1296,5.1,4.1,0.2,0.2,18069.74,7899.61,0.35127894574148627,0.3512789457414696,0.4925819395293146,0.9979999999999997,0.35127894574148605,0.49258193952931484,0.7131380945008864,Crescente
1100379,RO,2019,13241,Alto Alegre dos Parecis,288721000,14714304,1679,5.2,4.1,0.5,2.4,21805.08,8763.73,0.2979324720846437,0.2979324720846436,0.3746772369110807,0.9950000000000014,0.2979324720846438,0.3746772369110805,0.7951709971517426,Crescente
1101203,RO,2019,9660,Ministro Andreazza,216434000,7979458,822,5.6,5.2,0.0,2.0,22405.18,9707.37,0.3156131515208285,0.3156131515208289,0.529432276713546,1.0,0.3156131515208287,0.529432276713546,0.5961350778989128,Decrescente
1101450,RO,2019,6074,Parecis,107301000,5614090,490,4.1,4.3,0.0,2.6,17665.62,11457.33,0.31756093455578727,0.31756093455578954,0.4216403377879414,1.0,0.3175609345557876,0.4216403377879459,0.753155962785279,Crescente
1101559,RO,2019,4308,Teixeirópolis,92344000,5324834,560,5.5,4.9,0.0,0.5,21435.47,9508.63,0.31144096168507346,0.31144096168507324,0.5221699222954695,1.0,0.3114409616850735,0.5221699222954693,0.5964360419611545,Crescente
1101708,RO,2019,11467,Urupá,215416000,12540196,1367,5.7,4.2,0.0,0.4,18785.73,9173.52,0.35172538801735825,0.35172538801735825,0.5346107990326988,1.0,0.3517253880173583,0.5346107990326989,0.6579092466028644,Crescente
1101807,RO,2019,6825,Vale do Paraíso,146544000,7178876,797,4.7,5.0,0.3,3.0,21471.65,9007.37,0.32081108093054467,0.3208110809305449,0.43070798819712314,0.9970000000000002,0.3208110809305443,0.430707988197123,0.7448459042364413,Crescente
1200203,AC,2019,88376,Cruzeiro do Sul,1439760000,57313850,6773,5.2,4.3,0.6,5.9,16291.3,8462.11,0.3768971361235224,0.37689713612352543,0.42859521998587036,0.9940000000000042,0.3768971361235224,0.4285952199858704,0.8793778337890649,Crescente
1200328,AC,2019,8317,Jordão,82098000,13878718,2063,4.0,4.1,1.8,3.8,9871.11,6727.44,0.5409664601194255,0.540966460119426,0.5432201458811868,0.9819999999999979,0.5432201458811869,0.5409664601194252,0.9958512478249394,Crescente
1200351,AC,2019,18867,Marechal Thaumaturgo,194430000,28021944,4406,4.5,3.9,2.2,5.3,10305.29,6359.95,0.5235397201173122,0.5235397201173118,0.5301039800087162,0.9780000000000006,0.5301039800087162,0.5235397201173122,0.9876170333765537,Crescente
1200385,AC,2019,19761,Plácido de Castro,276129000,12781324,1340,4.8,4.3,2.3,7.4,13973.43,9538.3,0.3911116020288172,0.3911116020288182,0.3936243845966432,0.9770000000000024,0.39362438459664306,0.3911116020288172,0.99361629343568,Crescente
1200435,AC,2019,6540,Santa Rosa do Purus,79725000,10861801,2005,3.7,4.0,4.3,7.7,12190.37,5417.36,0.4790042795475741,0.47900427954757446,0.4862825113019645,0.9569999999999994,0.4862825113019645,0.4790042795475741,0.9850329148483999,Crescente
1300086,AM,2019,13614,Anamã,125494000,9280504,1420,4.9,4.1,0.4,4.1,9218.01,6535.57,0.5918450052525664,0.5918450052525562,0.6779497324258595,0.996000000000016,0.5918450052525664,0.6779497324258598,0.8729924608640368,Crescente
1300102,AM,2019,21010,Anori,200709000,15061034,1725,5.2,4.8,2.8,3.9,9553.02,8731.03,0.5498696822730531,0.5498696822730523,0.5545518427621446,0.9720000000000013,0.5545518427621449,0.5498696822730529,0.991556857036539,Crescente
1300144,AM,2019,21973,Apuí,252677000,11101548,1315,4.5,4.0,2.5,6.0,11499.43,8442.24,0.4460194307045845,0.4460194307045859,0.45183203375779923,0.9749999999999969,0.45183203375779896,0.4460194307045845,0.9871354781889358,Crescente
1300508,AM,2019,32041,Barreirinha,286580000,39339502,6103,4.2,3.7,2.7,7.5,8944.17,6445.93,0.5734968362792981,0.5734968362792903,0.5842016034414501,0.972999999999999,0.5842016034414501,0.5734968362792981,0.9816762448115656,Crescente
1300607,AM,2019,42984,Benjamin Constant,347115000,46572810,7511,3.9,3.6,1.5,4.6,8075.45,6200.61,0.630287176860022,0.6302871768600031,0.6344758551802046,0.9849999999999985,0.6344758551802049,0.6302871768600214,0.9933982069041968,Crescente
1300631,AM,2019,19679,Beruri,169892000,21970265,4603,3.6,3.0,5.3,9.6,8633.16,4773.03,0.6230987418862628,0.6230987418862647,0.6511688259168852,0.9469999999999998,0.6511688259168849,0.6230987418862628,0.9568927704868273,Crescente
1300706,AM,2019,34308,Boca do Acre,444283000,23235862,3961,5.6,5.3,1.3,2.9,12949.84,5866.16,0.5472016267386528,0.5472016267386502,0.570290352149837,0.9869999999999978,0.5472016267386527,0.5702903521498371,0.9595140872993096,Crescente
1300805,AM,2019,41161,Borba,330380000,34839612,4846,4.0,3.7,2.8,9.5,8026.53,7189.35,0.5938577413956104,0.5938577413956347,0.6063925651039339,0.9719999999999975,0.6063925651039345,0.5938577413956102,0.9793288631331173,Crescente
1301100,AM,2019,37869,Careiro,340672000,41180172,4840,4.3,3.8,2.0,5.5,8996.07,8508.3,0.5237580405362949,0.5237580405362924,0.5306366846662349,0.9800000000000009,0.5306366846662348,0.5237580405362949,0.987036998517608,Crescente
1301159,AM,2019,30225,Careiro da Várzea,318688000,18699547,2595,4.0,3.3,1.6,3.5,10543.85,7205.99,0.4999711021599959,0.4999711021599926,0.5034502293840092,0.9840000000000003,0.5034502293840093,0.4999711021599957,0.9930894316439778,Crescente
1301209,AM,2019,85097,Coari,2253992000,76833233,9131,4.0,3.4,1.6,7.8,26487.33,8414.55,0.2367394847293087,0.23673948472930592,0.23749260153367396,0.984000000000001,0.23749260153367374,0.23673948472930828,0.9968288830915076,Crescente
1301308,AM,2019,28637,Codajás,505889000,18858472,2229,4.6,3.7,1.5,7.3,17665.57,8460.51,0.32866432369835613,0.3286643236983551,0.3292330380407522,0.9849999999999981,0.3292330380407523,0.3286643236983563,0.9982726085274416,Crescente
1301506,AM,2019,20033,Envira,172414000,14528195,2151,2.3,2.4,4.4,8.8,8606.5,6754.16,0.5699285602875105,0.5699285602875169,0.5911997645412659,0.9560000000000004,0.5911997645412653,0.5699285602875105,0.9640202761747367,Crescente
1301704,AM,2019,55080,Humaitá,721855000,38988507,6284,4.3,3.7,2.6,8.3,13105.57,6204.41,0.438243931278615,0.4382439312786162,0.44493407525725337,0.9739999999999996,0.44493407525725337,0.438243931278615,0.9849637410333874,Crescente
1301852,AM,2019,48296,Iranduba,691801000,54437180,8949,5.1,4.4,2.2,4.8,14324.19,6083.05,0.44029252364155885,0.44029252364155275,0.4422187738734259,0.9780000000000023,0.4422187738734259,0.44029252364155885,0.9956441238009981,Crescente
1301902,AM,2019,101337,Itacoatiara,2070851000,87799359,13028,5.0,4.1,1.2,3.2,20435.29,6739.28,0.32109035554143117,0.321090355541431,0.32603010826899526,0.987999999999998,0.3210903555414309,0.3260301082689955,0.9848487835869181,Crescente
1302009,AM,2019,9148,Itapiranga,129499000,10655565,1034,4.2,4.1,1.8,9.0,14155.99,10305.19,0.3693884025358549,0.3693884025358542,0.3709946573648589,0.9819999999999932,0.37099465736485926,0.3693884025358546,0.995670409810176,Crescente
1302306,AM,2019,14317,Jutaí,230654000,33169420,5127,3.7,3.3,5.9,10.0,16110.5,6469.56,0.35671066639185434,0.35671066639185406,0.3745649654582409,0.940999999999997,0.37456496545824003,0.35671066639185434,0.9523332379883855,Crescente
1302504,AM,2019,97377,Manacapuru,1502525000,73604902,12606,5.3,4.6,0.6,2.1,15429.98,5838.88,0.4306183084359854,0.4306183084359721,0.5440796625682225,0.9940000000000051,0.4306183084359852,0.5440796625682225,0.7914618723356341,Decrescente
1302553,AM,2019,32105,Manaquiri,259773000,21861059,3088,3.3,3.5,1.5,2.0,8091.36,7079.36,0.6098595634343348,0.6098595634343358,0.6457336049671902,0.9849999999999999,0.6098595634343366,0.64573360496719,0.9444445182085913,Crescente
1302603,AM,2019,2182763,Manaus,84566043000,1328240564,173586,5.9,4.8,0.4,1.4,38742.66,7651.77,0.21563426466092028,0.2156342646609211,0.3105309379577559,0.9960000000000012,0.2156342646609204,0.3105309379577558,0.6944050923848845,Crescente
1302702,AM,2019,55751,Manicoré,560803000,41600317,6557,4.6,4.2,2.8,7.1,10059.07,6344.41,0.5480620371335081,0.5480620371334661,0.5527785311243295,0.9719999999999948,0.5527785311243293,0.5480620371335081,0.9914676606900267,Crescente
1302801,AM,2019,18224,Maraã,140342000,24332096,3106,3.5,3.3,4.4,11.5,7700.94,7833.9,0.5806334637486975,0.580633463748758,0.60332014792397,0.9560000000000015,0.6033201479239698,0.5806334637486975,0.96239693924803,Crescente
1302900,AM,2019,63905,Maués,551175000,62366095,9645,5.0,4.0,2.0,8.9,8624.91,6466.16,0.624894007925678,0.624894007925678,0.6279646453301397,0.9800000000000025,0.6279646453301398,0.624894007925678,0.9951101747092028,Crescente
1303007,AM,2019,21173,Nhamundá,168137000,15526296,2577,4.5,4.0,0.6,2.9,7941.1,6024.95,0.6492975114925513,0.6492975114925429,0.6997172805483742,0.9940000000000001,0.6492975114925511,0.699717280548374,0.9279426556161247,Crescente
1303106,AM,2019,37378,Nova Olinda do Norte,278282000,29132577,4197,4.3,4.2,2.3,6.9,7445.07,6941.29,0.6505073353006989,0.6505073353007018,0.6553071295998768,0.9770000000000132,0.6553071295998769,0.6505073353006986,0.9926755042294312,Crescente
1303205,AM,2019,19454,Novo Airão,172501000,14379468,2169,4.4,4.2,2.6,4.5,8867.12,6629.54,0.5900624344776103,0.5900624344776095,0.5948629319171623,0.973999999999998,0.5948629319171613,0.5900624344776108,0.9919300780364971,Crescente
1303403,AM,2019,114273,Parintins,1225444000,79638476,11596,5.0,4.4,0.7,3.2,10723.83,6867.75,0.5301149631128664,0.5301149631128619,0.5700408822701798,0.9929999999999959,0.5301149631128669,0.5700408822701798,0.92995955132497,Decrescente
1303536,AM,2019,36279,Presidente Figueiredo,956464000,53013684,5705,4.8,4.3,2.2,4.6,26364.12,9292.5,0.24417568482981006,0.24417568482981222,0.24525163063263608,0.9779999999999989,0.24525163063263594,0.24417568482981006,0.9956128903198296,Crescente
1303569,AM,2019,33347,Rio Preto da Eva,439400000,26610450,3907,4.8,4.6,2.3,3.1,13176.6,6810.97,0.4661672318907147,0.46616723189071474,0.46856639596205996,0.9770000000000018,0.46856639596206007,0.4661672318907148,0.994879777781718,Crescente
1303601,AM,2019,25156,Santa Isabel do Rio Negro,150012000,11574213,1344,4.4,4.0,2.4,5.3,5963.27,8611.77,0.7368692583183913,0.7368692583183696,0.7504590602136076,0.9760529159691199,0.7504590602136076,0.7368692583183913,0.9818913480885311,Crescente
1304005,AM,2019,9171,Silves,114106000,10259092,1774,4.4,4.2,0.8,0.9,12442.05,5783.03,0.4872899384640942,0.48728993846410434,0.5808897787589722,0.9919999999999952,0.48728993846409374,0.5808897787589722,0.8388681575791416,Decrescente
1304062,AM,2019,65844,Tabatinga,594242000,62822814,9193,4.4,3.6,2.1,4.6,9025.0,6833.77,0.5630518410041592,0.5630518410041614,0.5702183439579767,0.9789999999999994,0.5702183439579764,0.5630518410041592,0.9874320020922623,Crescente
1304104,AM,2019,17156,Tapauá,192217000,22455630,2903,4.6,3.6,5.6,10.1,11204.07,7735.32,0.46263619625459196,0.46263619625457847,0.4723774786749618,0.9440000000000058,0.4723774786749621,0.46263619625459196,0.9793781819410727,Crescente
1304203,AM,2019,59849,Tefé,1021258000,63480767,9304,4.4,4.1,3.8,6.5,17063.91,6822.95,0.3557505942952526,0.35575059429525546,0.3601525306503037,0.9619999999999981,0.3601525306503038,0.3557505942952526,0.9877775776082904,Crescente
1304237,AM,2019,18755,Tonantins,151465000,20475573,3139,4.0,3.6,0.8,1.9,8075.98,6522.96,0.6282064981810404,0.6282064981810512,0.6706625147750855,0.9920000000000002,0.6282064981810398,0.670662514775085,0.9366954084077842,Crescente
1304260,AM,2019,13540,Uarini,196338000,15894291,2400,4.1,4.2,4.0,6.8,14500.59,6622.62,0.4115370872546667,0.4115370872546732,0.41707910794672115,0.9600000000000017,0.4170791079467212,0.4115370872546667,0.9867123032862092,Crescente
1304302,AM,2019,16256,Urucará,302863000,15973704,2089,5.0,4.3,0.4,2.4,18630.84,7646.58,0.3394628655105706,0.33946286551056754,0.4478610248642773,0.995999999999996,0.3394628655105704,0.4478610248642774,0.7579647405429923,Crescente
1304401,AM,2019,23065,Urucurituba,179336000,18491554,1897,4.4,3.7,1.8,6.3,7775.24,9747.79,0.5686208478925673,0.5686208478925624,0.5755693714920693,0.9820000000000009,0.5755693714920693,0.568620847892567,0.9879275653923538,Crescente
1400159,RR,2019,12409,Bonfim,315224000,17156242,2236,4.4,4.5,1.3,2.6,25402.85,7672.74,0.26992470152199616,0.2699247015219944,0.27447610239618486,0.9870000000000005,0.26992470152199594,0.274476102396185,0.9834178610288662,Crescente
1500131,PA,2019,7434,Abel Figueiredo,84902000,7998106,1235,5.1,3.9,0.4,6.1,11420.77,6476.2,0.5204456865319683,0.520445686531983,0.61436850840274,0.9959999999999976,0.5204456865319683,0.6143685084027402,0.8471229879360905,Crescente
1500206,PA,2019,55591,Acará,755091000,88267932,13154,3.8,3.3,4.6,10.4,13582.97,6710.35,0.41010633348575615,0.4101063334857631,0.4251866033430462,0.9539999999999995,0.4251866033430462,0.41010633348575615,0.9645325846611327,Crescente
1500305,PA,2019,39218,Afuá,368873000,64163480,11095,3.5,3.1,2.8,9.7,9405.71,5783.1,0.570682704048971,0.5706827040489485,0.58139265623816,0.9719999999999962,0.5813926562381599,0.5706827040489715,0.981578796921023,Crescente
1500347,PA,2019,27430,Água Azul do Norte,433939000,16949939,2044,4.0,3.9,1.2,3.1,15819.87,8292.53,0.35952004506892055,0.35952004506891955,0.3600229446936369,0.9880000000000054,0.3600229446936368,0.35952004506892044,0.998603145626887,Crescente
1500404,PA,2019,56789,Alenquer,573058000,49907601,10079,4.2,3.4,2.7,10.6,10091.0,4951.64,0.5639079195674318,0.5639079195674324,0.5732076358031803,0.9730000000000002,0.5732076358031807,0.5639079195674318,0.9837760077590073,Crescente
1500503,PA,2019,34109,Almeirim,543380000,48249487,7328,3.6,3.2,7.9,15.0,15930.69,6584.26,0.3510248369094488,0.35102483690945335,0.37664804691374554,0.9209999999999996,0.37664804691374554,0.3510248369094488,0.9319704158451017,Crescente
1500602,PA,2019,114594,Altamira,2776406000,116868157,19658,5.7,4.8,0.5,0.7,24228.2,5945.07,0.3220119089200364,0.32201190892003473,0.44769087135489427,0.9949999999999952,0.3220119089200364,0.44769087135489466,0.7192728945879501,Crescente
1500701,PA,2019,29277,Anajás,213400000,42884606,8166,3.4,3.3,3.1,7.9,7289.0,5251.6,0.7008929540830922,0.7008929540830925,0.7169217221982258,0.9689999999999993,0.7169217221982256,0.7008929540830918,0.9776422339861788,Crescente
1500800,PA,2019,530598,Ananindeua,8163540000,168830244,26005,5.5,5.0,0.9,0.6,15385.55,6492.22,0.44695066236754494,0.44695066236755027,0.5811541852593941,0.9940000000000001,0.4469506623675454,0.5811541852593941,0.7690741522717446,Decrescente
1500859,PA,2019,27890,Anapu,415241000,34120717,6881,4.2,3.8,2.0,6.3,14888.53,4958.69,0.4161431319712722,0.41614313197127395,0.41924892256114454,0.9799999999999983,0.41924892256114404,0.4161431319712724,0.9925920129480609,Crescente
1500958,PA,2019,31338,Aurora do Pará,220672000,30255374,4418,4.8,4.5,0.9,1.8,7041.67,6848.21,0.7097171564941296,0.7097171564941259,0.7442436324732572,0.9910000000000122,0.7097171564941311,0.7442436324732568,0.9536086377193583,Crescente
1501006,PA,2019,16388,Aveiro,123024000,16166891,2820,4.4,3.7,1.7,7.7,7506.96,5732.94,0.6778233088829626,0.6778233088829619,0.683693242761149,0.9829999999999982,0.6836932427611495,0.6778233088829626,0.9914143748818108,Crescente
1501105,PA,2019,30673,Bagre,203160000,30275848,5456,3.7,4.0,5.0,10.2,6623.41,5549.09,0.7313351980358286,0.7313351980358366,0.7518934720902428,0.9499999999999996,0.7518934720902386,0.7313351980358286,0.9726579963551714,Crescente
1501253,PA,2019,3286,Bannach,80972000,5688601,682,4.5,3.8,3.9,7.0,24641.51,8341.06,0.24658391340733773,0.24658391340733804,0.2526222607630452,0.9609999999999947,0.2526222607630455,0.24658391340733782,0.9760973267459935,Crescente
1501303,PA,2019,124680,Barcarena,5364844000,132724542,17527,4.4,3.7,0.6,2.4,43028.91,7572.58,0.15887448278742497,0.15887448278742458,0.2551295875657,0.9939999999999992,0.15887448278742508,0.2551295875656998,0.622720729113836,Crescente
1501402,PA,2019,1492745,Belém,32372971000,517282410,42846,5.3,4.4,1.1,1.2,21686.87,12073.06,0.2819558314445818,0.28195583144460185,0.3044070867598812,0.989000000000003,0.2819558314445816,0.30440708675988126,0.926245950597697,Crescente
1501451,PA,2019,17732,Belterra,163218000,19136435,3313,5.1,4.8,0.0,0.0,9204.71,5776.17,0.6575237151426201,0.6575237151426087,0.9173427820066031,1.0,0.6575237151426201,0.9173427820066032,0.7167699229118556,Crescente
1501501,PA,2019,62737,Benevides,1558563000,48621911,6494,6.1,5.3,0.0,0.0,24842.8,7487.21,0.3221734240648325,0.3221734240648326,0.7901852435209937,1.0,0.3221734240648323,0.7901852435209935,0.40771885669397845,Crescente
1501576,PA,2019,16981,Bom Jesus do Tocantins,174025000,15206478,2139,4.9,4.0,0.8,5.1,10248.22,7109.15,0.5349358885258134,0.5349358885258009,0.5466701749482973,0.9920000000000083,0.5349358885258135,0.5466701749482975,0.9785349796637549,Crescente
1501725,PA,2019,15086,Brasil Novo,276410000,19090052,3147,5.6,4.9,0.6,2.3,18322.29,6066.11,0.395486341217398,0.3954863412173979,0.5054572293203414,0.9940000000000001,0.3954863412173981,0.5054572293203414,0.7824328514386573,Decrescente
1501782,PA,2019,66046,Breu Branco,600242000,58254440,8682,4.4,3.5,2.5,6.2,9088.24,6709.79,0.5613291235453973,0.5613291235453992,0.5707174534719336,0.9749999999999994,0.5707174534719335,0.5613291235453973,0.9835499512597297,Crescente
1501808,PA,2019,102701,Breves,806109000,129036522,25430,3.6,3.7,4.4,10.1,7849.09,5074.18,0.6631882052246004,0.663188205224598,0.6871387633339292,0.9560000000000013,0.6871387633339293,0.6631882052246004,0.9651445102687511,Crescente
1501907,PA,2019,29132,Bujaru,413630000,31428585,5223,4.2,3.6,2.3,6.6,14198.48,6017.34,0.4156437429114556,0.41564374291145934,0.42046947019124464,0.9770000000000011,0.4204694701912446,0.4156437429114552,0.9885230019730229,Crescente
1502103,PA,2019,137890,Cametá,1137121000,147696168,26367,3.7,3.3,3.5,8.1,8246.58,5601.55,0.6280477033073893,0.6280477033073792,0.6448464919952565,0.9649999999999989,0.6448464919952568,0.6280477033073897,0.9739491663575791,Crescente
1502152,PA,2019,37085,Canaã dos Carajás,10704887000,103013280,8514,5.1,4.2,0.3,1.2,288658.14,12099.28,0.045906729617582576,0.04590672961758233,0.10197043324308797,0.9970000000000036,0.04590672961758278,0.10197043324308755,0.45019647516986844,Crescente
1502301,PA,2019,54303,Capitão Poço,704295000,46109625,6849,4.4,3.7,2.0,4.6,12969.73,6732.31,0.43601687959617624,0.43601687959617696,0.44016860413207975,0.9799999999999998,0.4401686041320801,0.43601687959617635,0.9905678767251248,Crescente
1502400,PA,2019,200793,Castanhal,4034041000,124948791,17765,4.8,4.0,1.0,2.0,20090.55,7033.42,0.31597785841244386,0.3159778584124607,0.34301053671017645,0.9900000000000195,0.31597785841244397,0.3430105367101764,0.9211899478161698,Crescente
1502509,PA,2019,23717,Chaves,194500000,27542010,5538,3.1,3.5,3.4,8.8,8200.87,4973.28,0.6529524182404979,0.6529524182405045,0.66928606597066,0.9660000000000002,0.6692860659706603,0.6529524182404973,0.9755954164285886,Crescente
1502707,PA,2019,47864,Conceição do Araguaia,547713000,36974964,4236,4.7,4.4,1.1,3.6,11443.11,8728.75,0.4691856486595709,0.46918564865952755,0.4697706790203432,0.9889999999999937,0.4697706790203433,0.4691856486595709,0.9987546469226383,Crescente
1502756,PA,2019,33318,Concórdia do Pará,291977000,41220908,5787,3.7,3.4,1.8,3.3,8763.34,7123.02,0.5694958474737755,0.5694958474737681,0.5740308361532153,0.9820000000000052,0.5740308361532154,0.5694958474737755,0.9920997472717139,Crescente
1502772,PA,2019,17929,Curionópolis,943189000,31594310,3473,5.4,4.4,0.5,1.6,52606.89,9097.12,0.14906001426317642,0.14906001426317647,0.2199644962930661,0.995000000000001,0.1490600142631765,0.21996449629306625,0.6776548796519359,Crescente
1502855,PA,2019,14393,Curuá,129485000,16979336,2964,4.1,3.9,1.8,4.4,8996.39,5728.52,0.5969146856482638,0.5969146856482621,0.602044333577187,0.9819999999999988,0.6020443335771875,0.596914685648264,0.9914796176247616,Crescente
1502905,PA,2019,40066,Curuçá,289789000,28522539,4921,4.2,4.4,0.7,1.2,7232.79,5796.09,0.734595806281787,0.7345958062817916,0.8180109412125126,0.9929999999999993,0.7345958062817867,0.8180109412125126,0.8980268713679038,Decrescente
1502939,PA,2019,59719,Dom Eliseu,660970000,22402509,6409,5.6,4.5,0.7,4.8,11068.0,3495.48,0.6509371271514379,0.6509371271514371,0.8011374177414896,0.993411025950806,0.6509371271514369,0.8011374177414896,0.8125161960185485,Decrescente
1502954,PA,2019,33808,Eldorado do Carajás,429733000,35002416,5769,4.6,3.8,2.8,6.6,12710.99,6067.33,0.4544988968089941,0.45449889680899325,0.45790590527366554,0.9719999999999975,0.4579059052736632,0.4544988968089942,0.9925595882790914,Crescente
1503044,PA,2019,20304,Floresta do Araguaia,272593000,22856325,3390,4.5,3.7,1.0,5.4,13425.58,6742.28,0.42890765656873014,0.42890765656873037,0.43957252395985313,0.9899999999999969,0.4289076565687301,0.4395725239598533,0.9757380936937337,Crescente
1503077,PA,2019,26066,Garrafão do Norte,220325000,36262551,5534,4.4,4.1,2.2,5.2,8452.58,6552.68,0.6046983974729846,0.6046983974729833,0.6085779221951179,0.9779999999999979,0.6085779221951177,0.6046983974729847,0.9936252621387579,Crescente
1503093,PA,2019,40475,Goianésia do Pará,346998000,37866753,5352,4.5,3.4,2.2,7.0,8573.14,7075.25,0.5755866516544298,0.575586651654428,0.5838228070316179,0.9779999999999898,0.5838228070316178,0.5755866516544298,0.9858927138885445,Crescente
1503101,PA,2019,33376,Gurupá,280891000,10020982,10659,3.5,3.0,8.2,12.7,8415.96,940.14,0.8494723258344428,0.8494723258344328,0.8973731497024734,0.9401356775494966,0.8973731497024737,0.8494723258344428,0.9466210640646956,Crescente
1503200,PA,2019,38807,Igarapé-Açu,346236000,22528068,2754,4.3,3.4,2.6,5.7,8922.0,8180.13,0.5308766466334385,0.5308766466334406,0.5410514305900239,0.9740000000000013,0.5410514305900238,0.5308766466334385,0.9811944237066527,Crescente
1503309,PA,2019,62698,Igarapé-Miri,519353000,79029095,13428,4.0,3.7,2.2,5.2,8283.41,5885.4,0.6251542232946844,0.6251542232947216,0.6335131664619055,0.9780000000000012,0.633513166461905,0.6251542232946848,0.9868054152466873,Crescente
1503457,PA,2019,64053,Ipixuna do Pará,576413000,50847056,6949,4.5,4.3,1.7,4.4,8999.0,7317.18,0.574749943702776,0.5747499437027749,0.5771398186344802,0.9829999999999997,0.5771398186344803,0.5747499437027763,0.9958591057928412,Crescente
1503606,PA,2019,101247,Itaituba,2041945000,117969779,17985,4.6,4.2,2.2,6.1,20167.96,6559.34,0.31977446080766286,0.3197744608076821,0.321149531233404,0.9779999999999965,0.321149531233404,0.3197744608076628,0.9957182860567784,Crescente
1503705,PA,2019,53269,Itupiranga,580326000,52407139,9004,4.2,3.7,1.9,6.8,10894.25,5820.43,0.5159365147761661,0.5159365147761628,0.5203969720876952,0.9810000000000048,0.5203969720876952,0.5159365147761663,0.9914287408444462,Crescente
1503754,PA,2019,8239,Jacareacanga,524934000,36611258,5072,3.5,3.3,2.1,6.5,63713.31,7218.31,0.11914754657962327,0.1191475465796347,0.1353363403030443,0.9789999999999996,0.11914754657962458,0.13533634030304403,0.8803810293142906,Crescente
1503804,PA,2019,59155,Jacundá,488417000,42027033,6468,4.5,3.3,1.0,4.8,8256.56,6497.69,0.6146487356482435,0.6146487356482432,0.615702762204979,0.9900000000000014,0.6157027622049768,0.6146487356482435,0.998288091882257,Crescente
1503903,PA,2019,57943,Juruti,1204784000,74286817,10630,5.0,4.8,0.5,2.4,20792.57,6988.41,0.34054449132878345,0.34054449132878317,0.4523229851981195,0.9950000000000003,0.34054449132878334,0.4523229851981197,0.7528790321801211,Crescente
1504059,PA,2019,30077,Mãe do Rio,291476000,34927345,5914,4.7,3.8,0.9,3.3,9690.99,5905.88,0.5727714396930246,0.572771439693028,0.5859216967827217,0.9909999999999994,0.5727714396930248,0.5859216967827217,0.9775562892415407,Decrescente
1504109,PA,2019,8548,Magalhães Barata,74014000,6914198,1303,4.1,4.0,1.3,3.5,8658.63,5306.37,0.6300568748733447,0.6300568748733438,0.6321143879563502,0.9870000000000055,0.6321143879563504,0.6300568748733453,0.9967450304530205,Crescente
1504208,PA,2019,279349,Marabá,11406386000,264487874,40513,5.1,4.3,0.8,2.8,40832.03,6528.47,0.18451273580249972,0.1845127358024996,0.25411450740393615,0.9920000000000009,0.18451273580250016,0.2541145074039359,0.7261007554724193,Crescente
1504307,PA,2019,29473,Maracanã,228263000,33719254,5537,4.5,3.8,1.7,5.6,7744.82,6089.81,0.6508090891022997,0.6508090891023014,0.6565640551035017,0.9830000000000005,0.6565640551035015,0.6508090891022997,0.9912347227106505,Crescente
1504406,PA,2019,28336,Marapanim,220111000,27418549,4446,4.2,3.7,1.1,4.8,7767.89,6167.02,0.6507737313360307,0.6507737313360533,0.6525846563319583,0.9889999999999987,0.6525846563319582,0.6507737313360306,0.9972249960547549,Crescente
1504422,PA,2019,131521,Marituba,1941535000,105111804,17245,4.9,3.9,1.3,2.9,14762.17,6095.2,0.4213052472427853,0.4213052472427777,0.4215398651176819,0.9869999999999962,0.42153986511768227,0.4213052472427857,0.9994434266025324,Crescente
1504455,PA,2019,31597,Medicilândia,654621000,27996065,5063,4.3,3.6,1.5,6.2,20717.82,5529.54,0.31116178415745366,0.31116178415745105,0.31163644613524255,0.9850000000000018,0.31163644613524233,0.31116178415745366,0.9984768727031917,Crescente
1504505,PA,2019,27654,Melgaço,180022000,43472417,7736,3.3,3.5,2.4,6.8,6509.8,5619.5,0.7448757171212868,0.7448757171212859,0.7573000201017518,0.9759999999999992,0.7573000201017484,0.744875717121289,0.9835939486984356,Crescente
1504604,PA,2019,31136,Mocajuba,378747000,41538033,6256,4.1,3.9,1.5,2.6,12164.28,6639.71,0.46292019803259976,0.4629201980325982,0.46361827157780705,0.9850000000000008,0.4636182715778073,0.462920198032598,0.9984942924211516,Crescente
1504703,PA,2019,82094,Moju,914896000,94131883,15707,4.5,3.3,1.4,4.1,11144.49,5992.99,0.5061000022555101,0.5061000022555104,0.5079042840548595,0.9860000000000034,0.5079042840548599,0.5061000022555097,0.9964475948402228,Crescente
1504752,PA,2019,16084,Mojuí dos Campos,170177000,19423605,4100,5.0,4.2,0.1,0.8,10580.51,4737.46,0.5887041937736771,0.5887041937736752,0.8285644854372398,0.9989999999999999,0.5887041937736769,0.8285644854372397,0.7105110152808606,Crescente
1504802,PA,2019,58032,Monte Alegre,621428000,59016064,11736,4.5,4.0,2.1,6.5,10708.37,5028.64,0.5440503735597971,0.5440503735597944,0.5465985713407456,0.9789999999999994,0.5465985713407455,0.5440503735597972,0.9953380818857648,Crescente
1504950,PA,2019,21368,Nova Esperança do Piriá,208330000,25585477,4459,3.9,3.4,1.3,7.9,9749.63,5737.94,0.5657336495571246,0.5657336495571381,0.5674526809830113,0.9870000000000028,0.5674526809830106,0.5657336495571248,0.9969706171395494,Crescente
1504976,PA,2019,16678,Nova Ipixuna,158361000,17740096,2433,3.9,3.7,2.5,5.5,9495.2,7291.45,0.5305861269715194,0.5305861269715223,0.5395906231250045,0.9749999999999961,0.5395906231250039,0.5305861269715199,0.9833123561315129,Crescente
1505007,PA,2019,15363,Nova Timboteua,115806000,12071150,1834,5.0,3.8,0.9,3.6,7537.98,6581.87,0.683003306654148,0.6830033066541129,0.683481681517356,0.990999999999997,0.6834816815173556,0.6830033066541491,0.9993000911712132,Crescente
1505031,PA,2019,25762,Novo Progresso,698729000,29108654,4950,5.6,4.5,1.2,2.8,27122.47,5880.54,0.2875701797869036,0.287570179786904,0.3279437698278344,0.988,0.28757017978690397,0.327943769827834,0.876888681062225,Crescente
1505064,PA,2019,75919,Novo Repartimento,831147000,77307826,13155,4.4,3.4,2.3,9.3,10947.81,5876.69,0.5107182065353532,0.5107182065353555,0.5172554892901683,0.9770000000000018,0.5172554892901681,0.5107182065353537,0.9873615981073758,Crescente
1505106,PA,2019,52137,Óbidos,977405000,53630370,10995,4.7,3.8,1.0,4.9,18746.86,4877.71,0.35039858893888376,0.3503985889388846,0.40814934362144895,0.9900000000000019,0.3503985889388842,0.40814934362144867,0.8585058249263584,Crescente
1505205,PA,2019,32512,Oeiras do Pará,365938000,43337242,8638,3.4,3.3,2.8,12.0,11255.47,5017.05,0.5160791537463174,0.5160791537463165,0.524881562112713,0.971999999999999,0.5248815621127095,0.5160791537463171,0.9832297245668817,Crescente
1505304,PA,2019,73096,Oriximiná,2085534000,82486106,13023,5.1,4.7,0.9,3.1,28531.44,6333.88,0.268157273398358,0.26815727339835754,0.3309627280445572,0.991,0.2681572733983582,0.3309627280445573,0.8102340556071808,Crescente
1505437,PA,2019,32832,Ourilândia do Norte,634512000,35060080,5550,4.8,3.9,2.1,7.5,19326.02,6317.13,0.3307769729559483,0.3307769729559647,0.3319574234583001,0.9790000000000015,0.33195742345829976,0.33077697295594827,0.9964439701632397,Crescente
1505486,PA,2019,47706,Pacajá,677086000,43611299,8320,4.2,3.4,2.9,9.0,14192.89,5241.74,0.42461488039364226,0.4246148803936429,0.43193364000131257,0.9709999999999986,0.43193364000131257,0.424614880393642,0.9830558240204489,Crescente
1505494,PA,2019,7589,Palestina do Pará,72213000,9371479,1333,4.6,4.2,0.7,3.7,9515.48,7030.37,0.556890869709476,0.5568908697094956,0.5855318319165378,0.9929999999999812,0.5568908697094759,0.5855318319165376,0.9510855590663356,Crescente
1505502,PA,2019,113145,Paragominas,3132989000,111787343,17983,5.8,4.4,0.6,3.9,27690.03,6216.28,0.28930658075418625,0.2893065807541861,0.38481181069915776,0.9939999999999983,0.289306580754186,0.38481181069915776,0.7518131531060604,Decrescente
1505536,PA,2019,208273,Parauapebas,23001043000,399262628,35224,5.6,4.5,0.8,2.7,110436.99,11334.96,0.07850352362252362,0.07850352362252433,0.10899222979078875,0.9919999999999995,0.07850352362252298,0.10899222979078851,0.7202671582479927,Crescente
1505601,PA,2019,8077,Peixe-Boi,53683000,8069995,1231,4.3,3.6,0.8,3.5,6646.4,6555.64,0.7063989739707744,0.7063989739707748,0.7072161746441327,0.9920000000000002,0.7072161746441329,0.7063989739707744,0.9988444824897148,Crescente
1505635,PA,2019,12981,Piçarra,211878000,14675967,2330,4.3,3.5,2.1,6.3,16322.16,6298.7,0.36917651955361974,0.36917651955362163,0.37254188903351165,0.9789999999999992,0.37254188903351154,0.3691765195536197,0.9909664669156462,Crescente
1505650,PA,2019,30982,Placas,258528000,29653311,4142,4.8,3.7,0.4,3.1,8344.46,7159.18,0.6075320057750992,0.6075320057750805,0.6719944613759385,0.9960000000000733,0.607532005775099,0.6719944613759394,0.9040729361535963,Crescente
1505700,PA,2019,31082,Ponta de Pedras,221526000,24406716,4070,4.3,3.8,2.1,6.8,7127.15,5996.74,0.688521263819901,0.6885212638199114,0.6977459069031299,0.9790000000000026,0.69774590690313,0.688521263819901,0.9867793662535815,Crescente
1505809,PA,2019,62043,Portel,785876000,85528294,15679,3.6,3.3,4.7,13.2,12666.63,5454.96,0.4529402009989143,0.4529402009989196,0.4697732836436278,0.953000000000003,0.46977328364362797,0.4529402009989145,0.9641676459032457,Crescente
1505908,PA,2019,41135,Porto de Moz,321165000,72021402,12174,3.8,3.2,5.9,13.6,7807.58,5916.0,0.6254471957969521,0.6254471957969538,0.6589892922606319,0.9409999999999998,0.6589892922606315,0.6254471957969521,0.9491006957812392,Crescente
1506005,PA,2019,29866,Prainha,295872000,45999012,7712,3.8,3.7,3.6,8.3,9906.65,5964.6,0.5404647476636737,0.5404647476636755,0.5551114359399648,0.9640000000000077,0.5551114359399651,0.5404647476636737,0.9736148684245893,Crescente
1506138,PA,2019,84787,Redenção,1866113000,68549895,11116,5.0,4.0,1.0,3.8,22009.42,6166.78,0.30608926223462973,0.30608926223463,0.34993649500590746,0.9900000000000395,0.3060892622346299,0.3499364950059074,0.8746994571956905,Crescente
1506161,PA,2019,18193,Rio Maria,494992000,17938961,2691,4.8,4.3,1.2,6.0,27207.83,6666.28,0.2538096747583446,0.2538096747584545,0.27658672132233525,0.9879999999999283,0.25380967475834454,0.27658672132233514,0.9176495297565417,Crescente
1506187,PA,2019,52357,Rondon do Pará,533208000,38072027,6210,5.1,4.2,1.0,6.0,10184.08,6130.76,0.5731182613062848,0.5731182613062842,0.5732097814082798,0.989999999999998,0.5732097814082797,0.5731182613062847,0.9998403375082502,Crescente
1506195,PA,2019,50510,Rurópolis,375339000,27293626,4705,4.8,4.4,3.0,7.6,7430.98,5800.98,0.7107440116653757,0.7107440116653757,0.7178151658480513,0.9700000000000001,0.7178151658480513,0.7107440116653757,0.9901490599264207,Crescente
1506203,PA,2019,40675,Salinópolis,530753000,27035547,4395,4.7,4.2,1.1,2.5,13048.63,6151.43,0.46009327263141664,0.4600932726314213,0.4611872818153826,0.9890000000000043,0.4600932726314169,0.46118728181538254,0.997627841818058,Crescente
1506302,PA,2019,23752,Salvaterra,181405000,26212270,4076,4.6,4.0,1.5,6.4,7637.46,6430.88,0.6489254092258,0.6489254092258022,0.6509622702579775,0.9850000000000003,0.6509622702579775,0.6489254092258,0.9968709998639855,Crescente
1506401,PA,2019,10128,Santa Cruz do Arari,71619000,7409748,1058,3.5,3.9,5.2,4.6,7071.39,7003.54,0.6498820330418343,0.6498820330418374,0.6636937607300735,0.954000000000001,0.6636937607300735,0.6498820330418343,0.9791896074583464,Crescente
1506500,PA,2019,70801,Santa Isabel do Pará,795107000,48483017,9065,4.3,3.8,1.8,4.5,11230.17,5348.37,0.5149305858137261,0.5149305858137176,0.5185477686133677,0.9820000000000022,0.5185477686133677,0.514930585813726,0.9930243981006529,Crescente
1506559,PA,2019,19848,Santa Luzia do Pará,160405000,21458868,3745,4.1,3.7,1.7,2.5,8081.67,5730.0,0.6497509316594623,0.6497509316594633,0.6499011675136491,0.9829999999999973,0.6497509316594615,0.6499011675136496,0.9997688327676628,Crescente
1506708,PA,2019,72817,Santana do Araguaia,1034821000,53392974,5931,4.0,2.3,4.5,10.1,14211.26,9002.36,0.36802367696968125,0.36802367696968247,0.38166926049743244,0.955,0.38166926049743266,0.36802367696968125,0.9642476223786878,Crescente
1506807,PA,2019,304589,Santarém,5117941000,275509563,46843,5.5,4.7,0.1,0.6,16802.78,5881.55,0.4141753951451455,0.41417539514515295,0.6172641572035311,0.9990000000000034,0.414175395145145,0.6172641572035311,0.6709856555117926,Decrescente
1507003,PA,2019,31482,Santo Antônio do Tauá,384943000,28121007,4662,4.5,3.7,2.0,5.6,12227.4,6031.96,0.4681462621862205,0.4681462621862213,0.4724803833547098,0.9800000000000016,0.47248038335470965,0.4681462621862207,0.9908268759483385,Crescente
1507151,PA,2019,25557,São Domingos do Araguaia,284573000,24059866,3713,4.0,3.3,1.9,6.2,11134.84,6479.9,0.4938198267098596,0.49381982670986857,0.49831887425694577,0.981000000000005,0.4983188742569458,0.49381982670985947,0.9909715489829783,Crescente
1507201,PA,2019,31989,São Domingos do Capim,345699000,43148351,6515,3.8,3.4,3.3,6.3,10806.81,6622.92,0.4945836301056251,0.49458363010561374,0.5064614079154821,0.9670000000000052,0.5064614079154804,0.494583630105625,0.9765475165052672,Crescente
1507300,PA,2019,128481,São Félix do Xingu,1448104000,80914610,12018,4.0,2.9,5.2,13.9,11270.96,6732.78,0.46815755972508527,0.46815755972508943,0.4889387160175943,0.9479999999999992,0.4889387160175947,0.46815755972508527,0.9574974212274054,Crescente
1507409,PA,2019,15882,São Francisco do Pará,240284000,16399356,2415,4.0,3.4,2.0,4.5,15129.33,6790.62,0.38651601960645526,0.3865160196064519,0.38991245567370153,0.9799999999999955,0.3899124556737016,0.38651601960645515,0.9912892342426511,Crescente
1507458,PA,2019,24847,São Geraldo do Araguaia,520359000,35080871,4290,4.8,4.2,1.0,4.8,20942.53,8177.36,0.29902691005939236,0.2990269100594044,0.32061900107397034,0.989999999999996,0.2990269100593922,0.3206190010739704,0.9326549863163086,Crescente
1507474,PA,2019,23045,São João de Pirabas,168796000,23398996,3815,4.3,3.8,1.1,4.7,7324.63,6133.42,0.6779131509607103,0.6779131509607029,0.6800285058671793,0.989,0.68002850586718,0.6779131509607103,0.996889314362239,Crescente
1507508,PA,2019,13996,São João do Araguaia,133441000,18359182,2664,3.9,3.6,2.2,5.2,9534.22,6891.58,0.5402734382804022,0.5402734382803938,0.5475541908911263,0.9779999999999989,0.5475541908911258,0.5402734382804019,0.9867031378229889,Crescente
1507607,PA,2019,58986,São Miguel do Guamá,630231000,59954825,10338,4.4,3.8,1.8,3.8,10684.42,5799.46,0.5245209977934059,0.5245209977934089,0.5285613126025742,0.9820000000000009,0.5285613126025746,0.5245209977934054,0.9923560148788145,Crescente
1507706,PA,2019,26640,São Sebastião da Boa Vista,205414000,32799872,5594,4.5,4.2,1.1,5.1,7710.74,5863.4,0.6794424079871836,0.6794424079871896,0.6802587621214046,0.9890000000000002,0.6802587621214046,0.6794424079871837,0.9987999358778192,Crescente
1507805,PA,2019,11658,Senador José Porfírio,162893000,21513121,4469,4.1,4.4,8.5,4.7,13972.64,4813.86,0.46476765432446343,0.46476765432444556,0.470658076527054,0.9530593495315242,0.47065807652705394,0.46476765432446343,0.9874847102464374,Crescente
1507904,PA,2019,25374,Soure,197182000,18507103,3255,4.2,3.5,1.5,2.5,7771.03,5685.75,0.6693655586728733,0.6693655586729766,0.6699736937147964,0.9849999999999869,0.669365558672873,0.6699736937147965,0.9990923001192014,Crescente
1507953,PA,2019,106339,Tailândia,949052000,79068777,13871,4.6,3.5,1.3,5.2,8924.78,5700.29,0.6054394128368252,0.6054394128368259,0.6063609564860905,0.9869999999999984,0.6063609564860907,0.6054394128368251,0.9984802061554133,Crescente
1507979,PA,2019,18769,Terra Santa,470503000,20743320,3140,5.7,4.6,0.3,2.9,25068.09,6606.15,0.30487810412127964,0.30487810412128036,0.4395180872883714,0.9969999999999996,0.3048781041212797,0.4395180872883708,0.6936645224369268,Crescente
1508001,PA,2019,63447,Tomé-Açu,710991000,77844418,14224,4.7,3.9,2.1,5.5,11206.06,5472.75,0.5207955021517361,0.5207955021517358,0.5230830476272783,0.9789999999999999,0.5230830476272788,0.5207955021517361,0.9956268025012116,Crescente
1508035,PA,2019,30959,Tracuateua,231424000,32287340,5846,3.7,3.5,1.7,6.9,7475.18,5522.98,0.6878967209070148,0.6878967209069923,0.6937130810306388,0.9830000000000088,0.6937130810306392,0.6878967209070146,0.9916156112913674,Crescente
1508050,PA,2019,18989,Trairão,286214000,15843005,2730,4.6,4.1,1.7,8.3,15072.62,5803.3,0.40994057978126247,0.4099405797812635,0.410892721347434,0.9830000000000081,0.41089272134743393,0.4099405797812622,0.9976827490079426,Crescente
1508084,PA,2019,39602,Tucumã,826904000,36548478,5657,4.4,3.8,2.0,5.7,20880.36,6460.75,0.30037619744454946,0.300376197444549,0.3025310460125581,0.9799999999999989,0.30253104601255826,0.3003761974445496,0.9928772646761047,Crescente
1508100,PA,2019,113659,Tucuruí,5301010000,90802330,16027,4.7,4.0,1.1,4.6,46639.6,5665.58,0.16084397771641254,0.1608439777164138,0.2087341514967467,0.9889999999999975,0.1608439777164132,0.20873415149674712,0.7705685752095024,Crescente
1508126,PA,2019,59210,Ulianópolis,1589798000,31764081,4554,6.1,4.9,0.1,1.6,26850.16,6974.98,0.30469522238835123,0.3046952223883496,0.453934882001555,0.9990000000000021,0.30469522238835106,0.4539348820015551,0.6712311269071132,Crescente
1508159,PA,2019,45476,Uruará,609425000,49973884,8954,4.5,3.9,1.2,4.2,13401.02,5581.18,0.4469441976984897,0.44694419769848986,0.44706337523456924,0.988000000000002,0.4470633752345693,0.44694419769848964,0.9997334213834514,Crescente
1508308,PA,2019,61403,Viseu,488299000,82656420,13481,3.6,3.6,2.0,5.6,7952.36,6131.33,0.6359463195509871,0.6359463195509871,0.6434552230041174,0.9799999999999995,0.6434552230041174,0.6359463195509868,0.9883303403489784,Crescente
1508357,PA,2019,15134,Vitória do Xingu,4092449000,45828750,3619,5.7,5.2,0.4,1.6,270414.23,12663.37,0.048193736036387796,0.048193736036388136,0.09629097430574252,0.9960000000000011,0.04819373603638971,0.09629097430574257,0.5005010737908139,Crescente
1508407,PA,2019,44751,Xinguara,1292069000,46251119,7098,4.8,4.1,1.4,6.4,28872.41,6516.08,0.23413183590186518,0.23413183590186062,0.23435929772958464,0.9859999999999932,0.2341318359018651,0.2343592977295849,0.999029431177158,Crescente
1600279,AP,2019,50410,Laranjal do Jari,973431000,31601591,4309,4.6,4.2,1.2,1.8,19310.28,7333.86,0.3264711432258981,0.3264711432259088,0.3408722188712183,0.9879999999999968,0.3264711432258982,0.34087221887121827,0.9577522753452637,Crescente
1600501,AP,2019,27270,Oiapoque,461142000,22025987,2933,4.0,4.0,2.3,3.0,16910.23,7509.71,0.3495722171061849,0.34957221710617553,0.3506089138564704,0.9770000000000055,0.35060891385647075,0.3495722171061848,0.9970431534701086,Crescente
1600535,AP,2019,21971,Porto Grande,338606000,17694009,2384,4.0,3.4,1.4,4.0,15411.5,7421.98,0.3757917288649466,0.37579172886494516,0.37691723846333675,0.9860000000000014,0.3769172384633367,0.37579172886494616,0.9970139078727767,Crescente
1600808,AP,2019,15931,Vitória do Jari,196121000,14526096,1911,4.3,3.3,1.6,6.2,12310.65,7601.31,0.4408855575996873,0.44088555759968573,0.4436926849703546,0.9839999999999927,0.44369268497035447,0.4408855575996874,0.9936732619992262,Crescente
1700350,TO,2019,5390,Aliança do Tocantins,109409000,4473825,401,5.5,5.1,0.0,0.0,20298.52,11156.67,0.3200376936446772,0.3200376936446718,0.49866082672646617,1.0,0.3200376936446775,0.49866082672646594,0.6417943349302424,Crescente
1700707,TO,2019,8412,Alvorada,335148000,8850043,955,5.7,4.8,0.2,0.7,39841.65,9267.06,0.19789852143228892,0.1978985214322897,0.30111261118674487,0.9980000000000037,0.19789852143228912,0.3011126111867449,0.6572242877916383,Crescente
1701101,TO,2019,4795,Aparecida do Rio Negro,127209000,6098651,681,5.6,4.6,0.6,0.6,26529.51,8955.43,0.26796567690528883,0.26796567690528766,0.36591844929696243,0.9939999999999952,0.2679656769052889,0.36591844929696243,0.7323098286520675,Decrescente
1702000,TO,2019,8517,Araguaçu,449522000,7257258,772,6.3,5.6,0.0,0.3,52779.38,9400.59,0.17873181963643636,0.1787318196364368,0.5714280574255505,1.0,0.1787318196364365,0.5714280574255505,0.31278096571189584,Decrescente
1702901,TO,2019,9756,Axixá do Tocantins,133267000,16529673,1915,4.5,3.4,0.5,2.1,13660.0,8631.68,0.39919167219368495,0.39919167219368545,0.4556136650098923,0.9950000000000093,0.3991916721936851,0.45561366500989237,0.876162641401499,Crescente
1703206,TO,2019,4459,Bernardo Sayão,72861000,5033666,674,4.6,4.6,0.0,1.9,16340.21,7468.35,0.39112972740716895,0.39112972740717183,0.6414865634940182,1.0,0.39112972740716956,0.6414865634940183,0.6097239594182337,Crescente
1703701,TO,2019,5497,Brejinho de Nazaré,170079000,6300841,543,5.4,4.8,0.0,0.0,30940.33,11603.76,0.22203014220266173,0.22203014220265818,0.45663887025787947,1.0,0.2220301422026616,0.45663887025787936,0.48622698737248055,Crescente
1703867,TO,2019,4382,Cariri do Tocantins,364925000,6047974,529,5.4,4.9,0.0,0.6,83278.18,11432.84,0.1033806883934238,0.10338068839342374,0.4342858457070283,1.0,0.10338068839342299,0.4342858457070285,0.23804756571128274,Crescente
1703891,TO,2019,4095,Carrasco Bonito,43338000,4547877,488,4.1,3.3,0.6,0.8,10583.15,9319.42,0.4709326290520963,0.4709326290520953,0.5585831802915366,0.9939999999999999,0.4709326290520961,0.5585831802915361,0.8430841558929619,Crescente
1705508,TO,2019,35424,Colinas do Tocantins,798814000,30704000,2844,5.6,4.0,0.0,1.0,22550.08,10796.06,0.2908696963718778,0.29086969637187765,0.44990824695039444,1.0,0.2908696963718777,0.44990824695039455,0.6465089234159965,Crescente
1706001,TO,2019,5588,Couto Magalhães,100973000,7038025,641,5.2,3.8,0.3,0.4,18069.61,10979.76,0.32830191879607024,0.3283019187960718,0.4024076526430861,0.9970000000000033,0.32830191879607035,0.40240765264308603,0.8158441238374171,Crescente
1707405,TO,2019,10996,Esperantina,98604000,12081286,1534,4.0,3.8,0.7,5.2,8967.26,7875.68,0.5468419098327705,0.5468419098327673,0.5558283549625688,0.9929999999999982,0.546841909832771,0.5558283549625688,0.983832337717993,Decrescente
1708205,TO,2019,18440,Formoso do Araguaia,366455000,13807654,1455,5.2,4.1,0.5,0.4,19872.83,9489.8,0.316630505100988,0.31663050510099233,0.41609299145093653,0.9960000000000112,0.31663050510098767,0.41609299145093653,0.7609609188486497,Decrescente
1708254,TO,2019,2589,Fortaleza do Tabocão,200115000,6769840,457,5.4,4.2,0.0,0.0,77294.32,14813.65,0.09980746043544822,0.09980746043544851,0.35769225391061865,1.0,0.09980746043544833,0.3576922539106189,0.2790316517740092,Crescente
1709005,TO,2019,13019,Goiatins,157756000,13846595,1490,4.1,3.6,0.8,3.6,12117.37,9293.02,0.42319418506694517,0.42319418506694234,0.4285869910124065,0.9920000000000072,0.42319418506694534,0.4285869910124068,0.9874172430368863,Crescente
1709500,TO,2019,86647,Gurupi,2327205000,118538407,4897,5.6,4.6,0.1,0.2,26858.46,24206.33,0.204442811748779,0.20444281174880272,0.23978272336263787,0.9990000000000021,0.204442811748779,0.239782723362638,0.8526169395431706,Crescente
1710706,TO,2019,5864,Itaguatins,68623000,6062810,787,3.9,4.0,0.0,1.3,11702.42,7703.7,0.464111449329087,0.4641114493290885,0.6080072519397318,1.0,0.4641114493290868,0.608007251939732,0.7633320948860848,Crescente
1711506,TO,2019,3849,Jaú do Tocantins,64007000,5483377,591,4.9,4.7,0.0,5.0,16629.51,9278.13,0.3700415168973298,0.37004151689732806,0.5242946591113306,1.0,0.37004151689732995,0.5242946591113301,0.7057892169348875,Crescente
1711902,TO,2019,13357,Lagoa da Confusão,527487000,11289547,1439,4.5,3.9,0.2,5.2,39491.43,7845.41,0.17162653293254038,0.17162653293254046,0.31170213139169817,0.997999999999999,0.1716265329325406,0.31170213139169817,0.5506107133956911,Decrescente
1712009,TO,2019,3134,Lajeado,68531000,9062977,463,5.7,5.0,0.6,0.8,21866.94,19574.46,0.25375901772051473,0.25375901772051096,0.2776170235323754,0.9939999999999992,0.2537590177205148,0.2776170235323754,0.9140614451221564,Decrescente
1713700,TO,2019,2279,Monte Santo do Tocantins,38168000,3296700,374,5.1,4.5,0.0,1.3,16747.7,8814.71,0.3641114649236056,0.36411146492360896,0.5369155316377673,1.0,0.36411146492360547,0.5369155316377671,0.6781540921584946,Crescente
1716653,TO,2019,5477,Pequizeiro,78649000,6766049,683,5.8,4.3,0.3,0.4,14359.87,9906.37,0.4251846000537067,0.4251846000537086,0.49998489485356845,0.9970000000000011,0.42518460005370684,0.4999848948535685,0.8503948907861133,Crescente
1718303,TO,2019,8432,Praia Norte,80923000,10835440,1278,3.6,3.3,0.3,4.9,9597.13,8478.44,0.5119487608469172,0.5119487608469334,0.5879371103008914,0.9970000000000022,0.511948760846917,0.5879371103008914,0.8707542896635914,Decrescente
1718550,TO,2019,4645,Riachinho,51901000,6005931,784,4.6,3.6,0.0,3.0,11173.52,7660.63,0.4790134809417233,0.4790134809417248,0.6270275486305854,1.0,0.47901348094172297,0.6270275486305853,0.7639432780710805,Crescente
1720200,TO,2019,12139,São Miguel do Tocantins,221633000,13194512,1432,4.4,3.6,0.3,3.2,18257.93,9214.04,0.31724859595756666,0.3172485959575691,0.3959981817541642,0.9969999999999993,0.31724859595756627,0.3959981817541643,0.8011364965168317,Crescente
1720499,TO,2019,3960,São Valério,94803000,4917229,427,5.5,4.5,0.0,0.0,23940.15,11515.76,0.2715719521168171,0.2715719521168152,0.4677893599728768,1.0,0.27157195211681723,0.46778935997282517,0.5805432430796701,Crescente
1720804,TO,2019,9029,Sítio Novo do Tocantins,105549000,12804371,1124,5.0,4.0,0.6,3.0,11690.0,11391.79,0.42386895422670917,0.4238689542266939,0.42801355342010083,0.9939999999999842,0.42386895422670906,0.4280135534201005,0.9903166636657328,Crescente
1720978,TO,2019,2793,Talismã,89557000,4737738,439,5.6,4.2,0.4,1.7,32064.8,10792.11,0.22020929230987513,0.22020929230987618,0.2973181257225494,0.996000000000007,0.22020929230987507,0.2973181257225495,0.7406520936949855,Crescente
1721000,TO,2019,299127,Palmas,10455116000,285274216,27459,6.6,5.8,0.0,0.2,34952.1,10389.1,0.2504380586647561,0.2504380586646472,0.5282405428316262,1.0,0.2504380586647563,0.5282405428316262,0.4740985183043435,Decrescente
1722107,TO,2019,11540,Xambioá,281272000,10948927,1037,4.6,4.5,0.0,0.0,24373.66,10558.27,0.2633069674143438,0.2633069674143455,0.47678847278682074,1.0,0.2633069674143438,0.47678847278682074,0.5522511185627431,Decrescente
2100055,MA,2019,112445,Açailândia,2354544000,111470067,16000,5.3,4.0,0.5,3.0,20939.52,6966.88,0.3248604849566202,0.3248604849566191,0.4303368979455424,0.9949999999999966,0.32486048495661995,0.43033689794554225,0.7548980496618491,Crescente
2100105,MA,2019,6524,Afonso Cunha,52155000,11892965,1806,3.9,3.2,1.5,3.7,7994.33,6585.25,0.6220718673766265,0.622071867376617,0.6264816885377982,0.9850000000000009,0.6264816885377986,0.6220718673766262,0.9929609735737621,Crescente
2100154,MA,2019,12571,Água Doce do Maranhão,84659000,15282674,2114,4.5,3.5,0.6,2.1,6734.47,7229.27,0.6791138456366416,0.6791138456366334,0.715262067251453,0.9940000000000017,0.6791138456366416,0.7152620672514535,0.9494615704231056,Crescente
2100303,MA,2019,26532,Aldeias Altas,199063000,35245816,5340,4.5,3.2,2.3,7.0,7502.75,6600.34,0.6426777086375991,0.6426777086375997,0.6528082928462055,0.9769999999999975,0.6528082928462055,0.642677708637599,0.9844815326036414,Crescente
2100436,MA,2019,27053,Alto Alegre do Maranhão,262247000,25142680,4476,4.6,3.4,1.2,2.9,9693.82,5617.22,0.5725484824017528,0.5725484824017526,0.5730309493889729,0.9880000000000002,0.5730309493889727,0.5725484824017532,0.9991580437535973,Crescente
2100477,MA,2019,31919,Alto Alegre do Pindaré,205207000,42940308,5458,6.0,5.1,0.0,0.1,6428.99,7867.41,0.791640435822969,0.7916404358230016,0.9339278706572002,1.0,0.7916404358229676,0.9339278706572006,0.8476462269681444,Crescente
2100501,MA,2019,11190,Alto Parnaíba,338856000,10574717,1994,5.8,4.8,0.0,2.1,30282.04,5303.27,0.2773088796612315,0.2773088796612314,0.9336294938239692,1.0,0.2773088796612318,0.9336294938239682,0.29702240717077927,Crescente
2100550,MA,2019,6962,Amapá do Maranhão,51820000,9983364,1427,4.4,4.2,1.0,2.7,7443.26,6996.05,0.6527204004193401,0.6527204004193388,0.6534523972749197,0.9900000000000008,0.6534523972749223,0.6527204004193377,0.9988798007955404,Crescente
2100600,MA,2019,41435,Amarante do Maranhão,305979000,38226013,6363,4.2,3.5,3.0,9.1,7384.55,6007.55,0.6659753864379435,0.6659753864379402,0.6810142941072069,0.9700000000000022,0.6810142941072068,0.6659753864379435,0.9779168986621947,Crescente
2100709,MA,2019,26803,Anajatuba,175340000,24829511,3817,4.9,3.5,0.7,3.6,6541.81,6504.98,0.7426260692032151,0.7426260692032151,0.7427745305716149,0.9930000000000002,0.7427745305716146,0.7426260692032145,0.9998001259301587,Crescente
2100808,MA,2019,15732,Anapurus,120492000,24208630,2959,3.9,3.3,1.4,4.6,7659.04,8181.36,0.5906897983365015,0.5906897983365023,0.5952915921113905,0.9860000000000007,0.5952915921113898,0.5906897983365028,0.9922696812186322,Crescente
2100832,MA,2019,17239,Apicum-Açu,117366000,21140633,2906,4.2,3.8,1.3,3.1,6808.17,7274.82,0.6660953254670624,0.666095325467056,0.6696048334812019,0.9870000000000001,0.6696048334812019,0.6660953254670625,0.9947588370951655,Crescente
2100873,MA,2019,15426,Araguanã,79382000,17495847,1887,4.2,3.8,3.3,3.9,5145.99,9271.78,0.8580388881415782,0.8580388881416753,0.8696460739332966,0.9750651303958839,0.8696460739332956,0.8580388881415781,0.9866529774127301,Crescente
2100907,MA,2019,46440,Araioses,269517000,40709202,6934,4.4,3.5,1.5,5.9,5803.55,5870.96,0.7955446305750764,0.7955446305750635,0.8022610618108478,0.9861894597199085,0.8022610618108474,0.7955446305750764,0.9916281226205704,Crescente
2100956,MA,2019,32701,Arame,236073000,27739288,4738,3.8,3.3,1.9,9.9,7219.14,5854.64,0.689682434907515,0.689682434907511,0.6973348481666501,0.9810000000000005,0.69733484816665,0.6896824349075152,0.9890261998532642,Crescente
2101004,MA,2019,29848,Arari,252088000,30511163,4605,5.6,5.1,0.5,0.8,8445.73,6625.66,0.689040497822518,0.6890404978225172,0.7545017738057873,0.995000000000001,0.6890404978225176,0.7545017738057873,0.9132390694682192,Decrescente
2101103,MA,2019,12130,Axixá,78489000,12495887,1883,5.6,4.3,0.4,0.7,6470.65,6636.16,0.8077603097787432,0.8077603097787702,0.8978156925679892,0.9960000000000007,0.8077603097787435,0.89781569256799,0.8996950225589576,Crescente
2101202,MA,2019,104949,Bacabal,1254485000,81269660,13190,5.3,4.4,0.6,2.8,11953.28,6161.46,0.5204972731219337,0.5204972731219303,0.5938062215034839,0.9939999999999983,0.5204972731219338,0.5938062215034839,0.8765439873702635,Decrescente
2101251,MA,2019,17055,Bacabeira,253682000,22205619,2992,4.4,4.2,0.3,0.9,14874.35,7421.66,0.4007730165703091,0.40077301657030795,0.5184493731456059,0.9970000000000295,0.4007730165703088,0.5184493731456059,0.7730224730308478,Decrescente
2101301,MA,2019,18582,Bacuri,107986000,24104633,2760,4.9,4.0,0.9,3.7,5811.32,8733.56,0.7895716805068744,0.7895716805069446,0.7911401302179991,0.9914914679663838,0.7911401302179989,0.7895716805068743,0.9980174817946695,Crescente
2101350,MA,2019,5644,Bacurituba,35553000,6299073,986,5.4,3.2,0.0,1.5,6299.26,6388.51,0.8129838968050002,0.8129838968050017,0.9829252824319676,1.0,0.8129838968050026,0.9829252824319802,0.8271065068074187,Crescente
2101400,MA,2019,94887,Balsas,3493570000,88912252,13309,4.7,4.2,0.5,1.8,36818.22,6680.61,0.19450661979630807,0.19450661979631267,0.3077066013860503,0.9950000000000032,0.19450661979630818,0.3077066013860503,0.632117149648925,Decrescente
2101509,MA,2019,18820,Barão de Grajaú,203590000,15622800,2299,5.6,4.8,0.6,1.6,10817.75,6795.48,0.5650340904881115,0.5650340904881029,0.6155571133542621,0.9939999999999867,0.5650340904881112,0.6155571133542621,0.9179230947542086,Decrescente
2101608,MA,2019,88212,Barra do Corda,710346000,79292225,12930,4.7,4.2,1.5,4.1,8052.71,6132.42,0.6490684457105282,0.6490684457105454,0.6510533745588161,0.9850000000000052,0.6510533745588162,0.6490684457105282,0.9969512041165091,Crescente
2101707,MA,2019,62528,Barreirinhas,481304000,68425151,12610,4.9,3.8,0.4,3.2,7697.42,5426.26,0.7099876646661064,0.7099876646661083,0.8122140226465403,0.9960000000000023,0.7099876646661064,0.8122140226465401,0.8741386443349787,Crescente
2101731,MA,2019,7469,Belágua,46993000,19556127,2390,4.1,3.4,1.5,4.2,6291.74,8182.48,0.7048400237495765,0.7048400237495749,0.7112801864031268,0.9850000000000038,0.7112801864031267,0.704840023749577,0.9909456740442644,Crescente
2101806,MA,2019,5632,Benedito Leite,42519000,5161696,739,4.5,5.1,2.9,1.9,7549.54,6984.7,0.723377190349604,1.0,0.7236979645194105,0.9809999999999983,0.7236979645194109,0.7233771903496042,0.9995567568439695,Crescente
2101905,MA,2019,21280,Bequimão,122644000,18107976,3096,4.8,3.9,0.4,2.3,5763.35,5848.83,0.8276066296084613,0.827606629608464,0.8968261470869756,0.9973415256885886,0.8276066296084614,0.8968261470869754,0.9228172397701053,Crescente
2101939,MA,2019,6043,Bernardo do Mearim,51133000,7614959,769,4.9,3.7,0.2,2.1,8461.53,9902.42,0.5444506814969037,0.5444506814969193,0.6416666120823491,0.9980000000000103,0.5444506814969036,0.6416666120823494,0.8484946407450461,Crescente
2101970,MA,2019,9287,Boa Vista do Gurupi,59532000,10293706,1618,4.0,3.6,1.4,7.8,6410.25,6361.99,0.7262800096396256,0.726280009639654,0.7315751532458112,0.9859999999999984,0.7315751532458118,0.7262800096396255,0.9927619963817901,Crescente
2102002,MA,2019,41630,Bom Jardim,317567000,42039233,6441,4.9,3.9,1.1,5.2,7628.32,6526.82,0.671147952254063,0.6711479522540527,0.6721325945648136,0.9890000000000025,0.6721325945648141,0.671147952254063,0.9985350475208123,Crescente
2102036,MA,2019,34028,Bom Jesus das Selvas,277738000,38017335,5937,4.4,3.7,1.5,4.5,8162.04,6403.46,0.6192539306017659,0.6192539306017693,0.6234526311959387,0.9850000000000005,0.6234526311959385,0.6192539306017657,0.9932654056072894,Crescente
2102077,MA,2019,16294,Bom Lugar,93589000,12936392,1911,5.1,3.9,0.7,4.2,5743.77,6769.44,0.8138375049540781,0.8138375049540731,0.8146485849127175,0.9937316018445704,0.8146485849127154,0.813837504954078,0.999004380571377,Crescente
2102101,MA,2019,36397,Brejo,254831000,37103055,5754,4.2,3.5,0.4,3.6,7001.43,6448.22,0.690652715176048,0.6906527151760393,0.7588420794547395,0.9960000000000009,0.6906527151760484,0.7588420794547395,0.9101402437675986,Decrescente
2102200,MA,2019,28678,Buriti,191398000,44377698,5914,4.2,3.5,1.3,3.5,6674.04,7503.84,0.6658147954559444,0.6658147954559309,0.6705368862038581,0.9870000000000028,0.670536886203858,0.665814795455943,0.9929577464788744,Crescente
2102309,MA,2019,23884,Buriti Bravo,172871000,23598734,3781,5.4,4.4,0.1,0.1,7237.94,6241.4,0.7543189502294273,0.7543189502293673,0.9067698122628847,0.999000000000001,0.7543189502294277,0.9067698122628846,0.8318747933910489,Crescente
2102325,MA,2019,72358,Buriticupu,547038000,58837574,11304,4.3,3.9,0.4,2.3,7560.16,5205.02,0.704244099740778,0.7042440997407904,0.8137151421810848,0.9959999999999991,0.7042440997407783,0.8137151421810851,0.8654676105118552,Crescente
2102358,MA,2019,15430,Buritirana,95937000,15319166,2418,4.4,3.7,0.3,5.7,6217.56,6335.47,0.7495189941138849,0.7495189941138874,0.8619123473218555,0.9969999999999996,0.749518994113885,0.861912347321855,0.8696000195876059,Crescente
2102374,MA,2019,9431,Cachoeira Grande,55800000,13505442,1988,4.5,4.1,0.5,3.2,5916.66,6793.48,0.7571319297068477,0.757131929706857,0.7952634639583843,0.9951887212523206,0.7571319297068483,0.7952634639583847,0.9520516960986253,Crescente
2102507,MA,2019,19379,Cajari,109247000,19805097,3714,4.2,3.9,2.4,7.7,5637.39,5332.55,0.8323470802092122,0.8323470802092452,0.846735421638817,0.9784204949072701,0.8467354216388149,0.8323470802092148,0.9830072758716568,Crescente
2102556,MA,2019,14374,Campestre do Maranhão,197437000,15044453,2009,5.5,5.0,0.6,1.4,13735.7,7488.53,0.46596840640932996,0.46596840640932985,0.5315282774581932,0.9940000000000005,0.4659684064093302,0.5315282774581932,0.876657792578082,Decrescente
2102606,MA,2019,20178,Cândido Mendes,135409000,23436177,3591,4.9,4.2,1.5,4.7,6710.72,6526.37,0.7275157935246308,0.7275157935246268,0.7300886101532843,0.9849999999999972,0.7300886101532841,0.7275157935246308,0.9964760214131908,Crescente
2102705,MA,2019,21995,Cantanhede,130391000,21606465,3204,4.1,3.0,5.3,12.9,5928.21,6743.59,0.7192030054084042,0.7192030054084038,0.7548973467539102,0.9471478275989966,0.754897346753914,0.7192030054084042,0.9527162977867214,Crescente
2102754,MA,2019,10934,Capinzal do Norte,165605000,15337660,1845,4.5,4.4,0.5,1.6,15145.88,8313.09,0.3924971076480419,0.39249710764803203,0.4618495547904435,0.9949999999999977,0.39249710764804224,0.4618495547904434,0.8498375793089828,Crescente
2102804,MA,2019,24322,Carolina,352797000,24080861,3906,4.7,4.2,0.9,3.9,14505.26,6165.09,0.4242122681047551,0.42421226810475426,0.46379390122414205,0.9910000000000057,0.424212268104755,0.46379390122414205,0.9146568486241091,Decrescente
2102903,MA,2019,23807,Carutapera,166572000,30182068,4456,5.3,4.7,0.4,1.2,6996.77,6773.35,0.7374613506036356,0.7374613506036368,0.8051142083717591,0.9960000000000023,0.7374613506036369,0.8051142083717584,0.9159711043915835,Crescente
2103000,MA,2019,164880,Caxias,1810975000,140105790,23327,4.8,3.9,1.2,3.1,10983.59,6006.16,0.5254625447992277,0.5254625447992578,0.5258452383463492,0.9880000000000243,0.5258452383463489,0.5254625447992277,0.9992722316012123,Crescente
2103109,MA,2019,10675,Cedral,68655000,10009115,1602,5.4,5.0,0.5,2.1,6431.38,6247.89,0.8244866938928334,0.8244866938928308,0.8494699597538989,0.9950000000000001,0.8244866938928336,0.849469959753899,0.9705895828637618,Crescente
2103125,MA,2019,8673,Central do Maranhão,46821000,11904244,1605,4.5,3.5,1.4,3.2,5398.48,7416.97,0.823865624111945,0.8238656241119352,0.8289722292200766,0.9876742454414802,0.8289722292200769,0.8238656241119449,0.9938398357289531,Crescente
2103158,MA,2019,13458,Centro do Guilherme,86071000,23039512,2837,4.0,3.3,0.9,5.8,6395.53,8121.08,0.6976252773956249,0.697625277395637,0.699737160172808,0.9910000000000015,0.6997371601728077,0.6976252773956263,0.9969818913480862,Crescente
2103174,MA,2019,21622,Centro Novo do Maranhão,137811000,22704342,3544,3.9,3.2,5.8,7.8,6373.65,6406.42,0.6944764756830747,0.6944764756830568,0.7322768623650827,0.9420000000000001,0.7322768623650838,0.6944764756830747,0.9483796517072496,Crescente
2103208,MA,2019,79675,Chapadinha,736826000,70566205,13196,4.3,3.7,0.9,3.2,9247.89,5347.55,0.6016555895068346,0.6016555895068393,0.6208041534925531,0.9910000000000009,0.6016555895068353,0.6208041534925515,0.9691552257213624,Crescente
2103257,MA,2019,14697,Cidelândia,144682000,18443725,2529,5.1,3.8,0.9,4.0,9844.32,7292.89,0.5585344608295473,0.5585344608295711,0.5586879238990264,0.9909999999996396,0.5586879238990263,0.5585344608295468,0.9997253152199744,Crescente
2103307,MA,2019,122859,Codó,1033416000,110745114,18834,4.9,3.9,0.6,2.6,8411.4,5880.06,0.6508073046727155,0.6508073046727262,0.7049424924326356,0.9939999999999968,0.6508073046727155,0.7049424924326358,0.923206235485807,Crescente
2103406,MA,2019,49435,Coelho Neto,363065000,51300208,8004,4.7,3.4,0.5,2.1,7344.29,6409.32,0.6781256948547207,0.6781256948547186,0.7300415789003094,0.9949999999999992,0.678125694854721,0.7300415789003096,0.9288864010680163,Crescente
2103505,MA,2019,41178,Colinas,402481000,32779742,5752,4.3,3.6,0.9,3.3,9774.18,5698.84,0.5680135792836478,0.5680135792836452,0.5853252562253259,0.9910000000000009,0.5680135792836478,0.5853252562253265,0.9704238340007426,Crescente
2103554,MA,2019,16237,Conceição do Lago-Açu,122809000,23246504,3479,3.7,3.0,1.9,6.7,7563.53,6681.95,0.6391690432770429,0.6391690432770426,0.6466147170299806,0.9810000000000015,0.6466147170299809,0.6391690432770429,0.9884851464761937,Crescente
2103604,MA,2019,65296,Coroatá,443384000,54065357,10050,4.6,3.7,0.7,2.7,6790.37,5379.64,0.7479859745292964,0.7479859745292968,0.7773843109808315,0.993,0.7479859745292962,0.7773843109808317,0.9621830077655632,Crescente
2103703,MA,2019,32695,Cururupu,230005000,26337512,5004,4.7,3.6,1.7,4.4,7034.87,5263.29,0.7405751639308921,0.7405751639308984,0.7433041047589468,0.9830000000000003,0.7433041047589468,0.7405751639308921,0.9963286347935079,Crescente
2103752,MA,2019,12908,Davinópolis,435822000,15956730,2165,4.4,3.8,0.3,5.2,33763.71,7370.31,0.198389998384057,0.1983899983840549,0.3361153465739166,0.9969999999999993,0.19838999838405674,0.3361153465739166,0.5902437969770837,Decrescente
2103802,MA,2019,23350,Dom Pedro,234858000,21777108,3131,5.6,4.7,0.7,5.9,10058.16,6955.32,0.590955639227153,0.5909556392271528,0.6118396972178104,0.9930000000000007,0.590955639227153,0.6118396972178103,0.9658667816331263,Crescente
2103901,MA,2019,11349,Duque Bacelar,75728000,15771117,2309,4.4,3.4,0.5,3.1,6672.66,6830.28,0.6957664622324038,0.6957664622324033,0.7302287620427425,0.9949999999999999,0.6957664622324037,0.7302287620427425,0.9528061593822547,Decrescente
2104008,MA,2019,17241,Esperantinópolis,143256000,18881688,2994,4.5,4.5,0.8,1.5,8309.03,6306.51,0.6582797973755071,0.6582797973755018,0.7049578217998345,0.992000000000002,0.6582797973755066,0.7049578217998345,0.9337860748815394,Decrescente
2104057,MA,2019,41946,Estreito,944775000,25957801,5703,5.5,4.6,0.5,2.7,22523.6,4551.6,0.3465520010442868,0.3465520010442873,0.49603982313266803,0.9950649432813135,0.34655200104428435,0.4960398231326694,0.6986374578873276,Crescente
2104073,MA,2019,8504,Feira Nova do Maranhão,81424000,8361376,1482,4.8,4.1,0.2,2.0,9574.79,5641.95,0.5938393251992904,0.5938393251992832,0.7527200418837189,0.998000000000001,0.5938393251992905,0.7527200418837188,0.7889245564834149,Crescente
2104081,MA,2019,10360,Fernando Falcão,68857000,9727199,1412,4.2,3.6,0.9,7.1,6646.43,6888.95,0.6923247876105362,0.6923247876105338,0.6940563051292507,0.9909999999999983,0.694056305129251,0.6923247876105358,0.9975052203892997,Crescente
2104099,MA,2019,19089,Formosa da Serra Negra,145391000,21649923,3029,5.1,4.9,0.4,0.8,7616.48,7147.55,0.7004751119372434,0.7004751119372437,0.7816171001792434,0.9959999999999989,0.7004751119372434,0.7816171001792435,0.8961870355403021,Crescente
2104107,MA,2019,12631,Fortaleza dos Nogueiras,160426000,14784650,2345,5.3,4.7,0.5,1.8,12700.97,6304.75,0.4982890389974913,0.4982890389974918,0.6040779570446962,0.9949999999999981,0.49828903899749083,0.6040779570446959,0.8248753876656063,Crescente
2104206,MA,2019,15552,Fortuna,110910000,16949676,2855,4.5,3.9,3.1,8.2,7131.56,5936.84,0.6841416924929803,0.6841416924929803,0.699810927218899,0.9690000000000012,0.6998109272188993,0.6841416924929803,0.9776093311543599,Crescente
2104305,MA,2019,11819,Godofredo Viana,415681000,12554805,1615,5.2,4.5,0.2,1.7,35170.57,7773.87,0.20928639086432643,0.20928639086432596,0.3358157409650923,0.9979999999999928,0.20928639086432638,0.33581574096509226,0.6232179297577404,Crescente
2104404,MA,2019,17934,Gonçalves Dias,127000000,21855797,2641,4.7,4.4,0.2,2.4,7081.52,8275.58,0.6515317646876503,0.6515317646876595,0.7689432921641401,0.9979999999999948,0.65153176468765,0.7689432921641403,0.8473079501792091,Crescente
2104503,MA,2019,10840,Governador Archer,67993000,12484265,1645,4.3,4.5,1.7,1.6,6272.42,7589.22,0.7441802642263032,0.7441802642262781,0.8072098741752545,0.9840000000000001,0.7441802642263031,0.8072098741752545,0.9219167010149001,Decrescente
2104552,MA,2019,18296,Governador Edison Lobão,265820000,21323030,3324,4.2,3.9,1.0,3.0,14528.86,6414.87,0.408045086958633,0.40804508695864083,0.42616229797546246,0.990000000000003,0.40804508695863273,0.42616229797546257,0.9574875320907139,Crescente
2104602,MA,2019,16828,Governador Eugênio Barros,102441000,15337118,2219,4.8,4.5,0.3,1.0,6087.53,6911.73,0.7738126555654443,0.7738126555654437,0.8887560265590447,0.9970000000000004,0.7738126555654435,0.8887560265590433,0.8706693765682565,Crescente
2104628,MA,2019,7807,Governador Luiz Rocha,56922000,5422300,1306,4.1,3.5,0.0,0.0,7291.15,4151.84,0.7845981459956117,0.7845981459956082,1.0,1.0,0.7845981459956112,1.0,0.7845981459956117,Decrescente
2104651,MA,2019,10180,Governador Newton Bello,66964000,14276791,1872,4.5,3.6,1.3,5.7,6578.0,7626.49,0.6755358129317108,0.6755358129316984,0.6803268470659767,0.9869999999999998,0.6803268470659776,0.6755358129317094,0.9929577464788756,Crescente
2104701,MA,2019,6262,Graça Aranha,41006000,6562969,972,4.4,4.1,2.2,4.3,6548.39,6752.03,0.7019061409342087,0.7019061409342082,0.7070068486840486,0.9779999999999963,0.7070068486840487,0.7019061409342103,0.9927854903253994,Crescente
2104800,MA,2019,69527,Grajaú,738529000,75587646,12640,4.3,3.7,0.5,1.0,10622.19,5980.04,0.5347072221392711,0.534707222139269,0.621228092560825,0.9950000000000008,0.5347072221392716,0.6212280925608251,0.8607260820017045,Crescente
2104909,MA,2019,12030,Guimarães,82500000,11857704,1669,4.8,4.2,0.3,2.6,6857.86,7104.68,0.6903138281511024,0.6903138281510915,0.7801376122495755,0.9970000000000016,0.6903138281511025,0.7801376122495747,0.8848616158379282,Crescente
2105005,MA,2019,28717,Humberto de Campos,161364000,33630434,6433,4.2,3.6,1.0,3.5,5619.11,5227.8,0.852217911287952,0.8522179112879436,0.8545963838923928,0.9926642696932486,0.8545963838923928,0.8522179112879515,0.9972168468656424,Crescente
2105104,MA,2019,27113,Icatu,161612000,29238500,4745,4.5,3.9,1.1,2.6,5960.68,6161.96,0.7745435032884463,0.7745435032884435,0.7746864118340446,0.9893419611639149,0.7746864118340447,0.7745435032884448,0.9998155272334518,Crescente
2105153,MA,2019,14177,Igarapé do Meio,197734000,26414200,2771,4.2,3.4,0.6,5.8,13947.52,9532.37,0.3817997138076199,0.38179971380762145,0.4156491622801838,0.9940000000000031,0.38179971380762,0.4156491622801838,0.9185624523170663,Decrescente
2105203,MA,2019,11320,Igarapé Grande,93195000,11707420,1508,5.1,4.5,0.7,3.0,8232.77,7763.54,0.6160678161607619,0.6160678161607519,0.616139359655629,0.9930000000000038,0.6161393596556289,0.6160678161607621,0.9998838842321206,Crescente
2105302,MA,2019,258682,Imperatriz,7450113000,197900804,30595,5.3,4.2,0.5,1.8,28800.28,6468.4,0.25548196363775133,0.2554819636377509,0.36586549180369293,0.9950000000000006,0.25548196363775144,0.365865491803693,0.6982947814461593,Crescente
2105351,MA,2019,16057,Itaipava do Grajaú,88326000,14271884,2333,4.3,3.7,1.0,3.5,5500.78,6117.4,0.8124804252951618,0.8124804252951594,0.8157260936148629,0.9918138992646565,0.8157260936148631,0.8124804252951628,0.9960211297087261,Crescente
2105401,MA,2019,68203,Itapecuru Mirim,552351000,62729175,11061,4.3,3.9,1.1,3.2,8098.63,5671.2,0.6494721751857093,0.6494721751857156,0.6507794405442654,0.9890000000000017,0.6507794405442652,0.6494721751857095,0.9979912313187663,Crescente
2105427,MA,2019,26000,Itinga do Maranhão,327257000,32489602,3878,4.9,4.3,0.2,4.1,12586.81,8377.93,0.44197650381982084,0.4419765038198208,0.5453830898575958,0.9980000000000061,0.44197650381982084,0.5453830898575956,0.8103964204963244,Crescente
2105450,MA,2019,10153,Jatobá,66656000,8693153,1538,4.8,3.7,1.4,6.2,6565.15,5652.25,0.7679609220724408,0.767960922072471,0.770080889133509,0.9859999999999991,0.7700808891335089,0.7679609220724408,0.9972470852205493,Crescente
2105476,MA,2019,16515,Jenipapo dos Vieiras,101454000,21323030,2085,3.7,3.5,3.1,6.1,6143.14,10226.87,0.7101636816867437,0.7101636816863233,0.7284857580976503,0.9690000000000306,0.7284857580976495,0.710163681686744,0.9748490945674047,Crescente
2105500,MA,2019,23632,João Lisboa,213700000,27784196,4302,4.8,4.2,0.8,4.5,9042.82,6458.44,0.5938491270082835,0.5938491270082804,0.6081916061552646,0.9920000000000054,0.5938491270082835,0.6081916061552642,0.9764178278657144,Crescente
2105609,MA,2019,16168,Joselândia,93649000,13555835,2298,4.2,3.5,1.0,5.0,5792.24,5898.97,0.7990700678229553,0.7990700678229522,0.8017826617170405,0.991181599631712,0.8017826617170407,0.7990700678229552,0.9966167965165571,Crescente
2105658,MA,2019,3432,Junco do Maranhão,43483000,6879842,1105,5.3,4.5,0.5,2.0,12669.87,6226.1,0.49680495808638464,0.4968049580863881,0.5984881699679275,0.9950000000000025,0.4968049580863847,0.5984881699679274,0.8300998800243754,Crescente
2105708,MA,2019,50266,Lago da Pedra,414224000,37366182,6556,4.5,3.7,0.8,5.4,8240.64,5699.54,0.6426136450053573,0.6426136450053562,0.6621766345125273,0.9920000000000004,0.6426136450053574,0.6621766345125275,0.9704565391052018,Crescente
2105807,MA,2019,10840,Lago do Junco,70008000,15151586,1646,5.6,5.3,0.2,0.0,6458.3,9205.09,0.7806350389758591,0.7806350389758911,0.9302218334030071,1.0,0.7806350389758547,0.9302218334030102,0.8391923420245702,Crescente
2105922,MA,2019,11250,Lagoa do Mato,74217000,11863284,1693,6.8,4.9,0.0,0.6,6597.07,7007.26,0.8815462877248244,0.881546287724825,0.9760314781685536,1.0,0.881546287724824,0.9760314781685541,0.903194525425529,Crescente
2105948,MA,2019,8873,Lago dos Rodrigues,74692000,11064855,1381,5.3,4.9,0.0,1.1,8417.9,8012.2,0.6295507682297785,0.6295507682297782,0.7651244823746626,1.0,0.6295507682297784,0.7651244823746627,0.8228082916336522,Crescente
2105963,MA,2019,11394,Lagoa Grande do Maranhão,76992000,11891578,2219,4.3,3.5,1.2,3.0,6757.24,5358.98,0.7476114411746441,0.7476114411746414,0.7504456663899673,0.9880000000000007,0.7504456663899675,0.7476114411746433,0.9962232772574231,Crescente
2105989,MA,2019,7550,Lajeado Novo,73879000,8478519,1183,5.0,3.8,0.4,1.6,9785.3,7166.96,0.5590414285489331,0.5590414285489439,0.631191387005237,0.9960000000000032,0.5590414285489335,0.6311913870052374,0.8856924223908884,Crescente
2106003,MA,2019,11893,Lima Campos,147935000,13918875,1902,5.5,4.1,0.6,3.4,12438.83,7318.02,0.4947328542249395,0.49473285422493,0.539746244385954,0.993999999999911,0.4947328542249394,0.5397462443859544,0.9166026801868269,Crescente
2106201,MA,2019,6951,Luís Domingues,46049000,9438077,1269,4.3,3.9,0.7,4.1,6624.8,7437.41,0.6748411720777505,0.6748411720777803,0.6755207704383529,0.9930000000000015,0.6755207704383531,0.6748411720777502,0.9989939637826956,Crescente
2106300,MA,2019,19826,Magalhães de Almeida,118117000,19387765,2708,4.5,3.5,1.4,2.5,5957.68,7159.44,0.7519344192578351,0.7519344192578269,0.7608904033888231,0.9860694737927879,0.751934419257835,0.760890403388822,0.9882296003588688,Crescente
2106326,MA,2019,21395,Maracaçumé,171965000,25877184,3693,3.9,3.5,3.6,9.5,8037.63,7007.09,0.593818300610698,0.593818300610685,0.6112770542855985,0.9639999999999964,0.6112770542855975,0.593818300610698,0.9714388859315116,Crescente
2106359,MA,2019,7792,Marajá do Sena,60958000,10287004,1629,4.9,4.9,1.5,5.6,7823.15,6314.92,0.7143612083424806,0.7143612083424795,0.7166411425111139,0.9849999999999999,0.7166411425111142,0.7143612083424803,0.996818583202404,Crescente
2106375,MA,2019,16265,Maranhãozinho,101067000,23518763,2482,4.7,3.9,1.7,8.9,6213.77,9475.73,0.7220436269863922,0.7220436269863951,0.7267701927352993,0.9829999999999915,0.7267701927352992,0.7220436269863922,0.9934964782593546,Crescente
2106409,MA,2019,16829,Mata Roma,145231000,25223361,3368,3.9,3.9,1.4,3.2,8629.81,7489.12,0.5665967875923293,0.5665967875923339,0.570224629215724,0.9860000000000017,0.5702246292157239,0.5665967875923297,0.9936378728004359,Crescente
2106508,MA,2019,23370,Matinha,165288000,23707713,4036,4.6,3.7,0.2,2.9,7072.66,5874.06,0.7104365453220977,0.7104365453221017,0.8542699942697297,0.9980000000000001,0.7104365453220978,0.8542699942697299,0.8316299882795396,Crescente
2106607,MA,2019,33782,Matões,196407000,47764083,6327,5.1,4.5,1.1,3.8,5813.95,7549.25,0.8022020881853729,0.8022020881854097,0.8048149885300167,0.9895080244636254,0.8048149885300196,0.8022020881853722,0.9967534149066779,Crescente
2106631,MA,2019,16745,Matões do Norte,74937000,8957747,1788,4.6,4.1,0.6,2.6,4475.19,5009.93,1.0,1.0,1.0,1.0,1.0,1.0,1.0,Constante
2106672,MA,2019,8464,Milagres do Maranhão,49781000,9825842,1315,4.0,3.8,0.3,0.4,5881.5,7472.12,0.7780791159276613,0.7780791159277027,0.9776628149543177,0.9977290641901283,0.778079115927662,0.9776628149543183,0.7958563054932368,Crescente
2106706,MA,2019,21015,Mirador,181018000,18790780,3119,4.1,3.4,1.3,4.6,8613.75,6024.62,0.6096209921237398,0.6096209921237367,0.6120814042891983,0.9869999999999984,0.612081404289198,0.6096209921237397,0.995980253364639,Crescente
2106805,MA,2019,14962,Mirinzal,102602000,16725949,2310,4.7,4.0,1.1,3.0,6857.51,7240.67,0.6747236108162314,0.6747236108162301,0.6761015093703507,0.9890000000000014,0.676101509370351,0.6747236108162312,0.9979619945599552,Crescente
2106904,MA,2019,33434,Monção,234000000,50215683,5985,4.1,4.1,3.2,5.6,6998.86,8390.26,0.6292120938546348,0.6292120938546395,0.639416990767068,0.968000000000002,0.6394169907670681,0.6292120938546348,0.9840403100640303,Crescente
2107001,MA,2019,9160,Montes Altos,62778000,1247607,1172,4.6,3.9,1.5,2.3,6853.49,1064.51,1.0,1.0,1.0,1.0,1.0,1.0,1.0,Constante
2107100,MA,2019,19433,Morros,134789000,20614207,3660,4.3,3.5,0.4,3.7,6936.09,5632.3,0.7284906539885646,0.7284906539885664,0.8099775017068366,0.9959999999999993,0.7284906539885649,0.8099775017068369,0.8993961590950889,Crescente
2107209,MA,2019,14454,Nina Rodrigues,76513000,18006999,2432,4.6,4.1,0.2,1.2,5293.55,7404.19,0.8575559148277323,0.8575559148282308,1.0,1.0,0.8575559148277332,1.0,0.8575559148277323,Decrescente
2107258,MA,2019,5384,Nova Colinas,56551000,6448236,1012,4.8,4.7,0.9,1.4,10503.53,6371.77,0.5714724297691475,0.5714724297691484,0.6036965363176167,0.9910000000000007,0.5714724297691475,0.6036965363176165,0.946622011872012,Crescente
2107308,MA,2019,4683,Nova Iorque,38293000,6374422,675,4.4,3.6,0.7,4.9,8177.02,9443.59,0.5467380288638996,0.5467380288638987,0.5472886210379816,0.993,0.5472886210379816,0.5467380288638994,0.998993963782697,Crescente
2107357,MA,2019,20928,Nova Olinda do Maranhão,140927000,25966984,3261,4.7,3.9,1.8,4.5,6733.9,7962.89,0.6658815655493937,0.6658815655493778,0.6706340783962982,0.9819999999999985,0.670634078396298,0.6658815655493933,0.9929134038964001,Crescente
2107407,MA,2019,19505,Olho d'Água das Cunhãs,148315000,25962871,4248,4.9,4.3,0.3,1.4,7603.95,6111.79,0.69129332679976,0.6912933267997583,0.796469583324285,0.9970000000000011,0.6912933267997597,0.7964695833242845,0.8679469263778499,Crescente
2107456,MA,2019,14701,Olinda Nova do Maranhão,88906000,14716172,2090,4.1,3.7,0.8,3.6,6047.62,7041.23,0.7385030133443182,0.7385030133442791,0.7399919307099326,0.9920000000000011,0.7399919307099319,0.7385030133443186,0.9979879275653912,Crescente
2107506,MA,2019,122197,Paço do Lumiar,990949000,91213140,15627,5.6,4.1,0.0,0.1,8109.44,5836.89,0.7289173028381342,0.7289173028381275,0.9121130689863273,1.0,0.7289173028381346,0.9121130689863275,0.7991523503201342,Crescente
2107605,MA,2019,19722,Palmeirândia,124816000,17689811,3136,4.6,3.6,0.6,3.7,6328.77,5640.88,0.7715641700843078,0.7715641700843107,0.807115414660529,0.9941945235762862,0.7715641700843083,0.8071154146605287,0.955952712672234,Crescente
2107704,MA,2019,21386,Paraibano,165163000,17609013,3009,4.9,3.2,1.2,8.9,7722.95,5852.11,0.6897020940133913,0.6897020940133919,0.690777170275127,0.9880000000000007,0.6907771702751269,0.6897020940133924,0.9984436714066456,Crescente
2107803,MA,2019,34907,Parnarama,234793000,55661011,5783,4.6,4.3,1.8,4.1,6726.24,9624.94,0.6730848811685809,0.6730848811685725,0.6781181872302617,0.9820000000000041,0.6781181872302618,0.6730848811685811,0.9925775386113163,Crescente
2107902,MA,2019,19019,Passagem Franca,155280000,19901756,3180,4.9,4.6,0.3,2.5,8164.47,6258.41,0.6754382478386545,0.6754382478386541,0.7804539667523634,0.9969999999999991,0.6754382478386548,0.7804539667523636,0.8654427764001227,Crescente
2108009,MA,2019,19472,Pastos Bons,198118000,28459593,3050,5.2,4.2,0.2,1.8,10174.51,9331.01,0.510406804504089,0.510406804504092,0.5866746614591248,0.997999999999999,0.5104068045040889,0.5866746614591251,0.8699997426762063,Crescente
2108058,MA,2019,16035,Paulino Neves,104409000,27531614,3987,4.9,4.1,0.1,0.9,6511.32,6905.35,0.7328973050133107,0.7328973050133333,0.8828391677437487,0.9989999999999974,0.7328973050133116,0.8828391677437492,0.8301594806745595,Crescente
2108108,MA,2019,21040,Paulo Ramos,162104000,26097542,3648,4.3,4.0,1.8,5.1,7704.56,7153.93,0.6169630168673714,0.6169630168673723,0.6237170446453851,0.9819999999999972,0.6237170446453848,0.6169630168673711,0.9891713272292346,Crescente
2108207,MA,2019,39229,Pedreiras,582332000,26399573,4669,4.8,4.1,0.5,1.6,14844.43,5654.22,0.4220103674761521,0.4220103674761501,0.5482988899372528,0.9950000000000019,0.42201036747615195,0.5482988899372527,0.7696721171995202,Crescente
2108256,MA,2019,25144,Pedro do Rosário,146378000,36488792,5065,4.6,3.9,0.7,3.7,5821.59,7204.11,0.7682706693865108,0.7682706693865096,0.7687229777431935,0.9934628020153842,0.7687229777431933,0.76827066938651,0.9994116107235267,Crescente
2108306,MA,2019,38470,Penalva,216609000,44127854,6101,4.9,3.8,1.4,4.2,5630.6,7232.89,0.8125755566604433,0.8125755566604795,0.8165326007065797,0.9870161413881948,0.8165326007065782,0.8125755566604445,0.9951538443869697,Crescente
2108405,MA,2019,14318,Peri Mirim,77349000,11209080,1747,4.7,4.1,1.1,3.1,5402.22,6416.19,0.8334373555494479,0.8334373555494587,0.8359494468038732,0.9910311532727035,0.8359494468038735,0.8334373555494474,0.9969949244370818,Crescente
2108454,MA,2019,23196,Peritoró,202702000,29599250,4053,4.3,3.3,2.1,4.9,8738.66,7303.05,0.5628520535389828,0.5628520535389773,0.5703683916912872,0.9789999999999915,0.5703683916912875,0.5628520535389828,0.986821958822058,Crescente
2108504,MA,2019,32941,Pindaré-Mirim,269157000,57423993,6272,4.1,3.5,2.6,3.9,8170.88,9155.61,0.540389717874657,0.5403897178746564,0.5476998805514219,0.9740000000000041,0.5476998805514222,0.540389717874657,0.9866529774127298,Crescente
2108603,MA,2019,83387,Pinheiro,895654000,78105775,12329,5.0,4.5,0.7,2.7,10740.93,6335.13,0.5488575745063433,0.5488575745063029,0.5979730834431886,0.9930000000000123,0.5488575745063433,0.5979730834431883,0.9178633448615559,Crescente
2108702,MA,2019,21485,Pio XII,161318000,29850489,4853,4.1,3.6,1.9,5.0,7508.4,6150.94,0.6608710685324493,0.6608710685324392,0.6682463690907716,0.9810000000000011,0.6682463690907718,0.6608710685324493,0.9889632014486553,Crescente
2108801,MA,2019,18625,Pirapemas,115792000,23930772,3235,4.9,3.7,0.8,1.6,6217.02,7397.46,0.7430581015589379,0.7430581015589365,0.8134720041848038,0.9920000000000108,0.7430581015589391,0.8134720041848037,0.91344028772517,Crescente
2108900,MA,2019,17873,Poção de Pedras,152205000,22547876,2635,5.1,4.2,0.8,5.4,8515.92,8557.07,0.5814120203340244,0.5814120203340261,0.5818275451710563,0.9919999999999984,0.5818275451710566,0.5814120203340246,0.9992858281797062,Crescente
2109007,MA,2019,23885,Porto Franco,517130000,30130552,3842,6.2,5.1,0.0,0.3,21650.83,7842.41,0.35573052114506665,0.35573052114508574,0.6553336283106864,1.0,0.3557305211450667,0.6553336283106864,0.54282354174631,Decrescente
2109056,MA,2019,5975,Porto Rico do Maranhão,44516000,6425845,1096,4.6,4.1,0.1,2.6,7450.38,5863.0,0.6892798552219869,0.6892798552219894,0.8668973238692204,0.998999999999997,0.6892798552219868,0.8668973238692202,0.7951112966245253,Crescente
2109106,MA,2019,47804,Presidente Dutra,584910000,30848731,5211,4.5,3.5,1.0,5.0,12235.59,5919.93,0.4747454653614403,0.4747454653614393,0.4892647423293485,0.9900000000000067,0.4747454653614382,0.48926474232934875,0.9703242933492752,Crescente
2109205,MA,2019,12734,Presidente Juscelino,81889000,14038302,2450,4.9,3.9,0.6,2.2,6430.74,5729.92,0.7867250017996308,0.786725001799638,0.813365951637057,0.9939999999999999,0.7867250017996309,0.8133659516370567,0.9672460473864117,Crescente
2109239,MA,2019,7015,Presidente Médici,48017000,7111787,1087,4.5,3.8,1.9,7.2,6844.9,6542.58,0.6863663627269856,0.6863663627269805,0.6947203276730487,0.9810000000000013,0.6947203276730487,0.6863663627269856,0.9879750676447823,Crescente
2109270,MA,2019,18918,Presidente Sarney,128890000,25908262,3786,4.5,4.4,0.0,1.7,6813.09,6843.18,0.7158985350522261,0.7158985350522228,0.9063211016187507,1.0,0.7158985350522246,0.9063211016187496,0.7898950314337634,Crescente
2109304,MA,2019,11193,Presidente Vargas,68336000,17052597,2408,4.5,4.1,0.3,1.8,6105.24,7081.64,0.7390286389056274,0.7390286389056475,0.8495665599579078,0.9970000000000007,0.739028638905628,0.8495665599579081,0.8698890395853658,Crescente
2109403,MA,2019,15315,Primeira Cruz,78443000,17421563,2641,4.4,3.9,2.0,4.5,5121.97,6596.58,0.8614183907616754,0.8614183907616805,0.8737243677725558,0.9829237562022706,0.8737243677725558,0.8614183907616756,0.9859154929577472,Crescente
2109452,MA,2019,30761,Raposa,246828000,22159075,4099,4.0,3.6,1.6,2.3,8024.06,5405.97,0.665611219966852,0.6656112199668582,0.6793558036205973,0.9839999999999999,0.665611219966852,0.679355803620598,0.9797682104421658,Crescente
2109502,MA,2019,20195,Riachão,335046000,20806145,4149,4.6,4.3,0.4,2.0,16590.54,5014.74,0.40206506705488815,0.40206506705488504,0.5779522036702133,0.9959999999999976,0.4020650670548882,0.5779522036702134,0.695671829783889,Crescente
2109601,MA,2019,42740,Rosário,371096000,45427356,6582,5.5,4.5,0.2,1.7,8682.64,6901.76,0.6496160107821666,0.649616010782166,0.748190077747492,0.9980000000000006,0.6496160107821665,0.7481900777474921,0.868249967625749,Crescente
2109700,MA,2019,5671,Sambaíba,187125000,6862725,1016,4.2,4.6,0.2,3.4,32996.83,6754.65,0.2310107835114359,0.23101078351143897,0.3713638132282171,0.9979999999999963,0.2310107835114365,0.37136381322821704,0.6220605650919225,Crescente
2109809,MA,2019,42130,Santa Helena,268495000,55700131,6698,4.2,3.5,2.2,7.3,6373.01,8315.93,0.6909066121802648,0.6909066121802603,0.7022097878396542,0.9780000000000006,0.7022097878396559,0.6909066121802659,0.983903420523141,Crescente
2109908,MA,2019,89044,Santa Inês,1243982000,82697174,12318,4.3,3.7,3.0,6.4,13970.42,6713.52,0.40803002828214985,0.4080300282821477,0.41599817103579034,0.970000000000001,0.4159981710357907,0.40803002828214957,0.9808457264756701,Crescente
2110005,MA,2019,72667,Santa Luzia,601881000,74660444,11921,5.1,4.2,0.2,2.7,8282.73,6262.93,0.6615031503099589,0.6615031503099642,0.7820712409103739,0.9979999999999977,0.6615031503099591,0.7820712409103735,0.8458349005903002,Crescente
2110039,MA,2019,25254,Santa Luzia do Paruá,209575000,27082582,3458,4.2,3.8,1.3,3.8,8298.69,7831.86,0.5722823607640749,0.5722823607640701,0.5756780601875041,0.9869999999999957,0.5756780601875039,0.5722823607640746,0.9941013916314212,Crescente
2110203,MA,2019,37855,Santa Rita,297588000,41761255,5515,5.3,4.4,0.3,1.1,7861.26,7572.3,0.6578464600666468,0.65784646006666,0.7278790455323522,0.997,0.6578464600666468,0.7278790455323515,0.9037854078977019,Crescente
2110237,MA,2019,13386,Santana do Maranhão,66746000,10225782,1611,5.0,4.1,0.6,3.9,4986.25,6347.47,0.9299054158353494,0.9299054158353416,0.9302303899827099,0.9976876663033704,0.9302303899827092,0.9299054158353508,0.999650651977338,Crescente
2110278,MA,2019,15846,Santo Amaro do Maranhão,78776000,16556735,2614,4.3,3.3,1.0,4.8,4971.35,6333.87,0.8965736041764809,0.8965736041764912,0.900196123789313,0.993608412882602,0.9001961237893142,0.8965736041764781,0.9959758551307871,Crescente
2110302,MA,2019,14528,Santo Antônio dos Lopes,1864002000,31698356,2586,5.3,4.5,0.4,1.6,128304.1,12257.68,0.06465989300774731,0.06465989300774758,0.11467987670116794,0.9960000000000004,0.06465989300774767,0.1146798767011684,0.5638294604748977,Crescente
2110401,MA,2019,18663,São Benedito do Rio Preto,126021000,24707671,4311,4.2,3.2,0.7,3.6,6752.45,5731.31,0.7349097677328856,0.7349097677328864,0.7514054847805259,0.9930000000000038,0.7349097677328854,0.7514054847805264,0.9780468503600843,Crescente
2110500,MA,2019,45211,São Bento,270449000,42494674,6693,5.1,4.2,0.0,0.0,5981.93,6349.12,0.818980138845882,0.8189801388457756,1.0,1.0,0.8189801388458826,1.0,0.818980138845882,Decrescente
2110609,MA,2019,28507,São Bernardo,283234000,53913983,4116,4.6,4.0,0.2,1.3,9935.59,13098.64,0.45643192422516693,0.45643192422512746,0.5373489388211069,0.9979999999999912,0.45643192422516726,0.537348938821107,0.8494143958421797,Crescente
2110708,MA,2019,34376,São Domingos do Maranhão,291086000,34598341,5647,4.9,4.0,0.0,1.2,8467.71,6126.85,0.642181132280941,0.6421811322809724,0.8223932738928088,1.0,0.6421811322809412,0.8223932738928089,0.7808686581800075,Crescente
2110856,MA,2019,11798,São Francisco do Brejão,99405000,9526494,1542,5.5,4.3,0.2,1.4,8425.58,6178.01,0.6868362993340532,0.6868362993340305,0.7998865706564197,0.9980000000000037,0.686836299334053,0.7998865706564198,0.858667121727531,Crescente
2111003,MA,2019,20665,São João Batista,122792000,21890731,3210,4.1,3.4,1.1,2.8,5942.03,6819.54,0.7515951111239688,0.7515951111239726,0.7531416031221643,0.9891146624684992,0.7531416031221652,0.751595111123967,0.9979466119096536,Crescente
2111029,MA,2019,15808,São João do Carú,93428000,17519533,2617,3.9,3.4,2.1,8.3,5910.17,6694.51,0.7457749864572868,0.7457749864572821,0.757201569498002,0.9792041537815613,0.7572015694980021,0.7457749864572872,0.9849094567404415,Crescente
2111052,MA,2019,11177,São João do Paraíso,121012000,13367625,1808,4.7,4.1,0.7,2.4,10826.88,7393.6,0.4968838290534318,0.4968838290534348,0.5311915481871445,0.9930000000000018,0.496883829053432,0.5311915481871448,0.9354136577458764,Crescente
2111078,MA,2019,18543,São João do Soter,108805000,26135673,3386,4.3,3.7,0.9,2.2,5867.71,7718.75,0.7658130009315546,0.7658130009315619,0.8021862283320298,0.9913289740998342,0.7658130009315548,0.8021862283320292,0.9546573774071073,Crescente
2111102,MA,2019,25929,São João dos Patos,273242000,25402972,3507,5.1,4.6,0.5,2.4,10538.08,7243.5,0.5416937548643099,0.5416937548643102,0.6055386519832411,0.9950000000000017,0.5416937548643102,0.6055386519832411,0.8945651166778068,Decrescente
2111201,MA,2019,177687,São José de Ribamar,2122860000,133684479,19659,5.6,4.6,0.1,0.2,11947.19,6800.17,0.5278837726011019,0.5278837726011295,0.6877202063581707,0.9990000000000012,0.5278837726011021,0.6877202063581707,0.7675850843419532,Decrescente
2111250,MA,2019,7641,São José dos Basílios,53288000,8136832,1140,4.5,3.8,0.8,5.0,6973.96,7137.57,0.663740407153172,0.6637404071531717,0.6646729366364081,0.9919999999999989,0.6646729366364077,0.6637404071531718,0.9985970100002036,Crescente
2111300,MA,2019,1101884,São Luís,32102448000,550973246,66993,5.1,3.9,0.8,2.3,29134.14,8224.34,0.23390686749462988,0.2339068674946172,0.29019757562017756,0.9920000000000027,0.23390686749463027,0.2901975756201774,0.8060262632957924,Crescente
2111409,MA,2019,18856,São Luís Gonzaga do Maranhão,139377000,26650659,3887,4.5,3.7,0.0,1.2,7391.65,6856.36,0.6594241355476084,0.6594241355476084,0.8508352340116062,1.0,0.6594241355476087,0.8508352340116068,0.7750315327663231,Crescente
2111508,MA,2019,41529,São Mateus do Maranhão,321124000,40381202,6517,4.5,3.6,0.9,4.0,7732.52,6196.29,0.6530596380373493,0.6530596380373485,0.6535933848404997,0.990999999999999,0.6535933848404989,0.6530596380373497,0.9991833656589401,Crescente
2111532,MA,2019,12690,São Pedro da Água Branca,106482000,13403290,1891,4.7,3.8,0.3,1.1,8391.02,7087.94,0.6028766965137724,0.6028766965137687,0.6999166653313562,0.9970000000000018,0.6028766965137723,0.6999166653313583,0.8613549674922472,Crescente
2111573,MA,2019,4668,São Pedro dos Crentes,53162000,5741562,908,5.1,5.2,0.7,3.6,11388.6,6323.31,0.5721188031283717,0.5721188031283737,0.6281614465700045,0.9929999999999989,0.572118803128372,0.6281614465700044,0.910783057846599,Crescente
2111607,MA,2019,18868,São Raimundo das Mangabeiras,516311000,17848229,2941,5.5,4.6,0.5,1.4,27364.37,6068.76,0.280569128722629,0.28056912872262996,0.3962252562770121,0.9949999999999983,0.28056912872262657,0.39622525627701205,0.7081051101055389,Crescente
2111631,MA,2019,5237,São Raimundo do Doca Bezerra,36066000,6658965,1072,4.4,3.9,3.1,5.4,6886.77,6211.72,0.6882814374431997,0.6882814374432034,0.7050172690290705,0.9689999999999993,0.7050172690290706,0.6882814374431997,0.9762618132617958,Crescente
2111672,MA,2019,6719,São Roberto,40813000,8662496,1085,4.3,4.0,0.5,2.7,6074.27,7983.87,0.7374865133125983,0.7374865133119277,0.7704267344059408,0.9950000000000259,0.7374865133125983,0.7704267344059407,0.9572441873804626,Crescente
2111706,MA,2019,22247,São Vicente Ferrer,132101000,20009064,2859,4.3,3.2,0.8,3.4,5937.92,6998.62,0.7521464744491956,0.7521464744492039,0.7536628987928443,0.9921268587206259,0.7536628987928434,0.7521464744491968,0.9979879275653908,Crescente
2111722,MA,2019,13914,Satubinha,77630000,13618788,1976,4.6,4.1,0.2,1.2,5579.27,6892.1,0.8136396182540638,0.8136396182545348,0.9654571224542218,0.9992018979509407,0.8136396182540627,0.9654571224542216,0.842750650785782,Crescente
2111748,MA,2019,11141,Senador Alexandre Costa,88625000,12421540,1861,3.8,3.3,0.9,3.7,7954.85,6674.66,0.6250346154151664,0.6250346154151633,0.6257276948776794,0.9910000000000035,0.6257276948776792,0.6250346154151667,0.9988923624954006,Crescente
2111763,MA,2019,14293,Senador La Rocque,145954000,16973132,2528,4.0,3.0,2.4,7.6,10211.57,6714.06,0.517893392440227,0.5178933924402322,0.5256524596413946,0.9760000000000342,0.5256524596413943,0.5178933924402266,0.9852391688484423,Crescente
2111789,MA,2019,10253,Serrano do Maranhão,53399000,13804941,2032,4.4,3.6,0.5,4.0,5208.13,6793.77,0.8601344826683115,0.8601344826683152,0.8985528395028475,0.9975715611525149,0.8601344826683115,0.8985528395028483,0.9572441873804638,Crescente
2111805,MA,2019,18081,Sítio Novo,167190000,22725652,3192,4.9,4.3,1.0,3.5,9246.72,7119.57,0.5736143369142116,0.5736143369142062,0.574045735083787,0.990000000000001,0.5740457350837869,0.5736143369142115,0.9992484951229323,Crescente
2111904,MA,2019,10636,Sucupira do Norte,79527000,10060606,1856,5.1,3.9,0.4,3.9,7477.15,5420.59,0.7418298304487758,0.7418298304487769,0.8360156819867821,0.9960000000000077,0.7418298304487757,0.8360156819867819,0.8873396114841116,Crescente
2111953,MA,2019,5660,Sucupira do Riachão,41268000,6605296,852,4.9,3.6,0.3,1.8,7291.17,7752.69,0.6512420890949445,0.6512420890949437,0.7262007398212097,0.997,0.6512420890949446,0.7262007398212085,0.8967797103253847,Crescente
2112001,MA,2019,8521,Tasso Fragoso,1206681000,13022010,1710,4.8,4.7,0.2,1.0,141612.6,7615.21,0.0730111822565718,0.07301118225657176,0.16390479208908434,0.9979999999999981,0.0730111822565718,0.16390479208908448,0.44544873475626806,Crescente
2112100,MA,2019,29124,Timbiras,170039000,24981422,4936,4.3,4.0,1.3,3.7,5838.45,5061.07,0.8386631784702356,0.838663178475893,0.84317180878325,0.9894749081416708,0.8431718087832494,0.8386631784702361,0.994652773887779,Crescente
2112209,MA,2019,169107,Timon,1896718000,124203616,22692,5.7,5.1,0.1,0.7,11216.08,5473.45,0.5950809659025994,0.5950809659026,0.8180198487837016,0.9989999999999999,0.5950809659025996,0.8180198487837015,0.7274651914466552,Crescente
2112233,MA,2019,21998,Trizidela do Vale,331756000,25912325,3808,5.3,4.8,0.7,1.2,15081.19,6804.71,0.43455043538595783,0.4345504353859559,0.5049589454835887,0.9929999999999989,0.43455043538595794,0.5049589454835887,0.8605658722805632,Decrescente
2112308,MA,2019,41832,Tuntum,324287000,33957134,5077,4.7,3.8,0.8,4.6,7752.13,6688.43,0.6437731454597757,0.643773145459779,0.643872307573322,0.9920000000000022,0.643872307573322,0.6437731454597756,0.9998459910258913,Crescente
2112407,MA,2019,35604,Turiaçu,236491000,47108424,7885,4.8,3.9,0.9,3.4,6642.26,5974.44,0.7491346493732554,0.7491346493732073,0.7496835653537368,0.9909999999999931,0.7496835653537371,0.7491346493732555,0.9992678031027364,Crescente
2112456,MA,2019,25619,Turilândia,162115000,33708456,5824,4.1,3.8,1.6,5.4,6327.92,5787.85,0.7568474122168001,0.7568474122167109,0.763502206075162,0.983999999999998,0.7635022060751614,0.7568474122167997,0.9912838577211567,Crescente
2112506,MA,2019,58860,Tutóia,413286000,69629454,10447,5.1,4.3,1.5,4.7,7021.51,6665.02,0.7182204882381084,0.7182204882381065,0.7207036963216658,0.9849999999999999,0.7207036963216658,0.7182204882381084,0.9965544673959198,Crescente
2112605,MA,2019,33122,Urbano Santos,195985000,42487447,7014,4.0,3.3,0.9,3.1,5917.06,6057.52,0.7814261032219774,0.7814261032219865,0.7833150406103102,0.9916160045754675,0.7833150406103111,0.7814261032219794,0.9975885342545432,Crescente
2112704,MA,2019,56510,Vargem Grande,342665000,62317464,8559,5.0,4.5,0.0,0.7,6063.79,7280.93,0.7740434988319559,0.7740434988319601,0.9876570593638863,1.0,0.7740434988319569,0.9876570593638861,0.7837168696293114,Crescente
2112803,MA,2019,52441,Viana,405850000,48410553,8477,4.6,4.0,0.7,3.1,7739.17,5710.81,0.6714574857725847,0.671457485772584,0.7076130256172442,0.9929999999999995,0.6714574857725846,0.7076130256172439,0.9489049260884912,Crescente
2112852,MA,2019,13392,Vila Nova dos Martírios,117401000,14329846,1751,5.0,4.3,0.6,3.7,8766.5,8183.81,0.5742241723350543,0.5742241723350505,0.5865712036728284,0.9939999999999974,0.5742241723350542,0.5865712036728283,0.9789504986599019,Crescente
2112902,MA,2019,32764,Vitória do Mearim,243495000,32055674,4764,5.0,4.1,1.2,4.0,7431.78,6728.73,0.6831239529851836,0.6831239529851808,0.6845331400821535,0.9879999999999989,0.6845331400821534,0.6831239529851836,0.9979413895187006,Crescente
2113009,MA,2019,31523,Vitorino Freire,252931000,34620762,4548,4.8,3.7,0.8,4.1,8023.7,7612.3,0.6086073466243828,0.6086073466243473,0.6088850044615186,0.9919999999999976,0.6088850044615193,0.6086073466243822,0.9995439896941108,Crescente
2114007,MA,2019,51714,Zé Doca,441978000,66044851,6786,5.3,4.0,2.1,5.7,8546.58,9732.52,0.561162357660557,0.5611623576605503,0.5647754680995699,0.978999999999998,0.56477546809957,0.561162357660557,0.9936025719191189,Crescente
2200202,PI,2019,17411,Água Branca,216381000,14500053,2012,6.0,4.9,0.1,0.2,12427.83,7206.79,0.5264515374234312,0.5264515374234283,0.6796069974925587,0.9989999999999983,0.5264515374234311,0.6796069974925589,0.7746411372540283,Crescente
2200251,PI,2019,7651,Alagoinha do Piauí,58945000,5221112,689,4.1,4.2,2.2,2.5,7704.22,7577.81,0.6202901513619483,0.6202901513619615,0.6203408790454896,0.9780000000000012,0.6203408790454888,0.6202901513619467,0.999918226115262,Crescente
2200277,PI,2019,4915,Alegrete do Piauí,42223000,4791246,615,5.4,4.5,1.8,2.5,8590.64,7790.64,0.6182981671974782,0.6182981671974724,0.6195954087306078,0.9819999999999969,0.619595408730608,0.6182981671974781,0.9979063086736112,Crescente
2200301,PI,2019,14304,Alto Longá,107642000,16289753,1405,5.2,5.1,0.2,1.3,7525.31,11594.13,0.654100388230391,0.6541003882303901,0.7164835482937988,0.9980000000000008,0.654100388230391,0.7164835482937987,0.9129314829182551,Crescente
2200400,PI,2019,40524,Altos,450597000,27796073,4949,6.2,5.3,0.3,0.3,11119.26,5616.5,0.6294211390899832,0.6294211390899812,0.812968943720491,0.9970764260013522,0.6294211390899827,0.8129689437204914,0.7742253181400569,Crescente
2200459,PI,2019,5419,Alvorada do Gurguéia,62425000,7352084,999,3.2,4.1,3.4,4.3,11519.65,7359.44,0.4702914969169904,0.47029149691699174,0.4746470829292761,0.9659999999999987,0.4746470829292759,0.47029149691699046,0.9908235272712406,Crescente
2200509,PI,2019,17598,Amarante,155827000,16267875,2267,4.2,3.5,1.0,2.2,8854.81,7175.95,0.5705790226414318,0.5705790226414288,0.590844578341499,0.990000000000001,0.5705790226414317,0.5908445783414992,0.9657006995698385,Crescente
2200608,PI,2019,6788,Angical do Piauí,68691000,4728527,770,5.6,5.2,0.6,0.4,10119.48,6140.94,0.6307630341520651,0.6307630341520761,0.7722469135791133,0.9959999999999984,0.6307630341520654,0.7722469135791138,0.8167893235450868,Crescente
2200806,PI,2019,3164,Antônio Almeida,86325000,3320883,479,6.2,5.0,0.0,0.0,27283.5,6932.95,0.3062091474336876,0.3062091474336879,0.8660822593557831,1.0,0.30620914743368755,0.866082259355783,0.3535566559941486,Crescente
2200905,PI,2019,5835,Aroazes,49780000,5548423,722,5.2,4.5,0.3,3.9,8531.28,7684.8,0.6123790905425188,0.61237909054253,0.6815288768329013,0.9970000000000051,0.6123790905425187,0.6815288768329023,0.898537261382489,Crescente
2201002,PI,2019,4727,Arraial,39380000,4351551,637,4.5,3.1,1.1,0.8,8330.87,6831.32,0.6127783761445355,0.6127783761445305,0.7256416203513533,0.9919999999999998,0.6127783761445353,0.7256416203513532,0.8444642078934642,Crescente
2201051,PI,2019,7846,Assunção do Piauí,55445000,11141526,1555,4.8,4.3,1.8,4.3,7066.66,7164.97,0.6733462002692365,0.6733462002692338,0.6768999366706827,0.9820000000000015,0.6768999366706827,0.6733462002692365,0.9947499826651999,Crescente
2201150,PI,2019,11586,Baixa Grande do Ribeiro,863446000,18165208,2292,6.3,5.5,0.3,0.0,74524.94,7925.48,0.133674887399386,0.13367488739937322,0.7650687783678539,1.0,0.13367488739938352,0.7650687783678537,0.1747227062180723,Crescente
2201176,PI,2019,3951,Barra D'Alcântara,36818000,4451297,578,4.9,4.1,0.0,0.8,9318.65,7701.21,0.5604452710426036,0.5604452710425979,0.7095382933920389,1.0,0.5604452710426042,0.7095382933920384,0.7898731841002168,Crescente
2201200,PI,2019,47066,Barras,439115000,48268053,7122,5.4,4.9,0.2,2.4,9329.77,6777.32,0.6240745913996422,0.6240745913996444,0.7410559782107078,0.9980000000000034,0.6240745913996423,0.7410559782107079,0.8421423073955638,Crescente
2201408,PI,2019,7032,Barro Duro,76942000,4266057,763,4.6,3.5,2.8,3.0,10941.7,5591.16,0.5223503209766673,0.5223503209766713,0.5236968558118272,0.9720000000000006,0.5236968558118265,0.5223503209766674,0.9974287895368924,Crescente
2201556,PI,2019,4015,Bela Vista do Piauí,38369000,3800187,546,5.4,3.7,0.0,2.8,9556.41,6960.05,0.6006167730697151,0.6006167730697162,0.7513511128531748,1.0,0.6006167730697155,0.7513511128531747,0.799382289844408,Crescente
2201572,PI,2019,3566,Belém do Piauí,33424000,4881849,452,6.2,5.2,0.0,0.0,9372.97,10800.55,0.5680093400798718,0.5680093400798936,0.6441277149546438,1.0,0.5680093400798726,0.6441277149546444,0.881827201178369,Crescente
2201606,PI,2019,10467,Beneditinos,82371000,14622573,1463,5.9,5.8,0.0,0.0,7869.59,9994.92,0.6666779613390772,0.6666779613390804,0.7648865231013765,1.0,0.6666779613390337,0.7648865231013761,0.8716037493194492,Crescente
2201705,PI,2019,5501,Bertolínia,61002000,5218097,674,4.7,4.9,2.3,2.2,11089.26,7741.98,0.5295097814928682,0.5295097814928639,0.530335588485524,0.9780000000000012,0.5303355884855243,0.5295097814928676,0.998442859558013,Crescente
2201739,PI,2019,6205,Betânia do Piauí,52380000,7429264,1157,4.5,4.9,1.9,5.6,8441.58,6421.14,0.6744611228751662,0.6744611228751669,0.6776483970310679,0.9810000000000009,0.6776483970310682,0.6744611228751665,0.9952965665234864,Crescente
2201770,PI,2019,6781,Boa Hora,53625000,8338213,1127,4.8,4.5,0.8,1.7,7908.13,7398.59,0.6416942293355068,0.6416942293355071,0.678741472452097,0.9920000000000015,0.6416942293355069,0.6787414724520996,0.9454177405975367,Crescente
2201804,PI,2019,4500,Bocaina,46722000,3990122,445,5.4,4.0,1.9,4.1,10382.67,8966.57,0.5189624251994658,0.5189624251994654,0.5214473375828493,0.9809999999999962,0.521447337582849,0.5189624251994658,0.9952345861139069,Crescente
2201903,PI,2019,25179,Bom Jesus,838720000,24491625,3286,7.5,6.2,0.0,0.0,33310.3,7453.32,0.3121395745947376,0.31213957459474323,0.9594909190995443,1.0,0.31213957459473696,0.9594909190991748,0.32531790388143744,Crescente
2201919,PI,2019,5630,Bom Princípio do Piauí,56449000,7702783,1079,4.4,4.6,1.1,0.6,10026.47,7138.82,0.5659667351275189,0.5659667351275343,0.659040636003606,0.9939999999999994,0.5659667351275192,0.659040636003606,0.8587736540185396,Decrescente
2201929,PI,2019,5670,Bonfim do Piauí,43999000,5949877,824,4.1,3.3,1.7,11.0,7759.96,7220.72,0.6127052027990222,0.6127052027990112,0.6187911529601564,0.9830000000000031,0.6187911529601563,0.6127052027990221,0.9901647750908842,Crescente
2201945,PI,2019,6407,Boqueirão do Piauí,46518000,7136219,1033,5.1,4.5,0.0,1.9,7260.5,6908.25,0.6982968691198284,0.6982968691198309,0.8733569009834734,1.0,0.6982968691198281,0.8733569009834732,0.7995549910162584,Crescente
2201960,PI,2019,8329,Brasileira,58836000,6058728,890,5.3,3.8,0.6,1.6,7063.99,6807.56,0.730420194526146,0.730420194526147,0.7646410429916114,0.994000000000002,0.730420194526146,0.7646410429916106,0.9552458649988518,Crescente
2201988,PI,2019,3875,Brejo do Piauí,34948000,6580718,578,4.7,4.0,1.1,9.3,9018.84,11385.33,0.4992229544926333,0.49922295449262805,0.5007276790044866,0.9889999999999948,0.5007276790044871,0.4992229544926333,0.9969949244370816,Crescente
2202000,PI,2019,19781,Buriti dos Lopes,183358000,19729847,3030,4.7,3.8,1.4,3.2,9269.4,6511.5,0.5737697355758227,0.5737697355758264,0.5750364571167289,0.9859999999999989,0.5750364571167286,0.5737697355758227,0.9977971456848881,Crescente
2202026,PI,2019,8244,Buriti dos Montes,61702000,8675172,979,6.8,6.5,0.0,0.0,7484.47,8861.26,0.7700948407423178,0.7700948407423187,0.8310960635624317,1.0,0.7700948407423075,0.8310960635624312,0.9266014778620938,Crescente
2202059,PI,2019,10586,Cabeceiras do Piauí,73225000,9676079,1245,5.9,5.1,0.5,0.2,6917.15,7771.95,0.7537839282167202,0.7537839282167336,0.8576115886480916,0.9980000000000003,0.753783928216712,0.8576115886480911,0.8789339348888212,Crescente
2202075,PI,2019,3559,Cajazeiras do Piauí,27903000,4916431,440,4.5,3.9,0.0,2.2,7840.12,11173.71,0.5742518251399079,0.5742518251399203,0.7629895970980053,1.0,0.574251825139908,0.7629895970980057,0.7526338856047939,Crescente
2202083,PI,2019,7642,Cajueiro da Praia,92358000,6668690,1143,4.8,3.9,2.8,5.1,12085.58,5834.37,0.48859340384659294,0.4885934038465872,0.49219544262542764,0.972000000000007,0.4921954426254274,0.48859340384659294,0.9926816901033846,Crescente
2202091,PI,2019,5776,Caldeirão Grande do Piauí,86586000,5339385,736,5.9,4.9,0.2,0.6,14990.65,7254.6,0.45105609159675975,0.4510560915967595,0.5928787288862294,0.9979999999999997,0.45105609159675936,0.5928787288862293,0.7607898034124198,Crescente
2202133,PI,2019,5943,Campo Grande do Piauí,52606000,5895791,794,5.6,4.3,0.0,0.9,8851.76,7425.43,0.633966975678258,0.6339669756782519,0.7661139080431991,1.0,0.6339669756782581,0.7661139080431987,0.8275100726177005,Crescente
2202174,PI,2019,7279,Campo Largo do Piauí,49011000,12955727,1340,4.2,4.4,0.1,1.7,6733.21,9668.45,0.6867393445589467,0.6867393445589288,0.8381716645304894,0.9989999999999959,0.686739344558946,0.8381716645304892,0.8193301845196961,Crescente
2202208,PI,2019,46833,Campo Maior,634076000,37150066,4099,5.9,5.0,0.2,0.6,13539.09,9063.2,0.45926982310375714,0.4592698231037776,0.5497573522751303,0.9980000000000012,0.4592698231037569,0.5497573522751303,0.8354046038731502,Decrescente
2202251,PI,2019,3950,Canavieira,34459000,4894069,555,3.7,2.9,1.5,4.9,8723.8,8818.14,0.5294015473392728,0.529401547339262,0.5338682083896265,0.985000000000002,0.5338682083896269,0.5294015473392719,0.9916334013148544,Crescente
2202307,PI,2019,21187,Canto do Buriti,234422000,17614040,1884,4.9,4.2,1.1,2.3,11064.43,9349.28,0.46542684568004383,0.46542684568004333,0.46686057171208173,0.9890000000000021,0.46542684568004383,0.46686057171208195,0.9969290059625723,Crescente
2202406,PI,2019,11417,Capitão de Campos,93753000,13293385,1467,5.2,4.5,0.5,2.5,8211.7,9061.61,0.588692558207023,0.5886925582070118,0.5942095250326905,0.9950000000000069,0.588692558207023,0.5942095250326904,0.9907154520531054,Crescente
2202455,PI,2019,4100,Capitão Gervásio Oliveira,34753000,5490438,644,4.4,4.7,0.0,1.0,8476.34,8525.52,0.5981263855442089,0.5981263855442075,0.7367545542586347,1.0,0.5981263855442112,0.7367545542586349,0.8118394139362716,Crescente
2202539,PI,2019,5868,Caraúbas do Piauí,50419000,5251444,955,4.9,4.3,2.1,3.1,8592.19,5498.89,0.6503016711198945,0.6503016711198983,0.6527315900706651,0.9789999999999986,0.6527315900706652,0.6503016711198941,0.9962773075675599,Crescente
2202554,PI,2019,5067,Caridade do Piauí,41478000,8259611,830,5.7,4.8,0.4,2.5,8185.91,9951.34,0.6016095005701442,0.6016095005701049,0.6099860708054714,0.9960000000000009,0.6016095005701436,0.6099860708054714,0.9862676040712435,Decrescente
2202604,PI,2019,19716,Castelo do Piauí,178258000,19070085,2733,6.7,5.7,0.0,0.0,9041.29,6977.71,0.7146417020808248,0.7146417020808236,0.9237437087935355,1.0,0.7146417020808244,0.9237437087935353,0.7736363401209948,Crescente
2202653,PI,2019,5424,Caxingó,47447000,7214312,952,3.9,4.5,1.2,3.6,8747.6,7578.06,0.5941531159414182,0.594153115941424,0.5953878116449084,0.987999999999998,0.5953878116449088,0.5941531159414185,0.9979262328194475,Crescente
2202703,PI,2019,27787,Cocal,234172000,25287830,3877,5.2,4.3,0.6,2.1,8427.39,6522.53,0.6517162885380772,0.6517162885380848,0.6846186477484307,0.9940000000000005,0.6517162885380775,0.684618647748431,0.9519406032561885,Crescente
2202711,PI,2019,4891,Cocal de Telha,43630000,6748071,736,4.8,4.7,0.5,1.5,8920.47,9168.57,0.5622016413504859,0.5622016413504847,0.5989799358729753,0.995000000000001,0.5622016413504862,0.598979935872977,0.9385984532705802,Crescente
2202729,PI,2019,6153,Cocal dos Alves,50683000,6663851,840,6.2,6.4,0.2,0.3,8237.12,7933.16,0.7532857031608184,0.7532857031608304,0.8087203072709943,0.997999999999999,0.7532857031608187,0.8087203072709933,0.931453923424727,Crescente
2202737,PI,2019,4020,Coivaras,33818000,4879858,732,5.7,5.0,0.0,0.0,8412.44,6666.47,0.6893878027472624,0.6893878027472432,0.8458171680769282,1.0,0.6893878027472616,0.8458171680769286,0.8150553438335525,Crescente
2202752,PI,2019,6484,Colônia do Gurguéia,60728000,5348911,949,3.3,4.4,0.4,3.5,9365.82,5636.37,0.6189185163039992,0.6189185163041435,0.7350016421196789,0.9959999999999958,0.6189185163039991,0.7350016421196784,0.8420641272570407,Crescente
2202778,PI,2019,7656,Colônia do Piauí,57681000,7223501,897,6.0,4.8,0.7,0.0,7534.09,8052.96,0.7137077310140713,0.7137077310140733,0.8235393901787504,1.0,0.7137077310140725,0.823539390178751,0.8666346012413079,Crescente
2202802,PI,2019,4803,Conceição do Canindé,50761000,5154734,672,4.7,3.8,1.6,2.6,10568.6,7670.74,0.49904260190827926,0.4990426019082837,0.499412605463029,0.9840000000000028,0.499412605463029,0.49904260190827926,0.9992591225157268,Crescente
2202851,PI,2019,4682,Coronel José Dias,39066000,4779196,574,5.8,4.4,0.4,0.3,8343.87,8326.13,0.647402409213552,0.6474024092135691,0.733083333367179,0.9970000000000011,0.6474024092135522,0.7330833333671789,0.8831225315680283,Crescente
2202901,PI,2019,26644,Corrente,450232000,21423355,3716,4.0,3.9,2.1,3.3,16898.06,5765.17,0.3647586499526409,0.364758649952645,0.3678920332334922,0.9790000000000022,0.36789203323349223,0.36475864995264057,0.9914828726968855,Crescente
2203008,PI,2019,8294,Cristalândia do Piauí,64626000,6792857,1144,4.1,4.1,2.7,3.5,7791.9,5937.81,0.66065184867724,0.6606518486772526,0.6639787606219255,0.9729999999999994,0.6639787606219252,0.6606518486772406,0.9949894301715777,Crescente
2203107,PI,2019,10423,Cristino Castro,110914000,9965536,1303,3.6,3.2,3.7,6.1,10641.27,7648.15,0.47748091733430154,0.4774809173343004,0.4914362060182712,0.9629999999999957,0.4914362060182711,0.4774809173343015,0.9716030513969685,Crescente
2203206,PI,2019,11388,Curimatá,110902000,10202893,1390,3.9,3.2,1.9,6.3,9738.5,7340.21,0.5236328705612542,0.5236328705612614,0.5292015484014679,0.9809999999999962,0.5292015484014682,0.5236328705612543,0.9894772079616267,Crescente
2203230,PI,2019,4954,Currais,199742000,7305490,780,3.7,4.1,2.7,4.0,40319.34,9366.01,0.16590930686270933,0.16590930686271407,0.16693046752622476,0.9729999999999964,0.16693046752622542,0.16590930686270955,0.9938827184836405,Crescente
2203255,PI,2019,4443,Curralinhos,31552000,4786334,657,3.4,3.6,0.7,1.8,7101.51,7285.14,0.6573754261985635,0.6573754261985629,0.7128045104240994,0.9930000000000011,0.6573754261985647,0.7128045104240992,0.9222380282182037,Crescente
2203271,PI,2019,5343,Curral Novo do Piauí,58602000,6845064,802,5.3,4.6,0.4,0.6,10968.0,8534.99,0.5082794317095667,0.5082794317095033,0.5838773271448631,0.9959999999999896,0.5082794317095669,0.5838773271448632,0.8705243517418855,Crescente
2203305,PI,2019,13817,Demerval Lobão,188692000,14785077,1723,6.2,5.1,0.6,1.9,13656.51,8581.01,0.47685775051651164,0.47685775051651585,0.5110406976374828,0.9940000000000012,0.47685775051651186,0.5110406976374829,0.9331111058688724,Crescente
2203404,PI,2019,6904,Dom Expedito Lopes,77318000,5574793,816,6.3,5.4,0.3,1.0,11199.02,6831.85,0.593148448652035,0.5931484486520345,0.7096716826156554,0.9970000000000009,0.5931484486520348,0.7096716826156554,0.8358068430543153,Decrescente
2203420,PI,2019,4355,Domingos Mourão,35593000,5237647,654,7.3,5.9,0.0,0.0,8172.9,8008.63,0.7698244965763786,0.769824496576377,0.8851119571197847,1.0,0.7698244965763785,0.8851119571197853,0.8697481605394198,Crescente
2203453,PI,2019,9556,Dom Inocêncio,65949000,7981646,1021,5.1,4.9,0.4,0.6,6901.32,7817.48,0.7174588330460852,0.7174588330459581,0.820688285983973,0.9959999999999969,0.7174588330460859,0.8206882859839739,0.8742160029564455,Crescente
2203503,PI,2019,14602,Elesbão Veloso,151022000,11081908,1367,5.4,4.5,0.8,2.7,10342.56,8106.74,0.5405146055563683,0.5405146055563719,0.5405673427445591,0.9920000000000042,0.5405673427445589,0.5405146055563684,0.9999024410392181,Crescente
2203701,PI,2019,39737,Esperantina,407186000,28104723,5349,4.2,3.8,1.9,3.4,10247.02,5254.2,0.554077083287872,0.5540770832879652,0.5587472466811563,0.9810000000000011,0.558747246681156,0.5540770832878718,0.9916417245525162,Crescente
2203800,PI,2019,4463,Flores do Piauí,40044000,4541408,758,4.1,3.9,1.3,2.2,8972.44,5991.3,0.5973855948893361,0.5973855948894614,0.6160083723323179,0.9869999999999697,0.5973855948893354,0.6160083723323181,0.9697686293248375,Crescente
2203909,PI,2019,59935,Floriano,1198895000,36761302,4637,6.0,5.1,0.9,1.3,20003.25,7927.82,0.3653199285074423,0.36531992850744244,0.4063370650947837,0.9909999999999998,0.36531992850744216,0.40633706509478373,0.8990563743482924,Crescente
2204105,PI,2019,4348,Francisco Ayres,38371000,4604618,650,4.7,4.1,0.3,2.0,8824.98,7084.03,0.5806811554555908,0.5806811554555892,0.675160177109726,0.996999999999992,0.5806811554555908,0.6751601771097261,0.8600642856950069,Crescente
2204154,PI,2019,3184,Francisco Macedo,32164000,4222844,393,5.0,4.1,0.0,2.9,10101.76,10745.15,0.47550992906135614,0.47550992906139916,0.5921671075139322,1.0,0.47550992906135625,0.5921671075139324,0.802999563852284,Crescente
2204204,PI,2019,9319,Francisco Santos,77331000,6223767,797,5.8,4.9,0.4,2.5,8298.21,7808.99,0.6618856592233183,0.661885659223348,0.6948143521848704,0.9959999999999922,0.6618856592233185,0.6948143521848705,0.9526079263359967,Crescente
2204303,PI,2019,11625,Fronteiras,111291000,7808350,1143,6.3,5.4,0.3,0.0,9573.42,6831.45,0.6651954107711814,0.6651954107711844,0.888706761287011,1.0,0.6651954107711813,0.8887067612870108,0.7484981995724393,Crescente
2204352,PI,2019,5442,Geminiano,49930000,5401059,779,4.8,4.2,0.0,0.6,9174.94,6933.32,0.5796481223171989,0.5796481223172094,0.7459038325237574,1.0,0.579648122317199,0.7459038325237574,0.7771083845433074,Decrescente
2204402,PI,2019,10690,Gilbués,258399000,11435323,1783,3.3,3.6,5.4,8.3,24172.03,6413.53,0.25635091962264683,0.25635091962264606,0.26732107094769136,0.9459999999999996,0.26732107094769153,0.25635091962264706,0.9589626388740933,Crescente
2204501,PI,2019,10499,Guadalupe,584389000,10295327,1307,5.2,4.5,0.0,1.7,55661.4,7877.07,0.1424009496619921,0.14240094966199238,0.6008267929423781,1.0,0.14240094966199213,0.600826792942378,0.2370083214242561,Crescente
2204550,PI,2019,4562,Guaribas,33822000,5210000,827,3.6,3.4,3.9,4.5,7413.85,6299.88,0.6550812283469046,0.6550812283469315,0.6685306172104388,0.9610000000000151,0.668530617210438,0.6550812283469039,0.9798821646798256,Crescente
2204600,PI,2019,3877,Hugo Napoleão,30008000,3511894,492,4.9,3.9,1.5,0.4,7740.01,7138.0,0.6509286756627457,0.6509286756627569,0.7819280457486428,0.996000000000011,0.6509286756627463,0.7819280457486427,0.8324662086260455,Crescente
2204659,PI,2019,9426,Ilha Grande,76153000,8579536,1334,4.0,3.5,2.0,1.8,8079.04,6431.44,0.6315680934798117,0.6315680934797979,0.6807686887493317,0.9820000000000018,0.6315680934798111,0.6807686887493318,0.9277278816099658,Crescente
2204907,PI,2019,8549,Isaías Coelho,67209000,8841575,1227,5.9,4.6,0.0,0.2,7861.62,7205.85,0.7163799783184015,0.7163799783183987,0.8420836266195848,1.0,0.7163799783184016,0.8420836266195847,0.8507230822123911,Crescente
2205003,PI,2019,11530,Itainópolis,97973000,11738790,1225,4.9,4.5,0.2,1.9,8497.22,9582.69,0.5536488778604896,0.5536488778604888,0.6445278510649562,0.9979999999999992,0.5536488778604887,0.6445278510649558,0.8589991525512715,Crescente
2205102,PI,2019,11019,Itaueira,116716000,12001326,1224,4.3,2.8,1.6,6.0,10592.25,9805.0,0.450184604163697,0.4501846041636993,0.4541786558292741,0.9839999999999984,0.4541786558292745,0.45018460416369754,0.9912059899462152,Crescente
2205151,PI,2019,5741,Jacobina do Piauí,52968000,6191219,733,4.5,3.8,0.3,2.9,9226.27,8446.41,0.5257776427237779,0.5257776427237805,0.6040156375948371,0.9970000000000002,0.5257776427237782,0.6040156375948371,0.8704702494415553,Decrescente
2205201,PI,2019,19104,Jaicós,176179000,15964097,2158,6.0,5.0,0.0,0.0,9222.1,7397.64,0.6460720901265627,0.6460720901265891,0.7955919179689835,1.0,0.6460720901265627,0.7955919179689835,0.8120646722705271,Decrescente
2205250,PI,2019,4504,Jardim do Mulato,31330000,3825732,581,4.3,4.3,1.8,3.1,6956.04,6584.74,0.703994238924375,0.7039942389243806,0.7063624345091386,0.982000000000002,0.7063624345091394,0.7039942389243725,0.9966473364535455,Crescente
2205276,PI,2019,4865,Jatobá do Piauí,44977000,6592452,828,5.3,5.3,0.4,0.0,9245.02,7961.9,0.6251373853354723,0.6251373853354807,0.740011833978184,1.0,0.6251373853354724,0.7400118339781854,0.8447667410598486,Crescente
2205359,PI,2019,3008,João Costa,55088000,4095949,428,3.9,3.8,0.9,1.5,18313.83,9569.97,0.3142442882102347,0.3142442882102446,0.3457473235442242,0.9910000000000118,0.3142442882102348,0.34574732354422405,0.908884225014225,Crescente
2205409,PI,2019,14354,Joaquim Pires,104115000,11802411,2068,5.8,4.6,0.4,4.0,7253.38,5707.16,0.8053794372104701,0.8053794372104723,0.8702816768767947,0.9960000000000002,0.8053794372104697,0.8702816768767945,0.9254238697760004,Crescente
2205458,PI,2019,5443,Joca Marques,41290000,6933789,1051,4.5,3.9,0.4,2.7,7585.89,6597.33,0.6506161687658705,0.650616168765871,0.718377085981592,0.9960000000000012,0.6506161687658707,0.7183770859815909,0.9056750019759708,Crescente
2205508,PI,2019,39208,José de Freitas,369453000,32152030,5356,4.8,3.9,0.7,3.2,9422.9,6002.99,0.5894688376850832,0.5894688376851188,0.6338152874697848,0.9929999999999851,0.5894688376850832,0.6338152874697849,0.9300325336712304,Crescente
2205516,PI,2019,5478,Juazeiro do Piauí,49470000,6488516,733,6.1,4.9,0.3,1.6,9030.67,8852.0,0.6185165304715141,0.6185165304715229,0.6498605257968265,0.9969999999999987,0.6185165304715142,0.6498605257968265,0.9517681193408694,Decrescente
2205532,PI,2019,4763,Jurema,40768000,6087647,759,5.0,4.4,0.2,0.9,8559.31,8020.62,0.5906790632427732,0.590679063242774,0.6860485249414603,0.9979999999999999,0.5906790632427741,0.6860485249414602,0.8609872942925941,Crescente
2205540,PI,2019,2845,Lagoinha do Piauí,24643000,3260042,385,6.6,5.4,1.4,0.8,8661.86,8467.64,0.6793448616454048,0.6793448616454303,0.701872716493438,0.9919999999999989,0.679344861645405,0.7018727164934381,0.9679032190329572,Crescente
2205557,PI,2019,8542,Lagoa Alegre,66857000,10206700,1445,5.8,5.2,1.0,2.5,7826.86,7063.46,0.711719354276978,0.7117193542769784,0.7127559609387409,0.990000000000001,0.7127559609387413,0.711719354276978,0.998545635927902,Crescente
2205565,PI,2019,4655,Lagoa do Barro do Piauí,445639000,7110126,780,5.3,5.0,0.0,0.6,95733.4,9115.55,0.09571789377404144,0.09571789377404619,0.551059679209686,1.0,0.09571789377404666,0.5510596792096866,0.1736978722727769,Crescente
2205573,PI,2019,6758,Lagoa de São Francisco,50293000,7626414,1042,4.7,3.8,0.2,6.6,7441.99,7319.02,0.6413993095631929,0.6413993095631866,0.7622464899757335,0.9979999999999974,0.6413993095631929,0.7622464899757343,0.8414591841329596,Crescente
2205581,PI,2019,4064,Lagoa do Piauí,54443000,5212626,733,3.6,3.1,0.0,0.0,13396.41,7111.36,0.4344976756602205,0.4344976756602231,0.5838320658777473,1.0,0.43449767566022046,0.5838320658777473,0.7442168751162822,Decrescente
2205599,PI,2019,5177,Lagoa do Sítio,43317000,5538952,678,4.1,3.4,1.4,5.1,8367.2,8169.55,0.5598741443183273,0.5598741443183151,0.563894522588437,0.9860000000000025,0.563894522588437,0.5598741443183273,0.9928703363677749,Crescente
2205607,PI,2019,5295,Landri Sales,77063000,5928349,687,5.4,5.6,1.6,1.3,14553.92,8629.33,0.4645003810929632,0.46450038109296293,0.47588179152456084,0.987,0.46450038109296315,0.4758817915245609,0.976083534536727,Crescente
2205706,PI,2019,30311,Luís Correia,332918000,16751835,4365,4.8,3.1,1.7,3.0,10983.41,3837.76,0.5764159217621974,0.5764159217621978,0.5775443397314428,0.983161203540747,0.5775443397314427,0.5764159217621974,0.9980461795023908,Crescente
2205805,PI,2019,25486,Luzilândia,216492000,25579159,3595,4.2,3.5,2.4,7.7,8494.55,7115.2,0.5768043857482116,0.576804385748215,0.5863121766341872,0.9759999999999988,0.5863121766341874,0.5768043857482116,0.9837837396784823,Crescente
2205854,PI,2019,8310,Madeiro,57802000,13068472,1397,4.7,4.0,0.6,1.8,6955.72,9354.67,0.6521517378661528,0.6521517378661228,0.7100346632257055,0.9940000000000098,0.6521517378661525,0.7100346632257054,0.9184787330007395,Crescente
2205904,PI,2019,5349,Manoel Emídio,50992000,4555048,619,5.3,5.2,0.0,0.5,9533.0,7358.72,0.6214648209577349,0.621464820957734,0.7701824782227729,1.0,0.6214648209577349,0.7701824782227742,0.806905945707555,Crescente
2205953,PI,2019,8492,Marcolândia,87544000,11147835,1638,5.5,3.8,0.1,6.1,10309.0,6805.76,0.5794266146516099,0.5794266146516094,0.7051771198733877,0.9990000000000034,0.5794266146516102,0.7051771198733879,0.8216752902528149,Crescente
2206001,PI,2019,4549,Marcos Parente,44984000,4550092,657,4.8,5.3,1.0,2.0,9888.77,6925.56,0.6218977884815047,0.6218977884815025,0.6223627952441044,0.9900000000000098,0.6223627952441043,0.6218977884815043,0.9992528365028354,Crescente
2206050,PI,2019,6441,Massapê do Piauí,45762000,6733414,941,5.0,4.4,0.2,2.3,7104.8,7155.59,0.6899635374537872,0.6899635374537889,0.802094834230624,0.9979999999999974,0.689963537453787,0.8020948342306237,0.8602019462145096,Crescente
2206100,PI,2019,10936,Matias Olímpio,83432000,11398114,1638,4.3,3.9,0.5,3.2,7629.11,6958.56,0.6354205665903919,0.63542056659041,0.6755621499965644,0.9950000000000028,0.6354205665903916,0.6755621499965645,0.9405804730084766,Crescente
2206209,PI,2019,33760,Miguel Alves,260075000,54340989,5594,4.1,3.5,1.1,3.5,7703.64,9714.16,0.5779967630760809,0.5779967630760752,0.5809188902908221,0.9890000000000086,0.5809188902908223,0.5779967630760804,0.9949698189134834,Crescente
2206407,PI,2019,10564,Monsenhor Gil,92069000,10639524,1476,5.1,4.0,0.4,3.7,8715.35,7208.35,0.6100730206647395,0.6100730206647413,0.6699615318019595,0.9959999999999969,0.6100730206647395,0.6699615318019597,0.9106090300794717,Crescente
2206506,PI,2019,7749,Monsenhor Hipólito,66593000,7949310,1122,5.5,5.1,1.1,4.3,8593.75,7084.95,0.6619412104454602,0.6619412104454583,0.6629901853701884,0.9890000000000028,0.6629901853701917,0.6619412104454593,0.9984178122876095,Crescente
2206605,PI,2019,10613,Monte Alegre do Piauí,168812000,14346139,1856,4.4,3.8,2.1,2.7,15906.15,7729.6,0.3634565588876064,0.36345655888759976,0.3644529425350967,0.9790000000000031,0.36445294253509664,0.3634565588876066,0.9972660842287085,Crescente
2206670,PI,2019,6796,Morro do Chapéu do Piauí,52292000,8440588,1196,5.4,4.7,0.4,1.3,7694.53,7057.35,0.6910177425203172,0.6910177425203173,0.7453367566413034,0.9959999999999978,0.6910177425203171,0.7453367566413038,0.9271215143531054,Crescente
2206696,PI,2019,9159,Murici dos Portelas,66490000,10253455,1346,5.2,4.1,2.2,6.3,7259.53,7617.72,0.674603437220923,0.6746034372209327,0.6790825930106378,0.9779999999999983,0.6790825930106379,0.674603437220923,0.9934041074888152,Crescente
2206704,PI,2019,7339,Nazaré do Piauí,60082000,6962508,1023,5.0,4.2,1.7,4.7,8186.67,6805.97,0.6373869861432333,0.6373869861432332,0.639891148284444,0.9829999999999993,0.6398911482844442,0.6373869861432333,0.996086581056912,Crescente
2206753,PI,2019,4870,Nossa Senhora de Nazaré,39757000,6837058,716,4.4,4.4,1.6,3.2,8163.66,9548.96,0.5611351768003532,0.561135176800357,0.5639852117204186,0.9839999999999978,0.5639852117204178,0.5611351768003501,0.994946614094062,Crescente
2206803,PI,2019,8692,Nossa Senhora dos Remédios,70976000,15230964,1715,3.8,3.6,0.0,0.0,8165.67,8881.03,0.5691727578489408,0.5691727578488307,0.7325706280072511,1.0,0.5691727578489396,0.7325706280072518,0.7769527416041953,Crescente
2206951,PI,2019,2991,Novo Santo Antônio,25570000,3691643,488,5.5,4.7,0.0,0.0,8548.98,7564.84,0.6401021080786196,0.6401021080786424,0.7723933996943704,1.0,0.6401021080786199,0.7723933996943704,0.8287255022271068,Decrescente
2207009,PI,2019,37029,Oeiras,481876000,31648867,4598,7.4,6.3,0.1,0.3,13013.48,6883.18,0.6291525500579359,0.6291525500580729,0.7664765124263593,0.9989999999999992,0.6291525500579358,0.7664765124263593,0.8208373509923866,Decrescente
2207108,PI,2019,2459,Olho D'Água do Piauí,23544000,4118788,398,5.5,4.7,0.5,1.2,9574.62,10348.71,0.5281406856888569,0.5281406856888694,0.5669252543783019,0.9950000000000032,0.5281406856888565,0.5669252543783019,0.9315878620860227,Decrescente
2207306,PI,2019,4129,Paes Landim,41486000,6491322,670,5.2,4.8,0.2,2.3,10047.47,9688.54,0.5175714032396233,0.5175714032396226,0.5875725066762221,0.9980000000000003,0.5175714032396228,0.5875725066762207,0.8808638888967409,Crescente
2207355,PI,2019,3389,Pajeú do Piauí,38690000,3481727,355,6.4,4.9,0.0,0.0,11416.35,9807.68,0.5308529869131088,0.530852986913106,0.6380961609550199,1.0,0.5308529869131086,0.6380961609550437,0.8319325822593834,Crescente
2207405,PI,2019,5043,Palmeira do Piauí,88477000,4913386,713,4.4,4.2,4.0,3.9,17544.52,6891.14,0.3533054311014196,0.35330543110141066,0.356190116216945,0.9610000000000141,0.3561901162169448,0.3533054311014199,0.9919012769187328,Crescente
2207553,PI,2019,3945,Paquetá,35415000,6199886,383,3.9,3.8,0.4,1.4,8977.19,16187.69,0.5046485382495304,0.5046485382496173,0.5759718198610525,0.996,0.5046485382495293,0.5759718198610526,0.8761688000139866,Crescente
2207603,PI,2019,10791,Parnaguá,96175000,11338218,1454,3.6,3.9,1.8,3.3,8912.52,7797.95,0.5463219951526509,0.5463219951526402,0.5505845543233655,0.9819999999999969,0.550584554323364,0.5463219951526511,0.9922581206878333,Crescente
2207702,PI,2019,153078,Parnaíba,2625553000,87060847,12962,4.9,4.4,1.7,4.2,17151.73,6716.62,0.3731573779826399,0.3731573779826073,0.3740180925056107,0.9829999999999899,0.3740180925056107,0.3731573779826399,0.99769873559537,Crescente
2207777,PI,2019,6392,Patos do Piauí,52564000,5301189,742,4.7,4.4,0.5,1.7,8223.4,7144.46,0.6265364811675714,0.6265364811675852,0.6718173824368948,0.9950000000000037,0.6265364811675714,0.6718173824368948,0.9325993901719614,Decrescente
2207801,PI,2019,20523,Paulistana,221361000,19880469,3002,4.6,4.5,1.4,2.2,10786.0,6622.41,0.5395167666204719,0.5395167666204777,0.5397449665090697,0.986000000000006,0.5397449665090696,0.5395167666204723,0.999577207935678,Crescente
2207850,PI,2019,3677,Pavussu,31459000,3292392,475,4.0,3.6,1.7,5.1,8555.62,6931.35,0.5833344916436555,0.583334491643661,0.5886030690626975,0.9829999999999993,0.5886030690626975,0.5833344916436555,0.9910490146994445,Crescente
2207900,PI,2019,38742,Pedro II,343480000,31122641,5032,4.3,3.8,0.7,3.5,8865.83,6184.94,0.5963535518977605,0.5963535518977603,0.6303425258341725,0.993000000000002,0.5963535518977604,0.6303425258341732,0.9460785643623961,Crescente
2207959,PI,2019,4374,Nova Santa Rita,39022000,5986993,672,4.1,4.2,1.5,0.6,8921.35,8909.22,0.5373721703726185,0.5373721703726245,0.6486361845235341,0.993999999999999,0.53737217037262,0.6486361845235341,0.8284646820426056,Decrescente
2208007,PI,2019,78222,Picos,1668488000,41668996,5619,4.8,4.3,2.2,4.1,21330.16,7415.73,0.30258253931030743,0.30258253931031,0.303907771235748,0.9779999999999974,0.30390777123574825,0.3025825393103075,0.9956393615074338,Crescente
2208106,PI,2019,12127,Pimenteiras,98070000,10342451,1265,4.4,3.7,0.9,6.4,8086.91,8175.85,0.574533387232491,0.5745333872324887,0.5758736823344967,0.9910000000000033,0.5758736823344972,0.5745333872324908,0.997672588376374,Crescente
2208205,PI,2019,18425,Pio IX,181913000,16297663,2076,5.8,4.9,0.3,2.5,9873.16,7850.51,0.5898825130137124,0.5898825130137028,0.6583058062785134,0.9969999999999998,0.5898825130137124,0.6583058062785131,0.8960615376437182,Crescente
2208304,PI,2019,28791,Piracuruca,314114000,20021601,2893,6.5,5.5,0.1,0.3,10910.15,6920.71,0.6169011581693783,0.6169011581693825,0.7649952447947289,0.9989999999999997,0.6169011581693784,0.7649952447947291,0.8064117553239318,Crescente
2208403,PI,2019,63742,Piripiri,775097000,46654223,7637,5.2,4.5,0.3,1.4,12159.91,6108.97,0.5095932433198415,0.5095932433198463,0.6548823904699006,0.9970000000000044,0.5095932433198413,0.6548823904699007,0.7781446725940986,Crescente
2208502,PI,2019,12568,Porto,93054000,16549086,1893,4.4,4.8,0.5,1.1,7404.04,8742.25,0.6489839531551438,0.6489839531551392,0.7238591865785248,0.994999999999999,0.6489839531551438,0.7238591865785247,0.8965610510832986,Crescente
2208551,PI,2019,2710,Porto Alegre do Piauí,25069000,2869091,446,4.8,4.4,0.0,0.0,9250.55,6432.94,0.6049832579046257,0.604983257904406,0.7774502905930316,1.0,0.6049832579046256,0.7774502905930322,0.7781632668027564,Crescente
2208650,PI,2019,8992,Queimada Nova,88698000,7933909,1191,3.6,3.8,0.2,4.1,9864.1,6661.55,0.5439470963923533,0.5439470963923553,0.6611501995029406,0.9980000000000014,0.5439470963923537,0.6611501995029404,0.8227284765266625,Crescente
2208700,PI,2019,8778,Redenção do Gurguéia,79130000,9785497,1287,4.5,3.8,0.3,3.2,9014.58,7603.34,0.5539066792131959,0.5539066792131985,0.637000638281317,0.9969999999999991,0.5539066792131965,0.6370006382813171,0.86955435509089,Crescente
2208809,PI,2019,17978,Regeneração,175538000,13834889,2185,4.0,3.5,0.9,2.3,9764.04,6331.76,0.5529397278938035,0.5529397278938,0.5640485934311199,0.9909999999999884,0.5529397278938033,0.5640485934311202,0.9803051267804057,Crescente
2208858,PI,2019,4312,Riacho Frio,40450000,7787403,908,4.2,3.9,0.8,3.5,9380.8,8576.44,0.5147714422295566,0.5147714422295875,0.5151083620422077,0.9919999999999917,0.5151083620422077,0.5147714422295566,0.9993459243967322,Crescente
2208874,PI,2019,4477,Ribeira do Piauí,226864000,7143879,606,5.3,4.4,0.0,1.9,50673.22,11788.58,0.14475743922989656,0.14475743922989645,0.400061512315838,1.0,0.14475743922989648,0.4000615123158397,0.3618379543484163,Crescente
2208908,PI,2019,7341,Ribeiro Gonçalves,317266000,8365759,927,5.6,4.5,0.4,4.6,43218.36,9024.55,0.18182301979781243,0.18182301979781262,0.26584778986037755,0.9960000000000009,0.1818230197978128,0.2658477898603775,0.6839365484035257,Crescente
2209005,PI,2019,6432,Rio Grande do Piauí,53902000,5794843,647,4.7,3.7,0.0,0.0,8380.29,8956.48,0.5584062636373256,0.5584062636373835,0.7138094266427542,1.0,0.5584062636373254,0.713809426642754,0.782290402444903,Crescente
2209104,PI,2019,6240,Santa Cruz do Piauí,56346000,4744280,628,6.2,4.5,0.2,2.6,9029.81,7554.59,0.6614700839239877,0.6614700839239877,0.7261870154701331,0.9979999999999992,0.661470083923988,0.7261870154701331,0.9108811777579805,Decrescente
2209153,PI,2019,4019,Santa Cruz dos Milagres,37236000,4304705,544,5.9,5.1,0.3,1.7,9264.99,7913.06,0.6202857482956998,0.6202857482956999,0.681981122541609,0.9970000000000007,0.6202857482956997,0.681981122541609,0.9095350703902437,Decrescente
2209203,PI,2019,6253,Santa Filomena,314127000,7570556,1019,4.5,3.9,1.0,3.6,50236.21,7429.4,0.13965449625109091,0.13965449625109158,0.1916222006461765,0.9899999999999978,0.1396544962510908,0.19162220064617677,0.7288012337827072,Crescente
2209302,PI,2019,5860,Santa Luz,53270000,4957259,806,5.0,5.2,0.2,0.0,9090.44,6150.45,0.6812144933033072,0.6812144933033057,0.9131489798074244,1.0,0.6812144933033073,0.9131489798074242,0.7460058636291416,Crescente
2209351,PI,2019,4634,Santana do Piauí,35995000,4537560,570,5.5,4.8,0.3,0.9,7767.59,7960.63,0.6653768787948298,0.6653768787948299,0.7335314112618097,0.9969999999999987,0.66537687879483,0.7335314112618097,0.9070870975385478,Decrescente
2209377,PI,2019,5257,Santa Rosa do Piauí,41750000,4841411,681,5.1,5.0,0.0,0.0,7941.79,7109.27,0.6939904825147996,0.69399048251479,0.8345473345792531,1.0,0.693990482514801,0.8345473345792529,0.8315771362024457,Crescente
2209450,PI,2019,2161,Santo Antônio dos Milagres,15474000,2522015,306,4.5,4.1,0.5,0.0,7160.57,8241.88,0.6416599410416547,0.6416599410416463,0.8353985786047733,1.0,0.6416599410416539,0.835398578604773,0.7680883801757385,Crescente
2209500,PI,2019,3798,Santo Inácio do Piauí,33638000,3780521,397,5.4,4.9,0.4,2.4,8856.77,9522.72,0.5681917022484224,0.5681917022484192,0.5909120824018752,0.9960000000000025,0.5681917022484226,0.5909120824018753,0.9615503205466683,Crescente
2209559,PI,2019,4448,São Braz do Piauí,33905000,4339909,565,5.3,4.6,0.6,3.5,7622.53,7681.25,0.6643824450447583,0.6643824450447426,0.6644944503682106,0.994000000000001,0.664382445044758,0.6644944503682105,0.9998314428007784,Crescente
2209609,PI,2019,2942,São Félix do Piauí,29205000,3471484,366,6.0,5.5,0.0,0.0,9926.92,9484.93,0.5724600358301462,0.5724600358301567,0.6629688797294341,1.0,0.5724600358301456,0.6629688797294341,0.8634794985607382,Decrescente
2209658,PI,2019,5755,São Francisco de Assis do Piauí,48034000,6549458,935,3.9,4.4,1.0,1.4,8346.48,7004.77,0.6258479481278978,0.6258479481278998,0.6847577125697868,0.9899999999999978,0.6258479481278981,0.6847577125697863,0.9139699146712638,Crescente
2209708,PI,2019,6423,São Francisco do Piauí,52669000,7442555,823,6.3,4.7,0.5,1.9,8200.06,9043.2,0.6636742174162118,0.6636742174160991,0.6638130904144378,0.9950000000000652,0.6638130904144378,0.663674217416212,0.999790795029156,Crescente
2209757,PI,2019,3041,São Gonçalo do Gurguéia,48017000,5802921,506,4.2,3.9,0.4,3.8,15789.87,11468.22,0.3317375478085129,0.33173754780853104,0.3789906262305382,0.9960000000000097,0.3317375478085129,0.37899062623053814,0.8753186090853828,Crescente
2209807,PI,2019,5015,São Gonçalo do Piauí,45105000,4509267,515,4.8,4.3,0.4,1.7,8994.02,8755.86,0.5422499813890147,0.542249981389015,0.5887212973102247,0.9959999999999984,0.5422499813890147,0.5887212973102248,0.9210639803018336,Crescente
2209856,PI,2019,4608,São João da Canabrava,41389000,5036858,628,7.1,5.8,0.6,4.2,8981.99,8020.47,0.7091864566027851,0.7091864566027851,0.7093145803205825,0.9940000000000014,0.7093145803205824,0.7091864566027848,0.9998193696825752,Crescente
2209872,PI,2019,6042,São João da Fronteira,49592000,8087317,927,4.7,4.7,3.2,3.6,8207.88,8724.18,0.5970457923839806,0.5970457923839796,0.6010175090073467,0.9680000000000024,0.6010175090073469,0.5970457923839806,0.9933916790046168,Crescente
2209906,PI,2019,6139,São João da Serra,52625000,5227300,739,5.5,4.9,0.0,0.4,8572.24,7073.48,0.6533494716825053,0.653349471682505,0.7947643326554552,1.0,0.6533494716825053,0.7947643326554552,0.8220669258011912,Decrescente
2209955,PI,2019,4840,São João da Varjota,31417000,4592644,667,4.5,3.9,0.5,0.4,6491.12,6885.52,0.7201390767504454,0.7201390767504324,0.8881439153692892,0.9959999999999998,0.7201390767504459,0.8881439153692893,0.8108360191276123,Crescente
2209971,PI,2019,7989,São João do Arraial,56360000,10175004,1586,5.3,4.7,0.3,0.6,7054.7,6415.51,0.7499647742344275,0.7499647742341827,0.8647088065515149,0.9970000000000018,0.7499647742344276,0.8647088065515154,0.8673032685133738,Crescente
2210102,PI,2019,3745,São José do Peixe,35952000,4592249,558,4.9,4.7,0.3,0.8,9600.0,8229.84,0.5613632619905722,0.5613632619905725,0.6404533098953447,0.9969999999999993,0.5613632619905727,0.640453309895344,0.8765092682280049,Crescente
2210201,PI,2019,6705,São José do Piauí,61055000,4584563,694,5.3,4.0,1.7,3.2,9105.89,6606.0,0.6197874050831143,0.6197874050831016,0.6219675329447539,0.9830000000000061,0.6219675329447536,0.6197874050831143,0.9964947883190659,Crescente
2210300,PI,2019,6363,São Julião,51222000,5154032,640,4.6,3.3,0.9,5.1,8049.98,8053.18,0.5802498136862949,0.5802498136862954,0.580821614239733,0.9910000000000002,0.5808216142397333,0.5802498136862956,0.9990155315514789,Crescente
2210359,PI,2019,4573,São Lourenço do Piauí,35698000,5384880,552,4.4,4.4,0.3,1.9,7806.25,9755.22,0.5916055851246259,0.5916055851246143,0.660863345199551,0.9969999999999967,0.5916055851246254,0.6608633451995506,0.895201087217188,Crescente
2210383,PI,2019,2452,São Miguel da Baixa Grande,23399000,3257842,342,5.8,3.3,0.0,1.9,9542.82,9525.85,0.5639402676066694,0.5639402676066694,0.6651678123933438,1.0,0.5639402676066693,0.6651678123933444,0.847816531556981,Crescente
2210391,PI,2019,3039,São Miguel do Fidalgo,25377000,4100976,445,4.2,3.3,0.7,1.7,8350.44,9215.68,0.5439645137711214,0.5439645137708776,0.5983821027579173,0.9930000000000357,0.5439645137711198,0.5983821027579176,0.9090587958162727,Crescente
2210409,PI,2019,17662,São Miguel do Tapuio,139950000,16859449,2093,5.6,5.1,0.0,0.3,7923.79,8055.16,0.6691566954583841,0.6691566954583837,0.7969188168811074,1.0,0.6691566954583843,0.7969188168811074,0.8396798786572206,Decrescente
2210508,PI,2019,14291,São Pedro do Piauí,115369000,11789856,1887,4.6,4.9,0.9,0.6,8072.84,6247.94,0.7085085230255413,0.7085085230255566,0.8049632586695963,0.9940000000000014,0.7085085230255415,0.8049632586695966,0.8801749836340722,Crescente
2210607,PI,2019,34710,São Raimundo Nonato,493420000,25726608,3572,4.5,4.1,2.3,3.9,14215.5,7202.3,0.40727773865202105,0.40727773865201633,0.40962554284703107,0.9769999999999955,0.4096255428470309,0.40727773865202105,0.994268413588928,Crescente
2210623,PI,2019,3469,Sebastião Barros,38448000,6618425,788,4.5,3.7,1.6,4.6,11083.31,8399.02,0.46071030726712575,0.46071030726712575,0.46420568388758315,0.9839999999999994,0.4642056838875828,0.46071030726712575,0.9924701985740789,Crescente
2210631,PI,2019,4294,Sebastião Leal,107410000,5695328,742,5.9,5.2,0.2,1.8,25013.97,7675.64,0.3123672605686902,0.3123672605686903,0.44931232331014964,0.9979999999999999,0.31236726056869013,0.4493123233101501,0.6952118701473284,Crescente
2210656,PI,2019,10041,Sigefredo Pacheco,69317000,9005300,1294,5.5,4.3,0.1,0.5,6903.4,6959.27,0.7546074823365932,0.754607482336607,0.8722900145677348,0.9990000000000017,0.7546074823365924,0.8722900145677347,0.8650878374556891,Crescente
2210706,PI,2019,14633,Simões,254299000,18996661,2126,6.7,5.1,0.0,0.4,17378.46,8935.4,0.42477411807450693,0.42477411807450893,0.6014870227248705,1.0,0.4247741180745072,0.6014870227248705,0.7062066213002989,Decrescente
2210805,PI,2019,12711,Simplício Mendes,179019000,10738717,1515,6.1,4.8,2.2,5.1,14083.79,7088.26,0.48379939389351995,0.4837993938935186,0.4844204857884718,0.978000000000003,0.48442048578847197,0.48379939389351995,0.9987178661655051,Crescente
2210938,PI,2019,6730,Sussuapara,65564000,5227322,621,4.2,3.5,3.5,6.8,9742.05,8417.59,0.49196760610755874,0.49196760610755375,0.5058779911318543,0.9649999999999994,0.5058779911318543,0.49196760610755874,0.9725024901890427,Crescente
2210953,PI,2019,2919,Tamboril do Piauí,25807000,3738410,401,5.1,4.9,0.0,1.1,8841.04,9322.72,0.5756843589458739,0.5756843589458769,0.6976084433700919,1.0,0.575684358945874,0.6976084433700953,0.8252256182060924,Crescente
2210979,PI,2019,2765,Tanque do Piauí,28628000,3333133,404,5.5,4.2,0.0,0.5,10353.71,8250.33,0.5462918539173235,0.546291853917318,0.6657405127556419,1.0,0.5462918539173235,0.665740512755642,0.8205777528185945,Crescente
2211001,PI,2019,864845,Teresina,22007482000,497616100,61186,7.4,6.3,0.0,0.1,25446.74,8132.84,0.37452319924906896,0.3745231992490537,0.7105022570800997,1.0,0.374523199249068,0.7105022570800996,0.5271245735210189,Crescente
2211100,PI,2019,44485,União,398717000,35895016,6008,5.0,4.8,1.2,2.4,8962.95,5974.54,0.6567805607350125,0.6567805607350135,0.6576805946916365,0.9879999999999991,0.6576805946916368,0.6567805607350129,0.9986315029455202,Crescente
2211209,PI,2019,21558,Uruçuí,1467236000,26708197,3062,4.6,4.6,0.7,2.0,68059.93,8722.47,0.12032401577906326,0.12032401577906912,0.173253902454963,0.9929999999999825,0.12032401577906807,0.17325390245496292,0.6944952700868672,Crescente
2211308,PI,2019,20918,Valença do Piauí,259904000,16177690,2189,4.3,3.8,1.5,2.1,12424.9,7390.45,0.4457086571188132,0.44570865711881086,0.46328072501272793,0.9850000000000018,0.4457086571188136,0.463280725012728,0.9620703669606976,Crescente
2211357,PI,2019,4947,Várzea Branca,38812000,5829618,855,4.2,3.8,1.7,9.6,7845.56,6818.27,0.6210273350938424,0.6210273350938363,0.6269169016927612,0.9829999999999991,0.6269169016927613,0.6210273350938424,0.9906055067537403,Crescente
2211407,PI,2019,4391,Várzea Grande,35449000,4642231,557,4.7,4.2,0.3,0.9,8073.1,8334.35,0.5852045723066454,0.5852045723066608,0.688118747380251,0.9969999999999912,0.5852045723066442,0.688118747380251,0.8504412567374279,Decrescente
2211506,PI,2019,3077,Vera Mendes,27014000,4551852,473,4.3,4.2,2.7,9.4,8779.33,9623.37,0.515996063863791,0.5159960638637902,0.5210278057348299,0.9730000000000032,0.5210278057348295,0.5159960638637906,0.9903426615323488,Crescente
2211605,PI,2019,2971,Vila Nova do Piauí,30395000,3029331,296,6.0,5.1,0.5,0.8,10230.56,10234.23,0.5374148825002528,0.53741488250025,0.5765136840048928,0.9949999999999992,0.5374148825002523,0.5765136840048928,0.9321806184494519,Decrescente
2300101,CE,2019,11737,Abaiara,94460000,9775994,1090,6.1,4.5,0.3,2.7,8048.05,8968.8,0.6602018796352395,0.660201879635239,0.683450500049538,0.9969999999999998,0.6602018796352398,0.683450500049538,0.9659834612563551,Decrescente
2300150,CE,2019,14929,Acarape,142409000,12224146,1897,5.4,4.9,0.3,6.8,9539.09,6443.94,0.6243369734763962,0.6243369734763949,0.7353842714881659,0.9969999999999984,0.6243369734763965,0.7353842714881659,0.848994189409235,Decrescente
2300200,CE,2019,62641,Acaraú,708010000,54451721,8309,6.5,5.3,0.1,0.6,11302.66,6553.34,0.6130654097760871,0.613065409776073,0.7703613339593853,0.9990000000000032,0.6130654097760871,0.7703613339593851,0.7958153956470626,Crescente
2300309,CE,2019,54270,Acopiara,462562000,44827838,5460,6.0,5.5,0.0,0.2,8523.35,8210.23,0.6641078466316792,0.6641078466313204,0.7695613042013673,1.0,0.6641078466316788,0.769561304201367,0.8629693865921115,Crescente
2300408,CE,2019,17399,Aiuaba,129382000,16208229,1953,6.8,5.5,0.0,0.1,7436.17,8299.14,0.7683174078118354,0.768317407811841,0.8458382910461812,1.0,0.7683174078118343,0.8458382910461817,0.9083502318883394,Crescente
2300507,CE,2019,11714,Alcântaras,81663000,10176280,1511,7.3,5.1,0.3,2.1,6971.4,6734.8,0.9055142292904623,0.9055142292904627,0.9083471080256593,0.9971224748833827,0.9055142292904619,0.9083471080256592,0.9968812817147022,Crescente
2300606,CE,2019,7586,Altaneira,58420000,8474353,1096,6.5,5.4,0.0,0.0,7701.03,7732.07,0.7515066296713666,0.7515066296715525,0.8472802956879354,1.0,0.7515066296713662,0.8472802956879354,0.886963421073298,Decrescente
2300705,CE,2019,17146,Alto Santo,182898000,13993476,1830,6.0,5.8,0.2,0.8,10667.09,7646.71,0.6064879736447772,0.6064879736447776,0.7166582853922209,0.9980000000000021,0.6064879736447774,0.7166582853922208,0.846272185791938,Crescente
2300754,CE,2019,43452,Amontada,516670000,39703757,6789,5.8,5.2,1.0,1.7,11890.59,5848.25,0.5691996131837788,0.5691996131837797,0.5809886968155095,0.9900000000000003,0.569199613183779,0.580988696815509,0.979708583495086,Crescente
2300804,CE,2019,7353,Antonina do Norte,64406000,6446535,1076,7.3,5.1,0.0,1.8,8759.15,5991.2,0.813577358324457,0.8135773583244572,1.0,1.0,0.8135773583244565,1.0,0.813577358324457,Decrescente
2300903,CE,2019,14600,Apuiarés,113872000,12063679,1514,5.7,5.2,0.7,1.4,7799.45,7968.08,0.6828866626313631,0.6828866626313634,0.7070172651154462,0.9930000000000004,0.6828866626313633,0.7070172651154458,0.9658698539983421,Crescente
2301000,CE,2019,80271,Aquiraz,2632144000,87438888,9717,6.0,5.1,0.2,1.0,32790.72,8998.55,0.24457997864280706,0.24457997864280706,0.3552094126964394,0.9979999999999981,0.2445799786428074,0.35520941269643935,0.6885515132782367,Crescente
2301109,CE,2019,74547,Aracati,1406372000,62712398,8315,6.1,5.2,0.2,1.5,18865.57,7542.08,0.39286580385815256,0.39286580385815295,0.53099552951451,0.9979999999999999,0.39286580385815245,0.53099552951451,0.7398664998504796,Decrescente
2301208,CE,2019,26469,Aracoiaba,229871000,21042518,3410,5.2,4.9,0.3,0.9,8684.54,6170.83,0.6762738385394198,0.67627383853942,0.7833763995240697,0.9969999999999998,0.6762738385394195,0.7833763995240698,0.8632808429642268,Crescente
2301257,CE,2019,10935,Ararendá,84732000,13011306,1544,8.3,6.9,0.0,1.0,7748.7,8427.01,0.8581809139544679,0.8581809139544678,0.9124793356849437,1.0,0.858180913954468,0.9124793356849432,0.9404935327223415,Crescente
2301307,CE,2019,21600,Araripe,170052000,28269097,3496,5.9,5.6,0.0,0.3,7872.78,8086.13,0.7083288442777897,0.7083288442777909,0.814029066147958,1.0,0.7083288442777897,0.8140290661479577,0.8701517841735689,Crescente
2301406,CE,2019,11847,Aratuba,125472000,13998430,1769,5.7,5.3,0.0,1.0,10591.04,7913.19,0.5709092046597762,0.5709092046597771,0.7187989761965129,1.0,0.5709092046597766,0.7187989761965131,0.7942543375349703,Crescente
2301505,CE,2019,7840,Arneiroz,58792000,8111235,1019,5.7,4.8,0.5,1.9,7498.98,7960.0,0.6920209766099898,0.6920209766100133,0.695206918141173,0.9949999999999961,0.6920209766099897,0.695206918141173,0.9954172758526316,Decrescente
2301604,CE,2019,23417,Assaré,196575000,19441327,2569,6.3,4.7,0.0,0.5,8394.54,7567.66,0.7017604142337607,0.7017604142337515,0.8128595434681787,1.0,0.7017604142337608,0.8128595434681783,0.8633230917602344,Crescente
2301703,CE,2019,24654,Aurora,209641000,17967825,2610,5.0,4.7,0.8,3.1,8503.33,6884.22,0.6428896084572968,0.6428896084572967,0.64299745235364,0.9919999999999987,0.6429974523536404,0.6428896084572968,0.9998322794344698,Crescente
2301802,CE,2019,6288,Baixio,55414000,6615985,696,4.8,4.4,0.0,0.8,8812.66,9505.73,0.5400364093312107,0.540036409331185,0.679408613155766,1.0,0.540036409331211,0.6794086131557672,0.794862471382002,Crescente
2301851,CE,2019,18197,Banabuiú,183515000,17213262,2564,5.7,4.9,0.1,2.5,10084.9,6713.44,0.6038997868793847,0.603899786879497,0.750890647925937,0.9989999999999979,0.603899786879385,0.7508906479259368,0.8042446507323521,Crescente
2301901,CE,2019,60781,Barbalha,1057319000,54417847,7188,6.2,5.5,0.5,1.6,17395.55,7570.65,0.42754214678668573,0.4275421467866843,0.5181639993831737,0.9949999999999988,0.42754214678668573,0.5181639993831734,0.8251097090798185,Crescente
2301950,CE,2019,22425,Barreira,183368000,20591183,2870,6.0,4.8,0.1,3.2,8176.95,7174.63,0.7041795465151341,0.7041795465151279,0.8021743853223126,0.9990000000000017,0.7041795465151339,0.8021743853223128,0.877838484249526,Crescente
2302008,CE,2019,22680,Barro,194427000,15414653,2418,5.6,5.4,0.1,2.1,8572.62,6374.96,0.7141120022204293,0.714112002220429,0.8612829278349838,0.9990000000000001,0.7141120022204294,0.861282927834984,0.8291259226692212,Crescente
2302057,CE,2019,15017,Barroquinha,110078000,15971997,2389,7.4,5.9,0.0,0.4,7330.23,6685.64,0.8894182292852965,0.889418229285353,1.0,1.0,0.8894182292852962,1.0,0.8894182292852965,Decrescente
2302107,CE,2019,35750,Baturité,390763000,23990887,3775,5.5,4.5,0.4,4.1,10930.43,6355.2,0.5652021423600747,0.5652021423600687,0.6625566856973373,0.9959999999999996,0.5652021423600747,0.6625566856973373,0.8530623183814114,Decrescente
2302206,CE,2019,53573,Beberibe,873849000,41665126,6982,6.0,5.4,0.2,1.0,16311.37,5967.51,0.47295607069835716,0.47295607069835816,0.6507413874867373,0.9979999999999997,0.4729560706983571,0.6507413874867375,0.7267957437362111,Crescente
2302305,CE,2019,32591,Bela Cruz,268137000,25857183,3289,6.5,5.7,0.0,1.1,8227.33,7861.72,0.7144669238316053,0.7144669238316051,0.8129740940891264,1.0,0.7144669238316051,0.8129740940891276,0.8788311079359907,Crescente
2302404,CE,2019,54470,Boa Viagem,469723000,36500770,6486,5.3,4.8,0.2,1.7,8623.52,5627.62,0.6899961136484912,0.6899961136484907,0.8475978276971943,0.9980000000000008,0.6899961136484911,0.8475978276971943,0.8140607385971186,Decrescente
2302503,CE,2019,49477,Brejo Santo,677365000,64332286,5071,6.1,5.8,0.0,0.2,13690.5,12686.31,0.43309810262330334,0.4330981026233019,0.4994788615245848,1.0,0.43309810262330356,0.4994788615245846,0.8670999635526835,Crescente
2302602,CE,2019,63661,Camocim,718819000,53992164,7798,6.7,5.2,0.1,0.2,11291.36,6923.85,0.6147326130146981,0.6147326130146866,0.7720597910896733,0.9989999999999968,0.6147326130146985,0.7720597910896735,0.7962241009172022,Crescente
2302701,CE,2019,27426,Campos Sales,267501000,23181862,3122,6.6,5.8,0.4,1.5,9753.56,7425.32,0.6569911755293266,0.6569911755293267,0.7165335226082821,0.9960000000000007,0.6569911755293264,0.7165335226082817,0.9169022171325453,Crescente
2302800,CE,2019,76997,Canindé,888885000,65751437,9067,6.4,5.8,0.4,1.7,11544.41,7251.73,0.5913594047502739,0.5913594047502736,0.6783694035692949,0.9960000000000002,0.5913594047502759,0.678369403569295,0.8717365518532958,Crescente
2302909,CE,2019,17738,Capistrano,154909000,15857007,2226,5.4,4.7,0.6,1.8,8733.17,7123.54,0.6324093114520036,0.6324093114520014,0.658065545179038,0.994000000000001,0.6324093114520036,0.6580655451790377,0.9610126469696052,Crescente
2303006,CE,2019,22547,Caridade,154519000,19491343,2388,5.5,4.9,0.4,1.4,6853.2,8162.2,0.708990595251416,0.7089905952514126,0.7570530405410459,0.9959999999999998,0.708990595251416,0.757053040541046,0.9365137675752797,Crescente
2303105,CE,2019,18448,Cariré,163447000,17495890,2081,6.8,5.8,0.1,1.3,8859.88,8407.44,0.6847105537033422,0.6847105537033433,0.7498810814178165,0.9989999999999999,0.6847105537033422,0.7498810814178164,0.9130921831082137,Crescente
2303204,CE,2019,26965,Caririaçu,209969000,25184133,3741,6.0,4.8,0.0,0.4,7786.72,6731.93,0.7451413915482773,0.7451413915482691,0.8779962416711866,1.0,0.7451413915482776,0.8779962416711866,0.8486840332368256,Decrescente
2303303,CE,2019,18699,Cariús,144539000,11872468,1886,5.5,5.0,0.1,0.4,7729.77,6295.05,0.7362261296196204,0.7362261296196188,0.8682233155605293,0.9990000000000001,0.7362261296196208,0.8682233155605299,0.8479686233078285,Crescente
2303402,CE,2019,17606,Carnaubal,131300000,15240982,2318,6.9,5.2,0.0,1.6,7457.68,6575.06,0.8435035724681029,0.8435035724681041,0.9682905342526014,1.0,0.8435035724681027,0.9682905342526009,0.8711265293109384,Crescente
2303501,CE,2019,71743,Cascavel,919612000,53766405,8556,6.7,5.4,0.1,0.7,12818.14,6284.06,0.5896777033514966,0.5896777033514926,0.7550272288316154,0.9989999999999986,0.5896777033514966,0.7550272288316155,0.7810019040823298,Crescente
2303600,CE,2019,20698,Catarina,118973000,10766218,1263,6.0,4.9,0.1,1.9,5748.04,8524.32,0.8792186289609103,0.8792186289609494,0.9857643034945457,0.9997578303431559,0.8792186289609097,0.9857643034945452,0.8919156697438426,Crescente
2303659,CE,2019,10342,Catunda,113083000,15244998,1208,8.2,6.9,0.0,0.1,10934.35,12620.03,0.5846310509635062,0.5846310509635069,0.6158865411771112,1.0,0.5846310509635064,0.6158865411771112,0.9492512206000345,Decrescente
2303709,CE,2019,361400,Caucaia,6915884000,259887539,37650,5.3,4.2,1.6,4.1,19136.37,6902.72,0.3488725015954343,0.34887250159543515,0.3494092820837376,0.9839999999999987,0.34940928208373734,0.3488725015954343,0.9984637486299672,Crescente
2303808,CE,2019,25557,Cedro,205687000,19933357,2536,5.7,4.7,0.1,1.3,8048.17,7860.16,0.666858569738701,0.666858569738702,0.7659537386925057,0.9990000000000019,0.6668585697387008,0.7659537386925058,0.8706251253202815,Crescente
2303907,CE,2019,13069,Chaval,95474000,12474399,1810,6.3,5.0,0.5,0.6,7305.38,6891.93,0.7931349349052794,0.7931349349053197,0.8474963456445713,0.9949999999999994,0.7931349349052799,0.8474963456445708,0.9358564659084792,Crescente
2303931,CE,2019,13521,Choró,124553000,12282368,1825,5.7,4.9,0.0,2.5,9211.82,6730.06,0.643273273079156,0.643273273079336,0.8060574838445034,1.0,0.6432732730791562,0.8060574838445032,0.7980488810935101,Crescente
2303956,CE,2019,20264,Chorozinho,287660000,20496488,2698,6.4,5.4,0.2,3.3,14195.62,7596.92,0.4973544824601883,0.4973544824601882,0.6233873497134291,0.9979999999999999,0.4973544824601882,0.6233873497134288,0.7978257542261997,Crescente
2304004,CE,2019,23136,Coreaú,175912000,21355343,2662,6.6,5.7,0.0,0.0,7603.39,8022.29,0.7540927993509351,0.7540927993509475,0.8423750327339304,1.0,0.7540927993509343,0.8423750327339304,0.8951984211872055,Decrescente
2304103,CE,2019,75074,Crateús,852098000,59467078,8106,6.8,5.1,0.4,1.2,11350.11,7336.18,0.6062436075054859,0.606243607505488,0.6672510485512152,0.9960000000000012,0.6062436075054859,0.6672510485512152,0.9085689843752315,Decrescente
2304202,CE,2019,132123,Crato,1759506000,81923754,12793,5.5,5.0,0.6,2.3,13317.18,6403.8,0.496149058558241,0.49614905855824076,0.5872488272217297,0.9939999999999999,0.49614905855824104,0.5872488272217294,0.8448702416410415,Crescente
2304236,CE,2019,18063,Croatá,179296000,18480440,2405,6.2,5.2,0.0,0.4,9926.15,7684.17,0.6185245029934382,0.6185245029934381,0.7517366383969457,1.0,0.6185245029934385,0.7517366383969459,0.8227941427897167,Crescente
2304251,CE,2019,24827,Cruz,285697000,23723547,3872,8.3,6.9,0.0,0.1,11507.51,6126.95,0.7932934932442287,0.7932934932442743,1.0,1.0,0.7932934932442085,1.0,0.7932934932442287,Decrescente
2304269,CE,2019,9625,Deputado Irapuan Pinheiro,73557000,8476399,1062,8.3,5.4,0.0,1.5,7642.29,7981.54,0.8786671088333546,0.8786671088333549,0.9489942184299646,1.0,0.8786671088333545,0.9489942184299648,0.9258930052145518,Crescente
2304277,CE,2019,7198,Ererê,57429000,6530827,747,6.3,4.8,0.0,0.6,7978.47,8742.74,0.6861552651628707,0.6861552651628627,0.7785958993737385,1.0,0.6861552651628718,0.7785958993737363,0.8812726418348438,Crescente
2304285,CE,2019,53618,Eusébio,3188297000,94116527,9226,6.1,5.3,0.1,0.5,59463.18,10201.23,0.15110934339946872,0.15110934339946855,0.2412510532322084,0.9989999999999999,0.1511093433994685,0.2412510532322086,0.6263572381340996,Crescente
2304301,CE,2019,19450,Farias Brito,188454000,20033537,2438,6.4,5.1,0.0,1.0,9689.15,8217.2,0.6266207530807618,0.6266207530807644,0.7351378780995496,1.0,0.6266207530807617,0.735137878099549,0.8523853439584393,Crescente
2304350,CE,2019,24218,Forquilha,226039000,20143380,2510,7.0,5.7,0.0,0.1,9333.51,8025.25,0.6868915054492506,0.6868915054492549,0.8059129706316546,1.0,0.6868915054492506,0.8059129706316546,0.8523147417653324,Decrescente
2304400,CE,2019,2669342,Fortaleza,67401430000,1403835378,159000,6.2,5.2,0.2,0.6,25250.2,8829.15,0.3087182550231451,0.3087182550231452,0.42397387119032026,0.9979999999999997,0.3087182550231453,0.42397387119032015,0.7281539641969178,Crescente
2304459,CE,2019,16480,Fortim,205358000,15385452,2006,6.7,5.7,0.0,0.2,12461.04,7669.72,0.5632461552193031,0.5632461552193073,0.7362455996494041,1.0,0.563246155219303,0.7362455996494041,0.7650248171092876,Decrescente
2304509,CE,2019,14072,Frecheirinha,268383000,14809300,2024,7.8,5.9,0.0,0.6,19072.13,7316.85,0.49303460890385387,0.4930346089037767,0.8052396669528405,1.0,0.49303460890385414,0.8052396669528404,0.6122830619728136,Crescente
2304608,CE,2019,7618,General Sampaio,69603000,9026850,1276,5.7,5.1,0.0,0.0,9136.65,7074.33,0.6419516684207308,0.6419516684207071,0.7965697698252437,1.0,0.6419516684207307,0.7965697698252436,0.8058950926063464,Crescente
2304657,CE,2019,14399,Graça,105941000,19398401,1960,6.9,5.3,0.0,0.1,7357.52,9897.14,0.7393870308684521,0.7393870308684494,0.8190933741740171,1.0,0.7393870308684526,0.8190933741740171,0.9026895518646556,Decrescente
2304707,CE,2019,54748,Granja,394753000,49114483,7750,7.0,5.0,0.2,1.0,7210.36,6337.35,0.8811153527637006,0.8811153527637009,0.9391563003559713,0.9981315648599266,0.8811153527637009,0.9391563003559712,0.9381988412681986,Crescente
2304806,CE,2019,4844,Granjeiro,45073000,8098368,795,6.0,5.5,0.0,2.5,9304.91,10186.63,0.575761512464158,0.5757615124641573,0.6672617471252251,1.0,0.5757615124641577,0.6672617471252235,0.8628720512523321,Crescente
2304905,CE,2019,11068,Groaíras,87569000,10522256,1283,7.6,6.1,0.0,0.0,7911.91,8201.29,0.7997754086009664,0.7997754086009651,0.899585919481207,1.0,0.7997754086009665,0.8995859194812075,0.8890483846859213,Crescente
2304954,CE,2019,26064,Guaiúba,203660000,24417928,3371,5.6,4.6,0.1,2.0,7813.84,7243.53,0.6924836249853805,0.692483624985383,0.8035726115764181,0.998999999999997,0.6924836249853807,0.8035726115764205,0.8617561313182296,Crescente
2305001,CE,2019,40642,Guaraciaba do Norte,558824000,37084184,5858,6.6,5.2,0.1,0.7,13749.91,6330.52,0.5512777007622929,0.5512777007622927,0.7172145170370877,0.9989999999999994,0.5512777007622931,0.7172145170370877,0.7686371199508025,Decrescente
2305100,CE,2019,5193,Guaramiranga,75218000,6555907,842,6.0,5.1,0.0,2.5,14484.5,7786.11,0.45982424357357493,0.4598242435735751,0.652611320596692,1.0,0.45982424357357515,0.652611320596692,0.704591276708395,Decrescente
2305209,CE,2019,19978,Hidrolândia,153196000,15718291,2226,6.6,5.1,0.3,2.0,7668.24,7061.23,0.7838352235447933,0.7838352235448044,0.8178586851255831,0.9970000000000002,0.7838352235447936,0.8178586851255832,0.9583993393974101,Crescente
2305233,CE,2019,67337,Horizonte,1702284000,58257389,8999,6.9,5.7,0.2,0.3,25280.07,6473.76,0.36826224986351563,0.36826224986354367,0.5126064905953533,0.9980000000000008,0.36826224986351586,0.5126064905953533,0.7184112113676265,Decrescente
2305266,CE,2019,13353,Ibaretama,108664000,12906967,1817,5.1,4.3,1.0,2.3,8137.8,7103.45,0.6403106256974712,0.6403106256974648,0.640590560863928,0.9900000000000003,0.6405905608639277,0.6403106256974713,0.9995630045405615,Crescente
2305308,CE,2019,24997,Ibiapina,312411000,21491610,3061,6.3,5.2,0.0,1.5,12497.94,7021.11,0.5450782390130379,0.5450782390130078,0.7447944929684471,1.0,0.5450782390130378,0.7447944929684471,0.7318505227402774,Decrescente
2305332,CE,2019,12525,Ibicuitinga,101006000,14172777,1732,6.0,5.3,0.1,1.0,8064.35,8182.9,0.677594121328855,0.6775941213288559,0.7615981390907535,0.9989999999999988,0.6775941213288553,0.7615981390907537,0.8897003374217957,Crescente
2305357,CE,2019,19934,Icapuí,357989000,18168094,2868,6.0,4.9,0.3,0.8,17958.71,6334.76,0.41794773756574144,0.41794773756574155,0.5623776751562508,0.9969999999999996,0.4179477375657416,0.5623776751562507,0.7431798167479159,Crescente
2305407,CE,2019,68018,Icó,613304000,61007425,7278,5.0,4.2,0.9,4.8,9016.79,8382.44,0.558427130152913,0.5584271301529073,0.5589178104673609,0.9909999999999963,0.5589178104673611,0.558427130152913,0.9991220886054113,Crescente
2305506,CE,2019,102498,Iguatu,1707581000,61400518,8752,5.7,5.1,0.0,1.1,16659.65,7015.6,0.4207180040699874,0.42071800406998733,0.724286380268374,1.0,0.4207180040699875,0.7242863802683741,0.5808724498092817,Crescente
2305605,CE,2019,26178,Independência,248133000,20556059,2551,9.1,5.9,0.2,0.5,9478.68,8058.04,0.8440218935970537,0.8440218935970437,1.0,0.9988021660598505,0.8440218935970857,0.9566426823397746,0.8440218935970537,Crescente
2305654,CE,2019,11593,Ipaporanga,87936000,10603981,1551,7.4,5.2,0.0,1.0,7585.27,6836.87,0.8630108073431985,0.8630108073431985,0.974224353218154,1.0,0.8630108073431989,0.974224353218154,0.8858440096394798,Decrescente
2305704,CE,2019,12463,Ipaumirim,124285000,9011019,1380,5.2,3.9,0.8,3.4,9972.32,6529.72,0.5789012381055685,0.5789012381055664,0.5911853622766375,0.9919999999999974,0.5789012381055687,0.5911853622766375,0.9792211970138042,Decrescente
2305803,CE,2019,41964,Ipu,446058000,35947804,4566,5.9,4.9,0.2,3.3,10629.54,7872.93,0.5666462968410143,0.5666462968410152,0.6550420509575485,0.9979999999999997,0.5666462968410148,0.6550420509575484,0.8650533137722742,Crescente
2305902,CE,2019,38166,Ipueiras,279669000,33828656,5233,6.3,5.1,0.7,2.4,7327.7,6464.49,0.8071025857190288,0.8071025857190356,0.8073336740504564,0.9929999999999989,0.8073336740504562,0.8071025857190287,0.9997137635418225,Crescente
2306009,CE,2019,14297,Iracema,149419000,12039202,1480,6.5,4.8,0.0,1.1,10451.07,8134.6,0.6036868153019801,0.6036868153019802,0.7238793019149178,1.0,0.6036868153019803,0.7238793019149181,0.8339605977198328,Crescente
2306108,CE,2019,24156,Irauçuba,188519000,22685488,3531,6.4,5.7,0.1,0.1,7804.23,6424.66,0.7874451238383219,0.7874451238383398,0.9216657159113504,0.9989999999999999,0.787445123838322,0.9216657159113504,0.8543717209440626,Decrescente
2306207,CE,2019,7827,Itaiçaba,69563000,7639556,925,6.9,5.9,0.0,0.0,8887.57,8258.98,0.6958312129721396,0.6958312129721386,0.8139428516609576,1.0,0.6958312129721395,0.8139428516609574,0.8548895190272933,Crescente
2306256,CE,2019,37980,Itaitinga,722999000,32722381,5965,5.6,4.8,0.2,1.5,19036.31,5485.73,0.39029397854849507,0.39029397854848735,0.5807388298714187,0.9980000000000012,0.39029397854849507,0.580738829871419,0.6720645468719735,Crescente
2306306,CE,2019,52675,Itapagé,640044000,42736521,6257,6.2,5.3,0.0,0.6,12150.81,6830.19,0.5546503127351108,0.5546503127351116,0.7681076575288761,1.0,0.5546503127351111,0.7681076575288761,0.7220997047725167,Decrescente
2306405,CE,2019,129358,Itapipoca,1678108000,107534917,17177,6.2,5.3,0.1,0.7,12972.59,6260.4,0.5477627331283609,0.5477627331283601,0.7304819063863582,0.9989999999999997,0.5477627331283605,0.7304819063863579,0.7498648882873827,Crescente
2306504,CE,2019,20382,Itapiúna,145819000,14963252,2351,6.1,4.7,0.1,1.1,7154.3,6364.63,0.8093126771230803,0.8093126771231235,0.9157504211816325,0.999000000000001,0.8093126771230805,0.9157504211816329,0.8837699207157219,Crescente
2306553,CE,2019,41826,Itarema,615078000,41536730,5379,6.5,4.9,0.1,1.8,14705.64,7722.02,0.4832040928965136,0.48320409289651606,0.6145208099414722,0.9990000000000048,0.48320409289651384,0.614520809941472,0.7863103821374815,Crescente
2306603,CE,2019,21647,Itatira,136853000,27142562,3534,7.8,5.9,0.0,0.0,6322.03,7680.41,0.9550378444136467,0.9550378444136515,0.9976460994602934,1.0,0.9550378444136471,0.9976460994603124,0.9572912127159151,Crescente
2306702,CE,2019,18162,Jaguaretama,170403000,15079290,2128,6.1,5.3,0.5,2.0,9382.39,7086.13,0.6507963301433807,0.6507963301433802,0.693919660057938,0.995000000000001,0.6507963301433803,0.693919660057938,0.9378554429327498,Decrescente
2306801,CE,2019,11401,Jaguaribara,126446000,12088795,1446,6.2,5.1,0.3,2.2,11090.78,8360.16,0.5569947958246392,0.5569947958246657,0.6184964759459662,0.9970000000000033,0.5569947958246393,0.6184964759459667,0.9005626021922556,Crescente
2306900,CE,2019,34682,Jaguaribe,510275000,33255837,4246,6.3,5.3,0.1,0.9,14712.96,7832.27,0.47329025072305503,0.47329025072305486,0.6143691350890905,0.9990000000000019,0.4732902507230552,0.6143691350890905,0.7703678842108865,Decrescente
2307007,CE,2019,33705,Jaguaruana,477737000,22849615,3200,6.4,5.3,0.0,0.0,14174.07,7140.5,0.5074245332322042,0.5074245332321943,0.8656185541226908,1.0,0.5074245332322043,0.8656185541226908,0.5861987717517004,Decrescente
2307106,CE,2019,27174,Jardim,230862000,27397899,4060,5.7,4.9,0.3,1.8,8495.69,6748.25,0.6784396053838214,0.6784396053838253,0.7615490038513668,0.9970000000000199,0.6784396053838212,0.7615490038513668,0.8908679572197746,Decrescente
2307205,CE,2019,8111,Jati,112635000,9789544,1057,5.6,4.9,0.0,0.4,13886.7,9261.63,0.43477231305460673,0.43477231305460634,0.5677747009160301,1.0,0.4347723130546069,0.5677747009160301,0.7657479495883818,Decrescente
2307254,CE,2019,19816,Jijoca de Jericoacoara,493501000,24618751,3429,8.3,7.0,0.0,0.2,24904.17,7179.57,0.439394713917497,0.43939471391740254,0.883510781286389,1.0,0.4393947139174923,0.8835107812863892,0.4973280725309765,Crescente
2307304,CE,2019,274207,Juazeiro do Norte,4868984000,143918452,23157,5.5,4.8,0.4,2.1,17756.6,6214.9,0.3943491184585983,0.3943491184585982,0.5376831584496365,0.9959999999999993,0.3943491184585983,0.5376831584496368,0.7334228574234505,Crescente
2307403,CE,2019,24833,Jucás,244408000,23399686,2935,6.4,5.5,0.0,0.1,9842.06,7972.64,0.6277229827546155,0.627722982754613,0.7528167940495643,1.0,0.6277229827546154,0.7528167940495644,0.8338323317389851,Crescente
2307502,CE,2019,31508,Lavras da Mangabeira,272567000,22477620,3401,5.3,4.4,0.6,3.4,8650.72,6609.12,0.6448027050766257,0.6448027050766212,0.6775811407013994,0.9939999999999961,0.6448027050766257,0.6775811407013994,0.9516243389081889,Decrescente
2307601,CE,2019,59540,Limoeiro do Norte,1046182000,36047656,5320,6.4,5.6,0.2,1.3,17571.08,6775.88,0.4481859918067092,0.4481859918067094,0.6013056833699408,0.9979999999999999,0.44818599180670926,0.6013056833699408,0.745354657709051,Decrescente
2307635,CE,2019,19691,Madalena,141443000,17492659,2307,5.3,4.2,0.6,3.4,7183.13,7582.43,0.6924918931363758,0.6924918931363743,0.6925666252233896,0.9940000000000008,0.6925666252233897,0.6924918931363748,0.9998920940104647,Crescente
2307650,CE,2019,227886,Maracanaú,9746884000,217151921,26348,6.0,5.3,0.4,1.4,42770.88,8241.69,0.205813075030699,0.20581307503069876,0.2964424208962706,0.9960000000000009,0.20581307503069426,0.2964424208962707,0.6942767314085453,Crescente
2307700,CE,2019,128978,Maranguape,1534351000,75992841,11289,6.1,5.0,0.0,0.8,11896.22,6731.58,0.5584637720858594,0.55846377208586,0.7630327642750118,1.0,0.5584637720858592,0.7630327642750118,0.7319001204574463,Decrescente
2307809,CE,2019,27361,Marco,333499000,29157325,4321,6.0,5.0,0.1,1.4,12188.85,6747.82,0.5421876065632468,0.5421876065632765,0.7051997909072789,0.9989999999999988,0.5421876065632467,0.7051997909072789,0.7688425515068463,Decrescente
2307908,CE,2019,11233,Martinópole,80276000,11724565,1726,8.6,5.6,0.1,1.6,7146.44,6792.91,1.0,1.0,1.0,1.0,1.0,1.0,1.0,Constante
2308005,CE,2019,38737,Massapê,295095000,31658614,4497,7.0,4.9,0.0,0.9,7617.91,7039.94,0.8198191602991937,0.819819160299194,0.9285473124602103,1.0,0.8198191602991938,0.9285473124602102,0.8829051027319884,Crescente
2308104,CE,2019,47962,Mauriti,420912000,35491451,5504,5.6,4.8,0.0,1.0,8775.95,6448.3,0.6668944935213083,0.6668944935213349,0.8334808350796358,1.0,0.6668944935213085,0.8334808350796358,0.8001317672260444,Decrescente
2308203,CE,2019,15057,Meruoca,110791000,16086211,2047,7.5,5.9,0.1,0.2,7358.11,7858.43,0.8417958631255953,0.8417958631256159,0.8916769672990289,0.9990000000000065,0.8417958631255953,0.8916769672990293,0.944059220992858,Crescente
2308302,CE,2019,27512,Milagres,240821000,20125870,2799,5.3,5.0,0.2,0.2,8753.31,7190.38,0.6487573030982828,0.6487573030982556,0.7648979418507325,0.9979999999999946,0.6487573030982828,0.7648979418507326,0.8481619149458842,Crescente
2308351,CE,2019,13155,Milhã,140528000,11483456,1471,8.7,6.4,0.0,1.2,10682.48,7806.56,0.7768801853000905,0.776880185300092,0.9096295635664529,1.0,0.7768801853001037,0.9096295635664529,0.8540621549877052,Decrescente
2308377,CE,2019,13818,Miraíma,91734000,14649407,1971,5.5,4.5,0.0,1.7,6638.73,7432.47,0.7501923379349922,0.7501923379349923,0.9025571953388339,1.0,0.7501923379349923,0.9025571953388336,0.8311853717518238,Crescente
2308401,CE,2019,35393,Missão Velha,471495000,35311353,4402,5.9,4.3,0.4,2.6,13321.7,8021.66,0.4797221909954679,0.47972219099546803,0.5424609947613939,0.9959999999999998,0.4797221909954679,0.542460994761394,0.88434411990576,Crescente
2308500,CE,2019,43797,Mombaça,342724000,38059332,4961,6.8,5.5,0.6,2.4,7825.28,7671.71,0.7646082541359832,0.7646082541361159,0.7648899836764265,0.9940000000000087,0.7648899836764265,0.7646082541359828,0.9996316731210296,Crescente
2308609,CE,2019,17234,Monsenhor Tabosa,141197000,20290941,1656,5.8,4.5,0.5,3.1,8192.93,12252.98,0.6057022082372518,0.6057022082372572,0.6059741565171247,0.9949999999999968,0.6059741565171245,0.6057022082372521,0.9995512213236355,Crescente
2308708,CE,2019,61890,Morada Nova,1009530000,55216506,6504,5.7,4.4,0.9,4.6,16311.68,8489.62,0.39725439469473867,0.3972543946947358,0.40367176609573724,0.9910000000000004,0.3972543946947385,0.4036717660957374,0.9841025012398895,Crescente
2308807,CE,2019,8724,Moraújo,68677000,9056796,1140,6.4,4.9,0.2,1.3,7872.19,7944.56,0.7237980384504372,0.7237980384504275,0.7710052739099988,0.9979999999999937,0.7237980384504371,0.7710052739099984,0.9387718384594704,Crescente
2308906,CE,2019,22534,Morrinhos,162042000,18979084,2829,6.7,5.6,0.2,0.5,7191.0,6708.76,0.8412666123418534,0.8412666123418399,0.9081049275494697,0.9979999999999992,0.8412666123418536,0.9081049275494696,0.9263980260651374,Crescente
2309003,CE,2019,14537,Mucambo,107417000,14970107,1751,9.4,7.0,0.0,0.5,7389.21,8549.46,0.9786202601683787,0.9786202601684566,1.0,1.0,0.9786202601684442,1.0,0.9786202601683787,Decrescente
2309102,CE,2019,10823,Mulungu,106654000,9283702,1232,6.8,4.8,0.3,2.0,9854.38,7535.47,0.6626458687211805,0.6626458687211806,0.706060719931558,0.9970000000000002,0.6626458687211803,0.7060607199315582,0.9385111648547934,Crescente
2309201,CE,2019,15565,Nova Olinda,145556000,13000876,2075,6.0,5.1,0.0,0.0,9351.49,6265.48,0.6731779564869814,0.6731779564869228,0.9301858300219029,1.0,0.6731779564869814,0.9301858300219029,0.7237026567810975,Decrescente
2309300,CE,2019,32328,Nova Russas,299307000,26713208,3365,7.6,5.1,0.1,2.8,9258.44,7938.55,0.7333089179645305,0.73330891796453,0.7751643383341756,0.9990000000000003,0.7333089179645307,0.7751643383341759,0.9460044557008488,Crescente
2309409,CE,2019,28607,Novo Oriente,240486000,27515811,3502,8.3,7.7,0.0,0.0,8406.54,7857.17,0.8878779291110342,0.8878779291110925,1.0,1.0,0.8878779291110681,1.0,0.8878779291110342,Decrescente
2309458,CE,2019,25703,Ocara,199013000,19870653,3235,6.2,5.1,0.0,0.5,7742.79,6142.4,0.7864571553225868,0.7864571553225974,0.9432415009182271,1.0,0.786457155322587,0.9432415009182274,0.8337813323067169,Crescente
2309508,CE,2019,21427,Orós,184955000,16991866,2441,6.1,4.6,0.3,1.5,8631.87,6961.03,0.6930882659525887,0.6930882659525976,0.7525066006519235,0.9970000000000078,0.6930882659525887,0.7525066006519238,0.9210394504873995,Crescente
2309607,CE,2019,72203,Pacajus,1147751000,45085573,7495,6.4,4.9,0.2,1.7,15896.17,6015.42,0.4888906616425437,0.4888906616425441,0.647759502596855,0.9980000000000001,0.48889066164254336,0.6477595025968547,0.7547410106414352,Crescente
2309706,CE,2019,83432,Pacatuba,1024547000,45984045,7593,6.0,5.1,0.2,0.7,12280.02,6056.11,0.5560843612695974,0.5560843612695967,0.7272775065522654,0.9979999999999997,0.5560843612695985,0.7272775065522654,0.7646109720975327,Decrescente
2309805,CE,2019,12261,Pacoti,126746000,9664566,1211,5.8,5.0,0.0,0.0,10337.33,7980.65,0.5716453866133867,0.5716453866132559,0.7138635957724498,1.0,0.5716453866133872,0.71386359577245,0.8007767730399906,Crescente
2309904,CE,2019,6533,Pacujá,51024000,8285953,806,7.0,5.2,0.0,2.3,7810.19,10280.34,0.6991243748348237,0.6991243748348237,0.7719366321057208,1.0,0.6991243748348238,0.7719366321057216,0.9056758621853754,Crescente
2310001,CE,2019,9386,Palhano,89570000,7671813,1070,6.2,6.0,0.2,0.5,9542.94,7169.92,0.6833805198209868,0.6833805198209866,0.7927619977143362,0.9979999999999986,0.6833805198209867,0.7927619977143362,0.8620248218144736,Decrescente
2310100,CE,2019,13322,Palmácia,93879000,8638213,1281,6.3,5.0,0.0,0.5,7046.91,6743.34,0.8182998121347989,0.8182998121347815,0.9380235968433217,1.0,0.8182998121347989,0.9380235968433217,0.8723659137025735,Decrescente
2310209,CE,2019,35076,Paracuru,505684000,37513752,5080,6.2,5.4,0.1,0.5,14416.81,7384.6,0.4844089167341994,0.4844089167341997,0.6397841873936857,0.9989999999999994,0.48440891673419917,0.6397841873936858,0.757144246886681,Crescente
2310258,CE,2019,32744,Paraipaba,439699000,29656061,4067,6.1,4.8,0.0,0.8,13428.38,7291.88,0.500108934846063,0.5001089348460562,0.6983615434467532,1.0,0.5001089348460627,0.698361543446753,0.7161175175508415,Crescente
2310308,CE,2019,31521,Parambu,240079000,27240002,4090,6.8,5.6,0.4,1.8,7616.48,6660.15,0.8192532680828835,0.8192532680828836,0.8464764531421141,0.9960000000000004,0.8192532680828832,0.846476453142114,0.9678394065680406,Crescente
2310407,CE,2019,12226,Paramoti,107547000,12053274,1515,4.7,5.0,1.1,3.3,8796.58,7955.96,0.6179933268052474,0.6179933268052481,0.6191318536337806,0.9889999999999989,0.6191318536337794,0.6179933268052487,0.9981610914995716,Crescente
2310506,CE,2019,43258,Pedra Branca,332992000,40189472,4723,8.1,6.1,0.4,0.7,7697.81,8509.31,0.8369996915405248,0.8369996915405188,0.837037357780554,0.996000000000007,0.8370373577805543,0.8369996915405246,0.999955000526943,Crescente
2310605,CE,2019,9077,Penaforte,112795000,10995713,1365,6.4,4.8,0.5,5.2,12426.46,8055.47,0.5305389232116232,0.5305389232116209,0.5672706324075576,0.9950000000000023,0.5305389232116235,0.5672706324075576,0.9352483504389412,Decrescente
2310704,CE,2019,37751,Pentecoste,494670000,31841204,4539,6.8,4.7,0.6,0.9,13103.49,7015.03,0.5596166318229132,0.5596166318229154,0.6361512564211649,0.9940000000000003,0.5596166318229128,0.6361512564211649,0.8796911523388051,Decrescente
2310803,CE,2019,16307,Pereiro,371999000,25066830,2488,6.3,5.2,0.3,1.4,22812.23,10075.09,0.3238454522508593,0.3238454522508529,0.41071076806203144,0.9969999999999956,0.32384545225085953,0.4107107680620312,0.7885000283263757,Crescente
2310852,CE,2019,20567,Pindoretama,245401000,20241982,2770,6.3,5.1,0.2,0.2,11931.78,7307.57,0.5572797158819616,0.55727971588197,0.7013385998730177,0.9980000000000014,0.5572797158819609,0.7013385998730176,0.7945943884777781,Crescente
2310902,CE,2019,16959,Piquet Carneiro,135196000,20443244,1592,6.6,5.8,0.0,0.4,7971.93,12841.23,0.6667044967391661,0.6667044967391648,0.7550672589113602,1.0,0.6667044967391667,0.7550672589113604,0.8829736541621556,Crescente
2310951,CE,2019,10951,Pires Ferreira,66430000,10541690,1265,8.5,7.8,0.0,0.0,6066.11,8333.35,1.0,1.0,1.0,1.0,1.0,1.0,1.0,Constante
2311009,CE,2019,12336,Poranga,89198000,12116498,1703,5.9,5.0,0.0,1.1,7230.71,7114.8,0.7563842888799233,0.7563842888799601,0.8874350743386177,1.0,0.7563842888799228,0.8874350743386173,0.8523263399788845,Crescente
2311108,CE,2019,14996,Porteiras,157288000,17446705,2320,6.0,4.9,0.0,0.7,10488.66,7520.13,0.5867520534306502,0.5867520534306373,0.7314557983565667,1.0,0.58675205343065,0.7314557983565666,0.8021702128125355,Crescente
2311207,CE,2019,11045,Potengi,85166000,9848038,1330,5.1,5.0,0.3,1.4,7710.82,7404.54,0.6919265091545233,0.6919265091545237,0.7527456294160066,0.9970000000000007,0.6919265091545231,0.7527456294160071,0.9192036222001475,Crescente
2311231,CE,2019,6419,Potiretama,64353000,7207614,755,6.8,5.0,0.5,1.1,10025.39,9546.51,0.60350377279764,0.6035037727976401,0.6047548736834618,0.9949999999999997,0.6035037727976399,0.6047548736834616,0.9979312264517993,Crescente
2311264,CE,2019,21084,Quiterianópolis,162593000,22735264,2441,6.5,5.3,0.3,1.5,7711.68,9313.91,0.6939565449815777,0.6939565449815848,0.6988832215723014,0.9969999999999899,0.6939565449815777,0.6988832215723014,0.9929506440580445,Decrescente
2311306,CE,2019,87728,Quixadá,1005884000,55767995,8987,5.5,4.7,0.5,1.9,11465.94,6205.41,0.5485300389567274,0.5485300389567352,0.6427094987739874,0.9950000000000028,0.5485300389567271,0.6427094987739871,0.8534649635692115,Crescente
2311355,CE,2019,16178,Quixelô,142566000,13307155,2055,6.1,5.2,0.2,0.6,8812.34,6475.5,0.7005064538996492,0.7005064538996505,0.8138697256292012,0.9979999999999999,0.7005064538996494,0.8138697256292013,0.8607107892581812,Crescente
2311405,CE,2019,81082,Quixeramobim,1229512000,61653463,9511,8.0,6.4,0.0,0.4,15163.81,6482.33,0.6207430351781514,0.6207430351781441,0.9234134507633481,1.0,0.6207430351781513,0.9234134507633476,0.6722265466947753,Crescente
2311504,CE,2019,22149,Quixeré,400970000,17514919,2282,6.5,5.4,0.0,0.9,18103.3,7675.25,0.4263709558849363,0.42637095588493684,0.6879872689117073,1.0,0.4263709558849364,0.6879872689117073,0.6197366944876629,Decrescente
2311603,CE,2019,29053,Redenção,342557000,20744912,3614,5.9,5.1,0.1,0.4,11790.76,5740.15,0.5737137875739888,0.5737137875740047,0.7807785324142142,0.9989999999999994,0.5737137875739887,0.7807785324142141,0.7347970823429677,Crescente
2311702,CE,2019,18491,Reriutaba,176270000,17898697,2214,6.8,5.0,0.8,2.2,9532.75,8084.33,0.6605976204013142,0.6605976204013154,0.6610251157111425,0.992,0.6610251157111425,0.6605976204013142,0.9993532843160302,Crescente
2311801,CE,2019,78194,Russas,1100469000,61219288,8188,6.9,6.0,0.1,0.3,14073.57,7476.71,0.5434643941976169,0.5434643941976182,0.6823318823565997,0.9989999999999983,0.5434643941976169,0.6823318823565998,0.7964810208202935,Crescente
2311900,CE,2019,15819,Saboeiro,128686000,16024311,2097,5.8,5.7,0.0,0.1,8134.9,7641.54,0.7178928367387196,0.7178928367389038,0.8224207593941076,1.0,0.7178928367387197,0.8224207593941075,0.872902134994263,Crescente
2311959,CE,2019,16554,Salitre,127158000,19361768,2941,7.7,6.0,0.3,0.9,7681.41,6583.4,0.897470516979105,0.8974705169790855,0.9345739566734814,0.9972847115644244,0.8974705169791051,0.9345739566734813,0.9602990866271919,Crescente
2312007,CE,2019,32452,Santana do Acaraú,229989000,28707217,3587,6.3,5.3,0.5,2.1,7087.05,8003.13,0.760567350208273,0.7605673502082736,0.7607804598338117,0.994999999999999,0.7607804598338115,0.7605673502082736,0.9997198802587737,Crescente
2312106,CE,2019,17700,Santana do Cariri,134270000,15547962,2400,5.2,4.4,0.3,3.0,7585.88,6478.32,0.7016243159426083,0.7016243159426059,0.7873667454603724,0.9970000000000011,0.7016243159426081,0.7873667454603706,0.8911022976114763,Crescente
2312205,CE,2019,43703,Santa Quitéria,502513000,35741526,4972,6.3,5.5,0.1,0.5,11498.36,7188.56,0.5742845292344498,0.5742845292344512,0.7242680669435257,0.9990000000000006,0.5742845292344497,0.7242680669435255,0.7929170916757113,Crescente
2312304,CE,2019,47903,São Benedito,543693000,37692743,5740,5.5,4.8,0.1,1.1,11349.87,6566.68,0.5456615599829536,0.5456615599831667,0.7129897098731593,0.998999999999896,0.5456615599829537,0.7129897098731601,0.7653147758331977,Crescente
2312403,CE,2019,48422,São Gonçalo do Amarante,3759946000,77261044,7888,6.7,5.7,0.0,0.2,77649.54,9794.76,0.1309676040224345,0.1309676040225052,0.5543629811192191,1.0,0.13096760402243665,0.5543629811192192,0.23624882700143557,Crescente
2312502,CE,2019,7645,São João do Jaguaribe,94531000,5820652,675,5.7,5.5,0.0,0.3,12365.08,8623.19,0.51200001746012,0.5120000174601201,0.6630363040689226,1.0,0.51200001746012,0.6630363040689226,0.7722051029756248,Decrescente
2312601,CE,2019,13000,São Luís do Curu,110167000,9148604,1421,4.9,4.4,0.4,0.9,8474.38,6438.14,0.6392265782606742,0.6392265782606672,0.7377262742984504,0.9959999999999984,0.6392265782606745,0.7377262742984506,0.866482055107166,Crescente
2312700,CE,2019,25496,Senador Pompeu,315172000,16776378,2385,6.4,5.0,0.0,0.6,12361.63,7034.12,0.5544779137958614,0.5544779137958615,0.7522249147614662,1.0,0.5544779137958614,0.7522249147614664,0.7371171878449263,Crescente
2312809,CE,2019,7623,Senador Sá,52134000,8656002,1081,7.1,5.1,0.2,1.0,6839.04,8007.4,0.8402964559668497,0.8402964559668498,0.8547043563033995,0.9980000000000001,0.8402964559668505,0.8547043563033986,0.9831428256679724,Crescente
2312908,CE,2019,208935,Sobral,4585451000,173945113,21281,8.4,6.9,0.0,0.0,21946.78,8173.73,0.4708057309676673,0.47080573096768247,0.9903997318237189,1.0,0.4708057309676601,0.9903997318237191,0.47536940473593137,Crescente
2313005,CE,2019,18324,Solonópole,219003000,14735216,1785,6.1,5.0,0.0,0.2,11951.7,8255.02,0.5269894663055179,0.5269894663055099,0.6655343854551491,1.0,0.5269894663055181,0.6655343854551492,0.7918290592079891,Crescente
2313104,CE,2019,30697,Tabuleiro do Norte,368226000,19353406,2702,6.4,5.3,0.4,2.3,11995.5,7162.62,0.5639188649857753,0.5639188649855527,0.6516728695297086,0.9960000000000581,0.5639188649857753,0.6516728695297085,0.8653404052139495,Crescente
2313203,CE,2019,26251,Tamboril,239874000,26170842,3416,6.9,5.0,0.1,1.9,9137.71,7661.25,0.7001952886594015,0.7001952886594016,0.7677082954970702,0.9990000000000006,0.7001952886594015,0.7677082954970703,0.9120590369627882,Crescente
2313252,CE,2019,8592,Tarrafas,68769000,8809176,1103,6.3,5.1,0.0,0.2,8003.84,7986.56,0.7102067861742543,0.7102067861742446,0.8105657987050716,1.0,0.7102067861742543,0.8105657987050711,0.8761864703752034,Crescente
2313302,CE,2019,58859,Tauá,662160000,43278114,5984,6.1,5.2,0.2,2.0,11249.94,7232.31,0.570132017737613,0.5701320177376137,0.6914203090096325,0.998000000000001,0.5701320177376126,0.6914203090096325,0.8245809535942779,Decrescente
2313351,CE,2019,19187,Tejuçuoca,132655000,17309427,2679,5.5,4.5,0.0,1.0,6913.8,6461.15,0.7731874658010672,0.7731874658010661,0.9329579467148135,1.0,0.7731874658010668,0.9329579467148121,0.8287484645193929,Crescente
2313401,CE,2019,75946,Tianguá,1465463000,72297393,10325,6.4,5.2,0.2,1.3,19296.12,7002.17,0.4106795578958081,0.41067955789581084,0.5514221968778624,0.9980000000000023,0.41067955789580834,0.5514221968778622,0.7447642844649067,Crescente
2313500,CE,2019,55918,Trairi,784583000,51992687,8033,6.2,5.1,0.0,0.5,14030.96,6472.39,0.5111702772373216,0.5111702772373297,0.7940490298019874,1.0,0.5111702772373217,0.7940490298019871,0.643751529253543,Crescente
2313559,CE,2019,16271,Tururu,115947000,18828535,2607,6.0,4.8,0.2,0.7,7125.99,7222.3,0.7680624349113215,0.768062434911333,0.8403606042048458,0.9980000000000017,0.7680624349113206,0.8403606042048463,0.913967683716048,Crescente
2313609,CE,2019,34792,Ubajara,580795000,35575220,4494,6.8,5.5,0.0,0.0,16693.35,7916.16,0.464706840644953,0.46470684064495643,0.8253797115194185,1.0,0.4647068406449533,0.8253797115194185,0.5630218845450988,Decrescente
2313708,CE,2019,7733,Umari,56713000,5684455,799,6.3,4.9,0.3,1.9,7333.89,7114.46,0.7803858346600164,0.7803858346600164,0.8132076330371544,0.9970000000000031,0.7803858346600167,0.8132076330371549,0.9596390921042445,Crescente
2313757,CE,2019,19825,Umirim,158100000,19200862,2589,5.3,4.4,0.5,1.6,7974.78,7416.32,0.6554051464342554,0.6554051464342532,0.689345218232487,0.9950000000000028,0.6554051464342557,0.689345218232487,0.9507647679267937,Decrescente
2313807,CE,2019,21850,Uruburetama,295526000,21754222,2953,5.8,5.0,0.2,1.5,13525.22,7366.82,0.4801894517967162,0.4801894517967161,0.6163825518221829,0.9979999999999999,0.4801894517967162,0.6163825518221828,0.7790445241792691,Crescente
2313906,CE,2019,13840,Uruoca,177338000,13937098,1792,8.3,5.2,0.0,0.1,12813.44,7777.4,0.6624505913488798,0.662450591348883,0.8291463227225588,1.0,0.6624505913488807,0.8291463227225588,0.7989549892396288,Decrescente
2313955,CE,2019,18420,Varjota,335906000,19583742,2016,6.8,5.2,0.1,1.9,18235.94,9714.16,0.4058206180578199,0.4058206180578207,0.5057699666031377,0.9990000000000023,0.4058206180578197,0.5057699666031379,0.802381803695068,Crescente
2314003,CE,2019,40721,Várzea Alegre,397882000,28729531,4277,6.1,5.0,0.1,0.5,9770.93,6717.22,0.6447427533705358,0.6447427533705387,0.7797128499926591,0.9989999999999992,0.6447427533705359,0.7797128499926592,0.8268976885229042,Crescente
2314102,CE,2019,60889,Viçosa do Ceará,482265000,53797876,8647,6.1,5.4,0.0,0.5,7920.4,6221.57,0.7635739915206726,0.7635739915206727,0.9366917765930293,1.0,0.7635739915206727,0.9366917765930293,0.8151816964786142,Decrescente
2400208,RN,2019,58017,Açu,1278677000,36849908,4543,4.6,3.3,1.7,3.8,22039.7,8111.36,0.2777501164423235,0.2777501164423234,0.2783286781283712,0.9830000000000008,0.2783286781283708,0.27775011644232356,0.9979213004928624,Crescente
2400307,RN,2019,11035,Afonso Bezerra,101916000,12068664,920,3.7,3.0,2.5,6.4,9235.7,13118.11,0.47529133025466375,0.47529133025467396,0.48455341771603716,0.9750000000000045,0.4845534177160364,0.4752913302546637,0.9808853118712264,Crescente
2400406,RN,2019,3252,Água Nova,30474000,3139135,444,4.8,3.6,0.8,8.1,9370.85,7070.12,0.5634163120797956,0.5634163120798069,0.5687745880530264,0.9920000000000243,0.5634163120797955,0.5687745880530264,0.9905792627065623,Decrescente
2400505,RN,2019,13577,Alexandria,153813000,7349924,1250,4.7,4.1,2.5,4.9,11328.94,5879.94,0.5074552869824013,0.5074552869824054,0.5108907836481994,0.9749999999999952,0.5108907836481996,0.5074552869824013,0.9932754773118714,Crescente
2400802,RN,2019,11714,Angicos,165085000,9238434,649,4.5,3.7,1.6,3.0,14092.97,14234.88,0.32913037451482086,0.3291303745148213,0.3305661390479756,0.9840000000000001,0.3305661390479759,0.32913037451482086,0.9956566497182993,Crescente
2400901,RN,2019,7145,Antônio Martins,60365000,5128999,531,4.0,3.1,4.1,10.9,8448.57,9659.13,0.5110465898162577,0.5110465898162687,0.5296979252110126,0.9590000000000007,0.529697925211012,0.5110465898162577,0.9647887323943646,Crescente
2401008,RN,2019,35845,Apodi,540241000,23228792,2052,5.4,4.2,0.8,8.2,15071.59,11320.07,0.3759983529944982,0.3759983529944958,0.3760369735096455,0.992000000000004,0.37599835299449824,0.37603697350964554,0.9998972959632484,Crescente
2401107,RN,2019,27774,Areia Branca,761984000,26796614,2095,4.4,3.7,2.2,3.7,27435.16,12790.75,0.21093373408086905,0.2109337340808666,0.21326179645181215,0.9779999999999988,0.2132617964518124,0.2109337340808691,0.9890835470315044,Crescente
2401305,RN,2019,9655,Campo Grande,100029000,8702904,928,5.1,3.8,0.6,2.0,10360.33,9378.13,0.4972783839931183,0.49727838399315627,0.5114007235593508,0.9939999999999426,0.4972783839931187,0.5114007235593504,0.9723849832124972,Crescente
2401404,RN,2019,9271,Baía Formosa,222025000,8161824,883,4.2,3.8,0.9,3.2,23948.33,9243.29,0.2546902715981685,0.25469027159816493,0.27889122200949806,0.9909999999999943,0.2546902715981685,0.27889122200949773,0.9132244097288033,Crescente
2401602,RN,2019,5497,Bento Fernandes,53810000,6855679,619,3.9,2.9,0.8,7.9,9788.98,11075.41,0.45624626810570335,0.4562462681057115,0.45716611945269053,0.9919999999999993,0.45716611945269087,0.4562462681057033,0.9979879275653926,Crescente
2401701,RN,2019,10210,Bom Jesus,92606000,9155307,1114,3.6,3.1,1.9,3.5,9070.13,8218.41,0.5292527516444108,0.5292527516444016,0.5344463561499451,0.9809999999999978,0.5344463561499445,0.5292527516444108,0.9902822716522045,Crescente
2401800,RN,2019,12699,Brejinho,142007000,8985011,1120,4.2,3.8,0.4,0.8,11182.53,8022.33,0.47609101196935677,0.4760910119693595,0.5639988527729127,0.9960000000000052,0.4760910119693566,0.5639988527729128,0.8441347169921444,Crescente
2401859,RN,2019,6549,Caiçara do Norte,86122000,4611666,632,3.1,3.5,4.0,7.6,13150.4,7296.94,0.4142911250246253,0.4142911250246216,0.42710001427035266,0.9599999999999989,0.4271000142703526,0.4142911250246253,0.9700096258071783,Crescente
2402006,RN,2019,67952,Caicó,1265128000,38426261,3124,4.9,4.4,0.7,1.1,18617.97,12300.34,0.3037779999256804,0.3037779999256719,0.33928391351969767,0.9930000000000074,0.3037779999256804,0.33928391351969767,0.8953504360826234,Decrescente
2402105,RN,2019,11217,Campo Redondo,96560000,13070920,994,4.8,3.3,0.5,2.2,8608.36,13149.82,0.5301964423766515,0.5301964423766454,0.5473067835835632,0.9950000000000995,0.5301964423766518,0.5473067835835632,0.968737202387883,Decrescente
2402204,RN,2019,34276,Canguaretama,578376000,31674647,4249,4.3,2.6,1.3,11.1,16874.08,7454.61,0.35022578220959233,0.35022578220959266,0.35077100819607815,0.9870000000000014,0.3507710081960779,0.3502257822095926,0.9984456355464216,Crescente
2402303,RN,2019,20493,Caraúbas,314828000,18298379,1791,4.8,4.0,1.1,5.1,15362.71,10216.85,0.35655365576550313,0.3565536557654709,0.35683033412526055,0.9890000000000286,0.3568303341252604,0.3565536557655031,0.9992246220870329,Crescente
2402402,RN,2019,8180,Carnaúba dos Dantas,105222000,5398774,644,5.3,4.0,0.0,6.3,12863.33,8383.19,0.4560010302167069,0.45600103021670274,0.5903213500927291,1.0,0.4560010302167069,0.5903213500927291,0.7724623717998292,Decrescente
2402501,RN,2019,10759,Carnaubais,181406000,13254821,959,3.9,4.0,1.0,4.4,16860.86,13821.5,0.2969311720102571,0.2969311720102566,0.2975166352155679,0.99,0.2975166352155677,0.29693117201025737,0.9980321664874752,Crescente
2402600,RN,2019,73497,Ceará-Mirim,903775000,52213419,7805,4.1,3.2,2.2,3.9,12296.76,6689.74,0.45363126983807034,0.45363126983807284,0.4590006931807937,0.9779999999999995,0.45900069318079373,0.4536312698380701,0.9883019275951106,Crescente
2402709,RN,2019,11179,Cerro Corá,123552000,11226955,1323,4.4,2.9,0.2,4.6,11052.15,8485.98,0.46661292096968,0.46661292096967827,0.5585121951766046,0.9979999999999994,0.46661292096967966,0.5585121951766044,0.8354569962830166,Crescente
2402808,RN,2019,5506,Coronel Ezequiel,46723000,5275558,599,3.8,2.7,3.5,6.8,8485.83,8807.28,0.5277515011958182,0.5277515011958182,0.5433311196303129,0.9650000000000022,0.5433311196303129,0.5277515011958182,0.9713257388144908,Crescente
2402907,RN,2019,4912,Coronel João Pessoa,42960000,5241444,601,4.0,3.7,1.9,6.1,8745.93,8721.2,0.5286668638226378,0.5286668638226271,0.5352523566592593,0.9809999999999934,0.5352523566592575,0.5286668638226385,0.9876964711043509,Crescente
2403004,RN,2019,7998,Cruzeta,111036000,5575366,782,6.3,5.0,0.0,0.0,13882.97,7129.62,0.5039605942211098,0.503960594221118,0.8545654807488516,1.0,0.5039605942211097,0.8545654807488516,0.5897273006855971,Decrescente
2403103,RN,2019,44786,Currais Novos,745132000,32329317,3239,5.5,4.4,0.1,0.7,16637.61,9981.26,0.3691998137276284,0.36919981372762745,0.46744561148256464,0.9989999999999997,0.36919981372762845,0.46744561148256475,0.7898241092833519,Crescente
2403202,RN,2019,7076,Doutor Severiano,69507000,7404879,925,5.8,4.5,0.0,1.9,9822.92,8005.27,0.5887837865093333,0.5887837865093319,0.7089642687637981,1.0,0.5887837865093332,0.7089642687637975,0.8304844298232119,Crescente
2403251,RN,2019,261469,Parnamirim,5615596000,146189280,17810,5.0,3.9,1.0,2.3,21477.1,8208.27,0.29784167983266935,0.29784167983267323,0.31616675491677604,0.9899999999999914,0.29784167983266896,0.31616675491677587,0.9420398419532428,Crescente
2403301,RN,2019,5638,Encanto,53557000,5899683,731,4.8,4.8,1.8,3.9,9499.29,8070.7,0.5701353545933479,0.5701353545933481,0.5727800957768981,0.9819999999999994,0.5727800957768979,0.5701353545933477,0.9953826237974225,Crescente
2403400,RN,2019,6045,Equador,70092000,5874882,730,5.4,3.9,0.7,0.9,11595.04,8047.78,0.5027519054082044,0.502751905408241,0.5542300662110398,0.9929999999999989,0.5027519054082039,0.55423006621104,0.9071177044674557,Crescente
2403608,RN,2019,28583,Extremoz,501321000,31586118,4142,4.4,4.1,3.5,2.9,17539.13,7625.81,0.34318337099051915,0.34318337099052026,0.3441569606978839,0.97100000000001,0.34415696069788426,0.34318337099051927,0.9971710881413223,Crescente
2403707,RN,2019,5985,Felipe Guerra,101376000,5030789,728,5.7,3.6,0.2,3.7,16938.35,6910.42,0.4050247803479288,0.40502478034792877,0.5527406026275761,0.9979999999999999,0.40502478034792877,0.5527406026275757,0.7327574244094842,Crescente
2403756,RN,2019,3054,Fernando Pedroza,34642000,4037416,204,3.6,3.4,3.6,3.4,11343.16,19791.25,0.3912871538978382,0.3912871538977397,0.3945276272220443,0.9660000000000079,0.3945276272220439,0.3912871538978382,0.9917864476386026,Crescente
2404200,RN,2019,26328,Goianinha,467568000,33339782,4390,5.1,3.6,0.7,5.0,17759.34,7594.48,0.35683356996603305,0.3568335699660328,0.4098210088272989,0.9930000000000011,0.3568335699660327,0.40982100882729894,0.8707058991121779,Crescente
2404309,RN,2019,13037,Governador Dix-Sept Rosado,250899000,11711719,1155,3.4,3.4,1.1,3.8,19245.15,10140.02,0.29545753333032115,0.29545753333032293,0.2955796212761375,0.9889999999999987,0.29557962127614096,0.295457533330322,0.999586954116494,Crescente
2404408,RN,2019,10383,Grossos,171513000,8319065,834,4.2,4.0,5.2,7.3,16518.64,9974.9,0.32539728154932585,0.3253972815493254,0.33265308230403484,0.9480000000000012,0.3326530823040345,0.32539728154932585,0.9781880850029899,Crescente
2404507,RN,2019,15659,Guamaré,1686496000,54397746,2566,4.4,3.7,1.5,4.8,107701.39,21199.43,0.06217413201209471,0.062174132012094846,0.06221075109716746,0.9850000000000018,0.062210751097167345,0.06217413201209465,0.9994113704717121,Crescente
2404606,RN,2019,13766,Ielmo Marinho,119445000,15846281,1863,4.5,3.8,1.4,4.7,8676.81,8505.79,0.5390818216017447,0.5390818216017436,0.542967362643627,0.9860000000000012,0.5429673626436271,0.5390818216017447,0.9928438773502625,Crescente
2405108,RN,2019,6878,Jandaíra,71180000,8545776,781,3.8,4.3,0.0,1.7,10348.94,10942.09,0.45604438564237904,0.45604438564238076,0.5813182797173201,1.0,0.45604438564237837,0.5813182797173201,0.7845003357956359,Decrescente
2405207,RN,2019,5268,Janduís,86138000,5200354,390,4.2,4.1,2.4,5.1,16351.18,13334.24,0.30688909856665436,0.3068890985666518,0.30919362907315895,0.9759999999999922,0.3091936290731589,0.3068890985666544,0.9925466429776943,Crescente
2405306,RN,2019,10181,Boa Saúde,78747000,9209394,1169,5.8,4.6,2.3,7.6,7734.7,7878.01,0.6843889671354658,0.6843889671354749,0.6889945208940497,0.9769999999999992,0.6889945208940497,0.6843889671354658,0.9933155437105543,Crescente
2405405,RN,2019,5055,Japi,44898000,4697844,608,4.0,3.0,1.8,7.2,8881.9,7726.72,0.5478137634407723,0.547813763440777,0.5535757575454471,0.9820000000000298,0.5535757575454466,0.5478137634407724,0.9895913178528202,Crescente
2405504,RN,2019,2612,Jardim de Angicos,29609000,4281514,392,4.1,3.0,0.9,2.3,11335.76,10922.23,0.4194087670696634,0.41940876706963814,0.43152502528173076,0.9909999999999904,0.4194087670696636,0.4315250252817308,0.9719222350913322,Crescente
2405603,RN,2019,14837,Jardim de Piranhas,177065000,10863110,1438,4.7,3.3,0.7,8.4,11934.02,7554.32,0.46068737399733756,0.4606873739973347,0.4981226284206724,0.9930000000000013,0.46068737399733745,0.49812262842067256,0.9248473121126307,Crescente
2405702,RN,2019,12396,Jardim do Seridó,180305000,7324918,745,5.1,4.1,0.0,0.0,14545.42,9832.1,0.39223911208567486,0.3922391120856345,0.5131785267415437,1.0,0.3922391120856749,0.5131785267415597,0.7643326671835227,Crescente
2405801,RN,2019,34955,João Câmara,930423000,36916316,3624,4.2,3.0,1.1,5.6,26617.74,10186.62,0.2290602727739103,0.2290602727739111,0.2369382912229865,0.9889999999999993,0.2290602727739103,0.2369382912229865,0.9667507585691919,Decrescente
2406106,RN,2019,18295,Jucurutu,257374000,12926187,1661,4.7,4.4,1.0,1.1,14068.0,7782.17,0.42268713146401315,0.4226871314640204,0.4727041549668187,0.9900000000000003,0.4226871314640134,0.47270415496682056,0.8941895835328199,Crescente
2406155,RN,2019,3898,Jundiá,37134000,5035123,492,3.7,3.8,2.2,6.9,9526.42,10233.99,0.4699832890290806,0.46998328902907777,0.477537545868397,0.9780000000000021,0.47753754586839864,0.46998328902907965,0.9841808106929497,Crescente
2406304,RN,2019,7544,Lagoa de Pedras,69688000,7847622,930,4.6,3.1,0.7,2.4,9237.54,8438.3,0.524085790129302,0.5240857901293025,0.5328790214863822,0.9929999999999984,0.5240857901293017,0.5328790214863822,0.9834986347697591,Decrescente
2406502,RN,2019,15614,Lagoa Nova,224623000,17736940,1948,5.2,3.8,0.8,3.1,14386.0,9105.21,0.40515476539450446,0.40515476539450324,0.4164187526842199,0.9919999999999976,0.4051547653945046,0.4164187526842201,0.972950336128937,Crescente
2406601,RN,2019,8245,Lagoa Salgada,81739000,9685541,1300,4.7,3.6,2.2,6.1,9913.77,7450.42,0.5236362423737587,0.5236362423737576,0.5267197879579306,0.9779999999999962,0.5267197879579304,0.5236362423737587,0.9941457570900712,Crescente
2406700,RN,2019,11277,Lajes,136824000,8152212,1069,5.5,4.9,0.0,0.5,12133.01,7626.02,0.5032677137578319,0.5032677137578317,0.6780333846236268,1.0,0.5032677137578322,0.6780333846236273,0.7422462155564706,Crescente
2406809,RN,2019,4759,Lajes Pintadas,46566000,4438499,512,4.1,2.3,2.5,9.9,9784.83,8668.94,0.49055237556250875,0.49055237556251047,0.49932996290549836,0.9750000000000015,0.4993299629054979,0.4905523755625086,0.9824212685096751,Crescente
2407005,RN,2019,10116,Luís Gomes,80566000,8552433,1022,3.7,3.8,2.3,6.1,7964.22,8368.33,0.5665595588166276,0.5665595588166259,0.5761686441582393,0.9770000000000001,0.576168644158239,0.5665595588166276,0.9833224431092562,Crescente
2407104,RN,2019,80792,Macaíba,1831544000,53096855,6525,4.3,3.2,0.5,3.0,22669.87,8137.45,0.2738412126829764,0.2738412126829755,0.35526968483794863,0.9950000000000012,0.2738412126829763,0.35526968483794863,0.7707981411582733,Decrescente
2407203,RN,2019,31814,Macau,770547000,23504415,1524,4.4,3.4,2.1,4.4,24220.37,15422.84,0.2210386918260964,0.22103869182609465,0.22362139948200258,0.9790000000000013,0.22362139948200302,0.2210386918260964,0.9884505344216217,Crescente
2407252,RN,2019,4020,Major Sales,40660000,4822011,662,4.2,3.7,0.5,2.6,10114.43,7284.0,0.5187257420322577,0.5187257420322654,0.5742214576669838,0.9949999999999988,0.518725742032258,0.5742214576669837,0.9033548557028838,Crescente
2407302,RN,2019,8347,Marcelino Vieira,74778000,7466366,656,4.0,4.0,1.5,7.3,8958.67,11381.66,0.49501434599400973,0.4950143459940106,0.49953731971375187,0.9849999999999981,0.4995373197137518,0.4950143459940104,0.9909456740442657,Crescente
2407500,RN,2019,12371,Maxaranguape,124979000,11188656,1709,4.0,3.7,1.1,4.1,10102.58,6546.9,0.5326715206222842,0.5326715206222902,0.5335005154538468,0.9889999999999893,0.5335005154538465,0.5326715206222842,0.9984461217795499,Crescente
2407708,RN,2019,11251,Montanhas,113364000,10535695,1327,4.8,4.0,1.2,3.1,10075.9,7939.48,0.5158735652953901,0.5158735652954088,0.5167266666149227,0.9880000000000166,0.5167266666149227,0.5158735652953902,0.9983490278813724,Crescente
2407807,RN,2019,22451,Monte Alegre,242830000,23438141,2927,4.7,3.6,0.6,3.1,10816.0,8007.56,0.485581638006063,0.4855816380060639,0.5249239572702995,0.993999999999997,0.4855816380060631,0.5249239572702994,0.9250513932173648,Crescente
2408003,RN,2019,297378,Mossoró,7305492000,128113120,12815,5.9,4.7,0.3,1.0,24566.35,9997.12,0.2878766016116598,0.2878766016116609,0.37908681770184066,0.9969999999999998,0.28787660161166,0.3790868177018407,0.7593949147503211,Crescente
2408102,RN,2019,884122,Natal,24139377000,373648477,36283,4.9,3.5,1.1,3.7,27303.22,10298.17,0.23202247570108428,0.23202247570108422,0.2395277507542377,0.989,0.2320224757010843,0.2395277507542377,0.9686663652561325,Decrescente
2408201,RN,2019,27602,Nísia Floresta,434224000,29400489,3364,4.2,3.1,2.0,3.9,15731.61,8739.74,0.3534208485240645,0.35342084852406525,0.3569144223976362,0.9799999999999993,0.35691442239763627,0.35342084852406497,0.990211732408842,Crescente
2408300,RN,2019,37343,Nova Cruz,474435000,26231220,3276,3.8,3.6,1.9,4.4,12704.79,8007.09,0.4234777088117761,0.42347770880914043,0.4275271134602419,0.9810000000001935,0.42752711346024186,0.4234777088117762,0.9905283091505204,Crescente
2408409,RN,2019,4258,Olho-d'Água do Borges,49447000,3214363,333,4.2,3.9,0.5,8.2,11612.73,9652.74,0.43126441897892265,0.4312644189789521,0.4659262090281891,0.9950000000000049,0.4312644189789225,0.4659262090281887,0.9256066961299244,Crescente
2408904,RN,2019,21477,Parelhas,343218000,13759961,1275,4.9,3.6,0.4,3.2,15980.72,10792.13,0.3463576078970527,0.34635760789705294,0.3995107775237138,0.9960000000000007,0.34635760789705267,0.3995107775237138,0.8669543536319091,Decrescente
2408953,RN,2019,10848,Rio do Fogo,164958000,13893380,1941,3.9,3.4,1.4,6.5,15206.31,7157.85,0.38285022641922123,0.38285022641922023,0.3839533056154462,0.9859999999999965,0.3839533056154466,0.3828502264192211,0.9971270485757198,Crescente
2409100,RN,2019,13277,Passa e Fica,127788000,11077391,1268,4.8,4.4,1.3,3.8,9624.76,8736.11,0.5239108356219658,0.5239108356219653,0.5253023467068042,0.9869999999999995,0.5253023467068042,0.5239108356219658,0.9973510282343836,Crescente
2409209,RN,2019,3089,Passagem,35343000,4666596,445,4.3,3.4,1.2,5.7,11441.57,10486.73,0.4199718943656735,0.41997189436567434,0.4219550880312926,0.9880000000000043,0.42195508803129245,0.41997189436567356,0.9952999887384412,Crescente
2409308,RN,2019,12755,Patu,149507000,6631924,969,4.8,4.2,1.6,4.7,11721.44,6844.09,0.4835423122977618,0.483542312297732,0.48489811146312495,0.9840000000000265,0.4848981114631251,0.4835423122977618,0.9972039504107941,Crescente
2409506,RN,2019,3237,Pedra Grande,222294000,6933272,666,4.1,3.6,0.9,6.7,68672.85,10410.32,0.10133068789994297,0.10133068789994146,0.14653768627948932,0.9910000000000004,0.10133068789994312,0.14653768627948904,0.6914991663419356,Crescente
2409605,RN,2019,2458,Pedra Preta,30189000,4048635,402,3.4,3.0,2.8,8.0,12281.94,10071.23,0.40017724752370387,0.4001772475236964,0.40839241771164625,0.971999999999994,0.408392417711646,0.40017724752370376,0.979884126561471,Crescente
2409902,RN,2019,15129,Pendências,505195000,14286647,1275,4.2,3.0,1.2,5.7,33392.49,11205.21,0.1868174549157789,0.1868174549157784,0.19068216119313905,0.9880000000000018,0.18681745491577892,0.19068216119313905,0.9797322085444288,Decrescente
2410009,RN,2019,3838,Pilões,35940000,3638910,286,4.6,5.0,2.0,2.2,9364.25,12723.46,0.518514643308207,0.5185146433082076,0.5192269045081596,0.9800000000000049,0.5192269045081599,0.5185146433082065,0.9986282274786448,Crescente
2410108,RN,2019,15413,Poço Branco,117504000,10897288,1732,3.6,3.0,0.9,1.5,7623.69,6291.74,0.6634891296651723,0.663489129665169,0.7369222349956683,0.9910000000000007,0.6634891296651728,0.7369222349956683,0.9003516221342843,Decrescente
2410207,RN,2019,7867,Portalegre,69679000,5958522,843,4.9,4.2,1.8,7.1,8857.12,7068.23,0.5899375922178527,0.5899375922178528,0.5924491807716367,0.9820000000000004,0.5924491807716368,0.5899375922178527,0.9957606683656601,Crescente
2410256,RN,2019,6437,Porto do Mangue,153761000,7617971,912,3.5,3.3,6.1,9.2,23887.06,8353.04,0.2464187200660645,0.2464187200660442,0.25914894464533084,0.9389999999999888,0.259148944645331,0.2464187200660645,0.9508768033121306,Crescente
2410306,RN,2019,10395,Serra Caiada,89545000,12530979,1341,3.7,3.2,1.0,0.0,8614.24,9344.5,0.5400878508743527,0.5400878508743597,0.6944234198257746,1.0,0.5400878508743527,0.6944234198257755,0.7777500519925675,Crescente
2410405,RN,2019,9621,Pureza,127799000,11281893,1332,3.9,2.9,1.7,4.4,13283.34,8469.89,0.4045259348631492,0.40452593486314864,0.4075904252957748,0.9829999999999993,0.40759042529577516,0.4045259348631502,0.9924814464657705,Crescente
2410603,RN,2019,3201,Rafael Godeiro,36459000,4766265,421,5.2,5.2,6.4,0.6,11389.88,11321.29,0.47433845201405106,0.4743384520140529,0.5275294195043602,0.9940000000000307,0.474338452014051,0.5275294195043603,0.8991696661386495,Crescente
2410702,RN,2019,3579,Riacho da Cruz,34419000,3457203,317,5.2,4.4,0.0,0.0,9616.93,10906.0,0.5017504942388785,0.501750494238869,0.6225070440012281,1.0,0.5017504942388785,0.6225070440012281,0.8060157697394483,Decrescente
2410900,RN,2019,8128,Riachuelo,71128000,7262988,614,3.9,3.7,1.7,3.0,8750.98,11828.97,0.509292833065999,0.5092928330659999,0.5113930096971994,0.9829999999999881,0.5113930096971984,0.5092928330659998,0.9958932238193012,Crescente
2411056,RN,2019,4106,Tibau,107940000,5868778,290,5.3,3.6,0.0,6.1,26288.36,20237.17,0.21218635981994394,0.21218635981994377,0.2634255699268322,1.0,0.21218635981994394,0.2634255699268322,0.805488851666449,Decrescente
2411106,RN,2019,3600,Ruy Barbosa,35845000,4388739,408,6.1,4.8,0.0,0.0,9956.94,10756.71,0.5432486852924782,0.5432486852924858,0.6227194763731945,1.0,0.5432486852924777,0.6227194763731931,0.872381073507504,Crescente
2411403,RN,2019,12791,Santana do Matos,137523000,11437292,1143,4.5,3.1,0.9,7.3,10751.54,10006.38,0.44578894977874706,0.44578894977874767,0.4465830660020126,0.9910000000000009,0.4465830660020131,0.44578894977874706,0.998221795039443,Crescente
2411601,RN,2019,2747,São Bento do Norte,365438000,6668194,600,3.7,3.8,2.1,2.5,133031.67,11113.66,0.06209396338224681,0.06209396338224777,0.08778461456281804,0.9790000000000003,0.06209396338224661,0.08778461456281776,0.7073444895951878,Crescente
2411809,RN,2019,3584,São Fernando,52976000,4728045,301,5.3,5.0,0.8,0.0,14781.25,15707.79,0.3488608915244139,0.3488608915244165,0.41747259665174585,1.0,0.34886089152441435,0.41747259665174574,0.835649799106293,Crescente
2411908,RN,2019,4228,São Francisco do Oeste,50054000,4531755,524,5.1,4.1,0.7,7.9,11838.69,8648.39,0.4668489699219986,0.4668489699219962,0.48281880163719776,0.9929999999999959,0.4668489699219985,0.4828188016371976,0.9669237576062762,Crescente
2412005,RN,2019,102400,São Gonçalo do Amarante,1895671000,69504282,9398,4.5,3.6,1.7,3.6,18512.41,7395.65,0.3246192157831402,0.3246192157831389,0.32629563112257953,0.9829999999999971,0.3262956311225793,0.3246192157831402,0.9948622807676835,Crescente
2412104,RN,2019,6193,São João do Sabugi,72974000,5485312,383,5.8,4.2,0.0,0.0,11783.3,14321.96,0.42554214307016774,0.4255421430701667,0.5091325160583697,1.0,0.4255421430701682,0.5091325160583703,0.8358180427458325,Crescente
2412500,RN,2019,23519,São Miguel,258995000,15148538,3140,5.1,4.4,0.8,5.3,11012.16,4824.38,0.5723299550852157,0.5723299550852083,0.641694398226133,0.992,0.5723299550852157,0.6416943982261332,0.8919042408151532,Crescente
2412559,RN,2019,10282,São Miguel do Gostoso,299031000,14719219,1690,4.8,4.2,0.4,7.0,29082.96,8709.6,0.22678963231588245,0.2267896323158855,0.32691463070863824,0.995999999999988,0.22678963231588276,0.32691463070863824,0.6937273863341041,Decrescente
2412609,RN,2019,17579,São Paulo do Potengi,209127000,12863041,1448,4.6,2.9,0.2,4.9,11896.41,8883.32,0.43737388650292564,0.4373738865029258,0.5298560439963423,0.9980000000000057,0.437373886502925,0.5298560439963421,0.8254579549647354,Crescente
2412807,RN,2019,8202,São Rafael,81362000,5683057,638,4.6,3.5,1.9,3.3,9919.78,8907.61,0.4885323662480915,0.4885323662480879,0.49022402335336707,0.9809999999999988,0.4902240233533671,0.4885323662480915,0.9965492162262799,Crescente
2413201,RN,2019,4440,Senador Georgino Avelino,120330000,5370854,756,3.3,2.9,3.0,3.9,27101.35,7104.3,0.23502744459482108,0.235027444594826,0.2388229351549552,0.9700000000000022,0.23882293515495537,0.2350274445948209,0.9841075122970434,Crescente
2413300,RN,2019,5762,Serra de São Bento,51173000,4350667,500,4.2,3.7,2.2,5.3,8881.12,8701.33,0.5225146184318538,0.5225146184318543,0.5305837751610412,0.9780000000000011,0.5305837751610412,0.5225146184318538,0.9847919271056899,Crescente
2413409,RN,2019,8078,Serra Negra do Norte,95592000,6954930,816,4.3,4.0,0.2,6.1,11833.62,8523.2,0.444684097771691,0.4446840977717558,0.5427862401797906,0.9979999999998982,0.4446840977716909,0.5427862401797905,0.819261920907198,Crescente
2413508,RN,2019,6229,Serrinha,64213000,9174255,927,5.6,3.6,0.5,5.2,10308.72,9896.72,0.51741174124006,0.5174117412400625,0.525211883082065,0.9950000000000006,0.5174117412400602,0.525211883082065,0.9851485808046992,Decrescente
2413557,RN,2019,4800,Serrinha dos Pintos,43736000,5154717,441,4.1,3.6,0.6,5.7,9111.67,11688.7,0.49114926242938967,0.4911492624294004,0.49114926242939005,0.9939999999999968,0.4911492624293896,0.4911492624293898,0.9999999999999992,Crescente
2413607,RN,2019,2440,Severiano Melo,52995000,6121396,687,5.2,4.4,1.2,3.6,21719.26,8910.33,0.29703990182178014,0.2970399018217791,0.29708458081701633,0.987999999999998,0.29708458081701616,0.29703990182178014,0.9998496085016821,Crescente
2413706,RN,2019,5522,Sítio Novo,47709000,4915176,703,4.9,4.3,0.4,3.3,8639.8,6991.72,0.6055921025219995,0.6055921025220005,0.6791631199729247,0.9960000000000007,0.6055921025219996,0.6791631199729247,0.8916740098404369,Decrescente
2414001,RN,2019,15727,Tangará,185503000,12642427,1560,3.9,2.9,1.3,3.3,11795.19,8104.12,0.44758275553887583,0.44758275553887805,0.44934156063396574,0.9869999999999991,0.4493415606339654,0.44758275553887594,0.9960858170060912,Crescente
2414100,RN,2019,10786,Tenente Ananias,104254000,8429272,807,5.1,4.0,0.7,9.0,9665.68,10445.19,0.498174608047636,0.4981746080476361,0.4984313035341403,0.9930000000000035,0.49843130353413984,0.4981746080476363,0.9994849932484494,Crescente
2414209,RN,2019,14180,Tibau do Sul,418587000,15441229,2126,4.7,3.8,1.3,2.7,29519.53,7263.04,0.22390458500863922,0.22390458500864033,0.2298999150782673,0.9870000000000032,0.22390458500863944,0.22989991507826724,0.9739219996336796,Crescente
2414407,RN,2019,33287,Touros,534519000,33600179,4316,4.1,3.0,1.8,7.8,16057.89,7785.03,0.35864951449185933,0.3586495144918573,0.3612010228810744,0.9819999999999972,0.36120102288107425,0.3586495144918597,0.9929360432900679,Crescente
2414753,RN,2019,4177,Venha-Ver,38133000,6206147,525,4.3,3.6,3.5,4.7,9129.28,11821.23,0.4796328221497741,0.4796328221497764,0.49020185600616983,0.965000000000001,0.4902018560061697,0.4796328221497741,0.978439425051335,Crescente
2414803,RN,2019,12481,Vera Cruz,117249000,10943309,1620,4.1,3.1,1.0,4.6,9394.2,6755.13,0.5559471767473358,0.5559471767473356,0.5565920835288101,0.9899999999999801,0.5565920835288101,0.5559471767473358,0.9988413295830845,Crescente
2414902,RN,2019,1718,Viçosa,20700000,1986716,220,6.1,4.9,0.0,0.0,12048.89,9030.53,0.5104110310365848,0.5104110310365881,0.6551423733870411,1.0,0.5104110310365847,0.6551423733871242,0.7790841376932999,Crescente
2500106,PB,2019,10234,Água Branca,82544000,10793384,1437,6.1,5.8,0.1,1.0,8065.66,7511.05,0.7319043466010102,0.7319043466010104,0.8198413222172716,0.9990000000000019,0.7319043466010106,0.8198413222172718,0.8927390298180694,Crescente
2500205,PB,2019,5640,Aguiar,50141000,4523088,602,4.8,3.8,0.8,5.6,8890.25,7513.44,0.5721970747076055,0.5721970747076057,0.5722704140626035,0.9919999999999783,0.5722704140626027,0.5721970747076058,0.9998718449299565,Crescente
2500304,PB,2019,28496,Alagoa Grande,276069000,28479527,2919,4.8,3.9,2.5,13.2,9687.99,9756.6,0.48934257022455574,0.48934257022456074,0.4932471822735156,0.9750000000000034,0.4932471822735158,0.48934257022455574,0.9920838634476077,Crescente
2500403,PB,2019,20849,Alagoa Nova,325790000,10036891,1779,4.6,2.7,1.1,9.7,15626.17,5641.87,0.3944632075314293,0.39446320753142994,0.4137862983598881,0.989,0.3944632075314296,0.4137862983598875,0.9533017625159433,Crescente
2500536,PB,2019,5492,Alcantil,43762000,6052149,752,5.2,3.9,0.0,2.9,7968.32,8048.07,0.6293731143868753,0.6293731143868787,0.771558310132894,1.0,0.6293731143868755,0.7715583101328941,0.8157168500699207,Crescente
2500577,PB,2019,2567,Algodão de Jandaíra,26862000,4259519,482,5.3,3.4,0.8,8.1,10464.36,8837.18,0.5153475065784258,0.5153475065784259,0.5154892237815246,0.9919999999999963,0.5154892237815246,0.5153475065784257,0.9997250821228439,Crescente
2500601,PB,2019,19588,Alhandra,1887486000,21019382,1978,4.7,3.2,1.2,4.2,96359.3,10626.58,0.08016286778220164,0.08016286778220015,0.10413481897856869,0.9880000000000041,0.0801628677822018,0.10413481897856851,0.7697988873318101,Crescente
2500734,PB,2019,2238,Amparo,26162000,3282152,396,4.2,4.2,1.0,1.8,11689.9,8288.26,0.46029524054100057,0.4602952405410013,0.489280385988207,0.9900000000000073,0.46029524054100057,0.489280385988207,0.9407596415526351,Decrescente
2500775,PB,2019,8347,Aparecida,85300000,6410295,865,5.2,4.8,1.3,3.5,10219.24,7410.75,0.5606908713503399,0.5606908713503381,0.5618297360399548,0.9870000000000008,0.5618297360399552,0.5606908713503396,0.9979729362535309,Crescente
2500809,PB,2019,16987,Araçagi,162870000,14056939,1586,3.7,3.4,4.2,5.7,9587.92,8863.14,0.4858102406973893,0.4858102406974092,0.5020002868938755,0.9580000000000064,0.5020002868938768,0.4858102406973898,0.9677489303907333,Crescente
2500908,PB,2019,13470,Arara,105690000,7976163,1311,4.9,3.3,2.0,5.1,7846.33,6084.03,0.6716063162381515,0.6716063162381516,0.6749874254889274,0.9799999999999995,0.6749874254889275,0.6716063162381515,0.9949908559432394,Crescente
2501005,PB,2019,20312,Araruna,172769000,14732069,2310,4.7,3.2,0.8,4.1,8505.76,6377.52,0.6144945674245682,0.6144945674245657,0.6236785737703933,0.9920000000000011,0.614494567424568,0.6236785737703932,0.9852744558943175,Crescente
2501203,PB,2019,6998,Areial,54729000,7195801,1158,6.0,4.7,0.3,1.0,7820.66,6213.99,0.7612149230591301,0.7612149230591122,0.8396292255928852,0.9969999999999993,0.76121492305913,0.8396292255928852,0.9066084169731173,Decrescente
2501500,PB,2019,21318,Bananeiras,236497000,16452734,2701,4.9,3.3,1.6,8.4,11093.77,6091.35,0.5250472669157508,0.5250472669157509,0.5263342019523872,0.9839999999999999,0.5263342019523869,0.5250472669157511,0.9975549089687451,Crescente
2501534,PB,2019,4892,Baraúna,44410000,5389639,763,5.7,4.5,0.5,1.1,9078.09,7063.75,0.6397392660062265,0.6397392660062177,0.686633624625902,0.9950000000000012,0.6397392660062268,0.6866336246259023,0.9317039583588338,Crescente
2501575,PB,2019,8359,Barra de Santana,77379000,10506581,1182,5.4,4.4,0.2,2.1,9256.97,8888.82,0.5642584700324909,0.5642584700324917,0.6381163556409132,0.9980000000000003,0.5642584700324909,0.6381163556409128,0.8842563978253767,Crescente
2501609,PB,2019,15384,Barra de Santa Rosa,134229000,11474633,1370,5.3,3.7,0.7,6.2,8725.23,8375.64,0.5908491924618725,0.5908491924618734,0.5909876436234752,0.9929999999999991,0.5909876436234748,0.5908491924618733,0.9997657291770876,Crescente
2501708,PB,2019,6036,Barra de São Miguel,65331000,6423223,755,5.7,4.8,0.2,0.7,10823.56,8507.58,0.5357053062052004,0.5357053062052021,0.6150394996329106,0.9980000000000034,0.5357053062052006,0.6150394996329107,0.8710095961721789,Crescente
2501807,PB,2019,96880,Bayeux,1388145000,43018136,6746,4.4,3.6,2.2,4.1,14328.5,6376.84,0.4080364835608203,0.4080364835608176,0.41244700226497594,0.9779999999999944,0.412447002264976,0.4080364835608201,0.9893064595452626,Crescente
2501906,PB,2019,17676,Belém,189864000,10983303,1355,5.0,4.3,0.5,2.0,10741.34,8105.76,0.5038969362668368,0.5038969362668367,0.5540253481790353,0.9950000000000017,0.5038969362668367,0.5540253481790355,0.9095196418774701,Crescente
2502003,PB,2019,7342,Belém do Brejo do Cruz,68207000,7876468,681,4.8,3.5,2.0,4.4,9289.98,11566.03,0.48644897906862494,0.4864489790686243,0.4905043542640179,0.9799999999999993,0.4905043542640182,0.48644897906862494,0.9917322340563564,Crescente
2502052,PB,2019,3501,Bernardino Batista,36158000,7997934,635,5.2,4.1,0.9,1.0,10327.91,12595.17,0.4602097470446741,0.46020974704466483,0.5237895963418299,0.9909999999999977,0.4602097470446743,0.5237895963418295,0.8786156698391868,Crescente
2502102,PB,2019,5366,Boa Ventura,44105000,4305850,534,4.1,3.2,1.4,5.8,8219.34,8063.39,0.5689242979524382,0.5689242979524387,0.5730278044155463,0.9859999999999937,0.5730278044155458,0.5689242979524382,0.9928389051430174,Crescente
2502151,PB,2019,7051,Boa Vista,145468000,7316931,954,6.6,4.2,0.0,0.2,20630.83,7669.74,0.3891825227708055,0.38918252277080595,0.6946129483249999,1.0,0.3891825227708053,0.6946129483249993,0.5602868816501133,Crescente
2502201,PB,2019,2561,Bom Jesus,29363000,3656222,455,4.3,3.8,2.6,8.0,11465.44,8035.65,0.45168214487024255,0.45168214487023567,0.4595637075087881,0.9739999999999978,0.4595637075087883,0.45168214487024255,0.9828499019618627,Crescente
2502300,PB,2019,4975,Bom Sucesso,44332000,5117768,421,5.5,4.7,2.2,0.8,8910.95,12156.22,0.5471227321597154,0.5471227321597303,0.6208126262063361,0.9920000000000094,0.547122732159716,0.620812626206336,0.881300909588574,Crescente
2502508,PB,2019,17804,Boqueirão,216451000,13919931,1882,4.8,3.5,2.5,9.1,12157.44,7396.35,0.459143181613825,0.4591431816138247,0.4621760163502513,0.9750000000000003,0.4621760163502517,0.459143181613825,0.9934379227196248,Crescente
2502607,PB,2019,6117,Igaracy,55214000,5148384,695,4.8,4.1,2.4,8.8,9026.32,7407.75,0.5652686248629497,0.5652686248629535,0.5692011586844598,0.9760000000000191,0.5692011586844596,0.5652686248629497,0.9930911352489181,Crescente
2502805,PB,2019,14122,Brejo do Cruz,128265000,10440488,1509,5.6,4.8,0.0,0.0,9082.64,6918.81,0.6398173030298729,0.6398173030298819,0.7991489900022476,1.0,0.6398173030298727,0.7991489900022475,0.800623301830205,Crescente
2502904,PB,2019,6449,Brejo dos Santos,54999000,4650043,529,4.8,4.0,2.8,3.5,8528.3,8790.25,0.5527581972322527,0.5527581972322452,0.555396179209648,0.9720000000000245,0.5553961792096485,0.5527581972322527,0.9952502698503449,Crescente
2503001,PB,2019,21828,Caaporã,364269000,21544139,3289,3.8,3.2,2.4,6.5,16688.15,6550.36,0.35878552671599584,0.35878552671599123,0.363196335081444,0.975999999999998,0.3631963350814441,0.35878552671599606,0.9878555812947312,Crescente
2503100,PB,2019,5611,Cabaceiras,58506000,5669667,666,6.1,5.1,0.0,3.1,10427.02,8513.01,0.5720608221704928,0.5720608221705241,0.682639565920798,1.0,0.5720608221704927,0.6826395659207983,0.8380129877160755,Crescente
2503209,PB,2019,67736,Cabedelo,2921992000,56401752,5133,5.1,4.5,0.6,0.8,43137.95,10988.07,0.1656319054583762,0.16563190545836426,0.23285588630492976,0.9940000000000154,0.16563190545837622,0.23285588630492976,0.711306499855785,Decrescente
2503308,PB,2019,10244,Cachoeira dos Índios,112016000,8393342,897,4.8,3.9,3.5,11.6,10934.79,9357.13,0.4578707229802108,0.45787072298018966,0.46331063390065846,0.9649999999999996,0.4633106339006583,0.4578707229802108,0.988258609834511,Crescente
2503407,PB,2019,3682,Cacimba de Areia,34861000,4391814,441,5.1,4.7,0.9,0.5,9467.95,9958.76,0.5271521680512439,0.527152168051244,0.6164625789414866,0.9949999999999997,0.5271521680512443,0.6164625789414863,0.8551243596268316,Crescente
2503506,PB,2019,17187,Cacimba de Dentro,133639000,13858131,1925,5.3,4.1,0.3,2.5,7775.59,7199.03,0.6729097289444451,0.6729097289444416,0.7405443614757304,0.9969999999999964,0.6729097289444449,0.7405443614757304,0.9086690331467714,Decrescente
2503555,PB,2019,7173,Cacimbas,57175000,8643241,1619,3.9,2.8,1.4,6.3,7970.86,5338.63,0.6666731125835014,0.666673112583492,0.6698708885306348,0.9860000000000002,0.6698708885306348,0.6666731125835015,0.9952262801654991,Crescente
2503605,PB,2019,7201,Caiçara,59261000,6626788,651,4.0,3.6,3.0,4.2,8229.55,10179.4,0.5348622446203751,0.5348622446204131,0.5437952257413811,0.9699999999999889,0.543795225741382,0.5348622446203732,0.9835728952772118,Crescente
2503704,PB,2019,61993,Cajazeiras,1128058000,34468840,4012,5.3,4.3,2.2,5.7,18196.54,8591.44,0.346673474287909,0.3466734742879096,0.34824140715578855,0.9780000000000006,0.3482414071557886,0.346673474287909,0.9954975691125147,Crescente
2503753,PB,2019,3193,Cajazeirinhas,35384000,6697791,449,5.4,4.9,0.4,1.6,11081.74,14917.13,0.4360088514424182,0.4360088514424164,0.4577361219725129,0.9959999999999998,0.43600885144241813,0.4577361219725129,0.9525331965577333,Decrescente
2503803,PB,2019,6014,Caldas Brandão,65813000,5367769,582,4.9,3.5,0.3,7.0,10943.3,9222.97,0.4718530874810354,0.4718530874810353,0.5365591174036327,0.9969999999999996,0.4718530874810355,0.5365591174036332,0.8794055905047244,Crescente
2503902,PB,2019,6013,Camalaú,59950000,6357719,943,5.5,4.6,0.4,4.0,9970.06,6742.01,0.5942661019022061,0.5942661019022016,0.6734695697032513,0.9959999999999984,0.5942661019022061,0.6734695697032511,0.8823948826137098,Crescente
2504009,PB,2019,409731,Campina Grande,9507632000,167518460,21421,5.5,4.6,0.2,0.4,23204.57,7820.29,0.3019828458471189,0.30198284584708945,0.4387340826972215,0.9980000000000108,0.3019828458471188,0.4387340826972216,0.6883049613802692,Crescente
2504033,PB,2019,6523,Capim,62122000,7675990,1001,4.3,4.2,1.2,2.6,9523.53,7668.32,0.5397278461236324,0.5397278461236311,0.5402030099336365,0.9880000000000034,0.540203009933636,0.5397278461236328,0.999120397700001,Crescente
2504074,PB,2019,4162,Caraúbas,39057000,4081405,513,4.6,4.9,1.9,6.1,9384.19,7955.96,0.5842772999457431,0.584277299945743,0.5872217405456162,0.9809999999999999,0.5872217405456162,0.584277299945743,0.9949858113271874,Crescente
2504108,PB,2019,2659,Carrapateira,27408000,3954762,348,5.9,4.2,0.0,2.3,10307.63,11364.26,0.5075842438102378,0.507584243810238,0.5906123749246786,1.0,0.5075842438102379,0.5906123749246937,0.85942026506805,Crescente
2504157,PB,2019,7468,Casserengue,61165000,7982031,1102,4.7,3.1,0.7,4.3,8190.28,7243.22,0.6043832133156829,0.6043832133156806,0.6122573206832523,0.9930000000000024,0.6043832133156831,0.6122573206832522,0.9871392189173299,Crescente
2504207,PB,2019,4932,Catingueira,45261000,6068363,657,4.0,3.9,0.5,6.2,9177.01,9236.47,0.5092075361431236,0.50920753614312,0.5343439579895587,0.9950000000000049,0.5092075361431244,0.5343439579895585,0.9529583492606344,Crescente
2504306,PB,2019,30546,Catolé do Rocha,438050000,16933663,2341,4.5,3.7,3.8,7.9,14340.67,7233.52,0.39107480828786506,0.39107480828786245,0.400789362822266,0.9620000000000014,0.40078936282226607,0.39107480828786506,0.9757614461970914,Crescente
2504355,PB,2019,4852,Caturité,52203000,6359541,654,4.4,3.7,1.4,0.8,10759.07,9724.07,0.4590631316747791,0.45906313167477386,0.5448350792568901,0.9920000000000027,0.4590631316747788,0.5448350792568903,0.8425726410658123,Crescente
2504405,PB,2019,18982,Conceição,180181000,14557300,1604,4.6,3.7,0.6,4.8,9492.2,9075.62,0.5014482765583953,0.5014482765583995,0.5173525829339234,0.9939999999999974,0.5014482765583955,0.5173525829339233,0.9692582836151427,Crescente
2504504,PB,2019,6654,Condado,60220000,5557733,820,4.7,3.9,1.3,0.3,9050.2,6777.72,0.5835444855316892,0.5835444855316859,0.7237094324600748,0.9970000000000179,0.5835444855316889,0.7237094324600747,0.806324277891572,Crescente
2504603,PB,2019,24670,Conde,809844000,31718141,4303,5.3,4.6,0.3,1.3,32827.08,7371.17,0.22807541404740944,0.22807541404741188,0.3505128077390572,0.9969999999999993,0.22807541404740972,0.3505128077390573,0.650690670958884,Crescente
2504702,PB,2019,4786,Congo,51456000,4917441,585,5.7,5.2,0.0,0.0,10751.36,8405.88,0.5498493655558571,0.5498493655558632,0.6806268673934874,1.0,0.5498493655558567,0.6806268673934921,0.8078572737828397,Crescente
2504801,PB,2019,15445,Coremas,142401000,13721834,1317,3.9,3.6,3.4,6.2,9219.88,10419.01,0.47171202985929833,0.4717120298592735,0.48538484231898754,0.9660000000000186,0.4853848423189875,0.47171202985929833,0.9718309859154941,Crescente
2505006,PB,2019,7797,Cubati,66083000,5956460,1125,5.5,4.9,0.0,0.9,8475.44,5294.63,0.7204592733391395,0.7204592733391392,0.9748581998565202,1.0,0.7204592733391392,0.9748581998565202,0.7390400711048816,Decrescente
2505105,PB,2019,20338,Cuité,209907000,16509813,1458,6.1,4.0,0.0,1.3,10320.93,11323.6,0.5186353854585178,0.5186353854585182,0.5963759071545319,1.0,0.518635385458518,0.5963759071545318,0.8696451000729811,Crescente
2505204,PB,2019,6803,Cuitegi,63757000,6784215,867,3.5,3.6,2.5,5.8,9371.89,7824.93,0.5228443822775591,0.5228443822775559,0.5319969357970515,0.974999999999999,0.5319969357970514,0.5228443822775596,0.9827958529389276,Crescente
2505303,PB,2019,2516,Curral Velho,23362000,3369767,263,5.1,3.8,2.0,5.7,9285.37,12812.8,0.4997393153261203,0.4997393153261303,0.5039275874374526,0.9799999999998774,0.5039275874374527,0.4997393153261203,0.9916887421610905,Crescente
2505600,PB,2019,6552,Diamante,55005000,3766126,472,4.7,4.1,3.4,10.6,8395.15,7979.08,0.5678543014731228,0.5678543014731443,0.5745832396864342,0.9660000000000041,0.5745832396864344,0.5678543014731228,0.9882890106279751,Crescente
2505709,PB,2019,10453,Dona Inês,82106000,9636858,1478,6.5,4.3,0.0,4.2,7854.78,6520.2,0.7863908289490901,0.78639082894909,0.9247655098122544,1.0,0.7863908289490902,0.9247655098122547,0.850367818225339,Crescente
2505907,PB,2019,3522,Emas,34101000,3451404,342,4.6,4.8,3.1,4.3,9682.28,10091.82,0.5146178059425994,0.5146178059425985,0.5198291000810344,0.9689999999999983,0.5198291000810356,0.5146178059425994,0.9899749857450793,Crescente
2506004,PB,2019,33007,Esperança,440224000,23041586,3597,5.8,4.6,0.2,0.3,13337.29,6405.78,0.5026810949233272,0.5026810949233729,0.6699075439954426,0.9980000000000037,0.5026810949233267,0.6699075439954427,0.7503738380452497,Crescente
2506103,PB,2019,11253,Fagundes,93281000,11412765,1185,4.0,2.5,1.2,8.0,8289.43,9631.03,0.536608280748386,0.5366082807483985,0.5398670354897727,0.9879999999999995,0.5398670354897728,0.5366082807483853,0.9939637826961776,Crescente
2506202,PB,2019,2989,Frei Martinho,29974000,2528083,347,6.1,3.4,0.0,0.0,10028.1,7285.54,0.619154848110896,0.6191548481108942,0.8120582492366721,1.0,0.6191548481108956,0.8120582492366725,0.762451275746409,Crescente
2506251,PB,2019,8316,Gado Bravo,66691000,10460007,1214,4.8,3.9,0.6,3.1,8019.6,8616.15,0.5812109788294679,0.5812109788293652,0.5813368291593862,0.9939999999999626,0.5812109788294686,0.581336829159387,0.9997835156425574,Crescente
2506301,PB,2019,58833,Guarabira,1086632000,29261964,3851,4.5,3.9,2.1,5.1,18469.77,7598.54,0.3221380915848282,0.3221380915848289,0.3251679429223784,0.9790000000000022,0.32516794292237833,0.32213809158482826,0.990682195451618,Crescente
2506509,PB,2019,3428,Gurjão,32357000,4477219,435,5.9,4.4,0.5,6.5,9439.03,10292.46,0.5556980771096738,0.5556980771096777,0.5557174369709541,0.9949999999999761,0.5557174369709539,0.5556980771096741,0.9999651624009032,Crescente
2506608,PB,2019,5929,Ibiara,49677000,4765549,508,5.2,4.4,0.6,3.3,8378.65,9381.0,0.5733533993066141,0.5733533993066133,0.5734942800958083,0.9940000000000001,0.5734942800958085,0.5733533993066136,0.9997543466533431,Crescente
2506707,PB,2019,11819,Imaculada,83883000,13845431,1373,4.4,3.5,1.2,3.3,7097.3,10084.07,0.6267421104763932,0.6267421104763783,0.630548236653375,0.9880000000000011,0.630548236653375,0.626742110476393,0.9939637826961776,Crescente
2506806,PB,2019,18103,Ingá,179280000,13386162,1659,4.7,3.4,1.1,5.2,9903.33,8068.81,0.5131298232330853,0.5131298232330795,0.5137962858353227,0.9889999999999943,0.5137962858353229,0.5131298232330851,0.9987028660568189,Crescente
2506905,PB,2019,24477,Itabaiana,308011000,11010400,914,4.3,3.4,1.8,8.0,12583.69,12046.39,0.373516004993791,0.37351600499378895,0.3776810284670551,0.9820000000000013,0.377681028467055,0.373516004993791,0.988972113610871,Crescente
2507002,PB,2019,24692,Itaporanga,299852000,11349479,1345,4.5,4.2,1.6,1.6,12143.69,8438.27,0.44632948447493326,0.4463294844749643,0.48379826922260794,0.9839999999999999,0.44632948447493326,0.48379826922260927,0.9225528755861788,Crescente
2507101,PB,2019,18664,Itapororoca,182845000,16223788,1824,4.4,3.8,1.7,7.8,9796.67,8894.62,0.4896744173265743,0.4896744173265806,0.4944586611879392,0.9830000000000035,0.49445866118793913,0.4896744173265743,0.9903242793849122,Crescente
2507200,PB,2019,10962,Itatuba,124482000,9064800,1160,4.5,3.5,1.0,3.6,11355.77,7814.48,0.4660963232802324,0.466096323280232,0.46651426324799405,0.9900000000000093,0.46651426324799383,0.4660963232802325,0.9991041217800034,Crescente
2507309,PB,2019,14431,Jacaraú,135502000,15688395,2135,4.9,3.6,1.5,7.2,9389.65,7348.19,0.5607445169010385,0.5607445169010389,0.5623837323979523,0.9849999999999997,0.5623837323979518,0.5607445169010385,0.99708523664096,Crescente
2507408,PB,2019,7739,Jericó,68120000,6474335,557,4.7,3.5,4.6,11.9,8802.17,11623.58,0.5010413986187405,0.5010413986187404,0.513053351674965,0.9539999999999995,0.513053351674965,0.5010413986187405,0.9765873217336772,Crescente
2507507,PB,2019,809015,João Pessoa,20846014000,371066847,41634,5.4,4.3,1.5,3.0,25767.15,8912.59,0.2643055027100684,0.26430550271006786,0.2645910476090187,0.9849999999999997,0.2645910476090186,0.2643055027100684,0.9989208066503739,Crescente
2507606,PB,2019,7936,Juarez Távora,62263000,7533598,1004,4.4,3.2,3.5,10.1,7845.64,7503.58,0.5889208252097397,0.5889208252097398,0.6059744759469785,0.9650000000000011,0.6059744759469784,0.5889208252097397,0.9718574768176688,Crescente
2507705,PB,2019,18171,Juazeirinho,184579000,14687185,2395,4.7,4.4,1.5,0.1,10157.89,6132.44,0.5742598412536519,0.5742598412536725,0.7518333664960657,0.9989999999999897,0.5742598412536515,0.7518333664960658,0.763812656958817,Crescente
2507804,PB,2019,7150,Junco do Seridó,72918000,5578216,707,4.0,4.0,0.5,1.4,10198.32,7889.98,0.5069593147164205,0.5069593147164243,0.569615233920014,0.9950000000000017,0.5069593147164203,0.5696152339200125,0.8900030837089731,Crescente
2507903,PB,2019,10756,Juripiranga,103485000,9837249,1040,4.9,4.6,0.0,2.6,9621.14,9458.89,0.5240426834665395,0.5240426834665391,0.6527715497628849,1.0,0.5240426834665395,0.6527715497628842,0.8027964510047882,Crescente
2508000,PB,2019,9867,Juru,75825000,9574892,1103,5.3,4.8,0.9,2.4,7684.71,8680.77,0.6325611368119836,0.6325611368119856,0.6334360101161528,0.991,0.6334360101161528,0.6325611368119836,0.9986188450132337,Crescente
2508208,PB,2019,7719,Lagoa de Dentro,74351000,9843625,961,4.3,3.1,1.2,4.7,9632.21,10243.11,0.4714786507996441,0.4714786507996434,0.47417544119847743,0.9880000000000009,0.47417544119847665,0.47147865079964413,0.9943126738238125,Crescente
2508307,PB,2019,27503,Lagoa Seca,280830000,19418392,3194,5.3,3.3,0.9,4.4,10210.89,6079.65,0.5867956207355569,0.5867956207355562,0.5895916685597589,0.9910000000000004,0.586795620735557,0.5895916685597591,0.9952576537741246,Crescente
2508406,PB,2019,2737,Lastro,26142000,3969800,469,5.2,3.9,0.8,6.0,9551.33,8464.39,0.5490141658140113,0.5490141658140076,0.549223839631248,0.992,0.5492238396312482,0.5490141658140114,0.9996182361323255,Crescente
2508505,PB,2019,7256,Livramento,58078000,7559953,1188,5.9,4.3,0.8,7.4,8004.13,6363.6,0.7340265593937102,0.7340265593937105,0.7342220672713115,0.9920000000000004,0.7342220672713113,0.7340265593937102,0.9997337210548195,Crescente
2508554,PB,2019,4332,Logradouro,41638000,5212302,518,5.3,4.4,1.0,3.1,9611.73,10062.36,0.5183576035082977,0.5183576035082947,0.5192406809595259,0.9900000000000025,0.5192406809595259,0.5183576035082977,0.9982992907073531,Crescente
2508604,PB,2019,13080,Lucena,181993000,11838953,2040,4.5,4.2,1.0,2.6,13913.84,5803.41,0.443859495807995,0.4438594958079961,0.470672692682891,0.9900000000000001,0.44385949580799494,0.4706726926828911,0.9430321807665162,Crescente
2508703,PB,2019,4009,Mãe d'Água,33679000,5026556,524,4.8,3.0,1.7,4.1,8400.85,9592.66,0.5388741315446042,0.5388741315446042,0.5424184030217952,0.9829999999999989,0.5424184030217937,0.5388741315446048,0.9934657978832465,Crescente
2508802,PB,2019,5759,Malta,53655000,5440212,711,5.6,5.0,0.0,0.0,9316.72,7651.49,0.6101015302222018,0.610101530222208,0.7354196954254492,1.0,0.6101015302222014,0.7354196954254482,0.8295963978354574,Crescente
2508901,PB,2019,44882,Mamanguape,689371000,29347573,4215,4.6,3.3,1.4,10.0,15359.63,6962.65,0.38280490145298046,0.38280490145298024,0.3832533292042808,0.9859999999999984,0.38325332920428085,0.3828049014529806,0.9988299442767232,Crescente
2509008,PB,2019,10955,Manaíra,79276000,10297835,1362,5.1,3.8,1.3,1.0,7236.51,7560.82,0.678203691792687,0.6782036917926383,0.7614070852570364,0.9899999999998946,0.6782036917926885,0.7614070852570365,0.8907241670383702,Crescente
2509057,PB,2019,8558,Marcação,80691000,10330961,1055,2.8,3.2,4.5,9.2,9428.72,9792.38,0.46993122091459183,0.4699312209145902,0.4888721429957942,0.9549999999999976,0.4888721429957942,0.46993122091459183,0.9612558777329121,Crescente
2509107,PB,2019,21837,Mari,216414000,14629500,1714,4.2,2.9,2.8,10.8,9910.43,8535.3,0.4876689972760962,0.48766899727609775,0.49783611052513227,0.9719999999999999,0.49783611052513166,0.4876689972760962,0.979577388955752,Crescente
2509156,PB,2019,6617,Marizópolis,69767000,7141970,862,4.5,3.7,3.8,4.3,10543.6,8285.35,0.47358293445585115,0.47358293445584887,0.4823768621364868,0.9619999999999981,0.4823768621364869,0.47358293445585103,0.9817695906024875,Crescente
2509206,PB,2019,13918,Massaranduba,113385000,12082602,1450,4.8,3.9,0.4,0.9,8146.64,8332.83,0.5871648534005548,0.5871648534004108,0.6830510652544601,0.996000000000088,0.5871648534005546,0.6830510652544599,0.859620727158687,Crescente
2509305,PB,2019,8434,Mataraca,204886000,10083710,1207,4.0,3.3,1.9,2.9,24292.86,8354.36,0.2541986274971519,0.25419862749715866,0.2555562782467713,0.9810000000000018,0.25555627824677135,0.2541986274971517,0.994687468611871,Crescente
2509339,PB,2019,4500,Matinhas,49239000,4660230,587,4.4,3.2,1.0,9.1,10942.0,7939.06,0.47598197633647976,0.4759819763364783,0.4765599906138888,0.9899999999999984,0.4765599906138899,0.4759819763364789,0.9987871111952464,Crescente
2509370,PB,2019,2908,Mato Grosso,27427000,3686972,310,5.4,4.3,3.0,1.4,9431.57,11893.46,0.5110387855131373,0.5110387855131365,0.5497178036849983,0.986,0.5110387855131369,0.5497178036849982,0.9296384109945527,Crescente
2509396,PB,2019,6569,Maturéia,54064000,7227972,999,5.2,4.4,0.5,1.7,8230.17,7235.21,0.6403541849548542,0.6403541849548541,0.6784295933697174,0.9950000000000001,0.6403541849548544,0.6784295933697176,0.9438771409930026,Crescente
2509404,PB,2019,13284,Mogeiro,135376000,11046016,1622,4.7,3.9,1.4,6.1,10190.91,6810.12,0.5296286959717037,0.5296286959717068,0.5307296000244542,0.9859999999999952,0.5307296000244542,0.5296286959717037,0.997925678061484,Crescente
2509503,PB,2019,5669,Montadas,48751000,5669320,953,6.1,4.1,0.3,4.2,8599.58,5948.92,0.7299245598726471,0.7299245598726474,0.8151901887520817,0.9969999999999998,0.7299245598726473,0.8151901887520818,0.8954040050335226,Crescente
2509701,PB,2019,33222,Monteiro,576911000,25532828,3547,6.4,5.2,0.1,0.4,17365.33,7198.43,0.43946032238993116,0.43946032238996724,0.5922567146679871,0.9989999999999972,0.4394603223899309,0.5922567146679871,0.7420098607683798,Decrescente
2509800,PB,2019,9902,Mulungu,81247000,7093967,728,4.4,3.3,1.8,3.6,8205.11,9744.46,0.5398152481514265,0.5398152481514179,0.5454149913895109,0.981999999999967,0.5454149913895115,0.5398152481514267,0.9897330595482563,Crescente
2509909,PB,2019,10454,Natuba,85890000,10008822,1030,5.2,3.8,0.9,2.4,8215.99,9717.3,0.5738124399887358,0.5738124399887349,0.5744830413713905,0.991,0.5744830413713898,0.5738124399887369,0.9988326872433799,Crescente
2510105,PB,2019,10638,Nova Floresta,88924000,6206402,733,5.3,3.3,0.2,4.2,8359.09,8467.12,0.60562562679958,0.6056256267995814,0.6866027950253053,0.9979999999999992,0.6056256267995795,0.6866027950253079,0.882061114792373,Crescente
2510204,PB,2019,5949,Nova Olinda,51579000,6085870,689,3.9,3.6,0.6,3.8,8670.2,8832.9,0.5359169815064058,0.535916981506407,0.5448604989568456,0.9940000000000073,0.5359169815064067,0.5448604989568454,0.9835856747414016,Crescente
2510303,PB,2019,4906,Nova Palmeira,43449000,3749196,488,5.3,4.1,1.1,1.5,8856.3,7682.78,0.6049780205567259,0.6049780205567273,0.6376308093983099,0.9889999999999969,0.6049780205567259,0.6376308093983096,0.9487904468223607,Crescente
2510402,PB,2019,6526,Olho d'Água,54960000,5489602,745,4.8,3.4,2.3,13.3,8421.7,7368.59,0.5930252879211546,0.5930252879211548,0.5969997451008153,0.9769999999999999,0.5969997451008152,0.5930252879211546,0.9933426149470306,Crescente
2510501,PB,2019,3932,Olivedos,38411000,5568708,518,5.8,4.4,0.0,1.2,9768.82,10750.4,0.5305464578028967,0.5305464578028808,0.6210167610218664,1.0,0.530546457802896,0.6210167610218672,0.8543190636753454,Crescente
2510709,PB,2019,2419,Passagem,23848000,3476470,341,4.7,3.9,0.0,5.9,9858.62,10194.93,0.47541154035300165,0.4754115403530005,0.6128718332566309,1.0,0.47541154035300176,0.612871833256631,0.7757111920559256,Crescente
2510808,PB,2019,107605,Patos,1914109000,45310718,7052,5.1,3.8,0.4,2.6,17788.29,6425.23,0.3685445431139139,0.36854454311397156,0.49617947067170487,0.9960000000000858,0.3685445431139132,0.49617947067170504,0.7427645940590716,Crescente
2510907,PB,2019,12347,Paulista,137826000,10141785,1430,5.6,4.9,0.2,1.2,11162.71,7092.16,0.5467013123088101,0.5467013123088105,0.673523921725867,0.9979999999999997,0.5467013123088101,0.6735239217258674,0.8117028878616798,Crescente
2511004,PB,2019,3801,Pedra Branca,32176000,4312503,433,4.6,4.1,0.0,2.8,8465.14,9959.59,0.5318521866520696,0.5318521866520696,0.7066545857481336,1.0,0.5318521866520696,0.7066545857481334,0.7526338856048022,Crescente
2511103,PB,2019,7843,Pedra Lavrada,71904000,6854577,883,6.1,4.4,0.2,2.8,9167.92,7762.83,0.6422176861972079,0.6422176861972075,0.7065792618470522,0.9980000000000003,0.6422176861972078,0.7065792618470523,0.9089110321726706,Crescente
2511202,PB,2019,28458,Pedras de Fogo,414401000,26789086,4010,5.2,3.7,1.8,5.5,14561.85,6680.57,0.4317252758679654,0.43172527586796544,0.4329542455324717,0.9819999999999994,0.4329542455324722,0.4317252758679652,0.9971614329292583,Crescente
2511301,PB,2019,16075,Piancó,189520000,9943920,1134,4.4,4.0,0.8,5.2,11789.74,8768.89,0.43922702040960787,0.4392270204096136,0.4471331709733963,0.991999999999983,0.43922702040960787,0.4471331709733961,0.9823181300850998,Crescente
2511400,PB,2019,18703,Picuí,192775000,16814563,2448,6.0,4.9,0.0,1.4,10307.17,6868.69,0.6100200601489618,0.6100200601489489,0.7825620589591982,1.0,0.6100200601489617,0.7825620589591982,0.7795165292836763,Decrescente
2511509,PB,2019,11917,Pilar,103679000,8569215,1000,5.0,3.8,0.5,0.0,8700.09,8569.22,0.5728647208317033,0.5728647208317067,0.708301526387687,1.0,0.5728647208317016,0.7083015263876867,0.8087865118028099,Crescente
2511608,PB,2019,6635,Pilões,74876000,6086525,1005,4.2,3.1,2.3,10.7,11285.0,6056.24,0.4954878459364289,0.49548784593642736,0.5018295410923735,0.9770000000000001,0.5018295410923734,0.49548784593642886,0.9873628500583282,Crescente
2511707,PB,2019,4976,Pilõezinhos,49336000,4270801,785,4.3,3.2,0.5,3.2,9914.79,5440.51,0.5711476939325447,0.5711476939325439,0.6606549038024649,0.9950000000000008,0.571147693932545,0.6606549038024648,0.864517451766796,Crescente
2512002,PB,2019,18564,Pocinhos,242455000,16765901,2726,5.1,3.9,1.1,4.7,13060.49,6150.37,0.47447088742146887,0.4744708874214658,0.47447596136018005,0.9890000000000037,0.4744759613601798,0.4744708874214688,0.9999893062259748,Crescente
2512036,PB,2019,3888,Poço Dantas,36982000,6946387,730,5.0,2.8,1.6,4.3,9511.83,9515.6,0.5136601897390087,0.5136601897390087,0.5157335734086693,0.9840000000000038,0.5157335734086694,0.5136601897390087,0.9959797388097951,Crescente
2512077,PB,2019,4307,Poço de José de Moura,41563000,6161602,526,5.3,4.7,1.2,3.0,9650.1,11714.07,0.4914047643706983,0.49140476437069786,0.4933357937834578,0.9879999999999979,0.49333579378345793,0.4914047643706986,0.9960857707121752,Crescente
2512101,PB,2019,32801,Pombal,415781000,22084343,2764,6.8,4.7,0.2,2.4,12675.86,7989.99,0.5468772438568916,0.5468772438568918,0.6334051253419741,0.9979999999999994,0.5468772438568917,0.6334051253419741,0.8633925144853126,Decrescente
2512309,PB,2019,23345,Princesa Isabel,251496000,11214540,1642,6.5,5.4,0.1,0.3,10773.01,6829.81,0.6241441039912654,0.624144103991273,0.7749890254365789,0.9989999999999948,0.6241441039912656,0.774989025436579,0.8053586354202408,Crescente
2512507,PB,2019,43967,Queimadas,508783000,32509772,4851,5.7,4.7,0.8,1.8,11571.93,6701.66,0.5453624889732324,0.5453624889732317,0.5652202185168943,0.9919999999999991,0.5453624889732324,0.5652202185168943,0.9648672696179066,Decrescente
2512705,PB,2019,19621,Remígio,174139000,14968302,2207,4.8,2.9,0.9,7.2,8875.13,6782.19,0.5922302772029011,0.5922302772029008,0.5923968830781672,0.9910000000000002,0.5923968830781668,0.5922302772029012,0.9997187597031227,Crescente
2512721,PB,2019,6089,Pedro Régis,49891000,5695802,651,4.3,4.0,2.4,5.4,8193.63,8749.31,0.5466276655000296,0.546627665500029,0.5565291775232075,0.976000000000001,0.5565291775232053,0.54662766550003,0.9822084583826425,Crescente
2512754,PB,2019,4521,Riachão do Bacamarte,45204000,5848473,565,4.8,3.7,0.6,2.9,9998.67,10351.28,0.4729908613079339,0.47299086130797025,0.4760686926852161,0.9939999999999845,0.47299086130793394,0.47606869268521557,0.9935349006885497,Crescente
2512762,PB,2019,4509,Riachão do Poço,47441000,6529333,712,4.6,3.6,1.3,5.7,10521.4,9170.41,0.4659129659766452,0.46591296597664217,0.4670088505772049,0.9869999999999995,0.46700885057720515,0.4659129659766452,0.997653396505858,Crescente
2512788,PB,2019,1948,Riacho de Santo Antônio,26247000,3199671,318,4.4,3.3,3.5,7.4,13473.82,10061.86,0.37339276183875303,0.37339276183875253,0.3835986566446499,0.9649999999999778,0.3835986566446499,0.37339276183875303,0.9733943416403795,Crescente
2512804,PB,2019,8526,Riacho dos Cavalos,82052000,8445470,794,4.7,4.2,1.0,0.4,9623.74,10636.61,0.478522170528909,0.47852217052889834,0.5975310627410522,0.9960000000000009,0.4785221705289082,0.5975310627410523,0.8008322920214155,Crescente
2512903,PB,2019,24176,Rio Tinto,266761000,18462624,2278,4.4,2.6,2.4,7.4,11034.12,8104.75,0.46355700885251766,0.46355700885251777,0.4708124733636875,0.9760000000000001,0.4708124733636878,0.4635570088525177,0.9845894811169007,Crescente
2513158,PB,2019,6558,Santa Cecília,54403000,7905203,1040,5.0,4.0,0.8,2.5,8295.67,7601.16,0.6104013366149567,0.610401336615207,0.6106564680090639,0.9919999999999862,0.6106564680090641,0.610401336614956,0.9995822014381686,Crescente
2513208,PB,2019,6583,Santa Cruz,56360000,3856141,413,6.0,3.9,0.0,2.0,8561.45,9336.9,0.620255169773618,0.6202551697736184,0.7178776499017234,1.0,0.620255169773618,0.7178776499017233,0.8640123701560151,Crescente
2513307,PB,2019,5889,Santa Helena,53391000,5930790,609,5.9,5.4,0.3,4.8,9066.23,9738.57,0.5883607382812523,0.5883607382812521,0.6181352939545575,0.9970000000000013,0.5883607382812525,0.6181352939545562,0.9518316524480901,Crescente
2513356,PB,2019,3595,Santa Inês,31237000,4931051,402,4.6,3.9,2.9,10.9,8689.01,12266.3,0.5080702476413058,0.5080702476413095,0.5150402635052785,0.9709999999999993,0.5150402635052784,0.5080702476413058,0.9864670466410995,Crescente
2513406,PB,2019,15382,Santa Luzia,224905000,7954110,844,4.6,4.4,1.0,0.9,14621.31,9424.3,0.3900334267712901,0.39003342677129305,0.44573888418409874,0.9910000000000068,0.39003342677129044,0.4457388841840987,0.8750267042221939,Crescente
2513505,PB,2019,5162,Santana de Mangueira,43959000,6227654,643,4.8,4.3,0.6,7.1,8515.89,9685.31,0.5356202018523273,0.5356202018523583,0.5356985467042916,0.994000000000017,0.5356985467042907,0.5356202018523282,0.9998537519796417,Crescente
2513604,PB,2019,7031,Santana dos Garrotes,56925000,5058009,747,4.7,3.3,0.4,5.7,8096.29,6771.1,0.6240810121306847,0.6240810121306828,0.6973036570071589,0.9960000000000068,0.6240810121306845,0.6973036570071582,0.8949917383328416,Crescente
2513653,PB,2019,2636,Joca Claudino,28513000,4820826,370,5.6,3.2,0.5,3.6,10816.77,13029.26,0.4513085101262879,0.45130851012629636,0.4514395891868087,0.9950000000000001,0.45143958918681026,0.4513085101262866,0.9997096420791165,Crescente
2513703,PB,2019,136586,Santa Rita,2568775000,66735364,9780,3.9,3.2,6.6,8.8,18807.02,6823.66,0.309242903300399,0.3092429033003996,0.3270100787936423,0.9339999999999997,0.32701007879364236,0.309242903300399,0.9456678046169483,Crescente
2513802,PB,2019,4573,Santa Teresinha,44868000,5173722,465,5.4,4.7,0.0,0.0,9811.5,11126.28,0.5026793831406409,0.5026793831406462,0.6108772019229126,1.0,0.5026793831406405,0.6108772019229126,0.8228812297435756,Decrescente
2513851,PB,2019,2521,Santo André,26240000,3298110,380,5.2,5.4,0.0,3.4,10408.57,8679.24,0.5657271239234668,0.5657271239234682,0.6811801344476743,1.0,0.5657271239234667,0.6811801344476744,0.8305103089686826,Crescente
2513901,PB,2019,34031,São Bento,475598000,31113668,3472,5.0,4.4,2.0,6.5,13975.43,8961.31,0.40424948946853906,0.40424948946853734,0.40620593266232125,0.9800000000000014,0.406205932662321,0.40424948946853906,0.9951836173810672,Crescente
2513927,PB,2019,4529,São Bentinho,48814000,5375788,561,5.1,4.6,0.4,1.3,10778.1,9582.51,0.4865373631793048,0.4865373631793054,0.5342184295984589,0.9960000000000011,0.4865373631793055,0.5342184295984592,0.9107461222275817,Crescente
2513943,PB,2019,2615,São Domingos do Cariri,24657000,4390509,316,6.2,4.4,0.6,3.6,9429.06,13894.02,0.543149955439467,0.543149955439467,0.5438373632371757,0.9939999999999997,0.5438373632371759,0.543149955439467,0.9987360048349438,Crescente
2513968,PB,2019,3073,São Domingos,29978000,4192927,370,5.2,4.5,0.5,0.6,9755.29,11332.24,0.48855520093463306,0.4885552009346252,0.5783298481762592,0.9949999999999972,0.4885552009346361,0.5783298481762581,0.8447691269528504,Crescente
2513984,PB,2019,3392,São Francisco,35072000,4300989,451,5.7,5.4,0.0,0.0,10339.62,9536.56,0.5510436201525688,0.55104362015256,0.643259788627522,1.0,0.5510436201525688,0.6432597886275221,0.8566424170991501,Crescente
2514008,PB,2019,4199,São João do Cariri,44397000,4762650,453,5.0,4.4,0.0,3.0,10573.23,10513.58,0.4662703734479158,0.4662703734479193,0.586495702409408,1.0,0.4662703734479158,0.5864957024094073,0.7950107247715722,Crescente
2514107,PB,2019,4422,São João do Tigre,35335000,5157779,719,5.0,4.8,0.0,1.2,7990.73,7173.55,0.6698237757019877,0.6698237757019855,0.8220517967261917,1.0,0.6698237757019877,0.8220517967261907,0.8148194291035556,Crescente
2514206,PB,2019,7630,São José da Lagoa Tapada,62359000,5795097,920,5.1,4.0,2.1,8.2,8172.87,6299.02,0.6611090531960796,0.6611090531960857,0.6646645405196476,0.9789999999999992,0.6646645405196476,0.6611090531960796,0.9946507040667638,Crescente
2514305,PB,2019,6359,São José de Caiana,47852000,6496686,659,5.8,4.4,1.2,5.3,7525.08,9858.4,0.6570087914400834,0.6570087914400741,0.659754294459839,0.9879999999999961,0.659754294459839,0.6570087914400834,0.9958385977282597,Crescente
2514404,PB,2019,4682,São José de Espinharas,45088000,5618948,408,4.3,4.6,0.5,0.6,9630.07,13771.93,0.4919474290989405,0.49194742909892897,0.5860926990093195,0.995000000000001,0.4919474290989404,0.5860926990093194,0.8393679531079059,Crescente
2514453,PB,2019,5957,São José dos Ramos,48449000,5614519,681,4.7,3.6,1.0,6.2,8133.12,8244.52,0.5781975993974543,0.5781975993974515,0.5790570934505709,0.9900000000000019,0.5790570934505708,0.5781975993974546,0.998515700674704,Crescente
2514503,PB,2019,20251,São José de Piranhas,204438000,15277273,1618,5.2,3.7,1.2,6.8,10095.21,9442.07,0.508691909065548,0.5086919090655483,0.5097990697799342,0.988000000000002,0.5097990697799342,0.508691909065548,0.9978282410070616,Crescente
2514602,PB,2019,3557,São José do Bonfim,29332000,3929340,484,5.0,4.7,0.4,0.0,8246.27,8118.47,0.6228013026825875,0.6228013026825658,0.7641710185129741,1.0,0.6228013026825882,0.7641710185129733,0.8150025159217859,Crescente
2514651,PB,2019,1801,São José do Brejo do Cruz,25235000,4041659,267,4.7,4.6,0.0,4.1,14011.66,15137.3,0.3463264971665518,0.3463264971665736,0.4304216833389687,1.0,0.3463264971665515,0.4304216833389688,0.8046213993680479,Crescente
2514701,PB,2019,4141,São José do Sabugi,94219000,5726656,471,5.3,5.2,0.4,0.0,22752.72,12158.51,0.2908384974149508,0.29083849741495443,0.46192149719478,1.0,0.290838497414951,0.4619214971947802,0.629627543167388,Crescente
2514909,PB,2019,7724,São Mamede,70042000,8186510,878,6.1,4.0,0.4,4.7,9068.1,9324.04,0.6046499008076396,0.6046499008076389,0.6091758409483448,0.9960000000000011,0.6046499008076393,0.6091758409483449,0.9925703879955919,Crescente
2515104,PB,2019,11661,São Sebastião de Lagoa de Roça,94617000,7495459,1148,5.2,3.5,0.4,18.6,8113.97,6529.15,0.6689278061488415,0.668927806148842,0.7351701784285192,0.9960000000000011,0.6689278061488418,0.7351701784285198,0.9098951858720988,Crescente
2515203,PB,2019,3489,São Sebastião do Umbuzeiro,32818000,3994464,458,5.6,4.2,0.0,2.0,9406.13,8721.54,0.5754368705576226,0.5754368705576248,0.6911518840223618,1.0,0.5754368705576228,0.6911518840223618,0.8325765781157947,Decrescente
2515302,PB,2019,52625,Sapé,609459000,27313877,4118,4.5,4.0,0.6,4.9,11581.17,6632.8,0.48311125400702515,0.48311125400701876,0.552061932790194,0.9940000000000001,0.4831112540070247,0.5520619327901942,0.8751033630689169,Crescente
2515500,PB,2019,13699,Serra Branca,130601000,6492218,1098,4.8,4.1,0.8,2.0,9533.62,5912.77,0.5872046246707503,0.587204624670754,0.61648160420186,0.9920000000000035,0.5872046246707501,0.6164816042018599,0.95250956503558,Crescente
2515609,PB,2019,3148,Serra da Raiz,33045000,4488782,251,4.7,4.3,0.0,7.5,10497.14,17883.59,0.4360022727632963,0.43600227276331016,0.5700855979184174,1.0,0.4360022727632965,0.570085597918417,0.7648014164106121,Crescente
2515708,PB,2019,2909,Serra Grande,27992000,3735995,527,6.5,4.7,1.7,5.5,9622.55,7089.17,0.6631259461997924,0.6631259461997921,0.665392914051474,0.9829999999999999,0.6653929140514742,0.6631259461997924,0.9965930387838391,Crescente
2515807,PB,2019,7041,Serra Redonda,64517000,4680510,583,4.1,2.5,0.8,7.7,9163.05,8028.32,0.5350713093439701,0.5350713093439758,0.5352733121687319,0.9919999999999982,0.5352733121687308,0.5350713093439708,0.9996226174177387,Crescente
2515930,PB,2019,5024,Sertãozinho,48449000,5589792,631,4.6,3.9,1.7,2.9,9643.51,8858.62,0.4994362068051563,0.49943620680515505,0.5002291093546123,0.9829999999999975,0.5002291093546121,0.49943620680515655,0.9984149212138435,Crescente
2515971,PB,2019,7783,Sobrado,94273000,8498636,1201,4.8,3.2,0.8,3.4,12112.68,7076.3,0.4692738533196858,0.4692738533196853,0.4973760188970204,0.9919999999999991,0.46927385331968585,0.49737601889702027,0.9434991545437718,Crescente
2516102,PB,2019,14989,Soledade,177928000,9531580,1819,4.6,4.2,0.5,0.9,11870.57,5240.01,0.516777450989226,0.5167774509892207,0.6459241229441995,0.994999999999992,0.5167774509892268,0.6459241229441994,0.8000590667425339,Crescente
2516151,PB,2019,3555,Sossêgo,34134000,4412112,552,4.9,4.4,1.5,6.6,9601.69,7992.96,0.5415532392036211,0.5415532392036272,0.5433427622992181,0.9850000000000116,0.5433427622992183,0.5415532392036211,0.9967064563664667,Crescente
2516201,PB,2019,69444,Sousa,1176421000,29562841,3759,6.0,4.6,0.6,2.4,16940.57,7864.55,0.4065336172472502,0.40653361724724846,0.4678782024939622,0.9939999999999979,0.4065336172472501,0.467878202493962,0.8688877042791844,Crescente
2516300,PB,2019,16966,Sumé,184531000,12979456,1653,5.4,4.4,0.1,3.0,10876.52,7852.06,0.5289348150641886,0.5289348150641853,0.6393787814881469,0.9989999999999997,0.5289348150641885,0.6393787814881468,0.8272636352321527,Crescente
2516409,PB,2019,10911,Tacima,79758000,8200274,883,4.8,3.6,0.2,0.7,7309.87,9286.83,0.630030938115387,0.6300309381153834,0.7628410944065004,0.997999999999976,0.630030938115387,0.7628410944064996,0.8259006269261867,Crescente
2516607,PB,2019,14726,Tavares,120693000,14348271,1861,5.3,4.4,1.1,3.9,8195.91,7709.98,0.6326710135897354,0.632671013589736,0.6338078878454446,0.9890000000000041,0.6338078878454442,0.6326710135897354,0.9982062794144549,Crescente
2516706,PB,2019,15161,Teixeira,143750000,11096362,1482,4.7,3.3,0.3,0.2,9481.56,7487.42,0.5483304255829301,0.5483304255829399,0.686155127267841,0.9980000000000054,0.5483304255829297,0.686155127267841,0.7991347784083366,Decrescente
2516805,PB,2019,9455,Triunfo,74812000,7382723,840,3.9,3.5,0.6,6.9,7912.43,8788.96,0.5673990865666932,0.5673990865666971,0.5681784040602795,0.993999999999997,0.5673990865666931,0.5681784040602794,0.9986283929695019,Crescente
2516904,PB,2019,15242,Uiraúna,173818000,8628511,933,4.4,3.1,3.1,5.7,11403.88,9248.14,0.4312619104061128,0.4312619104061145,0.4414468827898255,0.9690000000000016,0.4414468827898251,0.4312619104061128,0.9769282040925367,Crescente
2517100,PB,2019,2810,Várzea,31479000,4430087,351,6.6,5.8,0.0,1.3,11202.49,12621.33,0.4971328105121997,0.4971328105121982,0.5542275155918636,1.0,0.49713281051219965,0.554227515591864,0.896983272260144,Crescente
2517209,PB,2019,5348,Vieirópolis,41819000,5411443,495,6.0,5.0,0.3,0.6,7819.56,10932.21,0.6490997332160391,0.6490997332160419,0.7237441106325111,0.996999999999987,0.6490997332160395,0.723744110632512,0.896863578825896,Crescente
2517407,PB,2019,2240,Zabelê,23477000,3774134,350,5.3,4.8,0.0,2.0,10480.8,10783.24,0.4839582257665432,0.4839582257665445,0.5924376710560282,1.0,0.48395822576654274,0.5924376710560278,0.8168930664113258,Crescente
2600104,PE,2019,37259,Afogados da Ingazeira,461055000,28698616,4910,6.1,5.4,0.5,1.9,12374.33,5844.93,0.5747886761411879,0.5747886761411884,0.6905164033062517,0.9949999999999994,0.5747886761411931,0.6905164033062516,0.8324040868385608,Crescente
2600203,PE,2019,19635,Afrânio,176836000,16908020,2535,5.1,4.8,0.3,0.4,9006.16,6669.83,0.6375481674353011,0.6375481674353095,0.7478507938473669,0.997,0.6375481674353007,0.7478507938473666,0.8525071748007289,Crescente
2600302,PE,2019,24885,Agrestina,278569000,18588987,2823,5.0,4.8,0.7,0.2,11194.25,6584.83,0.5501622349581274,0.5501622349581379,0.708618363226859,0.9979999999999994,0.5501622349581274,0.708618363226859,0.7763872113796704,Decrescente
2600401,PE,2019,36771,Água Preta,253755000,20970960,3399,4.8,4.2,0.6,2.2,6900.95,6169.74,0.7238012534574888,0.7238012534574967,0.7521994982296338,0.9939999999999946,0.7238012534574885,0.7521994982296341,0.9622463922948862,Crescente
2600500,PE,2019,43443,Águas Belas,359902000,32228377,6364,4.8,4.7,1.4,2.3,8284.46,5064.17,0.7200375038810466,0.7200375038810504,0.7211598822568211,0.9860000000000002,0.7211598822568213,0.7200375038810463,0.998443648345687,Crescente
2600609,PE,2019,14636,Alagoinha,138073000,12610017,1929,4.5,4.0,1.8,3.6,9433.79,6537.07,0.5557045833669925,0.5557045833669948,0.5604148272880437,0.9819999999999992,0.560414827288044,0.5557045833669925,0.9915950761976713,Crescente
2600708,PE,2019,38386,Aliança,325838000,19308823,3807,4.2,3.9,0.5,3.0,8488.46,5071.93,0.652392294565197,0.6523922945652316,0.7540606681378316,0.9949999999999999,0.6523922945651972,0.7540606681378316,0.8651721567394481,Decrescente
2600807,PE,2019,22972,Altinho,267499000,10556296,1587,5.1,4.1,1.1,3.9,11644.57,6651.73,0.5080043613058967,0.508004361305895,0.5082319350930402,0.9889999999999998,0.5082319350930407,0.5080043613058964,0.9995522245427142,Crescente
2600906,PE,2019,22829,Amaraji,227974000,14919602,2453,4.1,3.2,2.8,9.1,9986.16,6082.19,0.5389120050513725,0.5389120050513733,0.5489964390770199,0.9720000000000023,0.5489964390770197,0.5389120050513724,0.9816311485688295,Crescente
2601003,PE,2019,11150,Angelim,134643000,10558066,1552,5.1,3.8,1.1,2.9,12075.61,6802.88,0.4916227885649758,0.49162278856515124,0.49182685344492655,0.9890000000000556,0.49182685344492666,0.49162278856497593,0.9995850879663821,Crescente
2601052,PE,2019,20524,Araçoiaba,145664000,16317151,2766,4.9,4.2,0.0,0.1,7097.25,5899.19,0.73672690738688,0.736726907386799,0.9311320068485306,1.0,0.7367269073868807,0.9311320068485316,0.7912163924859315,Crescente
2601102,PE,2019,84418,Araripina,1030980000,61655894,8991,4.9,4.1,1.5,7.2,12212.8,6857.51,0.4744467371244379,0.4744467371244524,0.4754324027729501,0.9850000000000084,0.47543240277295007,0.4744467371244379,0.9979268017014336,Crescente
2601300,PE,2019,14385,Barra de Guabiraba,131668000,8280469,1579,6.3,6.2,1.3,4.7,9153.15,5244.12,0.8238303557667215,0.823830355766721,0.8885429034110282,0.9889684729269475,0.8238303557667209,0.888542903411028,0.927170036026531,Crescente
2601409,PE,2019,42659,Barreiros,446322000,29909178,5196,3.8,3.9,1.1,3.1,10462.55,5756.19,0.5376225720817286,0.5376225720817275,0.5379680633901281,0.9889999999999987,0.5379680633901285,0.537622572081729,0.9993577847238322,Crescente
2601508,PE,2019,12073,Belém de Maria,90944000,11244562,1490,4.9,4.9,0.0,0.0,7532.84,7546.69,0.6930078537940493,0.6930078537940395,0.8369587065438054,1.0,0.6930078537940492,0.8369587065438044,0.8280072223106482,Crescente
2601706,PE,2019,76439,Belo Jardim,2315136000,54395872,7404,4.7,4.4,1.8,5.3,30287.37,7346.82,0.233251258099816,0.2332512580997782,0.23650028588655433,0.9820000000000154,0.23325125809981617,0.2365002858865544,0.9862620555634473,Crescente
2601805,PE,2019,12719,Betânia,100180000,11610248,1794,5.8,4.6,1.8,1.0,7876.41,6471.71,0.732350875563734,0.7323508755637409,0.7791090048406261,0.99,0.7323508755637342,0.7791090048406266,0.9399851253337049,Crescente
2601904,PE,2019,60798,Bezerros,770298000,32377138,5281,5.4,4.6,0.6,3.5,12669.79,6130.87,0.5039890509288375,0.5039890509288322,0.589692756712263,0.9940000000000053,0.5039890509288374,0.5896927567122628,0.8546637977016156,Crescente
2602001,PE,2019,38146,Bodocó,292660000,25856747,4397,3.8,3.6,2.5,6.4,7672.1,5880.54,0.6570612898534944,0.6570612898534909,0.6682044983726804,0.9750000000000001,0.6682044983726807,0.6570612898534949,0.9833236553385623,Crescente
2602100,PE,2019,48554,Bom Conselho,528716000,34419544,6029,5.1,4.0,0.1,6.1,10889.24,5709.0,0.557336418076757,0.5573364180767609,0.7397718889164642,0.9990000000000012,0.5573364180767568,0.7397718889164642,0.753389560250906,Decrescente
2602209,PE,2019,39184,Bom Jardim,329306000,29414165,4329,5.4,4.7,0.3,1.0,8404.09,6794.68,0.6612923588334225,0.6612923588334598,0.7465284286390451,0.9970000000000078,0.6612923588334226,0.7465284286390454,0.8858234106891123,Crescente
2602308,PE,2019,38134,Bonito,452855000,27195212,4951,7.1,6.8,0.7,1.2,11875.36,5492.87,0.755124245273873,0.7551242452738716,0.9398246236556945,0.9932611428884303,0.7551242452738746,0.9398246236556945,0.8034735697141229,Decrescente
2602407,PE,2019,8993,Brejão,157478000,9028054,1685,5.7,4.2,0.4,2.5,17511.18,5357.9,0.42022863965289114,0.4202286396528911,0.5725366282415072,0.9960000000000002,0.4202286396528909,0.5725366282415073,0.7339768652768718,Crescente
2602506,PE,2019,7487,Brejinho,62708000,8659778,1165,7.0,5.8,0.1,0.0,8375.58,7433.29,0.7574290685213436,0.7574290685213434,0.9101212206011248,1.0,0.7574290685213437,0.9101212206011245,0.8322287749988626,Crescente
2602605,PE,2019,50742,Brejo da Madre de Deus,430379000,38451436,6207,4.4,4.2,1.1,4.2,8481.71,6194.85,0.6259697191754658,0.6259697191754613,0.6266508335760946,0.9890000000000011,0.6266508335760949,0.6259697191754658,0.9989130878566906,Crescente
2602704,PE,2019,13155,Buenos Aires,109169000,9733791,1589,4.7,3.5,0.1,5.2,8298.67,6125.73,0.6348344693367254,0.6348344693367229,0.7958244709602299,0.9990000000000021,0.6348344693367255,0.7958244709602301,0.7977066457515984,Crescente
2602803,PE,2019,58378,Buíque,447859000,46554893,7147,4.9,4.3,0.8,2.2,7671.71,6513.91,0.6704606416945106,0.6704606416945141,0.6793790090695128,0.9919999999999995,0.6704606416945103,0.6793790090695132,0.9868727657817734,Crescente
2602902,PE,2019,207048,Cabo de Santo Agostinho,10592039000,204685884,22885,4.9,4.1,1.0,2.3,51157.41,8944.11,0.13971299366596468,0.1397129936659608,0.17637644277926562,0.9899999999999731,0.1397129936659647,0.17637644277926556,0.7921295580318224,Crescente
2603009,PE,2019,34221,Cabrobó,392234000,21185862,3426,5.2,4.9,0.1,0.5,11461.79,6183.85,0.5555604331478348,0.5555604331478353,0.7421881363052946,0.9989999999999921,0.5555604331478347,0.7421881363052945,0.7485439418548027,Crescente
2603108,PE,2019,20380,Cachoeirinha,215776000,11811382,1603,4.7,4.8,0.2,4.7,10587.63,7368.3,0.5509462368039593,0.5509462368039588,0.6636150057030114,0.9979999999999997,0.5509462368039597,0.6636150057030114,0.8302196786829819,Decrescente
2603207,PE,2019,28739,Caetés,337725000,25882507,4139,5.2,4.8,0.3,1.6,11751.45,6253.32,0.5359926363974324,0.5359926363974322,0.6789765951942064,0.9969999999999989,0.5359926363974323,0.6789765951942064,0.7894125367371809,Decrescente
2603306,PE,2019,11053,Calçado,100711000,10983816,1456,5.5,4.7,0.4,0.6,9111.64,7543.83,0.6127708869682914,0.6127708869683502,0.689821834876487,0.9959999999999987,0.6127708869682914,0.6898218348764872,0.8883031182653249,Crescente
2603504,PE,2019,18765,Camocim de São Félix,160739000,16006429,1976,5.2,4.6,0.6,2.5,8565.89,8100.42,0.5985774558024903,0.5985774558025097,0.6086795396690667,0.9939999999999972,0.5985774558024899,0.608679539669067,0.9834032800378524,Crescente
2603702,PE,2019,24804,Canhotinho,206759000,18068208,2973,4.7,4.7,1.6,2.6,8335.71,6077.43,0.677512498051736,0.6775124980517361,0.6793219965861624,0.9840000000000014,0.6793219965861618,0.6775124980517362,0.9973363168813614,Crescente
2603801,PE,2019,20048,Capoeiras,210824000,14948518,2571,5.7,4.3,0.0,1.5,10515.96,5814.28,0.6091902603532934,0.6091902603532816,0.8441548189697158,1.0,0.6091902603532928,0.8441548189697162,0.7216570309896533,Crescente
2603900,PE,2019,19551,Carnaíba,172317000,20949462,2893,6.2,5.7,0.1,1.8,8813.72,7241.43,0.6938045023726452,0.6938045023726424,0.8085420627869282,0.9989999999999857,0.6938045023726457,0.8085420627869282,0.8580932697319431,Decrescente
2603926,PE,2019,12932,Carnaubeira da Penha,80968000,7630330,800,4.6,4.7,0.5,0.0,6261.06,9537.91,0.7659544769655678,0.7659544769654051,0.9572854543267179,1.0,0.7659544769655678,0.957285454326693,0.8001317407504978,Crescente
2604007,PE,2019,83641,Carpina,1455180000,48275118,5776,5.2,4.3,1.2,4.1,17397.93,8357.88,0.35854297586322126,0.3585429758632205,0.3587145911056048,0.9880000000000043,0.3587145911056049,0.35854297586322126,0.9995215827662471,Crescente
2604106,PE,2019,361118,Caruaru,7962014000,215637571,31205,5.5,4.9,0.4,1.6,22048.23,6910.35,0.33350185805698024,0.33350185805698,0.4597873356585322,0.9960000000000019,0.33350185805698057,0.45978733565853214,0.7253393736461247,Crescente
2604155,PE,2019,14341,Casinhas,95651000,13352173,1859,6.8,4.2,0.1,1.3,6669.76,7182.45,0.8666916266656576,0.8666916266656575,0.9287636255213654,0.9990000000000001,0.8666916266656574,0.9287636255213662,0.933167065171331,Crescente
2604205,PE,2019,42892,Catende,312172000,23851719,3684,4.2,3.5,1.7,6.9,7278.09,6474.41,0.663959554314771,0.6639595543147669,0.6703574706386731,0.9830000000000025,0.6703574706386729,0.6639595543147713,0.9904559632671707,Crescente
2604304,PE,2019,11807,Cedro,97086000,7949487,1317,4.6,4.3,1.0,3.0,8222.75,6036.06,0.6532583527482486,0.6532583527482503,0.6536925030363568,0.9900000000000017,0.6536925030363566,0.6532583527482491,0.9993358493694029,Crescente
2604403,PE,2019,13518,Chã de Alegria,140594000,13117279,1644,4.5,3.7,1.3,5.7,10400.5,7978.88,0.4905174318552234,0.490517431855222,0.49277401823659134,0.9869999999999993,0.4927740182365911,0.49051743185522306,0.9954206465887889,Crescente
2604502,PE,2019,21698,Chã Grande,215584000,21642551,3252,4.1,3.4,1.9,10.3,9935.66,6655.15,0.53211167046012,0.5321116704601199,0.5373893683351244,0.9809999999999985,0.5373893683351249,0.5321116704601198,0.9901790057898705,Crescente
2604601,PE,2019,26421,Condado,231252000,17312642,2794,4.7,3.8,0.1,2.3,8752.58,6196.36,0.6096619686261315,0.6096619686261284,0.7666646937520536,0.9989999999999994,0.6096619686261316,0.7666646937520539,0.7952133098009881,Crescente
2604700,PE,2019,18207,Correntes,169414000,18975802,2152,4.3,4.0,1.4,2.1,9304.88,8817.75,0.5150931301144326,0.5150931301144455,0.5408766543724666,0.9859999999999995,0.515093130114433,0.5408766543724673,0.9523301217577075,Crescente
2604809,PE,2019,12578,Cortês,116912000,16129859,1849,5.4,4.7,0.8,5.2,9294.96,8723.56,0.5653279156817396,0.5653279156817534,0.5656681377952145,0.992000000000002,0.5656681377952144,0.5653279156817396,0.9993985482109686,Crescente
2604908,PE,2019,10906,Cumaru,96364000,11664425,1815,4.5,3.6,0.9,2.3,8835.87,6426.68,0.5909664130946778,0.590966413094677,0.6041527669218404,0.990999999999999,0.5909664130946781,0.60415276692184,0.9781738087630599,Crescente
2605004,PE,2019,24107,Cupira,259819000,18841887,2457,5.4,4.9,0.7,1.2,10777.74,7668.66,0.543975433959157,0.5439754339591549,0.5795156887168067,0.9930000000000047,0.543975433959157,0.5795156887168068,0.9386724890289947,Crescente
2605103,PE,2019,37111,Custódia,459027000,30600671,3551,6.3,5.2,0.2,1.6,12369.03,8617.48,0.5170680846856649,0.5170680846856596,0.6055045502887894,0.9980000000000021,0.5170680846856647,0.6055045502887894,0.8539458282172354,Decrescente
2605152,PE,2019,18908,Dormentes,223981000,16805170,2416,6.4,5.7,0.0,0.2,11845.83,6955.78,0.5828607350108236,0.5828607350108393,0.800456779276907,1.0,0.5828607350108235,0.8004567792769071,0.7281601581753747,Crescente
2605202,PE,2019,68875,Escada,1079199000,27882796,6091,4.0,3.9,0.5,2.9,15668.95,4577.7,0.41009095319554684,0.41009095319554273,0.5767571251253301,0.995000000000001,0.41009095319554706,0.5767571251253298,0.7110288461654176,Crescente
2605301,PE,2019,31825,Exu,293083000,23563427,4331,5.5,4.4,0.4,2.4,9209.21,5440.64,0.6680228980278421,0.6680228980278494,0.7751805717593379,0.9960000000000002,0.6680228980278422,0.7751805717593377,0.8617642422483676,Crescente
2605400,PE,2019,22131,Feira Nova,214727000,16315687,2643,5.5,4.8,0.2,0.2,9702.54,6173.17,0.6243909845881506,0.624390984589494,0.782921531166023,0.997999999999978,0.6243909845881507,0.7829215311660231,0.7975141310243834,Crescente
2605509,PE,2019,12123,Ferreiros,107603000,7803633,1339,4.6,4.2,0.5,1.4,8875.94,5827.96,0.6218917861052076,0.6218917861051875,0.708915991426331,0.9949999999999981,0.621891786105208,0.7089159914263308,0.8772432751220187,Crescente
2605608,PE,2019,22624,Flores,166482000,15718426,2240,5.0,4.2,0.0,2.0,7358.65,7017.15,0.680494545590241,0.6804945455902476,0.8506785844244742,1.0,0.680494545590241,0.850678584424475,0.7999431959964397,Crescente
2605707,PE,2019,32873,Floresta,416220000,31453731,3431,4.7,4.1,0.9,3.6,12661.45,9167.51,0.41712408266928364,0.41712408266928674,0.41717030240059827,0.9910000000000049,0.4171703024005983,0.4171240826692835,0.9998892065637255,Crescente
2605806,PE,2019,15457,Frei Miguelinho,122292000,12759650,1652,4.3,4.3,3.1,6.4,7911.76,7723.76,0.6069106448710111,0.6069106448710125,0.6136915063800069,0.9689999999999976,0.6136915063800065,0.6069106448710111,0.9889507000854644,Crescente
2605905,PE,2019,31052,Gameleira,232992000,18241335,2549,4.4,3.7,0.5,8.2,7503.28,7156.27,0.6355913768686492,0.6355913768686511,0.6705102639320676,0.9949999999999994,0.6355913768686487,0.6705102639320677,0.9479219201528044,Crescente
2606002,PE,2019,139788,Garanhuns,2770471000,90757335,13540,5.4,4.7,1.1,1.9,19819.09,6702.91,0.3496295471292382,0.3496295471291939,0.3717701367151955,0.9890000000000082,0.34962954712923805,0.3717701367151957,0.9404454866074445,Crescente
2606101,PE,2019,30604,Glória do Goitá,495976000,21037816,3129,4.7,4.2,1.0,2.5,16206.25,6723.5,0.38151543165157836,0.3815154316515714,0.4049301237730274,0.9899999999999978,0.38151543165157853,0.40493012377302756,0.9421759687738779,Crescente
2606200,PE,2019,79758,Goiana,9674189000,50265440,7112,4.3,3.2,0.0,0.0,121294.28,7067.69,0.07882486422598427,0.07882486422598516,0.6124043762128873,1.0,0.0788248642259843,0.6124043762128876,0.12871375073025726,Crescente
2606408,PE,2019,84074,Gravatá,1207262000,46555230,6658,4.8,4.2,1.2,3.2,14359.52,6992.37,0.4146468451487103,0.41464684514873373,0.4148568110670766,0.9880000000000132,0.41485681106707656,0.41464684514871036,0.9994938834008142,Crescente
2606507,PE,2019,19197,Iati,167545000,20339167,3073,4.7,4.4,0.0,0.0,8727.67,6618.67,0.6236562084535152,0.6236562084535289,0.7894311419179111,1.0,0.6236562084535148,0.7894311419179075,0.7900071017446206,Crescente
2606705,PE,2019,7762,Ibirajuba,62972000,7844494,978,5.3,4.7,0.2,5.5,8112.86,8020.96,0.6297670803357164,0.629767080335717,0.717096924531012,0.9979999999999983,0.6297670803357163,0.7170969245310108,0.8782175167570128,Crescente
2606804,PE,2019,117019,Igarassu,2861749000,60611780,9391,5.1,4.7,0.8,1.5,24455.42,6454.24,0.301565514253943,0.3015655142539427,0.37689784018513195,0.9920000000000029,0.30156551425394296,0.37689784018513267,0.8001253445915589,Crescente
2606903,PE,2019,12228,Iguaraci,96212000,10016702,1486,5.9,5.3,0.0,0.6,7868.17,6740.71,0.7340585016747403,0.7340585016747404,0.8723547073405761,1.0,0.7340585016747405,0.8723547073405757,0.8414679206724982,Crescente
2607000,PE,2019,23247,Inajá,178443000,14516695,2487,5.1,3.2,1.8,23.2,7675.96,5837.03,0.7078097343816435,0.7078097343816411,0.7107030666370584,0.9819999999999947,0.710703066637059,0.7078097343816434,0.9959289154764651,Crescente
2607109,PE,2019,4548,Ingazeira,38523000,5611826,655,5.6,4.8,0.0,3.9,8470.32,8567.67,0.618689458530055,0.6186894585300806,0.7384087390841237,1.0,0.6186894585300551,0.7384087390841262,0.8378685486542845,Crescente
2607208,PE,2019,96204,Ipojuca,11899475000,221169257,14790,4.8,3.9,0.3,0.4,123690.02,14953.97,0.061476824872392574,0.06147682487239288,0.11622657917943488,0.9969999999999996,0.06147682487239233,0.11622657917943495,0.5289394672580218,Crescente
2607307,PE,2019,30854,Ipubi,299202000,26106952,4827,5.3,4.9,0.5,2.2,9697.35,5408.53,0.6486076858249389,0.6486076858249377,0.7596167236664486,0.9950000000000001,0.6486076858249393,0.7596167236664486,0.8538617774162456,Decrescente
2607406,PE,2019,4918,Itacuruba,61800000,7903678,730,5.2,4.8,0.9,2.2,12566.08,10826.96,0.43047031337645586,0.430470313376455,0.43081871994257626,0.9909999999999998,0.4308187199425773,0.430470313376455,0.9991912919518288,Crescente
2607505,PE,2019,26349,Itaíba,229699000,27541351,4046,5.0,4.4,0.4,2.5,8717.56,6807.06,0.6144062998231409,0.6144062998231503,0.6920414213301345,0.9959999999999964,0.6144062998231409,0.6920414213301345,0.8878172330237467,Decrescente
2607653,PE,2019,36447,Itambé,488724000,21667383,3400,4.2,3.6,1.2,4.2,13409.17,6372.76,0.43409600019834216,0.43409600019833744,0.43448610345127897,0.9879999999999965,0.43448610345127897,0.434096000198342,0.9991021502187571,Crescente
2607703,PE,2019,13616,Itapetim,116148000,11419067,1836,6.5,5.1,0.0,0.6,8530.26,6219.54,0.7550040354090413,0.7550040354090357,0.9280524004001981,1.0,0.7550040354090413,0.9280524004001977,0.8135359976262824,Crescente
2607752,PE,2019,26651,Itapissuma,1882191000,23088710,2440,5.9,6.1,0.4,0.8,70623.65,9462.59,0.15204082764547486,0.15204082764547874,0.29935914555559007,0.9959999999999984,0.15204082764546006,0.29935914555559,0.5078876991157143,Crescente
2607802,PE,2019,16955,Itaquitinga,138020000,10854967,1770,4.0,3.4,0.9,4.2,8140.37,6132.75,0.6329142300805767,0.6329142300805728,0.6331887012795266,0.9909999999999974,0.6331887012795264,0.6329142300805773,0.9995665254316836,Crescente
2607901,PE,2019,702298,Jaboatão dos Guararapes,15155644000,350696511,48724,5.3,4.6,0.2,0.6,21580.08,7197.61,0.3162776773255486,0.3162776773255624,0.47112802776646795,0.9980000000000034,0.3162776773255483,0.4711280277664681,0.6713200206427187,Crescente
2607950,PE,2019,11656,Jaqueira,100929000,12533299,1745,4.7,4.0,0.2,4.4,8658.97,7182.41,0.5856524155018257,0.5856524155018256,0.7016046166098858,0.9980000000000014,0.5856524155018253,0.7016046166098843,0.8347328418841731,Crescente
2608008,PE,2019,17150,Jataúba,134584000,18646809,2167,4.8,4.5,1.3,3.0,7847.46,8604.9,0.6035124810315223,0.6035124810315238,0.6054674394271173,0.9869999999999959,0.6054674394271173,0.6035124810315223,0.9967711584995474,Crescente
2608107,PE,2019,33822,João Alfredo,290882000,23587590,3415,6.3,5.3,0.2,0.5,8600.38,6907.05,0.7122568746275323,0.7122568746275244,0.8011773558599984,0.9979999999999899,0.7122568746275323,0.8011773558599985,0.8890127378387808,Crescente
2608206,PE,2019,16023,Joaquim Nabuco,185052000,11617339,2158,4.7,4.1,1.1,2.2,11549.15,5383.38,0.5147875468578768,0.5147875468578772,0.5225290821763618,0.988999999999998,0.5147875468578768,0.5225290821763617,0.9851844890886433,Crescente
2608255,PE,2019,11424,Jucati,117532000,13339384,2060,5.4,4.9,0.1,0.0,10288.17,6475.43,0.5945781497841278,0.5945781497841229,0.8303780598353183,1.0,0.594578149784128,0.8303780598353183,0.7160330680004302,Decrescente
2608305,PE,2019,14836,Jupi,156231000,19926634,2355,5.6,5.2,0.0,0.0,10530.53,8461.42,0.5561857942913125,0.5561857942913357,0.6793344067796022,1.0,0.5561857942913125,0.6793344067796023,0.8187216615862606,Crescente
2608404,PE,2019,15378,Jurema,110262000,12693955,2052,5.0,4.3,0.1,2.4,7170.11,6186.14,0.7234463824929582,0.7234463824929572,0.8780903218248104,0.9990000000000003,0.7234463824929581,0.8780903218248106,0.8238860678814024,Crescente
2608453,PE,2019,18071,Lagoa do Carro,279118000,14289816,1804,5.3,4.0,0.5,1.1,15445.63,7921.18,0.40402660264272233,0.4040266026427228,0.470004725488576,0.994999999999997,0.4040266026427223,0.47000472548857597,0.8596224266101398,Crescente
2608503,PE,2019,21429,Lagoa de Itaenga,355379000,18037073,2221,4.8,3.6,0.8,6.9,16584.02,8121.15,0.35797081179457324,0.3579708117945836,0.391603004930887,0.9920000000000385,0.35797081179457313,0.3916030049308867,0.9141166111780745,Crescente
2608602,PE,2019,13145,Lagoa do Ouro,120068000,13433977,2062,5.2,4.3,1.4,4.5,9134.12,6515.02,0.6147949532182146,0.6147949532182166,0.6161788082259619,0.9859999999999993,0.6161788082259625,0.6147949532182146,0.9977541340447401,Crescente
2608701,PE,2019,16290,Lagoa dos Gatos,114156000,15118244,1714,4.6,4.6,0.6,3.2,7007.73,8820.45,0.6689686777007162,0.6689686777007617,0.6692865149184112,0.9940000000000055,0.6692865149184094,0.6689686777007182,0.9995251103815626,Crescente
2608800,PE,2019,40288,Lajedo,497826000,39781796,5472,4.9,4.2,1.6,2.6,12356.68,7270.07,0.46357348248869085,0.4635734824886911,0.4642823815166262,0.9839999999999994,0.46428238151662615,0.46357348248869085,0.9984731295949253,Crescente
2608909,PE,2019,56250,Limoeiro,796794000,31564162,4348,5.8,5.0,0.1,1.0,14165.23,7259.47,0.4655327266829451,0.46553272668294493,0.6263221875481401,0.9990000000000019,0.4655327266829451,0.6263221875481401,0.743279953893001,Decrescente
2609006,PE,2019,25376,Macaparana,278065000,17705500,2602,5.0,4.4,0.1,0.4,10957.79,6804.57,0.5273453702892772,0.5273453702892764,0.678503802835426,0.9990000000000006,0.5273453702892766,0.6785038028354261,0.7772180024423342,Crescente
2609105,PE,2019,16088,Machados,192086000,9440688,1416,7.1,5.6,0.3,0.0,11939.71,6667.15,0.6383068254932343,0.6383068254932209,1.0,1.0,0.6383068254932304,1.0,0.6383068254932343,Decrescente
2609154,PE,2019,21434,Manari,132867000,19251519,3343,4.1,3.9,0.9,1.7,6198.89,5758.76,0.7819023761789867,0.7819023761789647,0.8541709909579278,0.9913478971552253,0.7819023761789877,0.8541709909579285,0.9153932695631656,Crescente
2609204,PE,2019,11345,Maraial,87289000,12036947,1623,4.6,4.1,1.2,5.1,7694.05,7416.48,0.6165045020850088,0.6165045020850094,0.6179518001709854,0.9880000000000013,0.6179518001709855,0.6165045020850088,0.9976579110448807,Crescente
2609303,PE,2019,15390,Mirandiba,155292000,11077020,1711,4.0,3.8,0.9,3.8,10090.45,6474.0,0.5359185245697153,0.5359185245697148,0.5438331487917037,0.9910000000000072,0.5359185245697154,0.5438331487917036,0.9854465947146229,Crescente
2609402,PE,2019,62784,Moreno,691530000,33041597,5453,4.6,3.9,1.1,2.0,11014.43,6059.34,0.513404189111093,0.5134041891110931,0.5382970487193749,0.9890000000000014,0.5134041891110928,0.5382970487193753,0.9537562770082006,Crescente
2609501,PE,2019,32471,Nazaré da Mata,558647000,18145452,1775,4.6,4.0,0.4,0.6,17204.49,10222.79,0.3269067015545278,0.32690670155454915,0.396781364748776,0.9960000000000011,0.3269067015545279,0.396781364748776,0.8238963081381362,Decrescente
2609600,PE,2019,392482,Olinda,5524358000,150313038,18531,5.0,4.4,0.6,1.3,14075.44,8111.44,0.4174580309800373,0.41745803098004386,0.47091668760414285,0.9940000000000029,0.41745803098003753,0.470916687604143,0.8864795875124234,Crescente
2609709,PE,2019,23884,Orobó,353878000,24438081,2909,6.7,5.5,0.1,0.9,14816.53,8400.85,0.48605520767384,0.4860552076738397,0.6062525624207745,0.9989999999999997,0.4860552076738401,0.6062525624207745,0.8017371600591923,Decrescente
2609808,PE,2019,14991,Orocó,186316000,13181428,2212,4.4,3.9,0.8,4.4,12428.52,5959.05,0.469296878902705,0.469296878902707,0.5162406215295859,0.9919999999999946,0.4692968789027057,0.5162406215295858,0.9090661589400116,Crescente
2609907,PE,2019,69459,Ouricuri,712402000,44241983,7751,4.2,3.6,2.0,3.5,10256.44,5707.91,0.5418449852461765,0.5418449852461775,0.5472062631497212,0.9799999999999977,0.5472062631497217,0.5418449852461763,0.9902024551534093,Crescente
2610004,PE,2019,63250,Palmares,859445000,32980403,5699,5.1,4.2,0.3,1.6,13588.06,5787.05,0.46754077590484205,0.46754077590483784,0.6238704091244461,0.9970000000000013,0.46754077590484194,0.6238704091244459,0.7494197016989463,Crescente
2610103,PE,2019,7693,Palmeirina,72697000,6884003,1122,4.1,3.7,0.0,2.1,9449.76,6135.48,0.5754905680272373,0.5754905680272343,0.7471334685279963,1.0,0.5754905680272373,0.7471334685279966,0.7702647415341597,Crescente
2610301,PE,2019,11523,Paranatama,219608000,15578765,2317,5.2,4.6,0.5,2.1,19058.23,6723.68,0.3533553068217131,0.35335530682170274,0.47133865280854154,0.9949999999999968,0.3533553068217128,0.4713386528085413,0.7496845521074771,Crescente
2610400,PE,2019,22010,Parnamirim,192621000,14448751,2655,4.8,3.6,0.4,1.2,8751.52,5442.09,0.6415176331671464,0.6415176331670852,0.7532924367794787,0.9959999999999904,0.641517633167146,0.753292436779479,0.8516183116211831,Crescente
2610509,PE,2019,28933,Passira,232538000,17673048,3305,5.1,4.9,0.2,0.0,8037.12,5347.37,0.7487005981381483,0.7487005981381456,1.0,1.0,0.7487005981381484,1.0,0.7487005981381483,Decrescente
2610608,PE,2019,56506,Paudalho,868525000,43121877,6241,4.8,4.5,0.3,1.8,15370.49,6909.45,0.4117472203118738,0.41174722031187483,0.5491996830278929,0.9970000000000022,0.41174722031187383,0.549199683027893,0.749722246818853,Crescente
2610707,PE,2019,331774,Paulista,5069422000,105463156,13842,5.1,4.2,0.2,1.1,15279.74,7619.07,0.4020623541962492,0.40206235419625186,0.5289463893505224,0.9979999999999974,0.40206235419624947,0.5289463893505226,0.7601192905200272,Crescente
2610905,PE,2019,67395,Pesqueira,732154000,48564659,4904,5.8,5.5,0.5,1.0,10863.62,9903.07,0.5302857620330124,0.5302857620330108,0.5550596427150206,0.9950000000000062,0.5302857620330121,0.55505964271502,0.9553671735872757,Crescente
2611002,PE,2019,36548,Petrolândia,1462418000,32331543,5493,5.4,3.9,0.3,2.6,40013.63,5885.95,0.20072698819530674,0.20072698819530668,0.33382591149591284,0.9969999999999996,0.20072698819530682,0.3338259114959126,0.6012924140484652,Crescente
2611101,PE,2019,349145,Petrolina,7137560000,296023501,34266,6.2,5.2,0.1,0.3,20442.97,8638.99,0.3615135224610219,0.3615135224610311,0.49340594459685866,0.9990000000000001,0.36151352246102214,0.4934059445968587,0.7326898397148407,Crescente
2611200,PE,2019,11302,Poção,90142000,11515430,1714,5.3,5.3,0.1,0.0,7975.76,6718.45,0.7303588278329988,0.7303588278329913,0.8738464208089614,1.0,0.7303588278329985,0.8738464208089619,0.8357976990474719,Crescente
2611309,PE,2019,27091,Pombos,403822000,20628747,3073,5.0,3.2,0.9,7.3,14906.13,6712.9,0.41530822615966967,0.41530822615967017,0.44322299330957843,0.9909999999999994,0.4153082261596698,0.44322299330957826,0.9370186845644736,Crescente
2611408,PE,2019,14966,Primavera,165871000,11403410,1582,4.5,4.1,0.3,0.6,11083.19,7208.22,0.4951993156964969,0.4951993156965159,0.6054407454096179,0.997000000000002,0.49519931569649694,0.605440745409618,0.817915410304049,Crescente
2611507,PE,2019,26037,Quipapá,184578000,16121664,2906,4.9,4.1,0.6,4.1,7089.07,5547.72,0.7455647708953176,0.7455647708952742,0.7900154797113089,0.9940000000000027,0.7455647708953178,0.7900154797113088,0.9437343824804107,Crescente
2611533,PE,2019,6813,Quixaba,56198000,9717309,1737,6.2,5.5,0.5,2.0,8248.64,5594.31,0.7727794733930269,0.7727794733930248,0.8517474545309935,0.9950643845082565,0.772779473393027,0.8517474545309933,0.9072870946453845,Crescente
2611606,PE,2019,1645727,Recife,53477669000,885441935,63979,5.2,4.7,0.6,1.2,32494.86,13839.57,0.20189773399271221,0.20189773399271205,0.24698750089033952,0.9939999999999943,0.2018977339927122,0.24698750089033952,0.8174410982940922,Decrescente
2611705,PE,2019,20546,Riacho das Almas,199237000,16914536,2673,4.7,4.1,0.1,4.2,9697.12,6327.92,0.5635826968017206,0.563582696801718,0.7219380507026973,0.998999999999997,0.5635826968017205,0.7219380507026976,0.7806524344480225,Crescente
2611804,PE,2019,47415,Ribeirão,432568000,26434743,3393,4.2,3.7,1.6,7.3,9123.02,7790.96,0.5378776373441598,0.5378776373441747,0.5423658169682937,0.9839999999999973,0.5423658169682936,0.5378776373441598,0.991724811033959,Crescente
2611903,PE,2019,23535,Rio Formoso,275272000,21963910,3371,5.1,4.5,0.3,1.5,11696.28,6515.55,0.5129259961243664,0.5129259961243511,0.64252662300954,0.997000000000002,0.5129259961243664,0.6425266230095399,0.7982953200006946,Crescente
2612000,PE,2019,9932,Sairé,134526000,8971614,1255,5.7,4.8,0.9,0.9,13544.7,7148.7,0.4780821298145019,0.47808212981450593,0.550536605534667,0.991000000000002,0.4780821298145022,0.550536605534667,0.8683929915072601,Decrescente
2612109,PE,2019,10919,Salgadinho,76373000,7737269,819,5.6,4.5,0.2,0.0,6994.5,9447.21,0.7057514041388212,0.7057514041388111,0.8570032756829902,1.0,0.7057514041388196,0.8570032756829902,0.8235107427989368,Decrescente
2612208,PE,2019,60930,Salgueiro,975936000,42806520,5467,5.8,4.3,0.2,1.2,16017.33,7829.98,0.41611904670837374,0.4161190467083735,0.5364929893666293,0.9979999999999997,0.41611904670837363,0.5364929893666293,0.7756281162213021,Decrescente
2612307,PE,2019,15843,Saloá,148188000,19602325,2343,5.9,4.7,0.0,0.0,9353.53,8366.34,0.6077986872406882,0.6077986872406654,0.7152124774353119,1.0,0.607798687240688,0.7152124774353129,0.8498155533027053,Crescente
2612406,PE,2019,26462,Sanharó,210825000,19237695,2178,5.1,3.9,0.2,1.4,7967.08,8832.73,0.6008018154632649,0.6008018154632409,0.6873692339882507,0.9979999999999787,0.6008018154632645,0.6873692339882509,0.8740598004034824,Crescente
2612455,PE,2019,15398,Santa Cruz,119781000,13859172,1973,5.3,4.0,0.4,4.5,7779.0,7024.42,0.678388752995541,0.6783887529955539,0.725332599527735,0.9959999999999996,0.678388752995541,0.7253325995277354,0.935279557870749,Crescente
2612471,PE,2019,12592,Santa Cruz da Baixa Verde,100321000,9008444,1376,5.7,4.2,0.0,3.2,7967.04,6546.83,0.7162218031747268,0.7162218031747266,0.8633191817828777,1.0,0.7162218031747265,0.8633191817828729,0.829614143051503,Crescente
2612505,PE,2019,107937,Santa Cruz do Capibaribe,1734719000,58285573,9373,5.2,4.3,0.1,0.6,16071.59,6218.45,0.4084494959165955,0.4084494959165955,0.5949486088157269,0.9989999999999986,0.4084494959165947,0.5949486088157269,0.6865290377426605,Decrescente
2612554,PE,2019,14477,Santa Filomena,100976000,13178329,2077,5.4,4.1,0.5,2.9,6974.93,6344.89,0.7628155746072374,0.7628155746072326,0.7893311809327855,0.9949999999999957,0.7628155746072371,0.7893311809327859,0.9664075017355661,Crescente
2612703,PE,2019,14137,Santa Maria do Cambucá,112893000,13484662,1906,5.1,3.4,1.9,8.8,7985.64,7074.85,0.6462634186510191,0.646263418651019,0.649448756599862,0.9810000000000018,0.6494487565998617,0.6462634186510191,0.9950953205830749,Crescente
2612802,PE,2019,11815,Santa Terezinha,92575000,9044126,1512,5.1,4.4,0.3,2.8,7835.38,5981.56,0.6968689060305295,0.6968689060305296,0.8054258142775017,0.9970000000000016,0.6968689060305294,0.805425814277502,0.8652179923679849,Crescente
2612901,PE,2019,15895,São Benedito do Sul,104326000,11031369,1462,4.3,4.1,1.7,3.6,6563.45,7545.4,0.6774629780842104,0.6774629780842077,0.6818350105508553,0.9829999999999978,0.6818350105508526,0.6774629780842116,0.9935878439813282,Crescente
2613008,PE,2019,59504,São Bento do Una,1277816000,45920595,6878,5.6,5.0,0.1,0.2,21474.46,6676.45,0.3497375447692229,0.3497375447692216,0.5249560478752567,0.9989999999999959,0.34973754476922314,0.5249560478752564,0.6662225269806391,Crescente
2613107,PE,2019,37245,São Caitano,388184000,30212007,4110,4.8,4.3,0.9,1.5,10422.45,7350.85,0.5243678750134891,0.5243678750134732,0.5695036326640873,0.9909999999999934,0.5243678750134891,0.5695036326640874,0.9207454438184053,Crescente
2613206,PE,2019,22793,São João,233734000,18677841,3157,5.2,4.4,0.1,1.7,10254.64,5916.33,0.5844144263037613,0.5844144263037538,0.7627410683790139,0.9989999999999999,0.5844144263037614,0.7627410683790137,0.7662029101773234,Crescente
2613305,PE,2019,21356,São Joaquim do Monte,163642000,19371899,2785,5.4,4.4,0.4,3.6,7662.58,6955.8,0.6951577331397025,0.6951577331397092,0.7409736172104887,0.9959999999999984,0.6951577331397026,0.7409736172104876,0.9381679954500036,Crescente
2613404,PE,2019,21298,São José da Coroa Grande,248038000,16820605,2907,4.2,4.4,0.9,2.2,11646.07,5786.24,0.5226100020509978,0.522610002050993,0.5534746700546802,0.9910000000000004,0.5226100020509976,0.5534746700546801,0.9442347235138455,Crescente
2613503,PE,2019,33959,São José do Belmonte,290107000,23918687,4043,5.3,4.6,0.2,1.1,8542.86,5916.07,0.6748417114084505,0.6748417114084715,0.8106013099305254,0.9980000000000019,0.6748417114084501,0.8106013099305254,0.8325198875712272,Decrescente
2613602,PE,2019,33951,São José do Egito,411235000,25642897,3465,5.9,5.1,0.2,2.5,12112.6,7400.55,0.5259355879066702,0.5259355879066699,0.6515716170477003,0.9980000000000006,0.5259355879066702,0.6515716170477004,0.8071800154366875,Crescente
2613701,PE,2019,113230,São Lourenço da Mata,1214865000,57620144,9195,4.6,4.1,1.0,3.8,10729.18,6266.46,0.5228373891235657,0.5228373891235679,0.5228388896438319,0.9899999999999973,0.5228388896438319,0.5228373891235658,0.9999971300523051,Crescente
2613800,PE,2019,18018,São Vicente Ferrer,272360000,13349170,2158,4.1,4.1,0.3,5.2,15116.0,6185.9,0.4062559320612247,0.40625593206122224,0.5583977243032588,0.9969999999999984,0.4062559320612244,0.5583977243032587,0.727538659954481,Crescente
2613909,PE,2019,86350,Serra Talhada,1488492000,55600057,8671,5.7,5.0,0.1,1.0,17237.89,6412.19,0.41464305034052945,0.4146430503405295,0.6037231782573809,0.9989999999999999,0.41464305034052934,0.6037231782573813,0.6868098911447752,Crescente
2614006,PE,2019,19165,Serrita,138026000,15837837,2782,5.1,4.9,0.3,3.0,7201.98,5692.97,0.785600758780261,0.7856007587802655,0.892659099535552,0.9969999999999991,0.7856007587802613,0.8926590995355521,0.8800680564271477,Crescente
2614105,PE,2019,35907,Sertânia,555501000,24751208,3498,5.0,4.3,0.0,0.0,15470.55,7075.82,0.4021975889848477,0.40219758898486546,0.6989775440465418,1.0,0.4021975889848483,0.6989775440465419,0.5754084554082143,Crescente
2614204,PE,2019,45865,Sirinhaém,512850000,33840355,4509,4.6,3.9,0.5,2.3,11181.73,7505.07,0.4792749781881957,0.47927497818819775,0.5448684484920786,0.9950000000000021,0.4792749781881956,0.5448684484920788,0.8796159504456303,Crescente
2614303,PE,2019,11270,Moreilândia,86369000,8965468,1292,4.8,4.2,0.6,4.7,7663.62,6939.22,0.6485927922569007,0.6485927922569069,0.6724924698529252,0.9939999999999932,0.648592792256901,0.6724924698529254,0.9644610480155243,Crescente
2614402,PE,2019,6007,Solidão,46335000,5371739,904,6.2,5.6,0.0,0.7,7713.5,5942.19,0.8021542366495656,0.802154236649562,0.998705796495238,1.0,0.8021542366495659,0.9987057964952383,0.8031937327935499,Crescente
2614501,PE,2019,65089,Surubim,804828000,38950916,5573,5.0,4.5,1.4,2.4,12365.04,6989.22,0.48107561743763166,0.48107561743763105,0.4817808901413409,0.9859999999999995,0.48178089014134096,0.4810756174376316,0.9985361131623499,Crescente
2614600,PE,2019,28534,Tabira,283792000,19483365,3097,6.0,4.9,0.1,3.0,9945.75,6291.04,0.6413747256971929,0.6413747256972055,0.7972727847283035,0.9989999999999986,0.6413747256971926,0.7972727847283035,0.8044608294459242,Decrescente
2614808,PE,2019,25765,Tacaratu,182364000,22073366,2436,5.6,4.8,0.1,0.9,7077.97,9061.32,0.6939256244525691,0.6939256244525633,0.8000973550859499,0.9989999999999992,0.6939256244525692,0.8000973550859497,0.8673014853024037,Crescente
2614857,PE,2019,23388,Tamandaré,331617000,23275817,3260,5.3,4.1,0.3,4.2,14178.94,7139.82,0.44177036777971634,0.44177036777971374,0.5538926355541294,0.9969999999999998,0.44177036777971623,0.5538926355541294,0.797574005181992,Decrescente
2615003,PE,2019,28775,Taquaritinga do Norte,306420000,19992497,2848,5.6,4.8,0.1,0.8,10648.83,7019.84,0.5679252925483232,0.5679252925483115,0.7081934007632497,0.998999999999999,0.5679252925483237,0.7081934007632497,0.8019353074121368,Decrescente
2615201,PE,2019,10096,Terra Nova,73265000,9526404,1250,5.3,5.2,0.3,0.8,7256.83,7621.12,0.7277046040954666,0.7277046040954696,0.7968149327170263,0.997,0.7277046040954659,0.7968149327170296,0.9132667752775374,Crescente
2615300,PE,2019,53022,Timbaúba,690957000,26420170,4441,5.2,5.0,0.2,0.6,13031.52,5949.15,0.5145863611858903,0.5145863611858922,0.7008103438056462,0.9980000000000003,0.5145863611858931,0.7008103438056462,0.7342733533176832,Decrescente
2615409,PE,2019,45219,Toritama,710556000,34147406,5431,4.3,3.5,1.9,6.0,15713.66,6287.5,0.3815388509960488,0.3815388509960414,0.3842938194594725,0.9809999999999994,0.38429381945947283,0.38153885099604884,0.9928310882873456,Crescente
2615508,PE,2019,13769,Tracunhaém,140454000,7386228,1267,5.7,4.9,0.0,0.0,10200.74,5829.7,0.624669557422124,0.6246695574221728,0.9543191391860816,1.0,0.6246695574221243,0.9543191391860816,0.654570920535966,Decrescente
2615607,PE,2019,30521,Trindade,359356000,22128422,3990,5.7,5.5,0.4,1.8,11774.06,5545.97,0.6151547217402941,0.6151547217402941,0.7577641365463564,0.9959999999999996,0.6151547217402944,0.7577641365463565,0.8118023697241336,Crescente
2615706,PE,2019,15254,Triunfo,148914000,14141076,1855,6.3,5.3,0.0,0.7,9762.29,7623.22,0.6327979103960373,0.632797910396036,0.767705376621296,1.0,0.6327979103960374,0.767705376621296,0.8242718231061605,Decrescente
2615805,PE,2019,27304,Tupanatinga,198515000,23880770,3804,4.7,4.8,1.6,1.7,7270.55,6277.8,0.7450123839434475,0.7450123839434935,0.7674107681052308,0.9839999999999999,0.7450123839434472,0.7674107681052305,0.9708130442095753,Crescente
2615904,PE,2019,8202,Tuparetama,82079000,8298022,1146,6.2,5.2,0.0,2.4,10007.19,7240.86,0.6258946664603119,0.6258946664603116,0.7814782290664666,1.0,0.6258946664603118,0.7814782290664666,0.8009112003132695,Decrescente
2616001,PE,2019,18482,Venturosa,211438000,13204176,2195,5.6,4.9,0.2,1.0,11440.21,6015.57,0.5604338278148405,0.5604338278148406,0.7321261158083038,0.9980000000000003,0.5604338278148397,0.7321261158083036,0.7654880979024954,Crescente
2616100,PE,2019,9534,Verdejante,77953000,7875250,1327,4.3,3.9,0.5,3.0,8176.32,5934.63,0.6401275367423565,0.640127536742374,0.7104606194549905,0.9950000000000025,0.6401275367423563,0.7104606194549902,0.9010035450429497,Crescente
2616183,PE,2019,7618,Vertente do Lério,65421000,8017756,1081,5.4,4.8,0.2,2.4,8587.69,7416.98,0.6317051853778312,0.6317051853778292,0.7254954078875888,0.9979999999999988,0.631705185377831,0.7254954078875887,0.8707225138986822,Crescente
2616308,PE,2019,32643,Vicência,470533000,26036647,3440,4.9,4.6,0.4,0.3,14414.51,7568.79,0.42992093780315327,0.4299209378031515,0.5629273701999163,0.9969999999999929,0.42992093780315316,0.5629273701999163,0.7637236356982827,Decrescente
2616407,PE,2019,138757,Vitória de Santo Antão,3729011000,76881391,12473,4.2,3.7,2.9,6.3,26874.4,6163.83,0.2412892130498853,0.24128921304989104,0.24502082832380392,0.9710000000000047,0.24502082832380445,0.24128921304988543,0.9847702119879084,Crescente
2616506,PE,2019,14725,Xexéu,128909000,19830420,2356,5.0,4.1,0.1,2.5,8754.43,8416.99,0.570030547521081,0.5700305475211717,0.6864894767731706,0.9990000000000197,0.5700305475210811,0.6864894767731701,0.8303558420159586,Crescente
2700102,AL,2019,20196,Água Branca,159756000,24025916,3409,4.9,4.2,1.1,3.0,7910.28,7047.79,0.6381765148634118,0.6381765148634113,0.639185656668467,0.9890000000000004,0.6391856566684672,0.6381765148634119,0.9984212070553725,Crescente
2700300,AL,2019,231747,Arapiraca,4964721000,119940171,22447,5.4,4.5,0.8,4.0,21423.02,5343.26,0.3439564662831411,0.34395646628314264,0.43110755270708223,0.9920000000000011,0.34395646628314086,0.4311075527070823,0.7978437494850472,Crescente
2700508,AL,2019,15932,Barra de Santo Antônio,183872000,16031506,2285,4.5,3.6,1.8,6.1,11541.05,7015.98,0.47134675450936037,0.47134675450936037,0.47527214797495004,0.9820000000000002,0.47527214797495,0.47134675450936037,0.9917407458393784,Crescente
2700607,AL,2019,8322,Barra de São Miguel,214359000,11176127,1178,5.4,4.1,0.2,5.2,25758.11,9487.37,0.2625962202729841,0.262596220272985,0.37257212321431,0.9979999999999974,0.2625962202729842,0.37257212321431,0.7048198292654714,Decrescente
2700706,AL,2019,18232,Batalha,170568000,18690237,2177,5.5,4.7,0.2,1.2,9355.42,8585.32,0.5746473439466163,0.5746473439466284,0.6473893702674953,0.998000000000007,0.5746473439466162,0.6473893702674953,0.8876379043869338,Decrescente
2700904,AL,2019,6704,Belo Monte,100408000,8082276,1081,5.8,4.2,0.3,0.6,14977.33,7476.67,0.443196499673369,0.44319649967336605,0.5616800614342539,0.9970000000000004,0.44319649967336916,0.5616800614342539,0.7890550690755582,Decrescente
2701001,AL,2019,27281,Boca da Mata,352915000,22484093,3126,5.1,4.3,0.1,1.6,12936.29,7192.61,0.46236087246433505,0.4623608724643339,0.6108254465529245,0.999000000000005,0.4623608724643351,0.6108254465529245,0.7569443530448501,Decrescente
2701100,AL,2019,10494,Branquinha,505624000,15357896,1847,6.2,4.9,0.5,1.6,48182.2,8315.05,0.18579010795533918,0.18579010795533776,0.2580507496048575,0.9949999999999979,0.18579010795534157,0.2580507496048574,0.7199750755997877,Crescente
2701209,AL,2019,10858,Cacimbinhas,101777000,15260984,1700,5.6,4.6,0.0,1.8,9373.46,8977.05,0.5706606312823503,0.57066063128235,0.6838038578017432,1.0,0.5706606312823502,0.6838038578017431,0.8345384787925593,Crescente
2701308,AL,2019,21264,Cajueiro,176176000,24181459,3091,4.9,4.1,0.1,0.7,8285.18,7823.18,0.6021713798796683,0.6021713798796848,0.7277304715209465,0.9990000000000001,0.6021713798796682,0.7277304715209469,0.8274648423352928,Crescente
2701357,AL,2019,6936,Campestre,62310000,8627169,981,5.0,4.8,0.9,1.0,8983.56,8794.26,0.5770960603900943,0.5770960603900928,0.6383519655460848,0.9910000000000022,0.5770960603900939,0.6383519655460848,0.904040547437512,Decrescente
2701407,AL,2019,57063,Campo Alegre,521383000,52896163,5331,7.0,5.7,0.0,0.0,9136.97,9922.37,0.6442434289383989,0.6442434289384039,0.7032636871086139,1.0,0.6442434289383988,0.703263687108614,0.9160766306406779,Crescente
2701506,AL,2019,9558,Campo Grande,92791000,13895998,1615,4.6,4.2,1.7,3.0,9708.2,8604.33,0.5107646548731124,0.5107646548731215,0.512127600841846,0.9830000000000008,0.5121276008418463,0.5107646548731124,0.9973386594151669,Crescente
2701605,AL,2019,17722,Canapi,125447000,24747974,2963,5.9,4.7,0.3,0.7,7078.6,8352.34,0.720577840311783,0.7205778403117823,0.7910334258391184,0.9969999999999991,0.7205778403117841,0.7910334258391174,0.910932227102038,Crescente
2701704,AL,2019,17053,Capela,189975000,23940991,2497,5.2,4.0,1.1,5.7,11140.27,9587.9,0.4749362146325508,0.47493621463255387,0.47566254278221587,0.9890000000000062,0.47566254278221565,0.4749362146325508,0.9984730179815786,Crescente
2701902,AL,2019,7311,Chã Preta,115608000,9286637,1195,5.3,4.7,0.2,2.6,15812.88,7771.24,0.40173866139120484,0.4017386613912048,0.5378035041621709,0.9979999999999979,0.40173866139120484,0.5378035041621709,0.7469989657599243,Decrescente
2702009,AL,2019,10693,Coité do Nóia,130875000,11904833,1649,5.6,5.6,0.1,0.7,12239.32,7219.43,0.5537909219250364,0.5537909219250361,0.7086054837974453,0.9989999999999988,0.5537909219250369,0.7086054837974453,0.7815222074732595,Decrescente
2702108,AL,2019,21698,Colônia Leopoldina,263536000,22229233,2922,4.5,4.7,0.0,0.7,12145.64,7607.54,0.4912539412697227,0.49125394126971783,0.6622277272584008,1.0,0.49125394126972244,0.6622277272584008,0.7418202546478936,Decrescente
2702207,AL,2019,5845,Coqueiro Seco,74803000,7046469,904,5.2,4.4,0.0,1.0,12797.78,7794.77,0.46206405963848324,0.4620640596384849,0.6192679694553371,1.0,0.4620640596384834,0.6192679694553371,0.7461455822507356,Decrescente
2702306,AL,2019,56933,Coruripe,1401650000,64580323,8088,8.9,7.2,0.0,0.7,24619.29,7984.71,0.46034931459311157,0.46034931459311074,0.9943843185752704,1.0,0.4603493145936517,0.9943843185752704,0.4629490891938932,Decrescente
2702355,AL,2019,24219,Craíbas,248592000,30807995,3679,4.9,4.6,0.5,0.0,10264.34,8374.01,0.5299124957828872,0.5299124957828949,0.6587724507574259,1.0,0.5299124957828873,0.6587724507574257,0.8043938315477803,Crescente
2702405,AL,2019,52016,Delmiro Gouveia,571343000,45292960,6892,4.7,4.1,1.5,5.1,10983.99,6571.82,0.5065335438536241,0.5065335438536225,0.5076675732785383,0.9849999999999988,0.5076675732785383,0.5065335438536241,0.9977661968488739,Crescente
2702504,AL,2019,11075,Dois Riachos,77901000,15756284,1515,5.6,4.5,0.9,5.5,7033.95,10400.19,0.692522371903978,0.6925223719039828,0.6942213415119819,0.991000000000002,0.6942213415119819,0.6925223719039781,0.9975526975239575,Crescente
2702553,AL,2019,18205,Estrela de Alagoas,116730000,17372421,2148,4.6,3.8,0.0,2.5,6411.97,8087.72,0.7021560018708584,0.702156001870851,0.9329316887009553,1.0,0.7021560018708582,0.9329316887009556,0.7526338856048115,Crescente
2702603,AL,2019,22166,Feira Grande,328283000,25401802,3147,4.1,4.0,1.9,5.7,14810.2,8071.75,0.37928712414890975,0.37928712414890936,0.3809327609893953,0.9810000000000105,0.3809327609893949,0.37928712414891014,0.9956799808023564,Crescente
2702702,AL,2019,4754,Feliz Deserto,102975000,5711031,711,5.6,5.2,0.9,2.2,21660.71,8032.39,0.34233670866137206,0.34233670866137256,0.3800381335056184,0.9909999999999872,0.342336708661372,0.3800381335056184,0.9007956793796617,Decrescente
2702900,AL,2019,40917,Girau do Ponciano,380191000,57913753,5463,5.1,5.3,0.9,2.6,9291.76,10601.09,0.5520324967849137,0.5520324967849136,0.5530194957318043,0.9909999999999998,0.5530194957318046,0.5520324967849133,0.9982152546980564,Crescente
2703007,AL,2019,15616,Ibateguara,142828000,14914418,2254,5.0,4.1,1.8,5.5,9146.26,6616.87,0.5963267157790982,0.5963267157791006,0.5986961772488212,0.9820000000000007,0.5986961772488213,0.5963267157790982,0.9960422973124511,Crescente
2703106,AL,2019,25631,Igaci,218611000,22602403,3537,4.7,4.4,0.6,3.1,8529.16,6390.28,0.6346882569964026,0.6346882569964019,0.6818994816631024,0.9940000000000042,0.6346882569964027,0.6818994816631024,0.9307651260394639,Decrescente
2703205,AL,2019,24499,Igreja Nova,385218000,24918833,3352,5.3,4.0,0.3,3.9,15723.83,7434.02,0.40417069282457224,0.4041706928245751,0.5168021560423263,0.9970000000000036,0.40417069282457213,0.5168021560423262,0.7820607714172743,Crescente
2703304,AL,2019,18385,Inhapi,131983000,16306783,2730,5.3,4.0,0.8,1.8,7178.84,5973.18,0.7559680203765186,0.7559680203765139,0.7742028850248374,0.9919999999999995,0.7559680203765184,0.7742028850248371,0.9764469172086154,Crescente
2703403,AL,2019,5253,Jacaré dos Homens,52977000,12593102,941,4.7,4.5,0.2,0.0,10085.09,13382.68,0.46739534890888146,0.46739534890886203,0.5938415026539127,1.0,0.46739534890888124,0.5938415026539131,0.7870708713016252,Crescente
2703502,AL,2019,7021,Jacuípe,163303000,11262606,970,5.3,4.4,0.2,1.9,23259.22,11610.93,0.26996302567207436,0.26996302567207364,0.35488704300877055,0.9980000000000032,0.26996302567207425,0.3548870430087705,0.7607012738005275,Crescente
2703700,AL,2019,5770,Jaramataia,52941000,7058633,970,5.7,4.5,0.0,2.2,9175.22,7276.94,0.6292337597840784,0.6292337597840773,0.7647328244751693,1.0,0.629233759784078,0.7647328244751711,0.8228151579813734,Crescente
2703759,AL,2019,11580,Jequiá da Praia,254848000,13439490,1534,8.1,7.2,0.0,0.1,22007.6,8761.08,0.45376293597932804,0.45376293597966766,0.773395802800471,1.0,0.4537629359793269,0.7733958028004709,0.5867150226782323,Crescente
2703809,AL,2019,23993,Joaquim Gomes,341902000,27164922,3200,4.5,3.9,0.7,3.4,14250.07,8489.04,0.3881492527168585,0.3881492527168599,0.42259009457460045,0.9930000000000061,0.38814925271685863,0.42259009457460067,0.9185005936014384,Crescente
2703908,AL,2019,4155,Jundiá,47368000,6774223,767,4.8,4.1,0.3,4.9,11400.24,8832.1,0.46021962816371403,0.4602196281637176,0.535581413428953,0.9970000000000022,0.4602196281637139,0.5355814134289529,0.8592897673898908,Crescente
2704104,AL,2019,17852,Lagoa da Canoa,208484000,23957603,2493,5.3,4.2,1.1,6.5,11678.47,9609.95,0.46526289051221464,0.4652628905122146,0.4659229985814074,0.9889999999999964,0.46592299858140723,0.46526289051221437,0.9985832249723612,Crescente
2704203,AL,2019,28635,Limoeiro de Anadia,508746000,33999246,3675,5.5,5.5,0.3,1.3,17766.58,9251.5,0.393393214279956,0.3933932142799557,0.4900999008580905,0.997,0.39339321427995605,0.4900999008580906,0.8026796446830211,Crescente
2704302,AL,2019,1018948,Maceió,23367034000,331348761,32995,5.4,4.3,1.5,4.9,22932.51,10042.39,0.283587411193475,0.28358741119347386,0.2840145690843553,0.9849999999999969,0.28401456908435524,0.283587411193475,0.9984960000740194,Crescente
2704500,AL,2019,32704,Maragogi,692510000,33792606,4665,4.2,3.5,1.6,3.7,21175.09,7243.86,0.29243214878529944,0.29243214878530166,0.2934487403206794,0.9840000000000001,0.29344874032067947,0.2924321487852994,0.9965357100041764,Crescente
2704609,AL,2019,9163,Maravilha,69776000,15234467,1512,5.7,4.8,0.2,2.2,7614.97,10075.71,0.6474073482133909,0.6474073482133921,0.7108939689404977,0.9980000000000032,0.647407348213391,0.7108939689404976,0.9106946696682122,Crescente
2704708,AL,2019,51901,Marechal Deodoro,2404106000,63411811,7609,5.4,4.8,0.0,0.6,46321.0,8333.79,0.1751249349102995,0.17512493491029932,0.588811227262022,1.0,0.17512493491029968,0.5888112272620211,0.2974211883231782,Crescente
2704807,AL,2019,13264,Maribondo,154730000,12275341,1360,4.6,4.4,2.5,6.9,11665.41,9025.99,0.4551518947349228,0.4551518947348909,0.45862758548834437,0.9749999999999992,0.4586275854883444,0.45515189473492285,0.9924215401266788,Crescente
2704906,AL,2019,3514,Mar Vermelho,39387000,4417911,541,5.1,4.2,0.4,3.5,11208.59,8166.19,0.4941130179162376,0.4941130179162369,0.557773341697456,0.9959999999999987,0.49411301791623763,0.5577733416974555,0.8858670376976377,Crescente
2705002,AL,2019,25216,Mata Grande,246086000,30271269,3231,4.9,4.0,0.7,0.9,9759.12,9369.01,0.5077024372946938,0.5077024372946691,0.5828961409291946,0.9929999999999968,0.5077024372946858,0.582896140929195,0.8709998259473213,Crescente
2705101,AL,2019,24642,Matriz de Camaragibe,305530000,22900571,3476,5.2,4.1,1.0,3.7,12398.75,6588.2,0.4916931935216024,0.4916931935215964,0.49203099199841466,0.9899999999999993,0.4916931935216026,0.4920309919984149,0.999313460976431,Crescente
2705200,AL,2019,17856,Messias,176602000,20935148,2538,6.1,4.5,0.0,1.0,9890.34,8248.68,0.5988151829137683,0.5988151829137686,0.7110345848278107,1.0,0.5988151829137687,0.7110345848278107,0.8421744816516651,Decrescente
2705309,AL,2019,5329,Minador do Negrão,57938000,8345704,789,4.8,4.9,0.2,0.0,10872.21,10577.57,0.48568508053099807,0.4856850805310064,0.5870623594257588,1.0,0.4856850805309979,0.5870623594257586,0.8273142924817664,Crescente
2705507,AL,2019,28236,Murici,403324000,29235715,4415,5.8,4.3,0.2,0.0,14284.03,6621.91,0.47374736959882263,0.4737473695988226,0.8422316723323447,1.0,0.47374736959882247,0.8422316723323445,0.5624905654365867,Crescente
2705606,AL,2019,12690,Novo Lino,157875000,13179853,1676,4.9,4.1,0.0,6.1,12440.9,7863.87,0.4541440269804709,0.4541440269804604,0.6000173429698075,1.0,0.45414402698047096,0.6000173429698075,0.756884833916081,Decrescente
2705705,AL,2019,21688,Olho d'Água das Flores,216846000,18454297,2766,5.0,4.1,0.1,2.8,9998.43,6671.84,0.5627846210632823,0.5627846210633811,0.7029911573705857,0.9990000000000225,0.5627846210632824,0.7029911573705858,0.8005571836326915,Crescente
2705804,AL,2019,9373,Olho d'Água do Casado,74727000,10973219,1550,4.5,3.1,1.4,6.2,7972.58,7079.5,0.6083596477046472,0.6083596477046472,0.6123458429946149,0.9860000000000025,0.6123458429946147,0.6083596477046471,0.9934902876608526,Crescente
2705903,AL,2019,5123,Olho d'Água Grande,49916000,8392712,1010,4.3,5.0,0.7,0.0,9743.51,8309.62,0.575675537137497,0.5756755371375013,0.6932028783404905,1.0,0.5756755371374971,0.693202878340491,0.8304575112493028,Crescente
2706000,AL,2019,11624,Olivença,83982000,19358661,1690,4.8,4.2,0.3,4.5,7224.88,11454.83,0.6316872946364592,0.6316872946364398,0.7069452879210234,0.9970000000000038,0.631687294636459,0.7069452879210234,0.8935448123490829,Decrescente
2706109,AL,2019,11496,Ouro Branco,82891000,13284816,1895,4.6,4.8,0.8,0.1,7210.42,7010.46,0.7238119315368519,0.7238119315368224,0.8718783086700106,0.9990000000000006,0.723811931536855,0.8718783086700109,0.8301754090441548,Crescente
2706208,AL,2019,5011,Palestina,39043000,6172102,838,5.1,5.0,0.0,0.8,7791.46,7365.28,0.6906984663364646,0.6906984663364649,0.832203918417619,1.0,0.6906984663364649,0.8322039184176184,0.8299630067228982,Crescente
2706307,AL,2019,73218,Palmeira dos Índios,943218000,62237084,6864,5.3,4.4,0.2,1.4,12882.32,9067.17,0.4448350316174302,0.4448350316174299,0.5301821373635266,0.998000000000003,0.44483503161743015,0.5301821373635266,0.8390230456074815,Decrescente
2706406,AL,2019,24399,Pão de Açúcar,214549000,23372115,3318,4.9,4.3,0.5,0.6,8793.35,7044.04,0.6005610599615524,0.6005610599616467,0.7114042285946497,0.994999999999999,0.6005610599615522,0.7114042285946495,0.8441910180207061,Crescente
2706422,AL,2019,10533,Pariconha,75944000,10961437,1513,5.5,4.8,0.2,0.5,7210.1,7244.84,0.7233941874607662,0.7233941874611265,0.8274248751750397,0.9980000000002246,0.7233941874607659,0.8274248751750396,0.8742717425648268,Crescente
2706448,AL,2019,13176,Paripueira,169741000,17449452,2260,4.9,3.8,1.5,3.9,12882.59,7721.0,0.4421748597831103,0.44217485978310256,0.4431626739047017,0.9849999999999972,0.44316267390470176,0.4421748597831103,0.9977709897972954,Crescente
2706505,AL,2019,15245,Passo de Camaragibe,228044000,17145290,2448,4.6,3.7,0.7,0.3,14958.61,7003.79,0.3992898524506502,0.39928985245065807,0.5347396412754781,0.997000000000002,0.3992898524506508,0.5347396412754778,0.7466995555037798,Crescente
2706802,AL,2019,17827,Piaçabuçu,316532000,25023130,2496,4.9,3.8,0.0,3.7,17755.76,10025.29,0.32795056102391174,0.327950561023917,0.4527287317646506,1.0,0.32795056102391174,0.4527287317646507,0.7243864548769033,Crescente
2706901,AL,2019,35111,Pilar,539244000,45841941,4372,4.9,4.1,0.7,2.9,15358.26,10485.35,0.35879098136493087,0.35879098136494314,0.37919829887052947,0.993000000000007,0.35879098136493104,0.37919829887052936,0.9461829929976392,Crescente
2707008,AL,2019,2908,Pindoba,37647000,3386585,365,5.7,4.8,0.0,1.3,12946.01,9278.32,0.4604261821920722,0.4604261821920742,0.5786053917963525,1.0,0.46042618219207193,0.5786053917963526,0.7957516274824571,Crescente
2707107,AL,2019,25039,Piranhas,266009000,25718166,3661,5.0,4.7,0.4,2.5,10623.79,7024.9,0.5507011842110126,0.5507011842110117,0.6355900765189763,0.9960000000000028,0.5507011842110126,0.6355900765189763,0.8664408154814399,Decrescente
2707206,AL,2019,14386,Poço das Trincheiras,92644000,15747458,2303,4.4,3.9,0.6,2.4,6439.87,6837.8,0.7110262827220141,0.711026282722019,0.7255750499852296,0.9939999999999988,0.7110262827220143,0.7255750499852299,0.9799486389953573,Crescente
2707305,AL,2019,27165,Porto Calvo,350482000,27339207,3822,4.8,3.8,1.6,6.0,12901.97,7153.12,0.445017555927878,0.4450175559278687,0.44612268002898153,0.9839999999999975,0.44612268002898153,0.445017555927878,0.9975228246610737,Crescente
2707404,AL,2019,7786,Porto de Pedras,213192000,12249351,1467,4.4,3.4,3.0,12.8,27381.45,8349.93,0.22724997255510546,0.22724997255510293,0.23122707118771535,0.9699999999999984,0.23122707118771502,0.22724997255510562,0.9828000302378903,Crescente
2707503,AL,2019,20066,Porto Real do Colégio,201172000,17130375,2234,4.8,3.2,2.0,7.7,10025.52,7668.03,0.5216536979595114,0.5216536979595112,0.5242762411639529,0.98,0.5242762411639533,0.5216536979595114,0.9949977836138081,Crescente
2707701,AL,2019,75120,Rio Largo,1164095000,61050523,11329,5.1,4.1,1.2,5.0,15496.47,5388.87,0.4245076872735343,0.42450768727353627,0.4261660347516016,0.9880000000000007,0.42450768727353383,0.4261660347516015,0.9961086821969894,Crescente
2707800,AL,2019,6664,Roteiro,137386000,12271823,1322,5.5,4.1,1.0,4.2,20616.15,9282.77,0.31772510869376286,0.31772510869375675,0.32304310759550736,0.990000000000028,0.3177251086937628,0.3230431075955075,0.9835378041607892,Crescente
2707909,AL,2019,7296,Santa Luzia do Norte,168078000,7771484,959,4.9,4.0,1.0,5.6,23037.01,8103.74,0.2786193807125848,0.27861938071259773,0.30071291760072766,0.9899999999999912,0.27861938071258474,0.3007129176007277,0.9265294718151164,Crescente
2708006,AL,2019,47654,Santana do Ipanema,562748000,32510260,5062,4.2,4.2,0.8,2.8,11809.04,6422.41,0.4911289901753034,0.4911289901753043,0.530822987178182,0.9920000000000018,0.4911289901753038,0.5308229871781818,0.9252217820974764,Crescente
2708105,AL,2019,10740,Santana do Mundaú,970661000,15806234,1857,7.5,5.5,0.0,0.0,90378.12,8511.7,0.12943587798628645,0.12943587798628758,0.8401838477795346,1.0,0.1294358779863046,0.8401838477793067,0.1540566131190975,Crescente
2708204,AL,2019,6961,São Brás,90682000,8234323,991,4.4,3.7,0.1,4.4,13027.15,8309.1,0.419158436278252,0.41915843627825455,0.528152473303325,0.9990000000000021,0.4191584362782523,0.5281524733033253,0.7936314936795226,Crescente
2708303,AL,2019,23927,São José da Laje,363473000,20955216,3321,6.0,4.6,0.2,0.8,15190.91,6309.91,0.4679798730200013,0.4679798730199996,0.626125921653542,0.9980000000000012,0.46797987302000105,0.6261259216535419,0.7474213362451259,Crescente
2708402,AL,2019,32260,São José da Tapera,272099000,39439418,5748,5.4,4.6,0.1,1.7,8434.56,6861.42,0.6566006872178688,0.6566006872178716,0.7796504750365513,0.9990000000000105,0.6566006872178689,0.7796504750365515,0.8421731381451237,Crescente
2708501,AL,2019,34555,São Luís do Quitunde,689190000,51396394,4835,4.6,4.1,0.5,4.4,19944.73,10630.07,0.2889685182665235,0.28896851826651987,0.3448376224307059,0.9950000000000001,0.2889685182665236,0.34483762243070576,0.8379843133983759,Crescente
2708600,AL,2019,61251,São Miguel dos Campos,1120634000,63903001,6270,5.8,5.1,0.0,0.0,18295.77,10191.87,0.35421555646232916,0.3542155564623327,0.554522028692732,1.0,0.3542155564623291,0.554522028692732,0.6387763481594789,Decrescente
2708709,AL,2019,7951,São Miguel dos Milagres,164159000,11330310,1320,4.7,4.9,0.4,1.5,20646.33,8583.57,0.32836096774611523,0.3283609677461148,0.4311002913602667,0.9959999999999993,0.3283609677461153,0.4311002913602666,0.7616811547726533,Crescente
2708808,AL,2019,34152,São Sebastião,561730000,41242867,5232,4.7,3.9,0.7,4.7,16447.94,7882.81,0.35852580437968845,0.35852580437968823,0.40767626486642145,0.9929999999999993,0.35852580437968845,0.40767626486642167,0.8794375225576658,Crescente
2708907,AL,2019,13828,Satuba,186778000,14418727,1999,5.3,4.8,0.7,1.0,13507.23,7212.97,0.46621877094579944,0.46621877094579717,0.5237557043552663,0.9929999999999984,0.4662187709457992,0.5237557043552663,0.8901454763527706,Decrescente
2708956,AL,2019,13870,Senador Rui Palmeira,92433000,16913413,2451,5.1,4.4,0.1,1.3,6664.24,6900.62,0.7380324885801861,0.738032488580188,0.8798114621737749,0.9990000000000043,0.7380324885801866,0.8798114621737745,0.8388530046615993,Crescente
2709004,AL,2019,6162,Tanque d'Arca,59428000,8944876,785,5.0,4.4,0.0,0.8,9644.27,11394.75,0.4853246502497648,0.4853246502497724,0.6207423337034832,1.0,0.48532465024976473,0.6207423337034818,0.7818455805232629,Crescente
2709103,AL,2019,19980,Taquarana,311476000,25700735,3203,5.6,4.6,0.5,5.4,15589.39,8023.96,0.4129118974331954,0.4129118974331879,0.4861217840236822,0.9950000000000008,0.4129118974331957,0.48612178402368234,0.8494001112550013,Crescente
2709152,AL,2019,44169,Teotônio Vilela,534512000,52896163,6097,8.4,6.7,0.0,0.0,12101.52,8675.77,0.6751743909800524,0.6751743909800539,0.9330883598804954,1.0,0.6751743909800533,0.9330883598804952,0.7235910552635388,Crescente
2709202,AL,2019,27715,Traipu,206396000,25814870,3419,4.0,3.8,0.8,2.9,7447.09,7550.42,0.6238400372871983,0.6238400372872002,0.6246769491880182,0.9919999999999928,0.6246769491880203,0.6238400372871962,0.9986602484661747,Crescente
2709301,AL,2019,65611,União dos Palmares,1049580000,59910936,7830,5.9,4.7,0.8,2.8,15997.01,7651.46,0.4225675740694712,0.4225675740694702,0.4545112471697293,0.9920000000000035,0.42256757406947104,0.4545112471697296,0.9297186300687312,Crescente
2800100,SE,2019,2374,Amparo de São Francisco,33187000,4197873,354,5.4,4.3,1.3,1.6,13979.36,11858.4,0.3902840817714897,0.3902840817714851,0.4046257669396623,0.9869999999999984,0.3902840817714897,0.4046257669396623,0.9645556799888347,Decrescente
2800209,SE,2019,21563,Aquidabã,240218000,23658475,2053,3.7,3.1,2.9,6.9,11140.29,11523.86,0.4050278862744791,0.4050278862744727,0.41439865987509455,0.9709999999999998,0.414398659875093,0.40502788627447955,0.9773870562143229,Crescente
2800308,SE,2019,657013,Aracaju,17529350000,198729448,18116,4.8,3.9,1.1,2.0,26680.37,10969.83,0.23093904920776714,0.2309390492077756,0.2378157859357888,0.9889999999999857,0.23093904920776687,0.23781578593578875,0.9710837667862873,Crescente
2800605,SE,2019,30407,Barra dos Coqueiros,577898000,40068349,2164,4.1,3.4,2.0,1.8,19005.43,18515.87,0.2504184630079248,0.25041846300793297,0.27119520370839456,0.9820000000000022,0.2504184630079247,0.2711952037083947,0.9233882442743708,Crescente
2800670,SE,2019,26816,Boquim,292677000,25118038,2752,4.1,3.1,0.9,3.7,10914.27,9127.19,0.4560776062296975,0.45607760622969984,0.4565735867097356,0.9909999999999972,0.4565735867097359,0.4560776062296969,0.9989136899407337,Crescente
2801009,SE,2019,18109,Campo do Brito,213914000,15260318,1399,4.6,3.5,2.1,9.7,11812.58,10908.02,0.4051581670886293,0.40515816708862656,0.4076138045661111,0.9790000000000033,0.4076138045661111,0.4051581670886293,0.9939755782312236,Crescente
2801207,SE,2019,29900,Canindé de São Francisco,2651943000,39637843,4821,4.1,3.9,1.2,7.7,88693.75,8221.91,0.09150777575661538,0.09150777575661732,0.13449385322287125,0.9879999999999993,0.09150777575661632,0.1344938532228704,0.680386304383568,Crescente
2801306,SE,2019,34213,Capela,388835000,33776847,3273,4.1,3.5,1.4,6.5,11365.12,10319.84,0.42336723685592054,0.4233672368559218,0.4262032422908516,0.9859999999999993,0.4262032422908516,0.4233672368559205,0.9933458848888913,Crescente
2801405,SE,2019,22082,Carira,324225000,25194559,2805,4.3,2.4,2.9,14.0,14682.77,8982.02,0.36571126256142006,0.36571126256141895,0.37294755684577396,0.9709999999999989,0.3729475568457741,0.36571126256142006,0.9805970192014253,Crescente
2801603,SE,2019,5897,Cedro de São João,59649000,5828099,556,4.1,5.5,1.0,0.9,10115.14,10482.19,0.5421644995054096,0.5421644995054071,0.5753000889230607,0.9910000000000004,0.5421644995054108,0.5753000889230598,0.9424029475126978,Crescente
2801702,SE,2019,17874,Cristinápolis,209635000,20823613,2732,4.5,4.2,0.6,3.6,11728.49,7622.11,0.470648041862764,0.47064804186276193,0.5232544217756525,0.9939999999999994,0.47064804186276366,0.5232544217756524,0.8994630953440013,Crescente
2801900,SE,2019,3987,Cumbe,50202000,3842194,340,3.5,3.2,0.7,8.6,12591.42,11300.57,0.3864646990128843,0.3864646990128866,0.3913457788704394,0.993000000000002,0.38646469901288427,0.3913457788704394,0.9875274498382387,Decrescente
2802007,SE,2019,5138,Divina Pastora,151315000,12892270,794,4.8,3.6,0.5,1.9,29450.18,16237.12,0.1961582500149938,0.19615825001499404,0.22964371892873175,0.9950000000000809,0.19615825001499373,0.2296437189287318,0.8541851304710409,Crescente
2802106,SE,2019,69184,Estância,1953242000,64401436,6698,4.1,3.8,1.4,2.6,28232.57,9615.02,0.21994879702926243,0.21994879702926637,0.22026170752853702,0.9859999999999838,0.2202617075285373,0.21994879702926212,0.9985793695019183,Crescente
2802304,SE,2019,15421,Frei Paulo,252534000,12626232,1343,3.3,2.8,4.1,4.4,16375.98,9401.51,0.3332664683743198,0.3332664683743263,0.3400219888647535,0.9589999999999963,0.34002198886475327,0.3332664683743197,0.9801321070058184,Crescente
2802502,SE,2019,3346,General Maynard,36059000,4100779,337,3.9,3.0,0.9,7.1,10776.75,12168.48,0.41401010419115714,0.4140101041911547,0.41526341429466235,0.9910000000000065,0.4152634142946621,0.4140101041911573,0.996981891348088,Crescente
2802601,SE,2019,5818,Gracho Cardoso,73607000,6320204,743,4.4,3.2,1.5,4.3,12651.6,8506.33,0.41912211449116227,0.4191221144911616,0.4215695572706121,0.9850000000000003,0.42156955727061235,0.4191221144911624,0.9941944508628767,Crescente
2802809,SE,2019,17957,Indiaroba,193016000,21318020,2753,3.7,3.7,1.2,5.4,10748.79,7743.56,0.48462564259961743,0.48462564259961594,0.486175433637387,0.988000000000002,0.4861754336373872,0.4846256425996174,0.9968122802376611,Crescente
2802908,SE,2019,95427,Itabaiana,2006622000,62303456,7287,4.6,3.5,1.4,3.6,21027.82,8549.95,0.2860035030273116,0.2860035030273098,0.2862750620074639,0.9860000000000066,0.286275062007464,0.2860035030273115,0.9990514053922545,Crescente
2803005,SE,2019,41928,Itabaianinha,435164000,45327593,6034,5.7,4.8,0.6,2.2,10378.84,7512.03,0.5712611900628024,0.5712611900628047,0.6016123478464367,0.9940000000000008,0.5712611900628021,0.6016123478464369,0.9495503077816124,Crescente
2803104,SE,2019,4903,Itabi,58623000,5994179,599,3.6,3.7,0.7,4.9,11956.56,10006.98,0.41704385419571816,0.4170438541957191,0.4274360002381766,0.9929999999999982,0.4170438541957182,0.4274360002381767,0.9756872466599263,Crescente
2803203,SE,2019,34356,Itaporanga d'Ajuda,856211000,39116831,4225,3.8,4.0,0.8,1.9,24921.73,9258.42,0.24755607380173386,0.247556073801733,0.28963815117325137,0.9920000000000038,0.2475560738017339,0.28963815117325253,0.8547080997408194,Crescente
2803302,SE,2019,18743,Japaratuba,415767000,27849185,2126,4.8,4.0,0.3,2.8,22182.52,13099.33,0.2560667131208158,0.2560667131208178,0.31385243937827223,0.9970000000000042,0.25606671312081575,0.3138524393782723,0.8158825007958281,Crescente
2803401,SE,2019,13434,Japoatã,177614000,20095959,1882,3.9,3.3,1.8,5.7,13221.23,10677.98,0.37749043970676727,0.3774904397067649,0.38128028774115924,0.981999999999999,0.38128028774115963,0.37749043970676743,0.990060204641461,Crescente
2803500,SE,2019,104408,Lagarto,1639444000,80184937,9828,4.6,4.0,1.1,2.6,15702.28,8158.83,0.3636004667397237,0.3636004667397239,0.36365876669875175,0.9890000000000009,0.3636587666987517,0.36360046673972374,0.9998396849894275,Crescente
2803708,SE,2019,6919,Macambira,78542000,7220384,732,5.4,3.9,0.2,2.3,11351.64,9863.91,0.47689106702947454,0.47689106702947426,0.5438975234493382,0.9980000000000023,0.47689106702947454,0.5438975234493382,0.8768031595457246,Decrescente
2804003,SE,2019,17213,Maruim,338129000,18615641,2100,4.0,3.5,2.6,6.9,19643.82,8864.59,0.2955172660069925,0.2955172660069924,0.29995829254644035,0.974000000000001,0.29995829254644024,0.2955172660069926,0.9851945198722577,Crescente
2804201,SE,2019,15031,Monte Alegre de Sergipe,158272000,14933263,1713,3.6,3.6,2.5,6.9,10529.71,8717.61,0.46669438073611297,0.46669438073611663,0.47483848043517446,0.9750000000000015,0.4748384804351744,0.4666943807361131,0.982848694799129,Crescente
2804300,SE,2019,7625,Muribeca,93299000,8818193,893,4.3,3.2,2.7,7.1,12235.93,9874.8,0.40425083768891884,0.40425083768891973,0.412084158374497,0.9730000000000004,0.41208415837449713,0.4042508376889187,0.9809909686495171,Crescente
2804458,SE,2019,8796,Nossa Senhora Aparecida,97803000,7630257,897,4.3,3.9,0.9,2.7,11119.03,8506.42,0.4610916838354471,0.4610916838354459,0.4613352891235243,0.9909999999999943,0.46133528912352406,0.46109168383544696,0.9994719560939289,Crescente
2804508,SE,2019,36924,Nossa Senhora da Glória,614739000,35834547,4050,4.3,2.9,1.4,9.8,16648.77,8848.04,0.3397730041806656,0.33977300418066675,0.3409630866738341,0.9859999999999993,0.3409630866738341,0.33977300418066547,0.9965096441823716,Crescente
2804607,SE,2019,26629,Nossa Senhora das Dores,342869000,24499430,2829,3.6,3.2,1.7,4.3,12875.77,8660.1,0.4109463226305962,0.4109463226305943,0.41418786906340255,0.9829999999999987,0.41418786906340255,0.41094632263059633,0.9921737291820343,Crescente
2804805,SE,2019,183628,Nossa Senhora do Socorro,2729640000,95785941,11657,5.1,4.2,0.8,2.4,14865.05,8217.03,0.4017970750999802,0.4017970750999816,0.4259998347735194,0.9919999999999984,0.4017970750999802,0.4259998347735195,0.9431859881203793,Crescente
2805000,SE,2019,3261,Pedra Mole,42764000,4746220,416,4.7,1.9,1.5,0.6,13113.77,11409.18,0.3827727424240221,0.38277274242404374,0.4614363963026596,0.994000000000002,0.382772742424022,0.4614363963026593,0.8295243840560825,Crescente
2805109,SE,2019,9602,Pedrinhas,90631000,10479904,820,3.2,3.1,5.8,7.7,9438.76,12780.37,0.44932548688552115,0.44932548688552026,0.4741290169471277,0.9419999999999992,0.47412901694712994,0.44932548688552115,0.9476861167002303,Crescente
2805505,SE,2019,23728,Poço Verde,248545000,15325923,1954,4.7,3.6,0.9,4.1,10474.76,7843.36,0.4989772367837034,0.49897723678369954,0.4990770287254015,0.991000000000004,0.4990770287254014,0.4989772367837033,0.9998000470148808,Crescente
2805604,SE,2019,28596,Porto da Folha,284314000,25234319,3395,3.9,3.1,1.6,8.3,9942.44,7432.79,0.5158010042794513,0.5158010042794571,0.5196709836351258,0.9840000000000042,0.5196709836351261,0.5158010042794514,0.9925530201270739,Crescente
2805802,SE,2019,19805,Riachão do Dantas,302788000,21734522,2540,3.8,3.4,2.1,3.9,15288.46,8556.9,0.3626009011118297,0.36260090111182514,0.3665739588706487,0.9790000000000163,0.3665739588706492,0.3626009011118297,0.9891616475674941,Crescente
2805901,SE,2019,10213,Riachuelo,205776000,12496808,1197,4.0,3.5,3.2,2.4,20148.44,10440.11,0.2835881186873375,0.2835881186873357,0.28492546622016324,0.9760000000000024,0.2835881186873374,0.2849254662201629,0.99530632501697,Crescente
2806008,SE,2019,18652,Ribeirópolis,311343000,14017601,1345,4.5,3.8,1.1,4.2,16692.2,10422.01,0.3258003137344988,0.32580031373449786,0.32623767884686194,0.9890000000000019,0.3262376788468618,0.32580031373449886,0.9986593666497718,Crescente
2806305,SE,2019,14035,Santa Luzia do Itanhy,162305000,21509571,2465,3.9,2.9,2.3,8.2,11564.3,8725.99,0.4390081168732424,0.43900811687324687,0.4454963422913723,0.9770000000000018,0.44549634229137275,0.43900811687324254,0.9854359625384167,Crescente
2806404,SE,2019,7780,Santana do São Francisco,82464000,8045486,821,3.7,3.2,0.8,4.7,10599.49,9799.62,0.45373841885044086,0.4537384188504407,0.45406868095958053,0.992,0.4540686809595803,0.45373841885044097,0.999272660452067,Crescente
2806503,SE,2019,3913,Santa Rosa de Lima,47254000,6911958,677,3.8,2.8,0.0,1.3,12076.16,10209.69,0.4163558246991767,0.41635582469918425,0.5377342929260237,1.0,0.4163558246991768,0.5377342929260235,0.7742779848270807,Crescente
2806701,SE,2019,90072,São Cristóvão,945086000,44478578,5070,5.0,4.1,0.8,1.3,10492.56,8772.9,0.500411978353299,0.5004119783532979,0.5481881316624548,0.9919999999999984,0.5004119783532984,0.5481881316624547,0.9128471585762571,Crescente
2806800,SE,2019,11137,São Domingos,105331000,10397450,1239,4.5,3.9,2.8,5.9,9457.75,8391.81,0.5056849905824141,0.5056849905824149,0.5163270855169401,0.9719999999999996,0.5163270855169402,0.5056849905824141,0.979388850143565,Crescente
2806909,SE,2019,3724,São Francisco,39980000,5046288,420,4.4,3.7,0.4,1.2,10735.77,12014.97,0.4228911676044614,0.4228911676045477,0.4924203423193235,0.995999999999955,0.4228911676044618,0.49242034231932374,0.8588011730234856,Crescente
2807006,SE,2019,3930,São Miguel do Aleixo,39522000,4608683,515,3.7,3.0,1.8,1.0,10056.49,8948.9,0.4928082250435314,0.4928082250435485,0.5743331825699958,0.990000000000003,0.4928082250435316,0.5743331825699961,0.8580528515492335,Crescente
2807105,SE,2019,40484,Simão Dias,638537000,35494628,3465,4.1,3.9,0.8,1.9,15772.58,10243.76,0.3435534082130213,0.343553408213027,0.36532117313384904,0.9919999999999974,0.34355340821302127,0.3653211731338491,0.9404147185499914,Crescente
2807204,SE,2019,8893,Siriri,151152000,12655003,998,4.5,4.2,0.6,1.3,16996.74,12680.36,0.3121957905040419,0.3121957905040028,0.34966075593579,0.993999999999993,0.3121957905040419,0.3496607559357901,0.8928533877601409,Crescente
2807303,SE,2019,3227,Telha,37677000,4093262,373,4.8,4.0,0.0,1.6,11675.55,10973.89,0.4214143520865864,0.42141435208658506,0.5361185571207242,1.0,0.4214143520865866,0.5361185571207233,0.7860469414635306,Crescente
2807402,SE,2019,52191,Tobias Barreto,584893000,44881026,5288,4.6,3.8,1.8,5.3,11206.78,8487.33,0.45727086026780583,0.4572708602678066,0.45918044650158635,0.9820000000000011,0.45918044650158635,0.45727086026780583,0.9958413163096789,Crescente
2807600,SE,2019,25294,Umbaúba,352298000,24101381,3115,4.5,3.4,1.5,5.9,13928.13,7737.2,0.40122822531578367,0.40122822531578506,0.4031373804176332,0.9849999999999953,0.4031373804176335,0.4012282253157832,0.9952642568152035,Crescente
2900108,BA,2019,8739,Abaíra,62610000,7728386,827,5.5,4.7,0.5,2.2,7164.44,9345.09,0.6757419467748311,0.6757419467748619,0.675883304852213,0.9950000000000023,0.6758833048522137,0.6757419467748316,0.9997908543140996,Crescente
2900207,BA,2019,20086,Abaré,151220000,20120836,2993,5.5,4.9,0.2,1.4,7528.63,6722.63,0.7203905659729124,0.7203905659729127,0.818671463395625,0.997999999999999,0.7203905659729126,0.8186714633956264,0.8799507472569394,Crescente
2900306,BA,2019,15159,Acajutiba,126737000,15082828,2021,3.8,3.0,3.0,7.7,8360.51,7463.05,0.5696528624037036,0.5696528624037028,0.5828632141981954,0.9699999999999996,0.5828632141981969,0.5696528624037039,0.9773354168307492,Crescente
2900355,BA,2019,17040,Adustina,173041000,15764118,1966,5.0,4.7,0.7,2.6,10154.99,8018.37,0.5432443761860505,0.5432443761860507,0.556058963191164,0.9930000000000007,0.5432443761860505,0.556058963191164,0.9769546255822009,Decrescente
2900405,BA,2019,16970,Água Fria,129713000,20077100,2122,4.2,3.3,3.7,10.7,7643.67,9461.4,0.5672172791605608,0.5672172791605711,0.5854766100577333,0.9630000000000004,0.585476610057733,0.5672172791605608,0.9688128772635818,Crescente
2900504,BA,2019,10610,Érico Cardoso,65747000,9538555,1230,4.4,3.7,0.4,3.0,6196.7,7754.92,0.7236423267930732,0.7236423267930713,0.7898572055891228,0.996000000000003,0.723642326793074,0.789857205589123,0.916168544988252,Crescente
2900603,BA,2019,4446,Aiquara,45792000,4948208,569,3.9,3.3,2.8,4.8,10299.6,8696.32,0.47247202477043576,0.47247202477042466,0.48226100530016835,0.9720000000000009,0.48226100530016675,0.47247202477043576,0.9797019032802792,Crescente
2900702,BA,2019,151596,Alagoinhas,4349226000,79697285,8566,4.7,3.8,3.9,5.3,28689.58,9303.91,0.21869447891044785,0.21869447891043364,0.2212182197584745,0.960999999999987,0.22121821975847436,0.21869447891044794,0.9885916230101569,Crescente
2900801,BA,2019,22470,Alcobaça,290438000,29061489,3856,5.0,3.3,2.9,7.5,12925.59,7536.69,0.446552551493766,0.4465525514937656,0.45016612778081216,0.9709999999999974,0.45016612778081067,0.446552551493766,0.9919727938997542,Crescente
2900900,BA,2019,5464,Almadina,53031000,5951164,720,4.6,3.9,4.2,10.0,9705.53,8265.51,0.5026265923540075,0.5026265923540176,0.5102931962949889,0.958000000000005,0.5102931962949891,0.5026265923540075,0.9849760804246555,Crescente
2901007,BA,2019,37241,Amargosa,398310000,23473721,3420,5.3,3.9,0.1,1.9,10695.47,6863.66,0.55060517967392,0.5506051796739201,0.6804695364480481,0.9989999999999986,0.5506051796739198,0.6804695364480481,0.8091547823698307,Decrescente
2901106,BA,2019,25102,Amélia Rodrigues,340719000,21653308,2488,4.6,3.0,1.3,3.9,13573.38,8703.1,0.39765503731969626,0.39765503731969715,0.39826418571534467,0.9870000000000049,0.398264185715344,0.39765503731969637,0.9984704916547937,Crescente
2901155,BA,2019,16094,América Dourada,133272000,14637572,2469,5.1,4.4,0.0,0.4,8280.85,5928.54,0.6762460080654147,0.676246008065417,0.8541829439977013,1.0,0.6762460080654145,0.8541829439977016,0.7916875568838735,Crescente
2901205,BA,2019,22005,Anagé,184992000,18871589,2820,4.9,4.4,1.6,5.1,8406.82,6692.05,0.628017043545384,0.6280170435454022,0.6302949504517286,0.9839999999999982,0.6302949504517286,0.628017043545384,0.9963859667530067,Crescente
2901304,BA,2019,13143,Andaraí,110565000,15898370,2110,5.9,4.3,0.2,3.5,8412.46,7534.77,0.6721896554873965,0.672189655487397,0.7433674770382098,0.9979999999999997,0.6721896554873968,0.7433674770382099,0.904249481246602,Crescente
2901353,BA,2019,14595,Andorinha,183430000,17694075,1909,4.4,2.6,2.2,11.2,12568.0,9268.77,0.4072996134229202,0.4072996134229212,0.41283874823062805,0.9779999999999998,0.4128387482306283,0.4072996134229201,0.9865828127048446,Crescente
2901403,BA,2019,13977,Angical,141674000,24086078,2066,4.8,3.7,0.1,2.4,10136.22,11658.31,0.4507726952340638,0.4507726952340593,0.5603969896215296,0.9990000000000014,0.45077269523406477,0.5603969896215294,0.8043810077182931,Crescente
2901502,BA,2019,11221,Anguera,84599000,9358031,1142,4.5,2.8,0.1,3.0,7539.35,8194.42,0.6037690901946009,0.6037690901946016,0.7586296164918928,0.9990000000000034,0.6037690901946008,0.7586296164918925,0.7958680719408128,Crescente
2901601,BA,2019,19291,Antas,126920000,13395491,1383,4.4,3.9,1.1,7.1,6579.23,9685.82,0.6767781311648051,0.6767781311648042,0.6801996586226656,0.9890000000000057,0.6801996586226655,0.6767781311648051,0.9949698189134809,Crescente
2901809,BA,2019,11798,Antônio Gonçalves,72895000,11061965,1386,5.3,4.1,1.2,4.2,6178.59,7981.22,0.7675060356252296,0.7675060356252345,0.7705220355436683,0.9880000000000018,0.7705220355436683,0.7675060356252296,0.9960857707121761,Crescente
2901908,BA,2019,17731,Aporá,133274000,22133972,2355,3.3,3.2,2.6,5.2,7516.44,9398.71,0.5834072959557557,0.5834072959557524,0.5953869118891393,0.9739999999999986,0.5953869118891421,0.5834072959557556,0.9798792756539227,Crescente
2901957,BA,2019,7330,Apuarema,64996000,9954307,1103,4.2,3.4,2.0,10.7,8867.12,9024.76,0.5168288490435288,0.5168288490435272,0.5238727435706269,0.9800000000000014,0.5238727435706266,0.5168288490435288,0.9865541877993345,Crescente
2902005,BA,2019,13135,Aracatu,116386000,13233895,1789,4.7,4.2,1.1,3.9,8860.75,7397.37,0.5724831160228085,0.5724831160228112,0.5733246944094734,0.9890000000000061,0.5733246944094734,0.5724831160228085,0.9985321086029065,Crescente
2902054,BA,2019,12177,Araças,243425000,16439778,1849,4.5,4.4,0.8,4.4,19990.56,8891.17,0.3127172274194405,0.3127172274194541,0.3502409047659178,0.9919999999999993,0.3127172274194406,0.35024090476591774,0.8928632354591589,Crescente
2902203,BA,2019,11397,Aramari,104163000,13215951,1086,4.8,4.5,1.3,2.7,9139.51,12169.38,0.5072751159302672,0.5072751159302691,0.5084716085820098,0.9869999999999916,0.5084716085820092,0.5072751159302669,0.99764688405105,Crescente
2902252,BA,2019,11019,Arataca,89532000,12495473,1386,3.7,3.0,4.3,5.8,8125.24,9015.49,0.5345793621466416,0.5345793621466309,0.5527506539329285,0.9570000000000134,0.5527506539329271,0.5345793621466417,0.9671256982565382,Crescente
2902302,BA,2019,8825,Aratuípe,68721000,7318538,981,3.3,3.5,5.5,10.2,7787.08,7460.28,0.5806833244779802,0.5806833244779804,0.6101508011065752,0.9450000000000006,0.6101508011065753,0.5806833244779802,0.951704600608321,Crescente
2902401,BA,2019,11531,Aurelino Leal,110080000,13978364,1936,4.1,3.3,3.1,8.0,9546.44,7220.23,0.5270551750866636,0.5270551750866693,0.5392680609445956,0.9690000000000019,0.5392680609445957,0.5270551750866636,0.977352847790504,Crescente
2902500,BA,2019,13877,Baianópolis,169351000,15230310,2207,5.0,3.8,0.8,3.6,12203.72,6900.91,0.48097624617970947,0.48097624617972384,0.5087195955472524,0.9920000000000038,0.4809762461797097,0.5087195955472525,0.9454643587344062,Crescente
2902609,BA,2019,20468,Baixa Grande,156802000,22887976,2857,4.8,3.5,2.8,5.0,7660.84,8011.19,0.6091270634117122,0.6091270634117115,0.6148524261662032,0.9720000000000002,0.6148524261662047,0.6091270634117122,0.9906882326378861,Crescente
2902658,BA,2019,13229,Banzaê,91563000,18033605,1717,5.8,3.7,3.5,7.3,6921.38,10502.97,0.7055646675587434,0.7055646675587424,0.7172997070170751,0.9649999999999996,0.7172997070170751,0.7055646675587434,0.983639977343456,Crescente
2902708,BA,2019,53578,Barra,380201000,62310157,9315,4.4,3.5,1.1,4.9,7096.21,6689.23,0.6709022118877902,0.670902211887792,0.6735131268142145,0.9890000000000004,0.6735131268142147,0.6709022118877902,0.9961234386940991,Crescente
2902807,BA,2019,20598,Barra da Estiva,261735000,21369478,3258,6.0,4.3,0.8,2.5,12706.82,6559.08,0.5280815198964258,0.5280815198964263,0.5473378270127961,0.992,0.5280815198964255,0.547337827012796,0.9648182417402696,Crescente
2902906,BA,2019,31603,Barra do Choça,389634000,39394644,5443,4.1,3.8,3.0,7.4,12329.02,7237.67,0.4399663001067371,0.4399663001067627,0.44903107466728887,0.9699999999999894,0.44903107466728925,0.43996630010673726,0.9798125896581471,Crescente
2903003,BA,2019,13865,Barra do Mendes,97882000,11449796,1823,6.2,4.7,0.2,2.2,7059.65,6280.74,0.8283181206328589,0.8283181206328659,0.902339119040881,0.9980000000000023,0.8283181206328596,0.9023391190408807,0.9179676500264103,Crescente
2903201,BA,2019,155439,Barreiras,5055223000,177596291,17850,5.1,4.3,0.8,3.0,32522.23,9949.37,0.20696672694688645,0.20696672694688417,0.25393651281723256,0.9920000000000024,0.20696672694688656,0.2539365128172327,0.8150333508590315,Crescente
2903235,BA,2019,14931,Barro Alto,99899000,21213331,1845,5.2,4.2,0.7,5.0,6690.71,11497.74,0.7046910067477647,0.7046910067477582,0.7054478408236082,0.9929999999999974,0.7054478408236081,0.7046910067477651,0.9989271579951824,Crescente
2903276,BA,2019,15978,Barrocas,269344000,17518729,2254,5.2,4.0,1.2,3.4,16857.18,7772.28,0.3734511976646451,0.3734511976646467,0.3735969813883142,0.9880000000000007,0.37359698138831443,0.3734511976646451,0.9996097834540113,Crescente
2903300,BA,2019,5591,Barro Preto,60893000,9615659,855,5.4,4.2,1.1,2.1,10891.25,11246.38,0.46575327031609864,0.4657532703160909,0.4658856279936894,0.9890000000000104,0.4658856279936895,0.46575327031609853,0.9997159009215186,Crescente
2903409,BA,2019,23328,Belmonte,319978000,29260801,3397,4.2,3.2,2.5,8.9,13716.48,8613.72,0.3902371206415149,0.390237120641518,0.39638496788751765,0.9750000000000018,0.39638496788751765,0.3902371206415145,0.9844902109210475,Crescente
2903508,BA,2019,17211,Belo Campo,145726000,19297137,2425,4.3,3.7,2.2,9.1,8467.03,7957.58,0.5566423235547603,0.5566423235547622,0.5650825890573449,0.9780000000000034,0.5650825890573451,0.5566423235547603,0.9850636603108505,Crescente
2903706,BA,2019,12633,Boa Nova,97491000,15154360,2219,5.2,3.8,0.0,3.2,7717.17,6829.36,0.6820607640593608,0.6820607640593592,0.8442300914154558,1.0,0.6820607640593604,0.8442300914154557,0.8079086151925737,Crescente
2903805,BA,2019,18576,Boa Vista do Tupim,129646000,20502426,3112,5.5,4.1,0.6,3.4,6979.22,6588.18,0.7603105765435472,0.7603105765435244,0.7609604937479194,0.9939999999999496,0.7603105765435471,0.7609604937479193,0.9991459251699504,Crescente
2903904,BA,2019,69148,Bom Jesus da Lapa,1107151000,68192062,9389,4.4,4.1,0.0,0.0,16011.32,7262.97,0.3776681143397523,0.3776681143397544,0.6445259800251208,1.0,0.3776681143397524,0.6445259800251212,0.5859625927337054,Crescente
2903953,BA,2019,9880,Bom Jesus da Serra,62387000,11510407,1587,4.7,3.7,1.7,6.6,6314.47,7252.93,0.7105288374256653,0.7105288374256458,0.7151800262750204,0.9829999999999978,0.7151800262750203,0.7105288374256655,0.9934964782593544,Crescente
2904001,BA,2019,14368,Boninal,97300000,12716469,1696,5.5,4.4,1.2,2.1,6771.99,7497.92,0.736867705666574,0.7368677056665751,0.7372315822536846,0.9879999999999977,0.7372315822536849,0.7368677056665741,0.999506428378993,Crescente
2904050,BA,2019,16764,Bonito,202991000,18626771,2408,5.2,4.0,0.5,4.7,12108.74,7735.37,0.48069281852976115,0.4806928185297591,0.5376427514396834,0.9950000000000044,0.4806928185297612,0.5376427514396834,0.8940747685011591,Decrescente
2904100,BA,2019,21508,Boquira,162102000,18532940,2457,5.0,4.6,0.3,2.5,7536.82,7542.91,0.663386299924509,0.6633862999245086,0.7334810962374819,0.9970000000000004,0.6633862999245098,0.7334810962374814,0.9044354426139457,Crescente
2904209,BA,2019,10211,Botuporã,94305000,14217978,1398,6.0,4.8,0.3,4.0,9235.63,10170.23,0.5721065072757602,0.5721065072757674,0.5959661777841936,0.9969999999999993,0.5721065072757604,0.5959661777841938,0.959964723841974,Crescente
2904308,BA,2019,14295,Brejões,122108000,15125181,2119,5.2,4.0,1.7,7.1,8542.01,7137.89,0.6241278270864918,0.6241278270864916,0.6265715002437382,0.9830000000000003,0.6265715002437381,0.6241278270864918,0.9960999292877257,Crescente
2904506,BA,2019,10231,Brotas de Macaúbas,81726000,13336347,1616,5.3,4.3,0.0,2.5,7988.08,8252.69,0.6294696262301114,0.6294696262300985,0.7651413481641489,1.0,0.6294696262301115,0.7651413481641477,0.8226841063294212,Crescente
2904605,BA,2019,67195,Brumado,1644455000,76341859,6926,6.1,5.1,0.9,1.4,24472.88,11022.5,0.2912594981972002,0.2912594981972201,0.3115672002955761,0.9909999999999957,0.2912594981972002,0.31156720029557616,0.9348207960301647,Crescente
2904704,BA,2019,18349,Buerarema,207917000,14569178,2045,4.0,2.8,3.0,10.2,11331.24,7124.29,0.4698034628420889,0.46980346284208757,0.47966787993224397,0.9699999999999999,0.4796678799322439,0.4698034628420889,0.9794349017250259,Crescente
2904753,BA,2019,21174,Buritirama,138206000,24882265,3410,4.7,3.7,0.2,2.0,6527.16,7296.85,0.6961280345296961,0.6961280345296867,0.8357982961068673,0.998000000000001,0.6961280345296958,0.8357982961068676,0.8328899900517234,Crescente
2904803,BA,2019,6758,Caatiba,63948000,8816995,919,5.4,4.1,0.9,0.5,9462.56,9594.12,0.5434403234148615,0.5434403234148609,0.622612004172816,0.9949999999999954,0.543440323414862,0.6226120041728165,0.872839456632161,Crescente
2904852,BA,2019,18807,Cabaceiras do Paraguaçu,129984000,23612883,2584,3.7,3.3,1.7,3.9,6911.47,9138.11,0.6403363921984079,0.6403363921983704,0.6475019062514908,0.9830000000000044,0.6475019062514917,0.6403363921984064,0.9889336016096609,Crescente
2904902,BA,2019,33470,Cachoeira,441788000,24541237,3561,4.0,3.1,2.5,7.6,13199.52,6891.67,0.4256340565062369,0.42563405650623887,0.43190356938783425,0.9750000000000039,0.43190356938783386,0.4256340565062369,0.9854839984525168,Crescente
2905008,BA,2019,23170,Caculé,283125000,20322933,2568,6.6,5.2,0.4,0.5,12219.46,7913.91,0.552267766117737,0.5522677661177359,0.6459161081276376,0.9959999999999996,0.5522677661177369,0.6459161081276377,0.8550146979901684,Crescente
2905107,BA,2019,9213,Caém,80047000,16489069,1616,4.4,3.2,1.3,8.4,8688.48,10203.63,0.5114444157625728,0.5114444157625668,0.5150716811225903,0.9869999999999978,0.5150716811225909,0.5114444157625726,0.9929577464788748,Crescente
2905156,BA,2019,14542,Caetanos,89139000,12207199,1707,4.9,3.6,2.2,5.5,6129.76,7151.26,0.7429691698994457,0.7429691698994456,0.7500405336487013,0.9780000000000002,0.7500405336487002,0.7429691698994457,0.9905720245346532,Crescente
2905206,BA,2019,50975,Caetité,921181000,39886625,5112,5.3,3.7,0.4,3.7,18071.23,7802.55,0.3584935531603245,0.35849355316032544,0.4558583288992829,0.9959999999999976,0.35849355316032566,0.4558583288992826,0.7864143977054106,Crescente
2905305,BA,2019,18437,Cafarnaum,204120000,19148959,2716,4.9,4.2,0.4,0.8,11071.22,7050.43,0.5105640788121255,0.5105640788120804,0.6003751176118484,0.996000000000028,0.5105640788121253,0.6003751176118479,0.8504084593695852,Crescente
2905602,BA,2019,31988,Camacan,299025000,26993283,3412,4.1,3.6,2.4,5.0,9348.04,7911.28,0.5222899916014164,0.5222899916014203,0.5309341525332135,0.9759999999999973,0.5309341525332136,0.5222899916014164,0.98371895857414,Crescente
2905701,BA,2019,299132,Camaçari,24120937000,279628711,25514,5.1,4.2,1.6,3.5,80636.43,10959.81,0.09531673096773714,0.09531673096773764,0.10787325762120953,0.983999999999996,0.09531673096773767,0.1078732576212096,0.8835992633358318,Crescente
2905800,BA,2019,35316,Camamu,360123000,39087536,5893,4.0,3.7,3.4,5.7,10197.16,6632.88,0.5149066068333704,0.5149066068333694,0.5279981124322849,0.9660000000000035,0.5279981124322841,0.5149066068333709,0.9752053931810344,Crescente
2905909,BA,2019,28798,Campo Alegre de Lourdes,244153000,37031839,4645,4.2,3.5,2.9,8.4,8478.12,7972.41,0.5518228622174669,0.5518228622174649,0.5642305542484312,0.9710000000000002,0.5642305542484312,0.5518228622174669,0.9780095353972958,Crescente
2906006,BA,2019,71206,Campo Formoso,953325000,68789325,9380,4.7,3.1,2.9,11.9,13388.27,7333.62,0.42258580673025997,0.4225858067302599,0.4260400553705175,0.9709999999999995,0.4260400553705172,0.42258580673026014,0.9918921974666128,Crescente
2906105,BA,2019,9711,Canápolis,69609000,10601074,1554,4.8,3.7,0.8,5.3,7168.06,6821.8,0.6804754205789076,0.6804754205788687,0.6807919986562642,0.9920000000000029,0.6807919986562638,0.6804754205789083,0.9995349856079664,Crescente
2906204,BA,2019,26176,Canarana,207648000,32240713,3231,4.8,4.3,0.5,1.9,7932.76,9978.56,0.5770046881246647,0.5770046881246403,0.6157879331550898,0.9949999999999788,0.5770046881246649,0.6157879331550897,0.9370185043547169,Crescente
2906303,BA,2019,31099,Canavieiras,342315000,29629072,4429,4.0,3.3,2.1,8.7,11007.27,6689.79,0.49272838925350504,0.49272838925350476,0.49835360657723143,0.9789999999999996,0.49835360657723177,0.4927283892535048,0.9887123976841239,Crescente
2906402,BA,2019,8258,Candeal,58353000,7465760,962,4.4,2.9,0.5,2.6,7066.24,7760.67,0.6389187956838541,0.6389187956838591,0.6710162934344729,0.9950000000000008,0.6389187956838546,0.6710162934344718,0.952165844459106,Crescente
2906501,BA,2019,87076,Candeias,4217672000,105248991,7790,4.9,3.4,3.1,4.9,48436.68,13510.78,0.13632287268779475,0.1363228726877948,0.13735463146865645,0.9689999999999991,0.13735463146865656,0.1363228726877946,0.9924883582750018,Crescente
2906600,BA,2019,14319,Candiba,119791000,12153288,1742,5.2,4.2,0.5,5.3,8365.88,6976.63,0.6408454559222401,0.6408454559222407,0.680615008459851,0.9949999999999954,0.6408454559222401,0.6806150084598508,0.941568211039594,Crescente
2906709,BA,2019,25189,Cândido Sales,209733000,30795635,4111,4.4,3.2,3.1,20.5,8326.37,7491.03,0.569801988804513,0.569801988804515,0.5836472200480401,0.9689999999999989,0.58364722004804,0.569801988804513,0.9762780824307061,Crescente
2906808,BA,2019,34834,Cansanção,284653000,41841722,5617,3.9,2.7,2.6,9.8,8171.7,7449.12,0.5808312554267607,0.5808312554267553,0.5919411187679046,0.9740000000000012,0.5919411187679043,0.5808312554267606,0.9812314722040792,Crescente
2906824,BA,2019,16668,Canudos,132049000,11874558,1888,4.2,3.7,1.8,4.3,7922.31,6289.49,0.6335768677328505,0.6335768677328592,0.6398687581657296,0.9820000000000022,0.6398687581657304,0.6335768677328505,0.9901669047713539,Crescente
2906857,BA,2019,11637,Capela do Alto Alegre,94738000,9140718,1164,5.1,3.4,3.5,8.3,8141.1,7852.85,0.6106781904321539,0.6106781904321531,0.6179499480788415,0.9649999999999996,0.6179499480788415,0.6106781904321539,0.9882324488103041,Crescente
2906873,BA,2019,30662,Capim Grosso,425266000,24954915,3701,4.6,4.0,1.6,7.9,13869.48,6742.75,0.41755671008396644,0.41755671008396517,0.41854950923538825,0.983999999999998,0.4185495092353883,0.4175567100839666,0.9976280006796915,Crescente
2906899,BA,2019,8951,Caraíbas,76341000,10060462,1605,4.5,2.9,2.6,13.8,8528.77,6268.2,0.5983894339910676,0.598389433991068,0.6090053877572223,0.9739999999999982,0.6090053877572221,0.5983894339910673,0.9825683746325299,Crescente
2907004,BA,2019,9295,Cardeal da Silva,117877000,12302175,1449,4.8,3.7,0.6,4.9,12681.76,8490.11,0.43202606627945594,0.43202606627949147,0.4739992387960373,0.993999999999984,0.43202606627945594,0.4739992387960372,0.9114488609239255,Crescente
2907202,BA,2019,71969,Casa Nova,758200000,66691785,9938,4.3,3.2,1.4,7.6,10535.09,6710.79,0.5117549595903035,0.5117549595903061,0.514059948123539,0.9859999999999993,0.5140599481235391,0.511754959590303,0.9955161094700155,Crescente
2907301,BA,2019,26264,Castro Alves,295379000,25012886,3193,5.0,4.3,0.3,2.6,11246.54,7833.66,0.49364786909273456,0.493647869092736,0.5832717222344389,0.997000000000002,0.4936478690927349,0.5832717222344389,0.8463428797844563,Decrescente
2907400,BA,2019,3577,Catolândia,76167000,5159775,532,4.9,4.1,1.1,3.9,21293.54,9698.83,0.286380556935565,0.28638055693557257,0.2867978566241211,0.9890000000000086,0.28638055693556513,0.2867978566241211,0.9985449692913745,Decrescente
2907509,BA,2019,54704,Catu,646937000,34589423,4452,5.1,3.9,0.5,3.0,11826.14,7769.41,0.48271849913176507,0.4827184991318877,0.5394555960712166,0.995000000000021,0.4827184991317648,0.5394555960712165,0.8948252694889806,Crescente
2907558,BA,2019,9329,Caturama,63808000,10936538,1019,4.5,4.6,1.7,5.9,6839.75,10732.62,0.6809802403569888,0.6809802403569933,0.6857237748732321,0.9829999999999971,0.6857237748732321,0.6809802403569887,0.9930824412247916,Crescente
2907608,BA,2019,17266,Central,167025000,15528567,1983,4.0,3.8,1.4,7.2,9673.64,7830.85,0.5176291829418824,0.5176291829418879,0.520712534854032,0.9860000000000037,0.5207125348540318,0.5176291829418824,0.9940785909580342,Crescente
2907707,BA,2019,11177,Chorrochó,81277000,13749795,1704,4.9,4.3,1.7,3.9,7271.81,8069.13,0.6373396954887257,0.6373396954887307,0.6403868292541067,0.9830000000000012,0.6403868292541064,0.6373396954887257,0.9952417294888307,Crescente
2907905,BA,2019,17300,Cipó,133922000,15908852,2553,4.0,3.7,2.8,11.1,7741.16,6231.43,0.6388591484671949,0.638859148467222,0.6518980790474729,0.9719999999999985,0.6518980790474732,0.6388591484671949,0.9799985135723518,Crescente
2908002,BA,2019,16993,Coaraci,169860000,17147887,2265,4.5,3.4,8.5,15.6,9995.88,7570.81,0.49117889642837087,0.4911788964283843,0.5147939799835546,0.9149999999999949,0.514793979983554,0.49117889642837087,0.9541271178891056,Crescente
2908101,BA,2019,18777,Cocos,297690000,20874955,2925,5.1,4.0,2.3,7.0,15853.97,7136.74,0.39279011027203736,0.3927901102720366,0.39472030180080964,0.9770000000000009,0.39472030180080936,0.39279011027203736,0.9951099765581698,Crescente
2908200,BA,2019,22581,Conceição da Feira,296400000,21085011,2642,4.0,3.4,1.2,0.2,13126.08,7980.7,0.42760207107310655,0.42760207107310133,0.5350262457474791,0.9980000000000059,0.4276020710731067,0.5350262457474787,0.7992170000477425,Crescente
2908309,BA,2019,17247,Conceição do Almeida,179066000,10189891,1335,4.1,3.8,2.4,7.9,10382.44,7632.88,0.49251588282091285,0.49251588282089476,0.5002273175019504,0.975999999999998,0.5002273175019504,0.4925158828209131,0.9845841392278473,Crescente
2908507,BA,2019,33153,Conceição do Jacuípe,2522490000,23610455,3373,4.5,3.3,2.2,9.2,76086.33,6999.84,0.1058049007475892,0.10580490074758826,0.13738158177844326,0.9779999999999976,0.10580490074758953,0.137381581778443,0.7701534614605173,Crescente
2908606,BA,2019,25837,Conde,288240000,32592728,3809,3.9,3.9,0.0,0.0,11156.09,8556.77,0.4712961557090131,0.4712961557090316,0.6028370158656103,1.0,0.4712961557090127,0.6028370158656103,0.7817969754765002,Decrescente
2908705,BA,2019,17247,Condeúba,154054000,19670424,2301,6.2,5.1,0.5,2.6,8932.22,8548.64,0.6369686464332736,0.6369686464332837,0.6393620466828606,0.9949999999999943,0.6369686464332736,0.6393620466828605,0.99625658066192,Crescente
2908804,BA,2019,4066,Contendas do Sincorá,42230000,6159302,754,5.1,3.8,1.1,7.2,10386.13,8168.84,0.5189920116942506,0.5189920116944464,0.5196486915034465,0.9890000000000788,0.5196486915034466,0.5189920116942507,0.9987363004661938,Crescente
2908903,BA,2019,22605,Coração de Maria,200460000,18677254,3015,4.1,3.3,1.7,4.1,8867.95,6194.78,0.5899660485033071,0.5899660485032971,0.5947531270987978,0.9830000000000019,0.594753127098798,0.5899660485033074,0.9919511501875711,Crescente
2909000,BA,2019,8614,Cordeiros,60569000,10446579,942,6.2,5.0,0.0,3.5,7031.46,11089.79,0.730601104418309,0.7306011044183146,0.8546112337810883,1.0,0.730601104418309,0.8546112337810882,0.8548929332298657,Crescente
2909109,BA,2019,14194,Coribe,140893000,14925612,2008,5.5,4.9,0.2,1.0,9926.24,7433.07,0.5815194907812559,0.581519490781256,0.6843556424466157,0.9980000000000001,0.5815194907812559,0.6843556424466157,0.8497328796797613,Decrescente
2909208,BA,2019,15895,Coronel João Sá,147258000,28723129,2649,4.7,3.3,1.7,8.2,9264.42,10843.01,0.48428428634056164,0.4842842863405537,0.48745445699923,0.9829999999999984,0.4874544569992307,0.4842842863405624,0.9934964782593558,Crescente
2909307,BA,2019,32137,Correntina,1468943000,48002657,4790,4.9,3.7,1.8,6.6,45708.78,10021.43,0.150125302352047,0.15012530235204616,0.15025647082440854,0.9819999999999934,0.15025647082440838,0.1501253023520469,0.9991270361160363,Crescente
2909406,BA,2019,13782,Cotegipe,137320000,18963549,2132,5.0,3.5,0.5,3.4,9963.72,8894.72,0.5135896130307801,0.5135896130307801,0.5429810122263382,0.9950000000000001,0.5135896130307803,0.5429810122263387,0.9458703001877596,Crescente
2909505,BA,2019,5349,Cravolândia,41112000,6413661,766,5.3,4.5,3.9,2.4,7685.92,8372.93,0.6385256453254322,0.6385256453254298,0.6393013803653421,0.9759999999999971,0.6393013803653416,0.6385256453254322,0.9987865894494603,Crescente
2909604,BA,2019,21103,Crisópolis,167068000,20169187,3041,4.9,3.9,0.8,3.3,7916.79,6632.42,0.6521806117335559,0.6521806117335319,0.6522686538828012,0.9920000000000002,0.6522686538828009,0.652180611733556,0.9998650216460331,Crescente
2909703,BA,2019,13910,Cristópolis,122781000,13615145,1985,4.8,4.3,0.7,3.5,8826.82,6859.02,0.597921336761649,0.5979213367616586,0.620615940575222,0.9930000000000068,0.597921336761649,0.620615940575222,0.9634321287452942,Decrescente
2909802,BA,2019,63239,Cruz das Almas,989171000,39378824,5731,4.8,4.0,1.0,3.7,15641.79,6871.2,0.3884096510736814,0.3884096510736999,0.4059655083726338,0.9900000000000202,0.3884096510736813,0.4059655083726335,0.9567552983273694,Crescente
2909901,BA,2019,34700,Curaçá,312773000,54856241,5572,4.9,3.6,2.4,9.6,9013.63,9844.98,0.5159160579923229,0.5159160579923203,0.5199065488021709,0.9759999999999988,0.5199065488021717,0.5159160579923229,0.9923245998361785,Crescente
2910008,BA,2019,10710,Dário Meira,104434000,15603528,1671,4.5,4.3,4.1,7.0,9751.07,9337.84,0.49386565535055915,0.49386565535053334,0.5016620559116657,0.9590000000000017,0.5016620559116656,0.49386565535055915,0.9844588593671127,Crescente
2910057,BA,2019,81089,Dias d'Ávila,3001825000,64186703,8930,4.7,3.8,1.1,2.3,37018.89,7187.76,0.18375960707370448,0.18375960707370637,0.22042625273555422,0.9890000000000009,0.18375960707370448,0.22042625273555436,0.8336557229150069,Crescente
2910107,BA,2019,12199,Dom Basílio,117747000,10018027,1577,5.4,4.5,0.8,3.5,9652.18,6352.59,0.6108688957730746,0.6108688957730791,0.6224390279669784,0.9920000000000029,0.6108688957730747,0.622439027966978,0.9814116215821261,Crescente
2910305,BA,2019,8122,Elísio Medrado,63184000,7550390,852,5.1,4.4,0.0,5.4,7779.36,8861.96,0.6076861760547256,0.6076861760547269,0.769550022966791,1.0,0.6076861760547256,0.7695500229667561,0.7896642946120082,Crescente
2910404,BA,2019,17006,Encruzilhada,192923000,22627976,3242,4.7,4.7,1.0,8.0,11344.41,6979.63,0.5255200554760121,0.5255200554760121,0.5256662998143732,0.9900000000000034,0.5256662998143731,0.525520055476012,0.9997217924405413,Crescente
2910503,BA,2019,41780,Entre Rios,597991000,41600015,5030,4.1,2.9,3.3,8.7,14312.85,8270.38,0.37940222279769076,0.3794022227976892,0.3883866143519646,0.9670000000000004,0.3883866143519647,0.379402222797691,0.9768674016501198,Crescente
2910602,BA,2019,37237,Esplanada,639335000,35829750,4398,3.5,3.0,2.8,6.6,17169.35,8146.83,0.3336570670016152,0.3336570670016193,0.3394514634391934,0.9719999999999979,0.3394514634391936,0.3336570670016153,0.9829301179648141,Crescente
2910701,BA,2019,60585,Euclides da Cunha,645793000,66082073,8025,4.3,3.5,2.3,5.9,10659.29,8234.53,0.472694926935832,0.47269492693582943,0.4797506876440978,0.976999999999996,0.47975068764409745,0.472694926935832,0.9852928596248306,Crescente
2910727,BA,2019,113380,Eunápolis,3092539000,97839973,13728,4.5,3.6,2.5,6.2,27275.88,7127.04,0.23464793198316422,0.2346479319831621,0.23739903463156148,0.9749999999999986,0.23739903463156142,0.23464793198316408,0.9884114834221339,Crescente
2910750,BA,2019,17890,Fátima,213035000,22418342,2259,5.2,3.8,0.5,2.8,11908.05,9924.01,0.450320014855343,0.4503200148553422,0.4783288260666325,0.9950000000000001,0.45032001485534306,0.47832882606663224,0.9414444422227068,Crescente
2910800,BA,2019,614872,Feira de Santana,14916456000,288299829,35146,4.8,3.7,2.2,3.1,24259.45,8202.92,0.26193895625057356,0.261938956250571,0.2629589649736802,0.9779999999999985,0.26295896497368015,0.26193895625057356,0.9961210346138656,Crescente
2910859,BA,2019,16377,Filadélfia,126550000,17399136,2455,4.2,3.7,1.1,6.7,7727.3,7087.22,0.6223159960080792,0.6223159960081012,0.6246252578742337,0.9889999999999987,0.6246252578742335,0.6223159960080792,0.996302964318136,Crescente
2910909,BA,2019,5617,Firmino Alves,51149000,6710531,762,5.0,4.9,4.7,3.3,9106.11,8806.47,0.5728092926452918,0.5728092926452915,0.5762234291560647,0.9669999999999973,0.576223429156065,0.5728092926452918,0.9940749779720459,Crescente
2911006,BA,2019,10629,Floresta Azul,85337000,9112885,1127,4.3,4.4,1.3,3.6,8028.7,8085.97,0.6032322044330874,0.6032322044330838,0.6050241474813793,0.9870000000000051,0.60502414748138,0.6032322044330845,0.9970382288777209,Crescente
2911105,BA,2019,25591,Formosa do Rio Preto,1854012000,40694384,3526,4.9,3.8,0.4,0.5,72447.81,11541.23,0.10009223317088163,0.10009223317088248,0.1757884833176363,0.9960000000000079,0.10009223317088184,0.17578848331763633,0.5693901630064278,Crescente
2911204,BA,2019,32403,Gandu,389447000,24139632,3864,5.0,4.1,1.2,2.5,12018.86,6247.32,0.4978758814014025,0.49787588140140226,0.49819115712882583,0.9879999999999979,0.49819115712882645,0.4978758814014027,0.9993671591257454,Crescente
2911303,BA,2019,11233,Gentio do Ouro,139915000,15549103,1560,5.8,4.4,0.3,4.0,12455.71,9967.37,0.46660143292578216,0.46660143292577666,0.5129372001930667,0.9969999999999881,0.4666014329257822,0.5129372001930664,0.9096658085047371,Crescente
2911501,BA,2019,7128,Gongogi,62922000,6887060,851,4.1,4.5,2.6,2.8,8827.44,8092.9,0.5763100565185633,0.5763100565185835,0.5778193203311929,0.9740000000000064,0.5778193203311913,0.5763100565185639,0.9973880004362531,Crescente
2911600,BA,2019,20722,Governador Mangabeira,185475000,21902651,2895,4.9,3.4,0.9,4.1,8950.63,7565.68,0.5748646455743908,0.574864645574391,0.5752002994641717,0.9910000000000007,0.5752002994641711,0.5748646455743908,0.9994164573799881,Crescente
2911659,BA,2019,6937,Guajeru,55690000,6730102,983,4.6,4.2,0.2,2.7,8027.97,6846.49,0.6296638378087107,0.6296638378087254,0.7526715124977418,0.9979999999999939,0.6296638378087112,0.7526715124977418,0.8365719006943283,Decrescente
2911709,BA,2019,84481,Guanambi,1439894000,64132416,9464,5.2,4.3,0.6,2.2,17044.0,6776.46,0.38181081149210006,0.38181081149210244,0.46890810914890974,0.994000000000004,0.38181081149209933,0.4689081091489098,0.8142550833362737,Crescente
2911808,BA,2019,20843,Guaratinga,207626000,22895521,2824,4.3,3.5,3.5,6.5,9961.43,8107.48,0.4910798313087539,0.49107983130875393,0.5047726003264095,0.9649999999999994,0.5047726003264097,0.4910798313087539,0.9728733908916585,Crescente
2911857,BA,2019,13031,Heliópolis,104815000,14032194,1641,4.8,3.4,2.4,8.1,8043.51,8551.0,0.5774171503370271,0.5774171503370272,0.5818659684216599,0.9759999999999999,0.5818659684216602,0.5774171503370271,0.9923542218894491,Crescente
2911907,BA,2019,24305,Iaçu,211818000,26622752,3685,4.7,3.9,1.4,5.1,8715.0,7224.63,0.5789784494391575,0.5789784494391614,0.5805151425388173,0.9859999999999945,0.5805151425388171,0.5789784494391575,0.9973528802488438,Crescente
2912004,BA,2019,9224,Ibiassucê,87283000,8915269,1212,6.1,4.7,0.4,3.8,9462.6,7355.83,0.6396138098791668,0.63961380987916,0.6840085833231238,0.9960000000000002,0.639613809879167,0.6840085833231239,0.9350961749218504,Crescente
2912202,BA,2019,19571,Ibicoara,390157000,20636168,3090,4.5,4.0,2.0,5.2,19935.47,6678.37,0.3137204505264436,0.31372045052644376,0.3148175047449782,0.9799999999999993,0.3148175047449781,0.3137204505264435,0.996515269316351,Crescente
2912301,BA,2019,16198,Ibicuí,156735000,12652152,1837,4.9,4.0,4.4,5.4,9676.19,6887.4,0.5542710292973592,0.554271029297359,0.5620268235020537,0.9559999999999976,0.5620268235020538,0.5542710292973592,0.9862003130804909,Crescente
2912400,BA,2019,18211,Ibipeba,137766000,12864850,2121,5.3,4.0,0.8,4.7,7564.99,6065.46,0.7253409767448215,0.725340976744821,0.7254364101026098,0.9920000000000022,0.7254364101026097,0.7253409767448215,0.9998684469700454,Crescente
2912509,BA,2019,14902,Ibipitanga,105524000,13071793,1736,6.2,4.3,0.2,6.5,7081.2,7529.83,0.7727096626625538,0.772709662662554,0.8271432862330586,0.9980000000000003,0.7727096626625538,0.8271432862330599,0.9341908173873912,Crescente
2912707,BA,2019,23375,Ibirapitanga,233300000,31219328,4112,4.6,3.4,3.8,16.4,9980.75,7592.25,0.5081987904052605,0.5081987904052557,0.5148719897841123,0.9619999999999981,0.514871989784112,0.5081987904052605,0.987039109698607,Crescente
2912905,BA,2019,15312,Ibirataia,179152000,21092702,2811,4.0,3.1,5.9,11.9,11700.1,7503.63,0.4389216676729785,0.4389216676729816,0.46200104753969623,0.9409999999999965,0.4620010475396962,0.4389216676729785,0.9500447455917626,Crescente
2913002,BA,2019,16339,Ibitiara,106819000,16313307,1811,6.5,5.2,0.3,2.8,6537.67,9007.9,0.8031081623936926,0.8031081623936842,0.8054844129561848,0.9969999999999978,0.8031081623936924,0.8054844129561847,0.9970499111785774,Crescente
2913101,BA,2019,17113,Ibititá,128142000,18966721,2164,4.7,4.0,1.3,4.1,7487.99,8764.66,0.6005811497189455,0.6005811497189487,0.6030968017469064,0.9870000000000044,0.6030968017469064,0.6005811497189455,0.9958287757111725,Crescente
2913200,BA,2019,26927,Ibotirama,369100000,26385515,3674,4.8,3.4,1.2,5.4,13707.43,7181.69,0.42550619356939356,0.42550619356939334,0.4257741647410634,0.988,0.42577416474106355,0.42550619356939395,0.999370626041078,Crescente
2913408,BA,2019,15640,Igaporã,187510000,13618345,1790,5.2,4.0,1.6,5.0,11989.13,7608.01,0.4842089122833019,0.48420891228330576,0.48555210843455365,0.9840000000000014,0.48555210843455343,0.4842089122833019,0.9972336724979275,Crescente
2913457,BA,2019,13226,Igrapiúna,159068000,16340158,2317,4.2,3.0,2.0,7.1,12026.92,7052.29,0.455805765344499,0.45580576534449907,0.46044707977374477,0.9800000000000011,0.46044707977374466,0.455805765344499,0.9899199829185008,Crescente
2913507,BA,2019,26916,Iguaí,211502000,29309906,3239,4.5,2.9,1.4,4.3,7857.85,9049.06,0.5649347307781994,0.5649347307781991,0.5695183797094613,0.9860000000000023,0.5695183797094617,0.5649347307781984,0.9919517102615719,Crescente
2913606,BA,2019,162327,Ilhéus,4343378000,232858198,14414,4.6,3.6,2.5,6.3,26756.97,16155.0,0.20400682970977466,0.20400682970977238,0.20537427760087204,0.9749999999999968,0.20537427760087212,0.20400682970977466,0.9933416788749226,Crescente
2913705,BA,2019,39926,Inhambupe,574713000,36902808,5086,3.8,3.2,1.7,6.6,14394.45,7255.76,0.39685898903897104,0.3968589890389736,0.3993546215532711,0.9829999999999997,0.39935462155327084,0.39685898903897054,0.9937508360249008,Crescente
2913804,BA,2019,14487,Ipecaetá,88602000,17730591,1937,4.0,2.5,3.6,22.3,6115.97,9153.64,0.7096378666704585,0.7096378666704612,0.7317220326456805,0.9639999999999966,0.7317220326456804,0.7096378666704584,0.969818913480885,Crescente
2913903,BA,2019,45873,Ipiaú,478503000,36445997,4566,4.7,3.8,1.5,4.0,10431.04,7982.04,0.49634616260512054,0.496346162605125,0.4977713891565425,0.9849999999999967,0.49777138915654273,0.49634616260512054,0.997136784912775,Crescente
2914000,BA,2019,59595,Ipirá,629069000,48642895,7384,4.4,3.3,2.6,7.4,10555.73,6587.61,0.5074518194276099,0.5074518194276072,0.5159571566357034,0.9739999999999984,0.5159571566357036,0.5074518194276098,0.9835154196453973,Crescente
2914109,BA,2019,9865,Ipupiara,84351000,713522,1351,5.3,4.5,5.2,5.0,8550.53,528.14,1.0,1.0,1.0,1.0,1.0,1.0,1.0,Constante
2914208,BA,2019,7260,Irajuba,71814000,7166603,895,4.5,3.7,1.8,6.7,9891.74,8007.38,0.5041629978003334,0.5041629978003368,0.5092319766396031,0.9820000000000004,0.5092319766396031,0.5041629978003334,0.9900458355488206,Crescente
2914406,BA,2019,25216,Iraquara,472330000,27131385,3340,6.1,4.7,0.2,1.4,18731.36,8123.17,0.3808617708708145,0.3808617708707947,0.502283339286884,0.9980000000000079,0.3808617708708145,0.5022833392868838,0.7582608083547873,Crescente
2914505,BA,2019,29034,Irará,262320000,30504043,3773,4.6,3.2,1.4,5.1,9034.92,8084.82,0.5373524153820407,0.5373524153820406,0.5388937093634603,0.9859999999999927,0.5388937093634603,0.5373524153820407,0.9971398924228674,Crescente
2914604,BA,2019,72967,Irecê,1347000000,50018431,6752,5.9,4.9,0.0,0.6,18460.4,7407.94,0.3869034778668366,0.3869034778668382,0.674724108764987,1.0,0.38690347786683627,0.6747241087649871,0.5734247121760975,Crescente
2914653,BA,2019,30584,Itabela,373230000,41336213,4582,4.3,3.5,2.0,6.2,12203.44,9021.43,0.42000972132088465,0.42000972132088354,0.42485907696680036,0.9800000000000019,0.4248590769668005,0.42000972132088465,0.9885859667150417,Crescente
2914703,BA,2019,64489,Itaberaba,893898000,58355995,7823,4.7,3.7,1.1,3.0,13861.25,7459.54,0.4132005237486679,0.41320052374866706,0.41330181695708623,0.9889999999999973,0.4133018169570859,0.4132005237486679,0.9997549170986857,Crescente
2914802,BA,2019,213223,Itabuna,4184489000,110300812,12621,4.3,3.1,2.9,11.0,19624.94,8739.47,0.29574194023992706,0.29574194023992795,0.3010946227728172,0.9710000000000016,0.3010946227728172,0.2957419402399271,0.9822225900828231,Crescente
2914901,BA,2019,28296,Itacaré,331624000,28862539,3850,4.3,3.5,2.6,7.0,11719.82,7496.76,0.4538851893726501,0.45388518937264727,0.46155782671878204,0.9740000000000001,0.46155782671878204,0.4538851893726501,0.9833766498974207,Crescente
2915007,BA,2019,16056,Itaeté,103426000,13997038,2184,4.8,4.1,0.1,1.0,6441.58,6408.9,0.7500432193271428,0.7500432193271618,0.9143500245256336,0.9989999999999979,0.7500432193271415,0.9143500245256339,0.8203020716451191,Crescente
2915106,BA,2019,12351,Itagi,106929000,12864081,1859,4.3,3.0,1.0,5.4,8657.52,6919.89,0.5831878514010221,0.5831878514010223,0.5842447195815548,0.9899999999999995,0.5842447195815542,0.5831878514010211,0.9981910522335751,Crescente
2915205,BA,2019,14579,Itagibá,178378000,16940586,2400,4.9,4.7,1.1,3.0,12235.27,7058.58,0.49599921397097435,0.4959992139709776,0.4962701387258886,0.9889999999999948,0.49627013872588915,0.49599921397097424,0.9994540780639959,Crescente
2915304,BA,2019,6869,Itagimirim,112642000,8921930,993,4.2,3.1,3.3,3.9,16398.6,8984.82,0.33849058148873046,0.3384905814887307,0.34358453510648207,0.9670000000000004,0.34358453510648224,0.3384905814887305,0.9851740893513355,Crescente
2915403,BA,2019,6682,Itaju do Colônia,74536000,7883569,1093,4.2,3.3,2.3,10.0,11154.74,7212.78,0.4768762047872979,0.47687620478729814,0.4834785321516357,0.9770000000000034,0.4834785321516358,0.4768762047872977,0.9863441147325501,Crescente
2915502,BA,2019,20491,Itajuípe,234636000,17688206,2359,4.2,2.9,2.7,9.2,11450.69,7498.18,0.46097330727688335,0.460973307276884,0.4693110744503125,0.9730000000000004,0.4693110744503126,0.4609733072768833,0.9822340284997645,Crescente
2915601,BA,2019,64486,Itamaraju,948865000,52602804,8299,5.5,4.5,2.0,4.7,14714.28,6338.45,0.44757918153191356,0.4475791815319099,0.4491276625588197,0.9799999999999995,0.44912766255881986,0.44757918153191356,0.9965522474877545,Crescente
2915809,BA,2019,23049,Itambé,248661000,25251725,3137,3.4,3.1,4.4,11.5,10788.36,8049.64,0.4621125514990348,0.462112551499026,0.4792102779990253,0.955999999999995,0.47921027799902516,0.4621125514990348,0.9643210354932635,Crescente
2915908,BA,2019,6441,Itanagra,67755000,9656383,1082,5.5,3.3,1.9,3.4,10519.33,8924.57,0.5211342987368192,0.5211342987368168,0.5235922305584844,0.9810000000000022,0.523592230558484,0.5211342987368192,0.9953056373295618,Crescente
2916005,BA,2019,19405,Itanhém,228223000,17018604,2178,5.1,4.5,1.5,5.8,11761.04,7813.87,0.48233300013230007,0.4823330001323011,0.483618296120432,0.9849999999999988,0.483618296120432,0.48233300013230007,0.9973423338230946,Crescente
2916104,BA,2019,22228,Itaparica,244224000,19379326,2331,4.7,4.3,1.6,2.5,10987.22,8313.74,0.4839707866618673,0.48397078666177673,0.4843781695170673,0.9839999999999726,0.48437816951706764,0.48397078666186744,0.9991589570281292,Crescente
2916203,BA,2019,8761,Itapé,93609000,9657229,1312,5.3,3.6,2.9,3.8,10684.74,7360.69,0.5342261169895235,0.5342261169895233,0.5383170196530398,0.9710000000000008,0.5383170196530399,0.5342261169895235,0.992400569712336,Crescente
2916401,BA,2019,76147,Itapetinga,1181761000,46527889,8570,4.7,3.4,1.2,8.5,15519.47,5429.16,0.40383226294890906,0.40383226294890867,0.4098348588983455,0.9880000000000018,0.4038322629489087,0.4098348588983456,0.9853536227602219,Crescente
2916500,BA,2019,35576,Itapicuru,306976000,40379102,5154,4.7,3.3,1.8,6.0,8628.74,7834.52,0.5656450905199603,0.5656450905199586,0.5682807307354637,0.9819999999999844,0.5682807307354636,0.5656450905199603,0.9953620806179854,Crescente
2916708,BA,2019,8319,Itaquara,75613000,6868313,929,5.4,3.4,0.4,5.8,9089.19,7393.23,0.6086007357677168,0.6086007357677186,0.6614249026399176,0.9959999999999996,0.6086007357677174,0.6614249026399175,0.9201358058014357,Crescente
2916807,BA,2019,19747,Itarantim,282480000,17592963,2667,4.6,2.8,4.0,20.7,14304.96,6596.54,0.4048048372273885,0.40480483722737887,0.40999020956369214,0.96,0.40999020956369214,0.4048048372273887,0.987352448386946,Crescente
2916856,BA,2019,14487,Itatim,366972000,19609924,2179,6.9,4.8,0.4,0.5,25331.12,8999.51,0.3352278420058489,0.3352278420058415,0.4336023940917672,0.9960000000000004,0.33522784200584904,0.4336023940917673,0.7731226731531874,Crescente
2916906,BA,2019,12576,Itiruçu,102003000,8004003,1007,4.8,3.3,1.4,3.7,8110.93,7948.36,0.5933502403102627,0.5933502403102624,0.5952083355384908,0.986,0.595208335538491,0.5933502403102627,0.9968782439403389,Crescente
2917003,BA,2019,36089,Itiúba,284773000,44700631,5276,4.6,3.5,0.3,3.0,7890.85,8472.45,0.578544305921829,0.5785443059218242,0.6656309128556529,0.9969999999999958,0.5785443059218298,0.6656309128556532,0.8691668231569809,Crescente
2917102,BA,2019,20382,Itororó,207738000,20827103,2195,4.4,3.7,3.0,6.6,10192.23,9488.43,0.46024104550258615,0.4602410455025838,0.4710434850220863,0.9700000000000057,0.47104348502208604,0.46024104550258615,0.9770670015338527,Crescente
2917201,BA,2019,18962,Ituaçu,163489000,17957734,2625,5.7,3.9,0.2,3.1,8621.93,6841.04,0.6690031281025883,0.6690031281025883,0.7585370942306511,0.9979999999999994,0.6690031281025883,0.7585370942306512,0.8819649469893455,Crescente
2917300,BA,2019,28602,Ituberá,320518000,25919762,3414,4.7,3.9,2.2,4.9,11206.14,7592.2,0.4780526203086729,0.47805262030867307,0.4807370309992611,0.9779999999999991,0.4807370309992613,0.4780526203086729,0.994416051775732,Crescente
2917334,BA,2019,10994,Iuiú,103940000,16169983,1425,4.9,4.3,1.5,4.3,9454.25,11347.36,0.48366129259603974,0.4836612925960402,0.4862964763506848,0.9849999999999981,0.48629647635068457,0.48366129259603974,0.9945811169054313,Crescente
2917359,BA,2019,8385,Jaborandi,579708000,11293166,1226,5.9,4.7,0.4,3.4,69136.31,9211.39,0.12798818144929486,0.1279881814492952,0.19411418094265045,0.9959999999999991,0.12798818144929455,0.1941141809426512,0.6593448290473326,Crescente
2917409,BA,2019,14842,Jacaraci,110912000,15574957,1467,6.5,6.3,0.0,1.5,7472.85,10616.88,0.7263392660964794,0.726339266096479,0.8070595555912401,1.0,0.7263392660964794,0.80705955559124,0.8999822393086887,Crescente
2917508,BA,2019,80518,Jacobina,1406429000,62730335,8324,4.8,3.4,1.6,8.0,17467.26,7536.08,0.34823663425026546,0.3482366342502652,0.34890936461527244,0.9840000000000017,0.34890936461527183,0.34823663425026524,0.9980719051042131,Crescente
2917607,BA,2019,54423,Jaguaquara,580258000,40234363,6602,4.6,3.4,4.3,14.0,10662.0,6094.27,0.5152836236845685,0.5152836236845999,0.5228356409318373,0.9570000000000035,0.5228356409318375,0.5152836236845683,0.9855556571587027,Crescente
2917706,BA,2019,33570,Jaguarari,776786000,29375674,3194,4.3,3.5,0.8,4.3,23139.29,9197.14,0.2623513942242097,0.2623513942242102,0.2941172590299945,0.9919999999999993,0.26235139422420983,0.29411725902999464,0.8919959171707592,Crescente
2917805,BA,2019,18788,Jaguaripe,179251000,24594346,2893,4.3,3.8,1.3,4.9,9540.72,8501.33,0.5082581454500892,0.5082581454500782,0.511081589886363,0.9870000000000021,0.5110815898863633,0.5082581454500892,0.9944755504949776,Crescente
2917904,BA,2019,10709,Jandaíra,136329000,16003885,1798,4.7,3.4,0.8,4.7,12730.32,8900.94,0.4194610253998262,0.4194610253998248,0.43154336835167934,0.9919999999999995,0.4194610253998262,0.4315433683516799,0.9720020191759573,Crescente
2918001,BA,2019,155966,Jequié,2723048000,120462508,12712,4.4,3.1,1.5,4.5,17459.24,9476.28,0.32197288321507034,0.32197288321507017,0.32346471998751225,0.9850000000000001,0.3234647199875123,0.3219728832150703,0.9953879459481717,Crescente
2918100,BA,2019,40463,Jeremoabo,369153000,36899391,5408,4.0,3.1,1.9,5.7,9123.22,6823.11,0.5603319308594344,0.5603319308594416,0.5662638298845185,0.9810000000000043,0.5662638298845183,0.5603319308594341,0.9895244959822106,Crescente
2918308,BA,2019,11166,Jitaúna,148054000,20704392,2059,4.7,4.2,1.2,6.0,13259.36,10055.56,0.39529127014366205,0.3952912701436669,0.39594600971268323,0.9880000000000032,0.39594600971268334,0.39529127014366205,0.9983463917984771,Crescente
2918357,BA,2019,25188,João Dourado,234551000,27394657,3485,5.3,4.8,0.4,1.0,9312.01,7860.73,0.5882334048592732,0.5882334048592753,0.6519311536467788,0.9960000000000017,0.5882334048592731,0.6519311536467786,0.9022937492230698,Crescente
2918407,BA,2019,216707,Juazeiro,4383833000,163942863,22535,5.7,4.2,0.6,2.1,20229.31,7275.03,0.3485059089111015,0.34850590891110184,0.4307048278228832,0.9940000000000001,0.348505908911102,0.43070482782288316,0.8091525480982442,Crescente
2918456,BA,2019,9126,Jucuruçu,93367000,19596393,1545,5.2,3.7,2.4,9.8,10230.88,12683.75,0.4564729085916588,0.4564729085916583,0.461343200494686,0.9760000000000011,0.46134320049467265,0.4564729085916588,0.9894432346725714,Crescente
2918555,BA,2019,5833,Jussari,59664000,8667787,788,4.0,3.3,0.7,3.1,10228.7,10999.73,0.4442460496412714,0.4442460496412712,0.4445712023277017,0.9930000000000033,0.44457120232770025,0.444246049641272,0.99926861505035,Crescente
2918605,BA,2019,6186,Jussiape,58983000,6124190,767,5.2,4.4,0.7,3.1,9534.92,7984.6,0.5610272833563539,0.5610272833563573,0.5647122512968463,0.9930000000000051,0.561027283356354,0.5647122512968462,0.9934746095342716,Crescente
2918753,BA,2019,15665,Lagoa Real,96862000,10827887,1578,5.1,3.5,1.5,8.4,6183.34,6861.78,0.7679475561842228,0.7679475561842208,0.7709566721720749,0.9849999999999999,0.7709566721720754,0.7679475561842216,0.9960969064845444,Crescente
2918803,BA,2019,23840,Laje,252055000,24631778,3276,4.5,4.2,0.2,2.7,10572.78,7518.86,0.5086197800428611,0.5086197800428541,0.6223406250347898,0.9980000000000001,0.5086197800428611,0.6223406250347898,0.8172691281634209,Decrescente
2919009,BA,2019,3783,Lajedinho,63198000,4573384,501,3.8,4.3,0.0,3.7,16705.79,9128.51,0.35249485368242117,0.35249485368242284,0.5057311395513712,1.0,0.3524948536824214,0.5057311395513714,0.6970004931772952,Crescente
2919058,BA,2019,8562,Lajedo do Tabocal,69635000,9104925,991,5.9,4.3,0.2,3.6,8133.03,9187.61,0.6365089128753039,0.6365089128753039,0.6898192415420684,0.9979999999999999,0.6365089128753049,0.6898192415420686,0.9227184087419901,Crescente
2919108,BA,2019,8307,Lamarão,56091000,9733083,1467,4.0,3.4,1.3,3.5,6752.26,6634.69,0.6928210614385124,0.6928210614385032,0.6971185906553572,0.9869999999999982,0.6971185906553576,0.6928210614385122,0.9938352967852935,Crescente
2919157,BA,2019,27223,Lapão,250444000,34087140,3636,5.2,3.9,0.4,3.1,9199.72,9374.9,0.5423907040035849,0.5423907040035825,0.573154401155043,0.9959999999999848,0.5423907040035854,0.5731544011550432,0.9463256374033561,Crescente
2919207,BA,2019,198440,Lauro de Freitas,6553829000,182592377,18907,4.9,3.8,1.2,2.2,33026.75,9657.4,0.2001489319935339,0.2001489319935295,0.20717404224011163,0.9879999999999974,0.20014893199353376,0.20717404224011174,0.9660907796622719,Crescente
2919306,BA,2019,11409,Lençóis,130175000,14272798,1512,4.8,4.0,1.6,2.5,11409.85,9439.68,0.44887928112776865,0.44887928112777215,0.44909110594771545,0.9840000000000014,0.4490911059477152,0.4488792811277686,0.9995283255064698,Crescente
2919405,BA,2019,12388,Licínio de Almeida,115703000,12606228,1421,7.3,6.3,0.0,0.0,9339.93,8871.38,0.6813768482507917,0.6813768482507895,0.7961781297879408,1.0,0.6813768482507917,0.7961781297879407,0.8558095516040789,Crescente
2919504,BA,2019,45732,Livramento de Nossa Senhora,499710000,39905412,4949,5.5,4.4,1.3,5.3,10926.92,8063.33,0.5262686045964242,0.5262686045964244,0.5272923046415707,0.9870000000000021,0.527292304641571,0.5262686045964242,0.998058571998614,Crescente
2919553,BA,2019,87519,Luís Eduardo Magalhães,5803723000,129814220,13712,5.3,4.7,0.5,3.1,66313.86,9467.2,0.12421469146408048,0.12421469146408042,0.18802658348296658,0.9950000000000008,0.1242146914640827,0.18802658348296666,0.6606230308669793,Crescente
2919702,BA,2019,18755,Macarani,182276000,16694396,2330,5.5,4.7,3.3,4.4,9718.79,7164.98,0.5871696114095971,0.587169611409585,0.5930132290797103,0.9670000000000022,0.5930132290797105,0.5871696114095971,0.9901458898662652,Crescente
2919801,BA,2019,49826,Macaúbas,386816000,36792433,5400,5.7,4.8,0.6,3.2,7763.34,6813.41,0.717020134993522,0.7170201349935259,0.7254338636515208,0.9940000000000008,0.7170201349935219,0.7254338636515208,0.9884017977660324,Decrescente
2919900,BA,2019,7824,Macururé,53783000,9161025,1139,4.3,3.9,4.0,6.1,6874.11,8043.04,0.6287526807896965,0.628752680789698,0.6510210049009982,0.9600000000000073,0.6510210049009983,0.6287526807896965,0.96579476861167,Crescente
2920007,BA,2019,10112,Maiquinique,113239000,12377787,1495,4.9,3.6,1.6,15.1,11198.48,8279.46,0.47851835163727313,0.4785183516372739,0.48004796303786357,0.9840000000000001,0.4800479630378635,0.47851835163727313,0.996813627973941,Crescente
2920106,BA,2019,18676,Mairi,128863000,16986895,2187,4.2,3.3,3.4,4.9,6899.93,7767.21,0.6332691822594473,0.6332691822594394,0.648584840715775,0.966000000000001,0.6485848407157758,0.6332691822594473,0.9763860369609849,Crescente
2920205,BA,2019,16845,Malhada,152257000,18533716,2650,5.1,4.2,1.5,5.0,9038.71,6993.86,0.5985165303130849,0.5985165303130846,0.6002426020441491,0.9849999999999977,0.600242602044149,0.5985165303130849,0.9971243765017911,Crescente
2920304,BA,2019,8393,Malhada de Pedras,67191000,8850670,1001,6.2,4.7,0.0,1.6,8005.6,8841.83,0.6737373821564941,0.673737382156505,0.7697403444302765,1.0,0.673737382156495,0.7697403444302766,0.8752787703432137,Crescente
2920502,BA,2019,20834,Maracás,550972000,25193938,3432,5.0,4.1,1.5,4.5,26445.81,7340.89,0.25455333305140687,0.2545533330514065,0.2547324752130933,0.9850000000000033,0.2547324752130935,0.2545533330514071,0.9992967439211018,Crescente
2920601,BA,2019,44677,Maragogipe,321292000,38161323,4786,4.0,3.4,2.1,3.9,7191.44,7973.53,0.6163562951481787,0.6163562951481734,0.6247081470767036,0.979000000000001,0.6247081470766999,0.6163562951481797,0.9866307939673796,Crescente
2920908,BA,2019,13822,Mascote,135009000,15204235,2109,3.7,3.4,2.5,6.1,9767.69,7209.22,0.5223326551328967,0.5223326551329158,0.5310677724643263,0.975000000000002,0.5310677724643271,0.522332655132897,0.9835517841896226,Crescente
2921005,BA,2019,46583,Mata de São João,1159751000,92683824,7129,5.9,4.8,0.3,0.6,24896.44,13000.96,0.26655925461737195,0.26655925461737384,0.33336875555748485,0.9970000000000004,0.2665592546173718,0.33336875555748474,0.7995927937866015,Crescente
2921054,BA,2019,12201,Matina,77808000,11531753,1702,5.1,4.1,0.3,3.7,6377.18,6775.41,0.7614135023655728,0.7614135023655718,0.8390614556223999,0.9969999999999998,0.7614135023655727,0.8390614556224001,0.9074585624967968,Crescente
2921104,BA,2019,22688,Medeiros Neto,348441000,20295029,3243,4.8,4.1,1.0,5.6,15357.94,6258.1,0.40173742217782477,0.40173742217782,0.42687243750897474,0.9900000000000067,0.4017374221778244,0.42687243750897463,0.9411182050595114,Crescente
2921203,BA,2019,26023,Miguel Calmon,221068000,18968865,3172,4.7,3.3,0.7,5.1,8495.1,5980.1,0.6275790618126316,0.6275790618126286,0.6649621317135073,0.9930000000000022,0.6275790618126316,0.6649621317135074,0.9437816559500236,Crescente
2921302,BA,2019,10950,Milagres,109305000,12366308,1533,4.5,4.0,2.1,3.0,9982.19,8066.74,0.5024606764568058,0.5024606764568064,0.504901747506662,0.9789999999999937,0.5049017475066618,0.5024606764568058,0.9951652552958852,Crescente
2921450,BA,2019,8641,Mirante,63523000,8244568,1249,5.8,4.2,0.7,2.8,7351.35,6600.94,0.7589680934346015,0.758968093434602,0.7591179601710739,0.9929999999999998,0.7591179601710737,0.7589680934346018,0.9998025778016915,Crescente
2921500,BA,2019,49418,Monte Santo,393865000,53160626,7852,4.3,3.4,2.5,11.4,7970.07,6770.33,0.611175737403121,0.6111757374031209,0.6219430819832967,0.9750000000000022,0.6219430819832961,0.611175737403121,0.9826875723967538,Crescente
2921609,BA,2019,8519,Morpará,67335000,8240707,1241,3.9,3.1,1.3,7.6,7904.1,6640.38,0.6262404042393127,0.6262404042393048,0.6294806135898529,0.9870000000000023,0.6294806135898532,0.6262404042393123,0.9948525668931063,Crescente
2921708,BA,2019,35413,Morro do Chapéu,724981000,34205401,4573,5.4,3.9,0.3,3.8,20472.17,7479.86,0.33076891174544804,0.33076891174544804,0.4555817938998987,0.9969999999999976,0.3307689117454481,0.4555817938998987,0.7260362819022684,Decrescente
2921807,BA,2019,12042,Mortugaba,96927000,9755367,1462,6.5,4.6,0.0,3.3,8049.08,6672.62,0.767750449141955,0.7677504491419547,0.903124168491745,1.0,0.767750449141955,0.9031241684917448,0.8501050862409432,Crescente
2921906,BA,2019,9062,Mucugê,439015000,13373997,1814,5.5,4.3,0.4,2.6,48445.71,7372.66,0.16787212462135487,0.16787212462135545,0.2614694808263999,0.9960000000000009,0.16787212462135492,0.26146948082640015,0.6420333420588077,Crescente
2922003,BA,2019,41748,Mucuri,2211277000,51120631,5286,5.0,3.9,0.7,2.4,52967.26,9670.95,0.13650243547210208,0.1365024354720904,0.19493505543409367,0.99299999999999,0.1365024354721016,0.19493505543409362,0.7002457057717497,Crescente
2922052,BA,2019,10889,Mulungu do Morro,98953000,16054437,2169,4.8,3.9,1.3,9.8,9087.43,7401.77,0.5655552288312429,0.5655552288312543,0.5667853693435272,0.9870000000000032,0.5667853693435275,0.5655552288312429,0.9978296184432052,Crescente
2922102,BA,2019,26776,Mundo Novo,171214000,18209555,2588,5.3,4.7,0.6,0.1,6394.31,7036.15,0.7719245964554392,0.7719245964554406,0.9306443382117056,0.9990000000000065,0.7719245964554371,0.930644338211705,0.8294517731002836,Crescente
2922201,BA,2019,7422,Muniz Ferreira,55182000,6592283,877,5.0,4.5,0.6,1.3,7434.92,7516.86,0.6635646023529078,0.6635646023528455,0.7319705624372206,0.9940000000000145,0.6635646023529127,0.7319705624372199,0.9065454765605007,Crescente
2922250,BA,2019,11348,Muquém de São Francisco,146581000,18551956,2084,4.3,4.5,1.0,5.4,12916.9,8902.09,0.43518410977258803,0.43518410977259286,0.435417817522833,0.9899999999999973,0.4354178175228327,0.43518410977258826,0.9994632563463421,Crescente
2922300,BA,2019,29399,Muritiba,270466000,19847541,2457,4.0,3.1,2.3,4.6,9199.84,8077.96,0.5244743804342119,0.524474380434213,0.5327351722295677,0.9769999999999973,0.5327351722295676,0.5244743804342115,0.9844936241758109,Crescente
2922409,BA,2019,22221,Mutuípe,355566000,18667832,2826,4.8,3.0,0.9,3.2,16001.35,6605.74,0.38474480091213836,0.3847448009121386,0.41972202769199973,0.9909999999999992,0.3847448009121384,0.4197220276919949,0.916665734766896,Crescente
2922508,BA,2019,28525,Nazaré,274442000,24644090,2883,5.2,4.4,0.9,3.2,9621.1,8548.07,0.5443201112538611,0.5443201112538568,0.5447549066220205,0.990999999999995,0.5447549066220206,0.544320111253861,0.9992018513961526,Crescente
2922607,BA,2019,13997,Nilo Peçanha,139470000,17218220,2118,4.7,3.3,2.1,4.7,9964.28,8129.47,0.5075459267391613,0.5075459267391499,0.5104256696328507,0.9790000000000026,0.5104256696328503,0.5075459267391613,0.9943581542523894,Crescente
2922656,BA,2019,13130,Nordestina,121806000,14698087,2165,4.7,3.6,1.4,6.8,9276.92,6788.95,0.5662084063955626,0.5662084063955659,0.5675194333589891,0.9860000000000069,0.5675194333589889,0.5662084063955627,0.9976898994353957,Crescente
2922706,BA,2019,16462,Nova Canaã,138594000,14532456,2047,3.6,3.5,3.9,8.5,8419.03,7099.39,0.5717189560463839,0.5717189560463766,0.5902390843627473,0.9610000000000037,0.5902390843627476,0.5717189560463839,0.9686226669717091,Crescente
2922755,BA,2019,6591,Nova Ibiá,84714000,8948184,930,4.4,3.7,3.6,8.3,12852.98,9621.7,0.39072083226085075,0.39072083226085236,0.40182275488360963,0.9639999999999945,0.4018227548836096,0.39072083226085075,0.9723710952457767,Crescente
2922805,BA,2019,8226,Nova Itarana,56278000,9539441,1307,5.5,3.8,1.9,3.5,6841.48,7298.73,0.736585765822055,0.7365857658220538,0.7405488995375938,0.9810000000000013,0.7405488995375941,0.736585765822055,0.9946483834922806,Crescente
2922904,BA,2019,26947,Nova Soure,227202000,24611404,3846,4.7,3.1,1.0,6.2,8431.44,6399.22,0.6170004983345914,0.6170004983345911,0.6174143572000578,0.9900000000000054,0.6174143572000579,0.6170004983345913,0.9993296902466874,Crescente
2923001,BA,2019,43376,Nova Viçosa,497768000,35946472,6137,4.9,3.9,1.9,4.3,11475.65,5857.34,0.5160485821069,0.5160485821068689,0.5178877618102128,0.980999999999995,0.5178877618102131,0.5160485821069,0.9964486905485386,Crescente
2923035,BA,2019,12385,Novo Horizonte,85294000,13826419,1465,6.6,6.0,0.2,0.7,6886.88,9437.83,0.7707928792793789,0.7707928792793776,0.8158975881750862,0.9979999999999999,0.7707928792793791,0.8158975881750867,0.9447176832614584,Crescente
2923050,BA,2019,15440,Novo Triunfo,82824000,12419378,1355,3.9,3.2,1.0,10.6,5364.25,9165.59,0.8309048212001189,0.8309048212001457,0.8342620123968872,0.991779838375803,0.8342620123968868,0.8309048212001188,0.9959758551307845,Crescente
2923100,BA,2019,28229,Olindina,206258000,23174047,3439,4.4,3.5,1.5,5.4,7306.6,6738.6,0.6541680936152224,0.6541680936152126,0.6592858759852576,0.9849999999999988,0.659285875985258,0.6541680936152225,0.9922373850912748,Crescente
2923209,BA,2019,21825,Oliveira dos Brejinhos,176147000,18891625,2858,5.6,4.0,0.9,3.6,8070.88,6610.09,0.697710398007595,0.6977103980075953,0.6981731174509467,0.9909999999999998,0.6981731174509465,0.697710398007595,0.9993372425380097,Crescente
2923308,BA,2019,8564,Ouriçangas,60212000,8349625,990,4.6,3.5,2.4,3.5,7030.83,8433.96,0.6329830981345829,0.6329830981345871,0.6365094875000541,0.9759999999999914,0.6365094875000534,0.6329830981345829,0.9944598007810984,Crescente
2923357,BA,2019,17451,Ourolândia,320801000,23393936,2875,4.1,3.5,2.3,7.9,18382.96,8137.02,0.31808873727976883,0.31808873727976356,0.32184775744532906,0.9769999999999992,0.32184775744532895,0.31808873727976894,0.9883205022293847,Crescente
2923407,BA,2019,21750,Palmas de Monte Alto,181840000,20426711,2670,4.5,3.1,0.7,6.3,8360.46,7650.45,0.5779904976078623,0.5779904976078604,0.5833208154295271,0.9930000000000024,0.5779904976078618,0.5833208154295262,0.9908621162134599,Crescente
2923506,BA,2019,9019,Palmeiras,86376000,9723500,1437,5.5,3.4,0.5,8.0,9577.11,6766.53,0.6104122795811853,0.6104122795811843,0.6611161290642878,0.9949999999999974,0.6104122795811849,0.661116129064288,0.923305683745961,Crescente
2923605,BA,2019,21607,Paramirim,219748000,15682232,1920,5.1,4.6,1.1,1.8,10170.22,8167.83,0.5333241312910867,0.5333241312910856,0.5510379334061832,0.9889999999999995,0.5333241312910869,0.5510379334061831,0.9678537519085111,Crescente
2923704,BA,2019,32000,Paratinga,230762000,44206749,5068,4.2,4.0,0.9,2.7,7211.31,8722.72,0.6199421948406013,0.6199421948406132,0.6205793399534885,0.9909999999999963,0.6205793399534897,0.6199421948406001,0.9989733059548278,Crescente
2923902,BA,2019,9831,Pau Brasil,87816000,10069276,1308,5.2,3.3,1.4,9.5,8932.56,7698.22,0.5913147227310546,0.591314722731056,0.5929502620313623,0.9859999999999995,0.5929502620313626,0.5913147227310546,0.9972416922547525,Crescente
2924009,BA,2019,117782,Paulo Afonso,3698441000,92174122,12701,5.1,4.9,0.8,1.2,31400.73,7257.23,0.2511984313158126,0.2511984313158127,0.31740128038216775,0.9919999999999993,0.2511984313158128,0.31740128038216764,0.7914222369026254,Crescente
2924108,BA,2019,7347,Pedrão,43914000,6303756,861,4.2,2.9,0.9,2.3,5977.13,7321.44,0.7510249823530815,0.751024982353079,0.7778055045455954,0.9910138204664223,0.7510249823530811,0.7778055045455952,0.9655691274540935,Crescente
2924306,BA,2019,17123,Piatã,132103000,27364823,2956,6.6,4.7,0.2,2.9,7714.94,9257.38,0.7027318751720845,0.7027318751720845,0.729100278407161,0.9979999999999997,0.7027318751720844,0.7291002784071613,0.9638343256531425,Crescente
2924405,BA,2019,35048,Pilão Arcado,267837000,53742245,6356,4.0,3.3,4.5,10.6,7642.01,8455.36,0.565329684969053,0.5653296849690606,0.5883691070850424,0.9550000000000046,0.5883691070850445,0.565329684969053,0.9608418901697038,Crescente
2924504,BA,2019,16260,Pindaí,306977000,15920779,1843,4.9,3.6,0.7,6.1,18879.27,8638.51,0.32322938226936937,0.3232293822693695,0.36725200134603997,0.9930000000000002,0.32322938226936954,0.36725200134603975,0.8801296686871131,Crescente
2924603,BA,2019,20150,Pindobaçu,149095000,26665062,2827,5.0,3.3,2.4,8.4,7399.26,9432.28,0.6202436610144414,0.6202436610144404,0.6268682654821272,0.9760000000000008,0.6268682654821279,0.6202436610144414,0.9894322223145389,Crescente
2924652,BA,2019,10437,Pintadas,89305000,9813129,1305,5.5,4.1,0.5,4.5,8556.58,7519.64,0.6364551935679014,0.6364551935678932,0.6603430162273242,0.9950000000000935,0.6364551935679014,0.6603430162273238,0.9638251301635643,Crescente
2924678,BA,2019,10023,Piraí do Norte,85861000,9447021,1248,4.4,3.0,4.8,7.7,8566.4,7569.73,0.547612397813037,0.5476123978130373,0.5708682018884266,0.9519999999999977,0.5708682018884258,0.547612397813037,0.9592623936690473,Crescente
2924702,BA,2019,10707,Piripá,72166000,8721740,1289,6.6,5.3,0.0,1.8,6740.08,6766.28,0.8646600554733112,0.8646600554733193,0.9722542465713965,1.0,0.8646600554733115,0.9722542465713956,0.8893353343762596,Crescente
2924801,BA,2019,24755,Piritiba,157855000,21009636,2424,4.8,3.4,1.5,4.2,6376.69,8667.34,0.7107554319872629,0.7107554319872622,0.714598897080718,0.9850000000000009,0.7145988970807179,0.7107554319872629,0.9946215071011774,Crescente
2924900,BA,2019,9322,Planaltino,67434000,9846228,1127,5.4,4.0,0.5,3.5,7233.86,8736.67,0.6636740154252659,0.6636740154252662,0.6637580163429426,0.9950000000000003,0.6637580163429433,0.6636740154252644,0.9998734464735515,Crescente
2925006,BA,2019,26265,Planalto,243913000,23148217,3449,5.4,3.5,1.2,9.7,9286.62,6711.57,0.6165655302134866,0.6165655302134878,0.6174801232061948,0.9879999999999957,0.617480123206195,0.6165655302134857,0.998518830067016,Crescente
2925105,BA,2019,46871,Poções,498244000,44471675,6803,5.0,4.1,1.1,3.9,10630.11,6537.07,0.5393728328184925,0.5393728328184899,0.5397025465924609,0.989,0.539702546592461,0.5393728328184925,0.9993890824194732,Crescente
2925204,BA,2019,39519,Pojuca,1096602000,40783100,3663,5.7,3.7,0.7,6.0,27748.73,11133.8,0.24764148858856178,0.24764148858856236,0.2874056367800413,0.9929999999999995,0.24764148858856072,0.2874056367800412,0.8616445083089584,Crescente
2925253,BA,2019,14914,Ponto Novo,114483000,19493218,2732,4.8,3.8,0.5,8.4,7676.21,7135.15,0.6417421877260718,0.6417421877261952,0.679326724994888,0.9949999999999694,0.6417421877260719,0.6793267249948874,0.9446738426651785,Crescente
2925303,BA,2019,148686,Porto Seguro,3367361000,173319616,21876,4.8,3.6,1.9,5.4,22647.47,7922.82,0.2792466483234515,0.27924664832345725,0.28003506131772404,0.9810000000000182,0.2800350613177239,0.27924664832345136,0.9971845918487398,Crescente
2925402,BA,2019,7224,Potiraguá,90655000,10000274,1543,4.4,3.6,3.5,6.3,12549.14,6481.06,0.4442797521083217,0.44427975210831955,0.45546981766920086,0.964999999999998,0.4554698176692005,0.44427975210832144,0.9754318175940996,Crescente
2925501,BA,2019,28174,Prado,429021000,33282420,4581,4.3,3.6,2.5,5.9,15227.55,7265.32,0.37689288764760065,0.37689288764760015,0.382268772234075,0.975000000000001,0.3822687722340749,0.3768928876476006,0.9859368983894333,Crescente
2925600,BA,2019,15142,Presidente Dutra,108609000,12247480,1758,5.1,3.9,0.5,4.0,7172.7,6966.71,0.7000350626719469,0.7000350626720826,0.7243638555086043,0.9950000000000152,0.7000350626719467,0.7243638555086027,0.9664135742670718,Crescente
2925758,BA,2019,27719,Presidente Tancredo Neves,267216000,28259151,4481,4.9,3.6,1.2,4.4,9640.17,6306.44,0.5774971010522829,0.577497101052283,0.5781756503690365,0.988,0.5781756503690368,0.5774971010522828,0.9988263958948799,Crescente
2925907,BA,2019,27580,Quijingue,243867000,42458430,4153,4.2,3.2,1.3,6.4,8842.17,10223.56,0.5025547549373952,0.5025547549373881,0.5061189730575195,0.9870000000000151,0.5061189730575189,0.5025547549373952,0.9929577464788714,Crescente
2925931,BA,2019,8972,Quixabeira,65020000,13565889,1196,5.4,5.0,0.6,1.2,7246.99,11342.72,0.6739620677125363,0.6739620677125424,0.7322070867901622,0.9940000000000069,0.6739620677125364,0.732207086790162,0.9204528061412797,Crescente
2925956,BA,2019,22621,Rafael Jambeiro,355042000,24135658,3285,4.5,4.0,1.1,5.0,15695.24,7347.23,0.37323552921406616,0.37323552921406367,0.3757020363908951,0.9890000000000017,0.373235529214066,0.3757020363908953,0.9934349379616811,Crescente
2926004,BA,2019,41008,Remanso,396045000,44420588,5641,4.3,3.7,3.0,7.7,9657.75,7874.59,0.5088359931909782,0.5088359931909758,0.5203338188687867,0.9700000000000005,0.5203338188687873,0.5088359931909782,0.9779029821609424,Crescente
2926103,BA,2019,14396,Retirolândia,125860000,12149871,1507,4.8,3.7,2.1,6.5,8742.71,8062.29,0.5612005304921653,0.5612005304921546,0.5645586053612176,0.9789999999999996,0.5645586053612178,0.5612005304921653,0.9940518577926845,Crescente
2926202,BA,2019,22339,Riachão das Neves,774722000,28384899,3506,4.0,3.9,1.3,5.0,34680.25,8096.09,0.1896393169372545,0.18963931693725575,0.19622314358995743,0.9869999999999995,0.18963931693725453,0.19622314358995768,0.9664472470869135,Crescente
2926301,BA,2019,33436,Riachão do Jacuípe,355506000,21705101,2950,4.8,3.7,1.9,4.3,10632.43,7357.66,0.5074720249541165,0.5074720249541246,0.5096686957660934,0.9809999999999983,0.5096686957660932,0.5074720249541165,0.995690002485487,Crescente
2926400,BA,2019,35421,Riacho de Santana,266480000,28980197,3763,5.5,4.8,1.2,3.3,7523.22,7701.35,0.6825910040780984,0.6825910040780989,0.6842760601592583,0.9879999999999991,0.6842760601592585,0.6825910040780981,0.9975374615900375,Crescente
2926509,BA,2019,14592,Ribeira do Amparo,128416000,20276986,2071,4.2,4.4,1.9,8.1,8800.44,9790.92,0.5267739749085595,0.5267739749085595,0.52993308189341,0.9809999999999962,0.5299330818934089,0.5267739749085592,0.994038668102087,Crescente
2926608,BA,2019,53807,Ribeira do Pombal,594665000,49575012,6911,5.8,4.7,0.9,3.8,11051.81,7173.35,0.5593375486945319,0.5593375486945396,0.5593887042824086,0.9910000000000029,0.5593887042824088,0.559337548694532,0.9999085509101541,Crescente
2926657,BA,2019,5812,Ribeirão do Largo,79049000,11825260,1616,4.2,3.1,2.5,15.1,13601.0,7317.61,0.4100148629175736,0.4100148629175713,0.4161199866539053,0.9749999999999982,0.4161199866539051,0.4100148629175736,0.985328453493849,Crescente
2926905,BA,2019,11655,Rio do Pires,87255000,8730352,1201,4.6,3.6,0.3,5.8,7486.49,7269.24,0.6340403555811907,0.6340403555811875,0.7287863481870719,0.9969999999999989,0.6340403555811903,0.7287863481870722,0.8699948306639232,Crescente
2927002,BA,2019,40732,Rio Real,965440000,34353873,5041,4.8,3.3,1.4,6.7,23702.25,6814.89,0.27604599088646375,0.2760459908864634,0.276138980652581,0.9860000000000004,0.2761389806525816,0.27604599088646375,0.9996632501289839,Crescente
2927101,BA,2019,9331,Rodelas,97402000,10288900,1514,4.7,3.9,2.3,6.9,10438.54,6795.84,0.5189131212463204,0.5189131212463196,0.5220020173948917,0.9769999999999955,0.5220020173948916,0.5189131212463204,0.9940825972972541,Crescente
2927200,BA,2019,30814,Ruy Barbosa,314342000,25632656,3644,4.8,3.6,1.0,3.5,10201.27,7034.21,0.5315327662002834,0.5315327662003283,0.5317662568668108,0.989999999999998,0.5317662568668108,0.5315327662002833,0.9995609148502519,Crescente
2927309,BA,2019,15667,Salinas da Margarida,170471000,17097121,2076,5.1,3.8,2.7,2.4,10880.9,8235.61,0.5015965847273735,0.5015965847273567,0.5021027045918719,0.9759999999999739,0.5021027045918721,0.5015965847273736,0.9989919993262936,Crescente
2927408,BA,2019,2872347,Salvador,63902294000,1260338240,97177,5.6,4.3,0.8,1.5,22247.41,12969.51,0.28025171311471114,0.2802517131147095,0.2922674363727871,0.9919999999999984,0.2802517131147135,0.29226743637278735,0.9588879164671977,Crescente
2927606,BA,2019,14213,Santa Brígida,104658000,15687949,2370,4.7,4.3,1.0,3.8,7363.54,6619.39,0.6795313538715497,0.6795313538715559,0.6803809431319854,0.9899999999999971,0.6803809431319855,0.6795313538715495,0.9987513035616125,Crescente
2927705,BA,2019,27778,Santa Cruz Cabrália,428547000,34286147,4980,4.8,3.7,2.2,6.7,15427.57,6884.77,0.390462730836075,0.3904627308360698,0.39225724058051115,0.9779999999999921,0.3922572405805114,0.390462730836075,0.9954251711408045,Crescente
2927804,BA,2019,6315,Santa Cruz da Vitória,59089000,5715618,762,4.7,4.1,0.4,4.5,9356.93,7500.81,0.5476769481469066,0.547676948146905,0.6193724864011699,0.9960000000000059,0.5476769481469064,0.6193724864011699,0.8842448771484082,Decrescente
2927903,BA,2019,10631,Santa Inês,69904000,9545429,1059,5.0,4.4,0.4,2.1,6575.49,9013.63,0.7063791766110392,0.7063791766110499,0.7484825835931578,0.9959999999999956,0.7063791766110399,0.7484825835931581,0.9437483143829515,Crescente
2928000,BA,2019,37348,Santaluz,375948000,34290414,4557,4.7,3.9,0.2,3.7,10066.08,7524.78,0.521086542527598,0.5210865425275963,0.6294091211389341,0.9979999999999988,0.5210865425275981,0.6294091211389343,0.8278979840404549,Crescente
2928109,BA,2019,39845,Santa Maria da Vitória,477318000,45860016,5213,4.9,3.7,1.5,7.0,11979.37,8797.24,0.44845351635800057,0.4484535163579935,0.44968772443562877,0.9850000000000056,0.449687724435629,0.44845351635800057,0.9972554107871697,Crescente
2928208,BA,2019,26614,Santana,259409000,22252953,3598,5.0,3.7,0.2,2.2,9747.09,6184.81,0.5853726412714844,0.5853726412714843,0.7168172160147085,0.9979999999999997,0.5853726412714845,0.7168172160147084,0.8166274863290575,Crescente
2928307,BA,2019,8943,Santanópolis,59548000,8864189,1348,4.1,2.7,5.1,6.9,6658.62,6575.81,0.6742479119074313,0.6742479119074251,0.7055931269961566,0.948999999999999,0.7055931269961557,0.6742479119074313,0.9555760765100308,Crescente
2928406,BA,2019,28338,Santa Rita de Cássia,238839000,26297322,3585,4.6,4.1,0.7,3.2,8428.22,7335.38,0.5863093028794337,0.5863093028794327,0.598264195284789,0.993000000000004,0.5863093028794336,0.598264195284789,0.9800173694170943,Decrescente
2928505,BA,2019,10405,Santa Teresinha,77452000,8386225,1288,4.8,4.4,1.9,6.5,7443.73,6511.04,0.6849318437740803,0.6849318437740801,0.6885366390183061,0.980999999999999,0.6885366390183062,0.6849318437740803,0.9947645556678504,Crescente
2928604,BA,2019,60069,Santo Amaro,834305000,49876347,5786,4.7,2.9,1.9,5.6,13889.11,8620.18,0.3959331508588207,0.39593315085881264,0.3975476124534682,0.9809999999999622,0.3975476124534685,0.39593315085882086,0.995938947828956,Crescente
2928703,BA,2019,101512,Santo Antônio de Jesus,2219265000,66836966,7911,4.8,3.9,1.8,2.7,21862.1,8448.61,0.2843327783607875,0.2843327783608027,0.2849015211179749,0.9819999999999942,0.284901521117975,0.2843327783607875,0.9980037215843721,Crescente
2928802,BA,2019,52850,Santo Estêvão,754863000,43594486,6457,4.3,3.3,1.5,4.5,14283.12,6751.51,0.4067965456448768,0.4067965456448741,0.4083912585814288,0.9849999999999955,0.40839125858142844,0.4067965456448762,0.9960951344989819,Crescente
2928901,BA,2019,33742,São Desidério,2607848000,50515395,5322,5.0,3.9,0.8,3.4,77287.89,9491.81,0.09888944263616369,0.09888944263616327,0.14742435335143583,0.9919999999999957,0.09888944263616355,0.14742435335143558,0.6707809150122385,Crescente
2928950,BA,2019,9058,São Domingos,80651000,10479780,918,4.4,4.2,1.7,7.2,8903.84,11415.88,0.5039988478628096,0.5039988478628129,0.5074426132812185,0.9830000000000023,0.5074426132812175,0.5039988478628105,0.99321348793287,Crescente
2929008,BA,2019,14740,São Félix,171151000,9644890,1187,4.9,3.3,1.7,2.5,11611.33,8125.43,0.4703049590945218,0.47030495909452197,0.4707431896150502,0.9830000000000008,0.47074318961504974,0.4703049590945218,0.9990690666796758,Crescente
2929206,BA,2019,39802,São Francisco do Conde,10714391000,123835843,5234,4.6,3.0,1.0,2.0,269192.28,23659.89,0.030635985465518233,0.03063598546551853,0.04794348359337463,0.9900000000000021,0.03063598546551818,0.0479434835933746,0.6390020743038343,Crescente
2929255,BA,2019,18793,São Gabriel,126859000,22401289,2514,5.6,3.8,0.7,3.1,6750.33,8910.62,0.7223993561005696,0.7223993561005692,0.7233895535667453,0.993,0.7233895535667458,0.7223993561005695,0.9986311698015359,Crescente
2929354,BA,2019,5657,São José da Vitória,51832000,7162142,883,4.3,2.9,1.1,6.7,9162.45,8111.15,0.5315448789583435,0.531544878958341,0.5333942004793475,0.9890000000000017,0.533394200479347,0.5315448789583437,0.9965329178319859,Crescente
2929370,BA,2019,10462,São José do Jacuípe,88674000,7495529,1462,4.0,3.6,3.0,10.6,8475.82,5126.9,0.6348299451200227,0.6348299451200121,0.6480176226474011,0.9699999999999978,0.648017622647401,0.6348299451200226,0.9796491992401353,Crescente
2929404,BA,2019,11675,São Miguel das Matas,136611000,10357009,1317,5.0,3.6,0.6,2.0,11701.16,7864.09,0.47889040742925576,0.4788904074292559,0.5203468502519359,0.9940000000000008,0.478890407429256,0.5203468502519356,0.9203292134801849,Crescente
2929503,BA,2019,44300,São Sebastião do Passé,695165000,37387217,4404,5.5,3.8,0.0,2.1,15692.21,8489.38,0.4016293079838448,0.4016293079838442,0.5666149942633296,1.0,0.40162930798384466,0.5666149942633301,0.7088222374101009,Crescente
2929602,BA,2019,17398,Sapeaçu,162529000,19568842,2108,4.6,3.7,0.8,7.4,9341.82,9283.13,0.5014988975857261,0.5014988975857265,0.5017626884858889,0.9919999999999995,0.5017626884858891,0.5014988975857257,0.9994742715905026,Crescente
2929701,BA,2019,17273,Sátiro Dias,179211000,20529058,2431,4.7,3.8,2.0,6.7,10375.21,8444.7,0.4880403341231369,0.48804033412313513,0.49059202963131265,0.9799999999999991,0.4905920296313127,0.4880403341231369,0.9947987424294411,Crescente
2929750,BA,2019,12043,Saubara,135280000,11302981,1236,5.0,3.8,1.3,3.0,11233.08,9144.81,0.468582028364544,0.4685820283645405,0.4696059428961095,0.9870000000000164,0.46960594289610963,0.468582028364544,0.997819630379354,Crescente
2929800,BA,2019,12913,Saúde,89043000,13387338,1544,4.5,4.3,1.5,3.1,6895.61,8670.56,0.6587966793330797,0.6587966793330676,0.661462245642616,0.9849999999999942,0.6614622456426162,0.6587966793330822,0.9959701913040454,Crescente
2929909,BA,2019,44091,Seabra,546794000,43685508,5707,6.2,5.1,0.3,0.9,12401.49,7654.72,0.5282814078955286,0.5282814078955533,0.6242318985258543,0.9970000000000031,0.5282814078955288,0.6242318985258543,0.8462903115702415,Decrescente
2930006,BA,2019,11434,Sebastião Laranjeiras,86944000,10183770,1129,6.1,5.1,0.4,1.5,7603.99,9020.17,0.6809615113306716,0.6809615113306853,0.6863602458140488,0.9959999999999973,0.6809615113306728,0.686360245814049,0.9921342552743945,Crescente
2930105,BA,2019,79015,Senhor do Bonfim,897708000,48910505,6339,4.4,3.8,1.7,4.5,11361.24,7715.81,0.46439791345958076,0.46439791345958475,0.46808777801715334,0.9830000000000023,0.4680877780171531,0.46439791345958076,0.9921171525280941,Crescente
2930204,BA,2019,40684,Sento Sé,1227218000,47422324,5775,4.5,3.2,1.9,5.7,30164.63,8211.66,0.2122437968655332,0.21224379686553277,0.21344889316301913,0.9810000000000054,0.2134488931630192,0.21224379686553307,0.9943541693769031,Crescente
2930303,BA,2019,17386,Serra Dourada,158733000,14703123,2106,5.0,4.0,0.5,3.5,9129.93,6981.54,0.5903529734583226,0.590352973458245,0.643587811142067,0.9949999999999977,0.5903529734583222,0.643587811142067,0.9172842667898302,Decrescente
2930402,BA,2019,14878,Serra Preta,113583000,14247468,2195,4.5,3.5,0.7,4.9,7634.29,6490.87,0.6496370704225299,0.6496370704225364,0.6640233519544849,0.9930000000000009,0.6496370704225302,0.6640233519544847,0.9783346752947611,Crescente
2930501,BA,2019,80861,Serrinha,924225000,90819421,8434,3.8,3.3,5.0,7.9,11429.8,10768.25,0.4001880027201423,0.40018800272014105,0.4182365533913393,0.9499999999999956,0.41823655339133947,0.4001880027201423,0.9568460706630079,Crescente
2930709,BA,2019,134377,Simões Filho,5556726000,118516585,12348,4.6,3.1,2.5,6.3,41351.76,9598.04,0.15823248964985814,0.15823248964985873,0.1590068019827108,0.9750000000000083,0.1590068019827107,0.1582324896498583,0.9951303194379266,Crescente
2930758,BA,2019,13012,Sítio do Mato,104300000,14918255,2293,4.2,3.9,0.8,3.0,8015.68,6506.0,0.627937998237851,0.6279379982378871,0.6298283304634255,0.9919999999999926,0.6279379982378511,0.6298283304634256,0.996998654817284,Crescente
2930774,BA,2019,23191,Sobradinho,755226000,24090937,3035,5.2,4.5,0.4,1.7,32565.48,7937.71,0.22148767627255006,0.2214876762725503,0.3281326914891736,0.9959999999999951,0.22148767627255006,0.3281326914891735,0.6749942386641405,Crescente
2930808,BA,2019,16979,Souto Soares,125618000,21068165,2423,5.7,4.5,0.0,1.1,7398.43,8695.07,0.6752616607531164,0.6752616607531432,0.8105483587892989,1.0,0.675261660753116,0.8105483587892983,0.8330923792896728,Crescente
2930907,BA,2019,12518,Tabocas do Brejo Velho,104347000,12264335,1765,4.8,3.7,0.4,3.9,8335.76,6948.63,0.6141599356251386,0.6141599356251201,0.6832295964556032,0.9960000000000669,0.6141599356251385,0.6832295964556029,0.8989071006455547,Crescente
2931053,BA,2019,17366,Tanque Novo,160761000,16841639,2463,6.2,4.5,0.1,1.8,9257.23,6837.86,0.672060556323813,0.6720605563238129,0.774342946764117,0.9990000000000001,0.672060556323813,0.774342946764117,0.8679107353302186,Decrescente
2931301,BA,2019,17010,Tapiramutá,111388000,15826009,2183,6.0,4.3,0.0,0.0,6548.38,7249.66,0.8098228695832154,0.8098228695831903,0.9318724400154775,1.0,0.8098228695832144,0.9318724400154773,0.8690275994960909,Crescente
2931350,BA,2019,160487,Teixeira de Freitas,2629252000,120250162,17327,4.9,4.0,1.1,3.1,16382.96,6940.05,0.3779720022622787,0.3779720022622645,0.38301096434866533,0.9890000000000089,0.3779720022622787,0.38301096434866516,0.9868438176568763,Crescente
2931400,BA,2019,7425,Teodoro Sampaio,79542000,7050735,858,4.2,3.6,0.7,3.1,10712.73,8217.64,0.47913041677446566,0.47913041677445944,0.4984315950250577,0.9929999999999989,0.4791304167744658,0.4984315950250578,0.9612761742168017,Crescente
2931509,BA,2019,22518,Teofilândia,158335000,24980667,3479,4.5,3.6,1.3,7.3,7031.49,7180.42,0.6555587272256018,0.6555587272255944,0.6597954835791564,0.9869999999999998,0.6597954835791564,0.6555587272256018,0.9935786823962909,Crescente
2931608,BA,2019,14943,Teolândia,182443000,23300493,2296,3.9,3.8,2.2,6.9,12209.26,10148.3,0.4031889131994598,0.40318891319945366,0.4089767546425838,0.9779999999999937,0.40897675464258376,0.4031889131994598,0.9858479941037672,Crescente
2931707,BA,2019,13033,Terra Nova,117894000,11283446,1381,4.4,2.9,2.1,4.2,9045.81,8170.49,0.5291468239484313,0.5291468239484329,0.536481706996559,0.9789999999999984,0.5364817069965584,0.5291468239484313,0.9863278040006409,Crescente
2931806,BA,2019,16394,Tremedal,123527000,18043659,2257,5.4,4.0,2.3,7.3,7534.89,7994.53,0.6617453822171078,0.6617453822171085,0.6663808048578719,0.9770000000000015,0.6663808048578724,0.6617453822171078,0.9930438833067037,Crescente
2931905,BA,2019,50687,Tucano,480129000,47681132,6822,5.0,3.6,2.3,8.6,9472.43,6989.32,0.5710981079237751,0.5710981079237752,0.5746057519131265,0.976999999999999,0.574605751913127,0.5710981079237751,0.9938955640842912,Crescente
2932002,BA,2019,24240,Uauá,204868000,25205091,3244,5.3,4.0,0.9,4.3,8451.65,7769.76,0.6191595460207511,0.6191595460207484,0.6197290263513607,0.9910000000000004,0.6197290263513611,0.6191595460207506,0.9990810817205668,Crescente
2932101,BA,2019,19895,Ubaíra,197306000,18280854,2557,5.1,3.5,1.0,6.2,9917.37,7149.34,0.5588725186796298,0.5588725186796296,0.559217355063915,0.99,0.5592173550639145,0.5588725186796303,0.9993833589369812,Crescente
2932309,BA,2019,27035,Ubatã,202755000,16767405,2074,4.0,2.8,2.7,10.2,7499.72,8084.57,0.5931192627378433,0.5931192627378427,0.6057638390422775,0.9729999999999969,0.6057638390422779,0.5931192627378433,0.9791262279299712,Crescente
2932408,BA,2019,13887,Uibaí,96551000,12920228,1471,4.5,4.4,2.0,3.7,6952.62,8783.3,0.6568126820092782,0.6568126820093048,0.662222804282911,0.9800000000000053,0.6622228042829222,0.6568126820092828,0.9918303594520712,Crescente
2932457,BA,2019,19222,Umburanas,143772000,17058412,2170,4.2,3.6,1.9,7.5,7479.55,7861.02,0.6056827781877825,0.605682778187774,0.6134449014203673,0.9810000000000011,0.6134449014203672,0.6056827781877822,0.9873466659929645,Crescente
2932705,BA,2019,20519,Uruçuca,236837000,25081622,3065,4.2,2.9,4.4,5.6,11542.33,8183.24,0.44048220792622506,0.4404822079262218,0.4549372362237019,0.9559999999999972,0.45493723622370136,0.44048220792622506,0.9682263241024988,Crescente
2932804,BA,2019,19178,Utinga,168601000,15329905,2075,4.9,4.2,0.6,4.1,8791.38,7387.91,0.5871831043775344,0.5871831043768359,0.614815793769081,0.9940000000000453,0.5871831043775345,0.6148157937690812,0.9550553358069308,Crescente
2932903,BA,2019,96562,Valença,1577317000,69651688,9165,4.1,3.5,4.1,7.0,16334.76,7599.75,0.3475543073701298,0.3475543073701267,0.35834843902859476,0.9590000000000022,0.35834843902859465,0.3475543073701297,0.9698781116844669,Crescente
2933000,BA,2019,28473,Valente,235944000,22795670,2668,5.5,4.1,1.2,4.5,8286.59,8544.1,0.6179925090783271,0.6179925090783014,0.6195312202380764,0.9880000000000052,0.6195312202380765,0.6179925090783271,0.9975163299128688,Crescente
2933059,BA,2019,14104,Várzea da Roça,95468000,13047958,1623,4.3,2.9,3.2,11.1,6768.86,8039.41,0.6438503258004732,0.6438503258004715,0.6611438262868494,0.9679999999999982,0.6611438262868492,0.6438503258004732,0.9738430583501008,Crescente
2933109,BA,2019,9170,Várzea do Poço,91058000,8080442,946,4.2,3.4,1.9,4.8,9929.99,8541.69,0.4914241386850872,0.4914241386850865,0.49706315835262826,0.9810000000000003,0.49706315835262804,0.4914241386850872,0.9886553256406491,Crescente
2933174,BA,2019,8838,Varzedo,105389000,11518874,1112,4.6,4.1,0.3,2.7,11924.53,10358.7,0.41546312250072276,0.4154631225007203,0.4800550289108987,0.9970000000000027,0.41546312250072287,0.48005502891089974,0.8654489537236686,Crescente
2933208,BA,2019,43223,Vera Cruz,527675000,43495212,4660,4.8,3.6,1.4,4.7,12208.2,9333.74,0.42955077861895774,0.42955077861895585,0.43059599000707205,0.986000000000011,0.4305959900070721,0.42955077861895774,0.9975726402187416,Crescente
2933257,BA,2019,6205,Vereda,74431000,8344280,957,5.6,4.5,0.5,3.5,11995.33,8719.21,0.4884914087387355,0.4884914087387314,0.5264157358469425,0.9949999999999963,0.4884914087387352,0.5264157358469422,0.9279574592366789,Crescente
2933307,BA,2019,338480,Vitória da Conquista,7263725000,231880677,31551,5.6,4.6,1.5,4.9,21459.84,7349.39,0.3298576387570226,0.3298576387570218,0.3351278871565267,0.9849999999999974,0.32985763875702245,0.33512788715652664,0.984273918699453,Crescente
2933406,BA,2019,9345,Wagner,74936000,7685156,1161,6.5,4.4,0.5,4.0,8018.83,6619.43,0.7703719561267107,0.7703719561267102,0.7787532841098487,0.9949999999999999,0.7703719561267108,0.7787532841098486,0.9892375054408686,Crescente
2933455,BA,2019,12238,Wanderley,132508000,18409372,1821,5.5,3.9,0.6,6.9,10827.59,10109.48,0.4920402332183652,0.4920402332183651,0.4925519177389658,0.9940000000000014,0.49204023321836526,0.492551917738966,0.9989611561701974,Crescente
2933505,BA,2019,21101,Wenceslau Guimarães,268884000,29202818,3398,4.4,3.4,3.1,7.9,12742.71,8594.12,0.40899328099266613,0.40899328099266663,0.4181818568898088,0.9690000000000052,0.4181818568898089,0.40899328099266613,0.9780273205406808,Crescente
2933604,BA,2019,46483,Xique-Xique,410620000,62537840,7344,4.7,3.8,1.0,2.8,8833.77,8515.5,0.5425096752753096,0.5425096752753078,0.5432364795419116,0.9900000000000058,0.5432364795419116,0.5425096752753097,0.9986620849409545,Crescente
3100203,MG,2019,23237,Abaeté,517691000,11503342,926,6.3,4.2,0.0,0.5,22278.74,12422.62,0.3061184697758128,0.3061184697758129,0.41977687567096245,1.0,0.30611846977581286,0.4197768756709622,0.7292409075333641,Crescente
3101102,MG,2019,25167,Aimorés,461974000,13748644,1160,6.4,5.1,0.0,0.2,18356.34,11852.28,0.36052436225147316,0.36052436225148665,0.4670733470826491,1.0,0.36052436225147316,0.467073347082649,0.7718795441943255,Crescente
3101300,MG,2019,2674,Alagoa,39314000,2254852,297,5.9,5.2,0.5,0.0,14702.32,7592.09,0.4540300860593071,0.45403008605930734,0.7541063990013636,1.0,0.4540300860593072,0.7541063990013636,0.6020769571250995,Decrescente
3101508,MG,2019,35362,Além Paraíba,825111000,16781942,1677,5.5,4.8,0.0,0.0,23333.27,10007.12,0.2855752321510522,0.2855752321509221,0.538311722053978,1.0,0.2855752321510523,0.5383117220538878,0.5305016042775615,Crescente
3101607,MG,2019,79996,Alfenas,2584363000,54443006,2882,6.2,6.4,0.1,0.2,32306.15,18890.7,0.23895446269550263,0.23895446269545648,0.29075779448085143,0.9989999999999997,0.23895446269550244,0.29075779448085126,0.8218333858328932,Crescente
3101805,MG,2019,7424,Alpercata,85134000,5099728,696,5.5,3.6,1.1,3.4,11467.4,7327.2,0.5236728894436352,0.5236728894436373,0.5240809061284165,0.9889999999999991,0.5240809061284148,0.5236728894436359,0.9992214624116046,Crescente
3102001,MG,2019,14466,Alterosa,214339000,9654413,902,7.0,5.8,0.0,0.0,14816.74,10703.34,0.46156111723843424,0.4615611172384331,0.6269334752381508,1.0,0.4615611172384344,0.6269334752381508,0.7362202457973755,Decrescente
3102803,MG,2019,12224,Andrelândia,233299000,7654601,1022,6.7,4.5,0.0,4.5,19085.32,7489.82,0.41997228299412714,0.41997228299412714,0.7175776110581934,1.0,0.41997228299412726,0.7175776110581937,0.5852639164351919,Crescente
3103207,MG,2019,2347,Araçaí,57037000,2967656,284,6.4,4.5,0.0,2.2,24302.09,10449.49,0.3069983176533337,0.3069983176533338,0.5008328499422515,1.0,0.3069983176533337,0.5008328499422516,0.6129756019173505,Crescente
3103504,MG,2019,117267,Araguari,5536428000,64792070,4210,6.5,5.2,0.1,0.8,47212.16,15390.04,0.17484427454856302,0.1748442745485622,0.2440919506793266,0.9989999999999992,0.1748442745485631,0.24409195067932654,0.7163049582829668,Crescente
3103603,MG,2019,2795,Arantina,54184000,3229988,333,6.0,5.2,0.0,0.0,19386.05,9699.66,0.3515969938891459,0.3515969938891457,0.6008520622667637,1.0,0.35159699388914606,0.6008520622667635,0.5851639962135062,Crescente
3103751,MG,2019,6869,Araporã,1376967000,12229333,895,6.1,5.0,0.0,0.9,200461.06,13664.06,0.04876232289474053,0.04876232289474066,0.372683417038452,1.0,0.04876232289474221,0.372683417038452,0.1308411393300857,Decrescente
3104007,MG,2019,106229,Araxá,6444635000,72824218,4363,6.4,4.5,0.0,0.5,60667.38,16691.32,0.1388731748418123,0.1388731748418124,0.31354307850683943,1.0,0.13887317484181225,0.31354307850683943,0.44291577254122994,Decrescente
3104106,MG,2019,10772,Arceburgo,298612000,7364988,798,6.2,5.5,0.0,0.0,27721.13,9229.31,0.29071893098291135,0.29071893098291146,0.6505908892429638,1.0,0.2907189309829114,0.6505908892429638,0.4468536768493573,Decrescente
3104403,MG,2019,2727,Argirita,34722000,3190572,299,5.5,3.9,0.0,3.0,12732.67,10670.81,0.4356059716511369,0.43560597165113657,0.5304576144823463,1.0,0.4356059716511369,0.5304576144823453,0.8211890257739601,Crescente
3104809,MG,2019,4869,Augusto de Lima,63957000,5098717,525,5.7,5.1,0.0,0.5,13135.55,9711.84,0.45239387901022443,0.45239387901022443,0.570353224305406,1.0,0.4523938790102245,0.570353224305406,0.793181943630044,Decrescente
3104908,MG,2019,19148,Baependi,306328000,9312078,952,6.4,5.5,0.0,1.1,15997.91,9781.59,0.42129607830133403,0.42129607830133414,0.5632104176967565,1.0,0.4212960783013339,0.5632104176967568,0.7480260752708023,Crescente
3105400,MG,2019,32485,Barão de Cocais,818156000,24808185,2602,6.2,4.4,0.1,1.3,25185.65,9534.28,0.2987776298120717,0.29877762981207223,0.41320351982655495,0.9990000000000003,0.2987776298120718,0.4132035198265548,0.7230761972634833,Crescente
3105509,MG,2019,5397,Barão de Monte Alto,49692000,4297581,358,6.2,4.5,0.0,0.0,9207.34,12004.42,0.5615211136786689,0.5615211136786884,0.652649376028517,1.0,0.5615211136786681,0.6526493760285179,0.8603717927313755,Crescente
3105608,MG,2019,137313,Barbacena,3126193000,48237838,4512,6.4,5.0,0.1,0.3,22766.91,10691.01,0.32078908011774504,0.3207890801177809,0.4272926007318203,0.9989999999999966,0.320789080117745,0.42729260073182024,0.7507480344109222,Crescente
3106200,MG,2019,2512070,Belo Horizonte,97198017000,1615661690,112376,6.0,4.7,0.2,1.0,38692.4,14377.28,0.1902078464043584,0.19020784640435817,0.260248358219479,0.9979999999999999,0.19020784640435837,0.2602483582194789,0.7308704950366974,Crescente
3106309,MG,2019,26700,Belo Oriente,1751822000,27145384,2541,6.4,5.0,0.2,0.6,65611.31,10682.95,0.14215202774798796,0.14215202774798774,0.21495196568438543,0.9980000000000017,0.14215202774798819,0.21495196568438554,0.6613199711637444,Crescente
3106705,MG,2019,439340,Betim,28031826000,362571241,39664,6.0,5.3,0.2,1.0,63804.4,9141.07,0.1448496809091807,0.14484968090918096,0.22940201875415253,0.9980000000000006,0.14484968090918046,0.22940201875415253,0.6314228693184013,Decrescente
3106903,MG,2019,14494,Bicas,269813000,9175013,943,5.7,3.9,0.4,2.6,18615.5,9729.6,0.34841025620856736,0.3484102562085677,0.41395806267770613,0.9960000000000004,0.3484102562085672,0.4139580626777059,0.8416559251313047,Crescente
3107208,MG,2019,5090,Bocaina de Minas,61729000,3397868,383,7.1,4.1,0.5,5.8,12127.5,8871.72,0.5623661659346846,0.5623661659346849,0.5692497348212738,0.9950000000000001,0.5623661659346846,0.5692497348212733,0.9879076467400543,Crescente
3107307,MG,2019,49979,Bocaiúva,941798000,20970197,1195,5.1,4.2,0.4,1.9,18843.87,17548.28,0.2707782465332193,0.27077824653321914,0.29037600800960583,0.9959999999999989,0.27077824653321936,0.29037600800960633,0.9325090195614982,Crescente
3107802,MG,2019,14935,Bom Jesus do Galho,143996000,6126601,636,6.0,4.1,1.6,8.2,9641.51,9633.02,0.5664614558054369,0.5664614558054368,0.5686989893408059,0.9839999999999994,0.568698989340806,0.5664614558054369,0.9960655222229909,Crescente
3108206,MG,2019,5493,Bonfinópolis de Minas,193711000,6359579,487,6.1,4.7,0.0,0.0,35265.06,13058.68,0.21186357913538734,0.21186357913539486,0.45305366676756953,1.0,0.21186357913538742,0.4530536667675696,0.46763461964006103,Crescente
3108305,MG,2019,19412,Borda da Mata,322071000,12094255,1232,7.0,4.9,0.1,5.4,16591.34,9816.77,0.43741222116415485,0.43741222116415485,0.5243508194868711,0.9989999999999992,0.4374122211641547,0.5243508194868712,0.8341976495663833,Crescente
3108404,MG,2019,14971,Botelhos,229954000,8762344,879,6.5,5.5,0.0,2.4,15359.96,9968.54,0.4342808270057931,0.4342808270057932,0.5652826406319689,1.0,0.43428082700579307,0.5652826406319689,0.7682543134887007,Decrescente
3109006,MG,2019,40103,Brumadinho,2517194000,45156303,4033,6.7,5.3,0.0,0.1,62768.22,11196.7,0.1532739830831312,0.1532739830831773,0.48000992639424567,1.0,0.15327398308313075,0.4800099263942459,0.31931419467613875,Crescente
3109303,MG,2019,24841,Buritis,774309000,24940007,2477,5.6,4.3,0.1,2.5,31170.61,10068.63,0.22903012520766408,0.22903012520766433,0.342661648119068,0.9989999999999974,0.22903012520766397,0.3426616481190679,0.6683856406599689,Crescente
3109451,MG,2019,6949,Cabeceira Grande,299820000,8740305,848,5.3,4.1,0.0,0.8,43145.78,10306.96,0.1684896318804762,0.16848963188047772,0.4575701412303143,1.0,0.16848963188047605,0.4575701412303144,0.3682268939739848,Crescente
3109600,MG,2019,3603,Cachoeira da Prata,46799000,3162888,401,6.2,4.5,0.0,0.0,12988.9,7887.5,0.5081540646843624,0.50815406468436,0.7612684627576054,1.0,0.5081540646843624,0.7612684627576997,0.6675096756847566,Crescente
3109808,MG,2019,2692,Cachoeira Dourada,80881000,4567167,311,6.1,5.4,0.0,0.0,30044.95,14685.42,0.23405998394458283,0.23405998394458274,0.40286780065827615,1.0,0.2340599839445829,0.40286780065827615,0.5809845898881334,Decrescente
3109907,MG,2019,11624,Caetanópolis,274465000,6434448,805,7.1,5.6,0.6,0.4,23611.92,7993.1,0.3773350957090253,0.377335095709009,0.4918020175296946,0.9959999999999947,0.377335095709025,0.4918020175296949,0.7672499954440348,Crescente
3110202,MG,2019,3987,Cajuri,72087000,3802736,474,5.7,4.6,0.4,1.0,18080.51,8022.65,0.3724802331623228,0.3724802331623242,0.47059350766422725,0.9959999999999978,0.3724802331623228,0.4705935076642272,0.7915116275426622,Crescente
3110509,MG,2019,21770,Camanducaia,727154000,18306582,1937,5.6,4.8,0.0,0.6,33401.65,9451.0,0.22337224499688407,0.22337224499688965,0.5192073979097851,1.0,0.22337224499688438,0.5192073979097857,0.4302177624897712,Crescente
3111002,MG,2019,21055,Campestre,323746000,13855482,1709,6.3,5.3,0.0,2.2,15376.21,8107.36,0.45441338643727236,0.45441338643727214,0.6410824819162572,1.0,0.45441338643727225,0.6410824819162572,0.7088220303243774,Decrescente
3111507,MG,2019,15461,Campos Altos,292786000,9565369,1035,6.0,3.0,0.6,9.9,18937.07,9241.9,0.3594555932524067,0.3594555932524023,0.4055982776981417,0.9940000000000008,0.35945559325240667,0.4055982776981418,0.8862355020154308,Crescente
3111606,MG,2019,28774,Campos Gerais,466175000,11836124,802,5.8,4.9,0.6,2.2,16201.26,14758.26,0.3427567198911375,0.34275671989112416,0.3433344597843248,0.9940000000000075,0.34275671989113754,0.3433344597843248,0.9983172679679452,Decrescente
3113008,MG,2019,23685,Caraí,174016000,15690942,1342,5.1,3.4,0.2,3.4,7347.1,11692.21,0.638028775280179,0.6380287752801789,0.726836054972323,0.9979999999999999,0.6380287752801793,0.7268360549723233,0.8778166285442105,Crescente
3113206,MG,2019,25501,Carandaí,527575000,14629573,2136,7.0,5.3,0.0,0.0,20688.4,6849.05,0.4247167750089567,0.4247167750090211,0.9797391087610174,1.0,0.42471677500895844,0.9797391087610176,0.4334998687008172,Crescente
3113800,MG,2019,2632,Carmésia,33283000,3001231,297,6.6,5.0,0.6,5.0,12645.52,10105.15,0.4985277916423143,0.4985277916423087,0.4993042336009425,0.9940000000000082,0.49852779164231475,0.4993042336009424,0.9984449521827032,Crescente
3114501,MG,2019,19355,Carmópolis de Minas,408461000,11295244,1260,6.9,5.2,0.0,1.9,21103.64,8964.48,0.3823053503918513,0.38230535039185126,0.6100275754980322,1.0,0.3823053503918517,0.6100275754980323,0.6267017520965895,Crescente
3114709,MG,2019,3579,Carvalhópolis,47469000,3727274,439,7.6,5.8,0.0,1.5,13263.2,8490.37,0.5805325994530977,0.5805325994530954,0.71728108218854,1.0,0.5805325994530977,0.7172810821885399,0.809351611061314,Crescente
3114907,MG,2019,2257,Casa Grande,47961000,2574645,251,6.3,5.0,0.0,8.5,21249.89,10257.55,0.3361064655550294,0.33610646555502793,0.5056199022740404,1.0,0.3361064655550294,0.5056199022740404,0.6647413680580623,Decrescente
3115003,MG,2019,3075,Cascalho Rico,60796000,4466609,289,7.1,5.6,0.0,0.0,19771.06,15455.39,0.3387704237069678,0.33877042370697225,0.43987918038401863,1.0,0.33877042370696775,0.4398791803840187,0.7701442550911777,Crescente
3115300,MG,2019,75123,Cataguases,1662410000,29629774,2034,5.8,3.8,0.1,4.0,22129.17,14567.24,0.27907778833878905,0.2790777883387892,0.33701503760791013,0.9989999999999999,0.27907778833878893,0.33701503760791024,0.8280870501199226,Crescente
3115359,MG,2019,5376,Catas Altas,1103400000,7615918,449,6.7,4.2,0.0,0.0,205245.54,16961.96,0.05152516673462948,0.05152516673464464,0.3800041807840907,1.0,0.05152516673462945,0.38000418078409054,0.13559105225714568,Crescente
3115904,MG,2019,3154,Chácara,39594000,3231774,389,5.1,4.8,0.4,0.6,12553.58,8307.9,0.4733452491367138,0.4733452491366505,0.5439800635485375,0.9959999999999944,0.473345249136714,0.5439800635485372,0.8701518324935429,Crescente
3116001,MG,2019,5704,Chalé,65254000,3398351,268,5.8,4.2,0.0,0.0,11440.04,12680.41,0.4539167114605532,0.45391671146055823,0.5284784471420718,1.0,0.4539167114605616,0.5284784471420718,0.8589124379911106,Decrescente
3116159,MG,2019,13680,Chapada Gaúcha,225675000,9821631,1191,6.0,5.3,0.0,0.5,16496.71,8246.54,0.4154892369743628,0.41548923697436285,0.6302626884230322,1.0,0.41548923697436274,0.6302626884230323,0.6592318482535435,Crescente
3116209,MG,2019,2687,Chiador,32687000,3833077,372,5.7,4.9,0.0,3.6,12164.87,10303.97,0.46429695458641407,0.46429695458653647,0.5577023184623977,1.0,0.4642969545864141,0.5577023184623983,0.8325175263149254,Crescente
3116605,MG,2019,28617,Cláudio,782478000,18093604,2099,7.0,5.6,0.0,0.2,27343.12,8620.11,0.32779742461549743,0.32779742461550415,0.6398533694546414,1.0,0.3277974246154969,0.6398533694546416,0.5123008493256589,Crescente
3116902,MG,2019,3111,Comendador Gomes,121115000,4115093,459,5.8,4.6,0.0,2.4,38931.21,8965.34,0.20480512876404222,0.2048051287640422,0.552270107515418,1.0,0.2048051287640421,0.552270107515418,0.37084232149632423,Decrescente
3117306,MG,2019,27893,Conceição das Alagoas,919004000,22589012,2454,5.6,5.1,0.2,0.0,32947.48,9204.98,0.23841202044277254,0.2384120204427741,0.6033146498650149,1.0,0.2384120204427724,0.6033146498650149,0.3951702822003653,Decrescente
3117504,MG,2019,17842,Conceição do Mato Dentro,3929204000,28946551,988,5.9,4.2,0.3,0.0,220222.17,29298.13,0.04018823711929195,0.04018823711929198,0.19322141037669394,1.0,0.04018823711929159,0.19322141037669377,0.20799060021838758,Crescente
3117876,MG,2019,6730,Confins,1298480000,9130010,548,6.6,4.7,0.0,0.7,192939.08,16660.6,0.05378680509408865,0.053786805094087266,0.3197664378407812,1.0,0.05378680509408816,0.3197664378407812,0.16820653680005745,Decrescente
3118007,MG,2019,54762,Congonhas,1988577000,72634692,5169,6.4,5.1,0.1,0.6,36313.08,14051.98,0.21381797507924527,0.21381797507924652,0.2913148376072939,0.9990000000000039,0.2138179750792453,0.2913148376072938,0.7339755737655971,Crescente
3118304,MG,2019,128589,Conselheiro Lafaiete,2286796000,9712969,7693,6.8,5.6,0.1,0.1,17783.76,1262.57,0.6109104122998803,0.6109104122998292,1.0,1.0,0.6109104122998767,1.0,0.6109104122998803,Decrescente
3118601,MG,2019,663855,Contagem,30446854000,375440123,39856,5.9,4.8,0.2,1.0,45863.71,9419.91,0.18095274065439684,0.18095274065439662,0.27550341890985636,0.9979999999999988,0.18095274065439707,0.2755034189098563,0.6568076046766007,Crescente
3119104,MG,2019,23731,Corinto,330778000,13705729,1713,5.5,5.5,0.6,0.5,13938.65,8001.01,0.48332355979791686,0.48332355979791514,0.5859559622725687,0.9950000000000003,0.4833235597979173,0.5859559622725687,0.8248462186874883,Decrescente
3119203,MG,2019,9991,Coroaci,103940000,6500088,713,6.4,4.6,0.0,0.0,10403.36,9116.53,0.5785983869957768,0.5785983869957735,0.6881920800055572,1.0,0.5785983869957769,0.6881920800055573,0.8407513015713645,Crescente
3119302,MG,2019,27974,Coromandel,1015530000,15348053,862,6.7,4.9,0.2,1.1,36302.64,17805.17,0.205530599965766,0.20553059996576592,0.253583262627383,0.9980000000000008,0.2055305999657659,0.253583262627383,0.8105053852381972,Decrescente
3119401,MG,2019,109855,Coronel Fabriciano,1790722000,54804088,4427,6.2,4.9,0.2,1.0,16300.78,12379.51,0.37821582624975625,0.37821582624975686,0.4274523996694828,0.9979999999999997,0.3782158262497561,0.427452399669483,0.884813903354391,Crescente
3119500,MG,2019,9222,Coronel Murta,83017000,6483719,726,5.4,3.8,0.0,0.6,9002.06,8930.74,0.5756901200272424,0.5756901200272426,0.6947104784880044,1.0,0.5756901200272423,0.6947104784880019,0.8286763160391611,Crescente
3119609,MG,2019,3086,Coronel Pacheco,46114000,2709123,334,5.2,5.2,0.0,4.3,14942.97,8111.15,0.4399271676169858,0.4399271676169851,0.6336210031869548,1.0,0.43992716761698575,0.6336210031869548,0.6943064788008327,Decrescente
3119955,MG,2019,6337,Córrego Fundo,174308000,4679251,440,7.2,6.0,0.3,0.0,27506.39,10634.66,0.3192622978604329,0.3192622978604343,0.639339377541021,1.0,0.31926229786043375,0.639339377541021,0.49936279396453814,Decrescente
3120706,MG,2019,3626,Cruzeiro da Fortaleza,102133000,6659884,693,6.6,5.5,0.3,3.4,28166.85,9610.22,0.2958007033858029,0.29580070338580294,0.38647640687193613,0.9970000000000011,0.29580070338580294,0.386476406871936,0.7653784244682761,Crescente
3121209,MG,2019,7114,Delfinópolis,183713000,6454192,676,6.0,3.7,0.0,0.8,25824.15,9547.62,0.2844331101452266,0.2844331101452264,0.5284397727242595,1.0,0.2844331101452261,0.5284397727242592,0.5382507616315325,Crescente
3121506,MG,2019,2901,Desterro do Melo,39370000,3235735,389,6.3,5.3,0.0,0.0,13571.18,8318.08,0.4901568395296881,0.4901568395296864,0.7324679665088908,1.0,0.49015683952968797,0.7324679665088907,0.6691853595535204,Crescente
3121605,MG,2019,47723,Diamantina,840330000,21412496,1164,6.0,4.2,0.3,1.3,17608.49,18395.62,0.30652962676588463,0.3065296267658849,0.32221045460069925,0.997,0.3065296267658849,0.3222104546006992,0.9513335845845003,Crescente
3122306,MG,2019,238230,Divinópolis,6834856000,94922439,7201,6.4,4.8,0.0,0.8,28690.16,13181.84,0.2549591706534946,0.2549591706534947,0.3970195251302291,1.0,0.2549591706534945,0.3970195251302291,0.6421829520093847,Decrescente
3122355,MG,2019,6786,Divisa Alegre,166245000,6105452,779,5.6,4.0,0.2,0.4,24498.23,7837.55,0.2922350102058947,0.29223501020589476,0.4274688617061392,0.9979999999999992,0.2922350102058944,0.42746886170613885,0.6836404622304159,Crescente
3123205,MG,2019,13483,Dores do Indaiá,253802000,7870299,935,6.1,4.7,0.2,4.3,18823.85,8417.43,0.3754030737480773,0.3754030737480775,0.49224908057679,0.9979999999999966,0.37540307374807713,0.49224908057679,0.7626282883214346,Decrescente
3123403,MG,2019,1527,Doresópolis,55161000,2712173,179,5.2,5.5,0.0,0.0,36123.77,15151.8,0.20844113624758276,0.20844113624758115,0.390467327785705,1.0,0.20844113624758276,0.39046732778570514,0.5338247822926141,Crescente
3123700,MG,2019,11134,Engenheiro Caldas,123516000,6912182,776,6.2,4.6,0.2,4.8,11093.59,8907.45,0.5458446664311293,0.5458446664311294,0.6049334550622739,0.9980000000000006,0.5458446664311292,0.604933455062274,0.9023218369943486,Crescente
3124104,MG,2019,70552,Esmeraldas,740255000,44592809,5864,5.5,3.8,0.3,3.3,10492.33,7604.5,0.5533050997070441,0.5533050997070428,0.6284490244934525,0.9970000000000004,0.5533050997070439,0.6284490244934525,0.8804295625297907,Decrescente
3125101,MG,2019,36225,Extrema,10137650000,67535332,5124,6.4,5.4,0.0,0.0,279852.31,13180.2,0.04838727502345545,0.04838727502345972,0.46895716952146904,1.0,0.04838727502345627,0.4689571695207052,0.10318058485560751,Crescente
3125705,MG,2019,15336,Felixlândia,222416000,10609445,1161,6.1,5.0,0.0,0.0,14502.87,9138.2,0.44609447924504225,0.4460944792450538,0.6474232187019948,1.0,0.4460944792450423,0.6474232187019948,0.6890307087524721,Decrescente
3126109,MG,2019,67683,Formiga,1793308000,35363753,3337,7.5,5.1,0.0,0.1,26495.69,10597.47,0.3362197365224028,0.336219736522391,0.5426520265147932,1.0,0.3362197365224015,0.5426520265147932,0.6195862543475402,Decrescente
3126406,MG,2019,2947,Fortuna de Minas,40086000,4060482,384,7.2,5.4,0.0,2.3,13602.31,10574.17,0.4971323957851542,0.4971323957851533,0.5895177259847261,1.0,0.4971323957851542,0.5895177259847261,0.8432865949106924,Decrescente
3127701,MG,2019,279885,Governador Valadares,6772786000,145356309,9706,5.6,4.6,0.6,3.2,24198.46,14975.92,0.2536351254230214,0.25363512542302385,0.27543270361037087,0.9939999999999988,0.2536351254230214,0.2754327036103709,0.9208606026022804,Crescente
3127800,MG,2019,15836,Grão Mogol,534247000,12373692,1123,5.0,4.6,0.0,1.4,33736.23,11018.43,0.20344787146884233,0.20344787146884222,0.43480297796229733,1.0,0.20344787146884233,0.43480297796229733,0.4679081832012745,Decrescente
3128303,MG,2019,19021,Guaranésia,477228000,10132999,893,6.4,4.3,0.0,2.5,25089.53,11347.14,0.2925446654769593,0.2925446654769594,0.46121294503664784,1.0,0.2925446654769596,0.46121294503664784,0.6342941338164604,Decrescente
3129509,MG,2019,25199,Ibiá,983400000,18000081,1291,6.4,4.5,0.1,1.9,39025.36,13942.74,0.20202383303680585,0.20202383303680585,0.27819334785056743,0.9990000000000003,0.20202383303680585,0.2781933478505675,0.7261993667272147,Crescente
3129657,MG,2019,5400,Ibiracatu,45463000,5356488,373,5.4,4.3,0.0,0.0,8419.07,14360.56,0.577078662852222,0.5770786628521185,0.7114037116996079,1.0,0.577078662852222,0.7114037116996083,0.811183092471543,Crescente
3129806,MG,2019,180204,Ibirité,2538845000,86360741,12011,6.1,4.6,0.2,1.6,14088.73,7190.14,0.48385045730737447,0.4838504573073628,0.6112767447882725,0.9979999999999994,0.48385045730737414,0.6112767447882725,0.7915407570019131,Decrescente
3130507,MG,2019,12375,Ilicínea,170182000,7108722,964,6.9,4.9,0.2,0.8,13752.08,7374.19,0.5403877773349042,0.5403877773349043,0.6570611114208725,0.9979999999999999,0.5403877773349043,0.6570611114208729,0.8224315332957901,Crescente
3130705,MG,2019,6891,Indianópolis,372993000,10434250,769,5.4,4.8,0.2,0.4,54127.56,13568.6,0.14060716752325758,0.1406071675232614,0.21561060005020502,0.9979999999999999,0.14060716752325744,0.21561060005020502,0.6521347628109061,Decrescente
3131208,MG,2019,19861,Ipanema,274223000,9472579,1127,6.3,5.1,0.3,0.2,13807.11,8405.13,0.4824301671220005,0.48243016712200226,0.6081531244794288,0.9980000000000043,0.4824301671220004,0.6081531244794289,0.7932708847544843,Crescente
3131307,MG,2019,263410,Ipatinga,11834448000,143476172,14885,6.3,5.2,0.1,0.5,44927.86,9638.98,0.19588184210340895,0.19588184210340953,0.2968582834531056,0.9990000000000037,0.19588184210340906,0.296858283453106,0.6598496758280696,Crescente
3131703,MG,2019,120060,Itabira,7254371000,81919760,6263,6.1,4.8,0.0,0.8,60422.88,13079.96,0.14008581855332145,0.14008581855332153,0.38932600492878333,1.0,0.14008581855332164,0.3893260049287835,0.35981623826784026,Crescente
3131901,MG,2019,51875,Itabirito,2847348000,66108343,4487,6.4,5.0,0.0,0.3,54888.64,14733.31,0.15449062372536748,0.1544906237253675,0.355211955571644,1.0,0.15449062372536768,0.35521195557164403,0.43492518002876657,Crescente
3132107,MG,2019,18153,Itacarambi,210132000,13838507,1940,5.3,4.6,0.2,1.7,11575.61,7133.25,0.5142876275409196,0.5142876275409376,0.640792784337595,0.9980000000000057,0.5142876275409198,0.6407927843375951,0.8025802413998041,Crescente
3132305,MG,2019,12760,Itaipé,97205000,9775539,1118,5.0,2.2,0.3,3.8,7617.95,8743.77,0.6107511926481184,0.6107511926481181,0.683904555069155,0.9970000000000004,0.6107511926481183,0.683904555069155,0.8930357140059704,Decrescente
3132503,MG,2019,34735,Itamarandiba,540798000,19976070,1735,7.2,5.5,0.1,2.3,15569.25,11513.59,0.44196533098324936,0.44196533098324775,0.5049432804966458,0.9990000000000023,0.4419653309832493,0.5049432804966457,0.8752771807331441,Crescente
3132602,MG,2019,4355,Itamarati de Minas,58790000,3319868,444,6.3,4.0,0.0,0.0,13499.43,7477.18,0.5069067933380176,0.5069067933380236,0.8148429144219138,1.0,0.5069067933380179,0.8148429144219131,0.622091429361744,Crescente
3132701,MG,2019,23211,Itambacuri,294962000,12770160,916,4.6,3.9,1.8,1.6,12707.85,13941.22,0.35865424090342396,0.3586542409034481,0.3977624369673381,0.9840000000000051,0.3586542409034245,0.39776243696733815,0.9016795141288682,Crescente
3133303,MG,2019,21062,Itaobim,285540000,10955065,955,5.2,3.8,0.1,2.0,13557.12,11471.27,0.3941562587756317,0.3941562587756315,0.47256387181435966,0.9989999999999988,0.3941562587756317,0.47256387181435927,0.8340803905772777,Crescente
3133600,MG,2019,9783,Itapeva,785668000,9374149,1323,6.3,5.3,0.0,0.0,80309.52,7085.52,0.12318137178988486,0.12318137178987137,0.8598842629557845,1.0,0.12318137178988624,0.8598842629557846,0.1432534319984629,Crescente
3133758,MG,2019,16108,Itaú de Minas,507768000,10530080,1343,7.6,5.8,0.0,0.9,31522.72,7840.71,0.3246630034816804,0.32466300348168137,0.7394438768933164,1.0,0.32466300348168065,0.7394438768933165,0.43906375267547365,Crescente
3133808,MG,2019,93214,Itaúna,3476221000,44945903,3194,7.5,5.3,0.0,0.2,37292.91,14071.98,0.24316798934406827,0.24316798934405778,0.40866591420879156,1.0,0.2431679893440683,0.40866591420879156,0.5950288019857494,Decrescente
3134103,MG,2019,6051,Itueta,76032000,4508392,406,5.8,4.6,0.0,5.6,12565.2,11104.41,0.44773224385784105,0.44773224385784793,0.5327964108570766,1.0,0.44773224385784116,0.5327964108570766,0.8403439564046647,Decrescente
3134202,MG,2019,104671,Ituiutaba,3367591000,55912950,4607,6.3,5.2,0.0,0.2,32173.1,12136.52,0.2405594234166611,0.24055942341666048,0.4273400800701617,1.0,0.24055942341666114,0.4273400800701617,0.5629226806368489,Decrescente
3134400,MG,2019,39263,Iturama,2043146000,31497088,2457,6.4,5.5,0.0,0.0,52037.44,12819.33,0.16828232629934387,0.1682823262993511,0.482158528231338,1.0,0.16828232629934367,0.48215852823133803,0.34901866594922615,Crescente
3134905,MG,2019,25979,Jacutinga,811531000,22286847,1864,6.7,5.3,0.0,0.0,31237.96,11956.46,0.2604325771444502,0.26043257714444823,0.5390906434082251,1.0,0.2604325771444503,0.5390906434081858,0.48309608101886164,Crescente
3135001,MG,2019,3133,Jaguaraçu,88042000,3467789,309,6.0,4.7,0.0,1.6,28101.5,11222.62,0.2566321907618093,0.2566321907618096,0.4495690082045649,1.0,0.2566321907618093,0.4495690082045649,0.5708404851720459,Decrescente
3135100,MG,2019,71648,Janaúba,1294141000,31534676,2183,6.0,4.4,0.2,1.8,18062.49,14445.57,0.3288160348274102,0.32881603482741006,0.3673298632935926,0.9980000000000001,0.32881603482741006,0.36732986329359246,0.8951519266066321,Crescente
3135209,MG,2019,67742,Januária,708176000,27289175,2243,4.7,3.8,0.6,3.7,10454.02,12166.37,0.4319465353928203,0.4319465353928253,0.43198528609212694,0.9939999999999999,0.4319852860921271,0.43194653539282024,0.9999102962518533,Crescente
3135308,MG,2019,4350,Japaraíba,74318000,3933130,342,7.7,6.2,0.0,0.0,17084.6,11500.38,0.4507820900158899,0.4507820900158952,0.6371821750984035,1.0,0.45078209001588987,0.6371821750984034,0.7074618651193016,Crescente
3135357,MG,2019,7969,Japonvar,67806000,5212491,611,5.8,4.3,0.7,0.6,8508.72,8531.08,0.6329695400256791,0.6329695400256603,0.6995059419566098,0.9940000000000005,0.632969540025679,0.6995059419566098,0.9048808624200966,Decrescente
3135407,MG,2019,4912,Jeceaba,1225207000,13838289,680,6.9,4.8,0.0,0.6,249431.39,20350.42,0.0437110695624091,0.043711069562409985,0.268720743847409,1.0,0.043711069562414114,0.268720743847409,0.1626635478027334,Decrescente
3136009,MG,2019,15432,Joaíma,144292000,12044064,1333,5.2,4.6,0.0,0.0,9350.18,9035.31,0.5489434888976829,0.5489434888976517,0.6765287186524852,1.0,0.5489434888976823,0.676528718652485,0.811411953052152,Crescente
3136207,MG,2019,79910,João Monlevade,3114082000,47456697,3912,6.6,5.0,0.0,0.5,38969.87,12131.06,0.2161104796101302,0.21611047961013055,0.43916201175202924,1.0,0.21611047961013022,0.439162011752029,0.4920973896352309,Crescente
3136306,MG,2019,47452,João Pinheiro,1520004000,22732350,1201,5.8,4.6,0.4,1.0,32032.45,18927.85,0.19848755648479463,0.1984875564847952,0.22921319387329184,0.996000000000003,0.19848755648479463,0.2292131938732919,0.865951706927123,Crescente
3136405,MG,2019,4695,Joaquim Felício,51309000,5101154,493,6.1,4.7,0.0,3.5,10928.43,10347.17,0.5182882592752002,0.5182882592751977,0.6024884909610122,1.0,0.5182882592752002,0.6024884909610123,0.8602459085126977,Crescente
3136504,MG,2019,10812,Jordânia,93263000,4975763,155,4.5,3.8,0.0,1.6,8625.88,32101.7,0.5241362631105753,0.5241362631105769,0.6934863457409549,1.0,0.5241362631105746,0.6934863457409552,0.7557989660929262,Crescente
3136652,MG,2019,26946,Juatuba,1351105000,33698429,3736,6.3,5.3,0.0,0.2,50141.21,9019.92,0.1813826758457186,0.18138267584569473,0.5762231228868477,1.0,0.181382675845719,0.5762231228868476,0.314778544354487,Crescente
3136702,MG,2019,568873,Juiz de Fora,18703878000,278207383,24750,5.1,4.2,0.3,0.9,32878.83,11240.7,0.20161020721249154,0.20161020721249004,0.28536800270291673,0.9970000000000013,0.20161020721249145,0.2853680027029167,0.7064919868482189,Crescente
3137403,MG,2019,13009,Lagoa Dourada,271466000,10543495,1577,7.1,5.6,0.0,0.2,20867.55,6685.79,0.4330209635636044,0.4330209635636971,0.8320083127262574,1.0,0.433020963563601,0.8320083127262574,0.5204526889217205,Decrescente
3137601,MG,2019,64527,Lagoa Santa,1817034000,46207381,4802,6.2,4.0,0.0,0.8,28159.28,9622.53,0.2750260654372222,0.2750260654372221,0.5341001794745325,1.0,0.27502606543722197,0.5341001794745325,0.5149334825309421,Decrescente
3137700,MG,2019,19923,Lajinha,312780000,11881487,1167,6.3,4.0,0.3,4.2,15699.44,10181.22,0.41581283107791206,0.41581283107791184,0.46956293460095866,0.9970000000000007,0.41581283107791206,0.4695629346009588,0.8855316304539151,Crescente
3138005,MG,2019,6810,Laranjal,81397000,4198153,580,6.6,4.8,0.3,0.0,11952.57,7238.19,0.5767407179788974,0.5767407179788995,0.8669702916667383,1.0,0.5767407179788969,0.8669702916667381,0.6652370023776955,Crescente
3138203,MG,2019,103773,Lavras,2764787000,58055981,5667,6.2,4.7,0.1,0.7,26642.64,10244.57,0.2812517584882712,0.28125175848827083,0.3876920414537114,0.9990000000000032,0.2812517584882713,0.3876920414537113,0.7254514625414392,Crescente
3138401,MG,2019,52587,Leopoldina,1022986000,26177424,2767,5.7,4.5,0.1,0.9,19453.21,9460.58,0.33950178166840256,0.33950178166840467,0.45563329411542675,0.9990000000000008,0.33950178166840267,0.4556332941154265,0.745120661841704,Crescente
3138658,MG,2019,9661,Lontra,77185000,5763965,812,6.4,3.9,0.0,0.0,7989.34,7098.48,0.7498304697669169,0.7498304697669116,0.8853589496404914,1.0,0.749830469766917,0.8853589496404914,0.8469225618280505,Decrescente
3138807,MG,2019,18215,Luz,549111000,12911897,870,6.0,5.5,0.0,0.0,30146.09,14841.26,0.23668581018234586,0.23668581018234797,0.39863750497880884,1.0,0.2366858101823459,0.39863750497880884,0.5937369344987442,Decrescente
3139300,MG,2019,18407,Manga,214806000,14267939,1292,5.3,2.8,0.2,5.2,11669.8,11043.3,0.44498967329522593,0.44498967329522715,0.5070088824136161,0.9980000000000017,0.44498967329522604,0.5070088824136161,0.8776762868075453,Decrescente
3139409,MG,2019,90229,Manhuaçu,2606266000,42283552,3288,6.0,4.4,0.5,1.5,28885.01,12859.96,0.2407674942791321,0.2407674942791322,0.2887881533890807,0.9949999999999997,0.240767494279132,0.28878815338908065,0.8337166585734181,Crescente
3139607,MG,2019,27644,Mantena,410569000,13687868,2250,6.1,5.5,0.4,3.0,14852.01,6083.5,0.5106163439075285,0.5106163439075284,0.6450465398759969,0.996,0.5106163439075289,0.645046539875997,0.7915961288710872,Crescente
3139706,MG,2019,7976,Maravilhas,164063000,4835676,637,5.6,4.2,0.0,5.0,20569.58,7591.33,0.33663544726478994,0.33663544726478933,0.6398399791040204,1.0,0.3366354472647898,0.6398399791040205,0.5261244346378398,Crescente
3139904,MG,2019,14095,Maria da Fé,184068000,11127539,1310,6.7,5.1,0.2,0.7,13059.1,8494.3,0.5212306408669076,0.5212306408669103,0.6140183491532384,0.9979999999999988,0.5212306408669073,0.6140183491532384,0.8488844699604017,Decrescente
3140001,MG,2019,60724,Mariana,2045832000,65333074,4071,5.9,4.1,0.0,3.6,33690.67,16048.41,0.20139673336863595,0.20139673336863595,0.3114523939933145,1.0,0.20139673336863598,0.31145239399331454,0.6466372943434786,Crescente
3140209,MG,2019,2973,Maripá de Minas,61417000,3525413,393,6.2,4.6,0.0,0.6,20658.26,8970.52,0.3494014761784741,0.3494014761784742,0.572920521887114,1.0,0.3494014761784744,0.5729205218871143,0.6098602909660109,Crescente
3140506,MG,2019,13388,Martinho Campos,347164000,9482850,640,6.1,4.0,0.0,7.2,25930.98,14816.95,0.2555384227692287,0.25553842276922867,0.34743381431911385,1.0,0.25553842276922883,0.34743381431911396,0.7355024532370925,Crescente
3140852,MG,2019,11157,Matias Cardoso,124263000,8737107,808,5.1,4.2,0.0,0.7,11137.67,10813.25,0.45359414891793326,0.4535941489179339,0.5593837097241022,1.0,0.4535941489179346,0.5593837097241025,0.8108819420959787,Crescente
3141108,MG,2019,37820,Matozinhos,1092283000,22598304,1917,6.2,4.4,0.0,0.9,28881.09,11788.37,0.25476525357723234,0.2547652535772325,0.4359716398450789,1.0,0.2547652535772328,0.43597163984507886,0.5843619866369343,Crescente
3141306,MG,2019,3802,Medeiros,124816000,5439779,461,6.8,5.6,0.0,0.5,32829.04,11799.95,0.25740454981353994,0.2574045498135392,0.45945563933985806,1.0,0.2574045498135397,0.45945563933985817,0.5602380899783418,Crescente
3141801,MG,2019,31484,Minas Novas,311565000,16327392,1000,6.1,5.3,0.2,0.5,9895.98,16327.39,0.5171175978618197,0.5171175978622191,0.5779429412074711,0.998000000000003,0.5171175978618195,0.5779429412074709,0.8947554524698031,Crescente
3142601,MG,2019,8688,Monsenhor Paulo,173139000,6183502,456,7.4,5.5,0.0,0.0,19928.52,13560.31,0.36603358045043527,0.3660335804504365,0.5208708882235205,1.0,0.3660335804504352,0.5208708882235207,0.7027338035704539,Crescente
3142700,MG,2019,14877,Montalvânia,139314000,7361786,457,6.0,4.7,0.0,0.0,9364.39,16108.94,0.5437837672959404,0.5437837672960296,0.6411750195342685,1.0,0.5437837672959405,0.6411750195342676,0.8481050426620326,Crescente
3142809,MG,2019,21120,Monte Alegre de Minas,523027000,13163465,1407,6.1,5.0,1.1,3.9,24764.54,9355.7,0.3023708471681725,0.30237084716817414,0.32728043838055115,0.989000000000003,0.30237084716817253,0.3272804383805512,0.9238891534867275,Crescente
3143104,MG,2019,47809,Monte Carmelo,1192255000,24957667,1216,6.4,4.9,0.0,0.5,24937.88,20524.4,0.246078692243189,0.24607869224319337,0.29055455674811254,1.0,0.24607869224318896,0.29055455674811254,0.8469276647983169,Decrescente
3143302,MG,2019,409341,Montes Claros,9717980000,160422335,17166,6.3,5.1,0.0,0.4,23740.55,9345.35,0.3212339162950448,0.3212339162950446,0.5549734818462168,1.0,0.3212339162950446,0.5549734818462169,0.5788275058231679,Crescente
3143401,MG,2019,23803,Monte Sião,443306000,22119920,2200,6.4,5.3,0.0,0.3,18623.95,10054.51,0.37698005824939407,0.37698005824943304,0.5205074993354861,1.0,0.376980058249394,0.5205074993354859,0.7242548065698793,Crescente
3143500,MG,2019,8863,Morada Nova de Minas,339747000,8266634,903,6.7,4.7,0.0,1.6,38333.18,9154.63,0.23744703876751197,0.2374470387675123,0.587082945226502,1.0,0.237447038767512,0.5870829452265025,0.4044522851466972,Crescente
3143609,MG,2019,2462,Morro da Garça,48823000,3875906,343,6.3,4.7,0.0,1.1,19830.63,11300.02,0.3416276783613018,0.3416276783613052,0.4640274657369551,1.0,0.3416276783613017,0.4640274657369551,0.7362229686528114,Decrescente
3143906,MG,2019,108763,Muriaé,2411325000,49808771,5775,6.6,5.5,0.1,1.0,22170.45,8624.9,0.36252276720361215,0.3625227672036124,0.48923802735580985,0.9990000000000006,0.3625227672036122,0.48923802735580985,0.7409946629924558,Decrescente
3144300,MG,2019,40750,Nanuque,801760000,12219651,1073,4.8,3.5,1.3,5.4,19675.09,11388.3,0.28898250995920616,0.2889825099592064,0.2893560850618197,0.987,0.28935608506181987,0.2889825099592061,0.9987089433334926,Crescente
3145000,MG,2019,15545,Nova Ponte,1253814000,17289833,1827,7.3,6.1,0.0,0.0,80657.06,9463.51,0.13812763288804344,0.13812763288804292,0.7370361072608294,1.0,0.13812763288805865,0.7370361072608294,0.18740958757283993,Decrescente
3145109,MG,2019,16723,Nova Resende,275392000,10955985,1247,6.7,4.8,0.2,0.0,16467.86,8785.87,0.4398094364674852,0.4398094364674842,0.723667228228362,1.0,0.43980943646748427,0.7236672282283619,0.6077509376018033,Crescente
3145208,MG,2019,102693,Nova Serrana,2569839000,68802164,9888,6.2,5.2,0.0,0.6,25024.48,6958.15,0.32926609325663697,0.32926609325663714,0.7386151491414193,1.0,0.32926609325663675,0.7386151491414195,0.44578843750955055,Crescente
3145406,MG,2019,1747,Olaria,24387000,2196365,228,5.2,5.3,0.9,0.0,13959.36,9633.18,0.445806396739479,0.44580639673948,0.5923187210395151,1.0,0.4458063967394788,0.592318721039515,0.7526461361158601,Crescente
3145505,MG,2019,2787,Olímpio Noronha,36443000,2924233,323,6.3,5.5,0.0,2.2,13076.07,9053.35,0.49037544186333243,0.4903754418633318,0.6303025633601942,1.0,0.49037544186333243,0.6303025633601961,0.7780000754702647,Crescente
3145703,MG,2019,2133,Oliveira Fortes,32544000,2797402,181,7.2,5.6,0.0,0.0,15257.38,15455.26,0.4036271650824504,0.40362716508245416,0.4550798817838057,1.0,0.40362716508245033,0.4550798817838058,0.8869369559918298,Crescente
3145851,MG,2019,4655,Oratórios,56340000,4828320,692,5.9,4.0,0.5,1.7,12103.11,6977.34,0.5339372425113562,0.5339372425113568,0.5926259509226733,0.9949999999999999,0.5339372425113564,0.5926259509226735,0.9009683792619219,Crescente
3145877,MG,2019,8018,Orizânia,72733000,7337230,875,6.0,4.3,0.7,3.9,9071.21,8385.41,0.6217262128866256,0.6217262128866258,0.6219361342854853,0.9929999999999998,0.6219361342854853,0.6217262128866253,0.9996624711328262,Crescente
3145901,MG,2019,39500,Ouro Branco,4183473000,35481392,3400,6.5,5.2,0.1,1.2,105910.71,10435.7,0.09530109054554284,0.09530109054554345,0.15542442555763858,0.9989999999999986,0.09530109054553079,0.1554244255576385,0.6131667542190836,Crescente
3146107,MG,2019,74281,Ouro Preto,3143225000,60925614,4405,5.7,4.4,0.3,0.5,42315.33,13831.01,0.1710692402137203,0.17106924021371944,0.2413662089062375,0.9969999999999989,0.17106924021372033,0.24136620890623728,0.7087538930529205,Crescente
3146602,MG,2019,1529,Paiva,24544000,2074622,140,6.1,5.7,0.0,0.0,16052.32,14818.73,0.3663510405515641,0.3663510405515608,0.4231309006624394,1.0,0.36635104055156403,0.42313090066245507,0.8658101783112916,Crescente
3147006,MG,2019,93158,Paracatu,4915046000,62230379,5170,5.6,4.2,0.1,1.9,52760.32,12036.82,0.14646339237233694,0.14646339237233616,0.23236047331804044,0.9989999999999831,0.1464633923723369,0.23236047331804,0.6303283440633513,Crescente
3147105,MG,2019,93969,Pará de Minas,3122895000,49902959,3854,6.6,4.9,0.0,0.6,33233.25,12948.35,0.23827218491473362,0.23827218491473368,0.4114424397150416,1.0,0.23827218491473348,0.41144243971504163,0.5791142622033768,Crescente
3147204,MG,2019,21513,Paraguaçu,510011000,11686602,1068,6.4,4.4,0.0,3.8,23707.11,10942.51,0.30752282666686137,0.30752282666686137,0.4782675873398449,1.0,0.30752282666686126,0.4782675873398449,0.6429932422920882,Decrescente
3147303,MG,2019,21083,Paraisópolis,471286000,11579164,1034,7.0,5.3,0.1,1.9,22353.84,11198.42,0.34737077776246406,0.34737077776246444,0.43249808072113055,0.9990000000000021,0.34737077776246406,0.4324980807211307,0.8031729925443172,Crescente
3147709,MG,2019,8084,Passa Tempo,269260000,5158509,501,7.0,5.4,0.0,1.1,33307.77,10296.43,0.26900534447205643,0.26900534447205476,0.5356814379908521,1.0,0.2690053444720563,0.5356814379908521,0.5021741008630026,Decrescente
3147808,MG,2019,2039,Passa-Vinte,31850000,2655141,224,6.5,3.6,0.0,5.8,15620.4,11853.31,0.4071941298537028,0.40719412985370296,0.4922605089218515,1.0,0.40719412985370296,0.4922605089218518,0.8271923554167263,Crescente
3147907,MG,2019,114679,Passos,2671297000,50172296,4995,6.9,5.5,0.2,0.9,23293.69,10044.5,0.3474135860365195,0.3474135860365241,0.43779363183666004,0.9980000000000037,0.34741358603651995,0.4377936318366601,0.793555595084898,Crescente
3147956,MG,2019,5972,Patis,47810000,4795241,468,5.8,3.9,0.0,0.5,8005.69,10246.24,0.624620313652418,0.6246203136524177,0.7493746543359162,1.0,0.6246203136524177,0.7493746543359151,0.8335220707537093,Crescente
3148004,MG,2019,152488,Patos de Minas,4957415000,66341628,3941,6.7,5.6,0.0,0.1,32510.2,16833.7,0.22940038738752289,0.2294003873875224,0.3192718857326272,1.0,0.22940038738752286,0.3192718857326272,0.7185110798626134,Decrescente
3148103,MG,2019,90757,Patrocínio,2815310000,51240927,3817,7.4,5.9,0.0,0.0,31020.31,13424.4,0.27948082718543854,0.27948082718543604,0.526144238423031,1.0,0.2794808271854389,0.5261442384230314,0.5311867103650199,Crescente
3148707,MG,2019,24324,Pedra Azul,311932000,13760368,1528,5.4,4.2,0.4,0.0,12824.04,9005.48,0.45470606877726916,0.4547060687772779,0.5894615548227167,1.0,0.4547060687772693,0.5894615548227167,0.7713922393361585,Decrescente
3148905,MG,2019,3972,Pedra do Indaiá,98273000,4651027,413,6.9,5.8,0.0,0.6,24741.44,11261.57,0.32405700706592316,0.32405700706592316,0.4873160512725576,1.0,0.32405700706592305,0.4873160512725577,0.6649832407935131,Crescente
3149002,MG,2019,2504,Pedra Dourada,31868000,3296146,367,6.6,5.4,0.5,0.6,12726.84,8981.32,0.5161552221899304,0.5161552221898649,0.5788135592506011,0.9950000000000053,0.5161552221899307,0.578813559250601,0.8917469432786,Crescente
3149309,MG,2019,64258,Pedro Leopoldo,1532542000,43433305,3868,6.2,4.4,0.2,1.0,23849.82,11228.88,0.29479980126395855,0.2947998012639583,0.3795265150759976,0.9980000000000001,0.2947998012639581,0.3795265150759976,0.7767567997322319,Decrescente
3149408,MG,2019,1807,Pedro Teixeira,22934000,2290043,220,6.3,4.4,0.0,2.9,12691.75,10409.29,0.4789620044164382,0.4789620044164384,0.5678183288123928,1.0,0.47896200441643816,0.5678183288123929,0.8435127577128411,Crescente
3149507,MG,2019,3320,Pequeri,48158000,3712699,418,6.0,4.0,0.0,3.1,14505.42,8882.06,0.44387781746639493,0.443877817466395,0.5838028732819821,1.0,0.44387781746639515,0.5838028732819822,0.7603213991925626,Crescente
3149903,MG,2019,21390,Perdões,522500000,10811062,1006,7.0,5.7,0.0,0.7,24427.3,10746.58,0.33502726297682967,0.3350272629768294,0.513242950647712,1.0,0.33502726297682967,0.5132429506477123,0.6527654448132715,Crescente
3149952,MG,2019,6810,Periquito,99666000,7292091,745,5.4,3.8,0.9,4.0,14635.24,9788.04,0.40085812605516274,0.4008581260551619,0.40088995654016246,0.9909999999999981,0.40088995654016246,0.40085812605516263,0.9999206004428886,Crescente
3151107,MG,2019,10752,Pirapetinga,515621000,7815559,917,5.6,4.4,0.4,0.9,47955.82,8522.97,0.16848946097930528,0.16848946097930426,0.252175273683627,0.9960000000000012,0.1684894609793052,0.25217527368362697,0.6681442574369447,Crescente
3151206,MG,2019,56428,Pirapora,2372977000,24697278,2922,5.8,3.2,0.2,0.0,42053.18,8452.18,0.19457958547240944,0.19457958547240903,0.6598513440705617,1.0,0.1945795854724091,0.6598513440705618,0.2948839723081657,Crescente
3151404,MG,2019,27989,Pitangui,553055000,11551014,733,6.0,4.9,0.0,1.2,19759.73,15758.55,0.3010751378115591,0.3010751378115525,0.36225218492026984,1.0,0.301075137811559,0.36225218492026995,0.8311202812422634,Crescente
3151800,MG,2019,167397,Poços de Caldas,7670494000,182620559,11093,6.2,5.0,0.2,0.8,45822.17,16462.68,0.1679777161422061,0.1679777161422058,0.22871504602019374,0.9980000000000014,0.16797771614220608,0.22871504602019377,0.7344410394730874,Crescente
3152006,MG,2019,31812,Pompéu,839482000,16850086,1664,6.2,4.0,0.0,3.1,26388.85,10126.25,0.2840407887526926,0.2840407887526931,0.5075319096408663,1.0,0.28404078875269256,0.5075319096408664,0.5596510945561674,Crescente
3152105,MG,2019,59742,Ponte Nova,1889958000,35042259,3275,6.1,4.1,0.0,1.1,31635.33,10699.93,0.24172956591090602,0.2417295659109059,0.4759254099260109,1.0,0.2417295659109061,0.47592540992601096,0.5079148136857963,Crescente
3152402,MG,2019,16555,Poté,146902000,9414424,974,5.1,4.9,0.0,0.0,8873.57,9665.73,0.5687254816820043,0.5687254816820394,0.6852047684356423,1.0,0.5687254816820049,0.6852047684356445,0.830008061649124,Crescente
3152501,MG,2019,150737,Pouso Alegre,8796074000,106641916,9474,6.3,5.3,0.1,0.3,58353.78,11256.27,0.15409178324439632,0.1540917832443958,0.2373682470587459,0.9990000000000019,0.15409178324439607,0.2373682470587461,0.6491676336399804,Crescente
3153400,MG,2019,19573,Presidente Olegário,445437000,13899282,1350,7.3,5.2,0.0,0.3,22757.73,10295.76,0.3660362231809968,0.3660362231809756,0.5494189563748197,1.0,0.3660362231809972,0.54941895637482,0.6662242336816694,Crescente
3153707,MG,2019,3563,Quartel Geral,55797000,4051178,344,6.6,5.0,0.5,0.7,15660.12,11776.68,0.41095736496772267,0.4109573649677189,0.44417194807401583,0.995000000000003,0.41095736496772267,0.44417194807401583,0.9252213399555832,Decrescente
3154002,MG,2019,23762,Raul Soares,341576000,12537084,1144,6.7,6.5,0.3,0.0,14374.88,10958.99,0.48595026013765474,0.48595026013765447,0.6188108054274921,1.0,0.48595026013765447,0.618810805427492,0.785296985565639,Crescente
3154101,MG,2019,10517,Recreio,107709000,6636205,773,6.1,4.5,0.3,1.1,10241.42,8585.0,0.5767425259109326,0.5767425259109327,0.6273544153263371,0.9970000000000002,0.5767425259109329,0.6273544153263371,0.9193248852977671,Decrescente
3154309,MG,2019,17397,Resplendor,239950000,10896142,1523,5.9,4.9,0.5,2.3,13792.61,7154.39,0.4810943379435259,0.481094337943523,0.566025939813935,0.9950000000000038,0.48109433794352596,0.5660259398139351,0.8499510430593906,Crescente
3154408,MG,2019,4808,Ressaquinha,221265000,4371246,541,6.5,5.5,0.0,0.0,46020.17,8079.94,0.20485544425490537,0.2048554442549173,0.7758933146247861,1.0,0.20485544425490623,0.7758933146247865,0.2640252730544164,Crescente
3154606,MG,2019,334858,Ribeirão das Neves,4347372000,108914112,10213,5.3,4.0,0.5,2.0,12982.73,10664.26,0.41978826053962204,0.41978826053963264,0.44522232653365107,0.9949999999999918,0.41978826053962204,0.44522232653365107,0.9428733365820847,Decrescente
3154903,MG,2019,13564,Rio Casca,212305000,11185944,1366,5.6,5.1,0.9,1.0,15652.09,8188.83,0.41856479794051554,0.41856479794050927,0.47419652806948287,0.9909999999999995,0.4185647979405154,0.47419652806948287,0.8826821226307761,Decrescente
3155504,MG,2019,12313,Rio Paranaíba,573022000,11365528,900,6.4,4.8,1.1,3.2,46537.97,12628.36,0.18155732339617003,0.18155732339617037,0.21460402737560003,0.9890000000000141,0.18155732339617067,0.2146040273755995,0.8460107930705716,Crescente
3155603,MG,2019,30914,Rio Pardo de Minas,271131000,17008186,1885,6.4,4.4,0.0,0.9,8770.49,9022.91,0.6453567110335481,0.6453567110335476,0.732613265525444,1.0,0.6453567110335475,0.7326132655254445,0.8808968406689798,Crescente
3155702,MG,2019,14339,Rio Piracicaba,774356000,14548318,914,6.7,5.4,0.2,0.2,54003.49,15917.2,0.16163585783126327,0.1616358578312643,0.22718796682993114,0.9979999999999888,0.1616358578312633,0.2271879668299311,0.7114631117424498,Crescente
3155900,MG,2019,5476,Rio Preto,61562000,4125104,418,5.8,5.2,0.0,1.1,11242.15,9868.67,0.5026644459277219,0.5026644459277217,0.598727458423741,1.0,0.502664445927722,0.5987274584237409,0.8395546902944413,Crescente
3156205,MG,2019,2305,Rochedo de Minas,64142000,2504141,317,7.0,5.2,0.0,0.0,27827.33,7899.5,0.3285337719832851,0.3285337719833011,0.8494565659673413,1.0,0.32853377198328737,0.8494565659673421,0.3867575873160254,Crescente
3156452,MG,2019,4594,Rosário da Limeira,46237000,4464154,580,6.3,5.1,0.4,1.5,10064.65,7696.82,0.6170153481180966,0.6170153481180944,0.6627702670162362,0.9959999999999993,0.6170153481180966,0.6627702670162365,0.9309641346704849,Crescente
3156601,MG,2019,10241,Rubim,92085000,8569256,1001,4.6,4.1,0.0,0.7,8991.8,8560.7,0.5397430912269299,0.5397430912269335,0.6938368266979404,1.0,0.5397430912269308,0.6938368266979409,0.7779106995453633,Crescente
3156700,MG,2019,136344,Sabará,3062095000,70262576,9358,6.2,5.1,0.0,0.3,22458.6,7508.29,0.3502137210950409,0.3502137210950482,0.6844960703435065,1.0,0.3502137210950406,0.6844960703435067,0.5116372997134815,Crescente
3156908,MG,2019,26185,Sacramento,1319336000,24896621,1188,6.5,4.4,0.0,0.8,50385.18,20956.75,0.1518480891322479,0.15184808913224795,0.25197009487224337,1.0,0.1518480891322479,0.25197009487224337,0.6026432986392277,Decrescente
3157203,MG,2019,31324,Santa Bárbara,868631000,25704001,2754,6.8,5.8,0.2,0.1,27730.53,9333.33,0.31175714037483426,0.3117571403748288,0.4303635998288068,0.9990000000000003,0.3117571403748341,0.4303635998288068,0.7244040632127051,Decrescente
3157252,MG,2019,8147,Santa Bárbara do Leste,95720000,7489199,559,5.2,4.2,0.0,2.2,11749.11,13397.49,0.40683067476589885,0.40683067476589924,0.5093497194555935,1.0,0.40683067476589846,0.5093497194555936,0.7987256284360582,Crescente
3157278,MG,2019,3150,Santa Bárbara do Monte Verde,51678000,3867874,447,5.2,4.7,0.0,0.0,16405.71,8652.96,0.3823062319991112,0.38230623199910824,0.6021645441889244,1.0,0.3823062319991113,0.6021645441889243,0.6348866529729881,Crescente
3157302,MG,2019,4430,Santa Bárbara do Tugúrio,60443000,3255360,525,6.6,5.0,0.0,0.5,13644.02,6200.69,0.5550310456275708,0.5550310456275714,0.8591786904819739,1.0,0.5550310456275703,0.859178690481974,0.6460018757171627,Crescente
3157807,MG,2019,219134,Santa Luzia,4133081000,112494182,14722,6.1,4.5,0.2,1.5,18860.98,7641.23,0.3849829765669586,0.38498297656695846,0.5143448890399832,0.9980000000000003,0.3849829765669585,0.5143448890399832,0.7484918870011976,Decrescente
3158409,MG,2019,3872,Santana de Cataguases,42436000,3398625,393,6.5,5.1,0.0,0.0,10959.71,8647.9,0.5742933013865754,0.5742933013865736,0.7249356986750211,1.0,0.5742933013865751,0.7249356986750208,0.7921989528674369,Crescente
3158508,MG,2019,7642,Santana de Pirapama,95008000,4587919,465,5.7,4.3,0.8,7.7,12432.35,9866.49,0.46285151710792466,0.46285151710792327,0.4629492271090714,0.9919999999999919,0.46294922710907144,0.4628515171079248,0.9997889401354941,Crescente
3158607,MG,2019,3976,Santana do Deserto,41527000,3971862,479,5.2,3.3,0.0,6.5,10444.42,8291.99,0.5228237904566413,0.5228237904566396,0.6521284721104956,1.0,0.5228237904566412,0.6521284721104953,0.8017190060182725,Crescente
3158706,MG,2019,2458,Santana do Garambéu,30872000,2532871,259,4.9,5.2,0.0,0.7,12559.8,9779.42,0.46993192259593364,0.46993192259593286,0.5807880141842496,1.0,0.46993192259593397,0.5807880141842494,0.8091281347394543,Crescente
3159001,MG,2019,4295,Santana do Riacho,80735000,4620520,312,6.3,4.8,0.7,3.2,18797.44,14809.36,0.32686448733833795,0.3268644873383447,0.3269174000458185,0.9929999999999984,0.32686448733833795,0.3269174000458184,0.9998381465548388,Crescente
3159100,MG,2019,3777,Santana dos Montes,40624000,3404646,359,6.5,4.3,0.0,0.0,10755.63,9483.69,0.5639040896487217,0.563904089648729,0.6705118237787462,1.0,0.5639040896487217,0.6705118237787465,0.8410054374146241,Crescente
3160009,MG,2019,3602,Santo Antônio do Aventureiro,49746000,3225374,285,6.2,5.2,0.0,0.0,13810.66,11317.1,0.4371180581692788,0.437118058169304,0.5355732218093909,1.0,0.4371180581692788,0.5355732218093909,0.8161686215238892,Decrescente
3160702,MG,2019,46487,Santos Dumont,1009229000,22772384,1990,5.8,4.9,0.5,1.1,21709.92,11443.41,0.30126068799529776,0.3012606879953021,0.3543922597174903,0.9949999999999963,0.30126068799529787,0.3543922597174904,0.8500769408323217,Crescente
3160900,MG,2019,3738,São Brás do Suaçuí,63258000,6070224,516,6.8,6.3,0.0,0.0,16922.95,11764.0,0.4177463128367674,0.4177463128367668,0.5629088745326365,1.0,0.4177463128367672,0.5629088745326363,0.742120673054955,Crescente
3161106,MG,2019,56323,São Francisco,532395000,27114238,3205,5.6,4.6,0.2,2.9,9452.53,8459.98,0.5794426745690257,0.5794426745690259,0.6514866821265753,0.9979999999999986,0.5794426745690258,0.6514866821265753,0.8894159933977707,Decrescente
3161304,MG,2019,6238,São Francisco de Sales,139722000,6188670,730,5.1,3.9,0.0,1.0,22398.53,8477.63,0.29065928957829246,0.2906592895783081,0.5452118440782487,1.0,0.29065928957829246,0.5452118440782492,0.5331125740118314,Crescente
3161700,MG,2019,8389,São Gonçalo do Abaeté,231535000,7941534,578,6.6,4.3,0.0,1.7,27599.83,13739.68,0.26505031092718,0.26505031092718023,0.3877456181138046,1.0,0.26505031092718007,0.3877456181138044,0.6835675209342711,Crescente
3161908,MG,2019,10920,São Gonçalo do Rio Abaixo,3418942000,43480192,1372,7.1,5.1,0.3,0.6,313089.93,31691.1,0.03511763721094498,0.03511763721095782,0.0663708422869515,0.997,0.03511763721094084,0.06637084228695132,0.5291124234813138,Crescente
3162401,MG,2019,25165,São João da Ponte,215297000,15464329,2121,5.3,4.0,0.0,4.4,8555.41,7291.06,0.6304180574456549,0.6304180574456476,0.777084271722723,1.0,0.6304180574456554,0.7770842717227229,0.8112608637002486,Crescente
3162450,MG,2019,13014,São João das Missões,83766000,6395114,589,5.8,4.5,0.3,2.8,6436.61,10857.58,0.7717947957924433,0.7717947957924532,0.807998190160534,0.9969999999999987,0.771794795792443,0.807998190160534,0.9551937184897682,Decrescente
3162500,MG,2019,90082,São João del Rei,2441981000,31580569,2416,6.2,5.0,0.1,0.4,27108.42,13071.43,0.26009970046758035,0.2600997004675787,0.3453598664235855,0.9990000000000008,0.26009970046758,0.3453598664235856,0.7531265956321828,Crescente
3162559,MG,2019,11559,São João do Manhuaçu,127492000,7246233,1033,6.0,4.9,0.6,3.6,11029.67,7014.75,0.5763866239139739,0.5763866239139758,0.6155241539859259,0.9940000000000044,0.5763866239139739,0.6155241539859259,0.9364159313350896,Decrescente
3162906,MG,2019,26361,São João Nepomuceno,429754000,14679209,1768,6.4,4.7,0.3,0.0,16302.64,8302.72,0.4337282106133329,0.43372821061333133,0.732319569169314,1.0,0.4337282106133327,0.7323195691693137,0.5922663122403246,Crescente
3162922,MG,2019,31578,São Joaquim de Bicas,580176000,21473154,2610,5.3,4.1,0.2,0.5,18372.79,8227.26,0.3509957636720686,0.350995763672066,0.4719772199671554,0.9979999999999968,0.3509957636720684,0.4719772199671554,0.7436709841557484,Decrescente
3162955,MG,2019,23766,São José da Lapa,518085000,19679620,2367,6.1,4.8,0.2,0.3,21799.42,8314.16,0.3408481344299473,0.34084813442994893,0.47101771810694926,0.9979999999999994,0.340848134429945,0.4710177181069493,0.7236418532191062,Crescente
3163706,MG,2019,45851,São Lourenço,1119634000,25222949,2497,7.0,4.9,0.0,0.0,24418.97,10101.3,0.336894150540995,0.3368941505409972,0.6642988667654097,1.0,0.3368941505409946,0.6642988667654102,0.507142443553145,Crescente
3164431,MG,2019,3007,São Sebastião da Vargem Alegre,52624000,4412498,451,6.1,5.1,0.0,1.8,17500.5,9783.81,0.38084032000722295,0.3808403200072464,0.5241548665560938,1.0,0.3808403200072229,0.5241548665560938,0.726579765460341,Decrescente
3164472,MG,2019,6555,São Sebastião do Anta,66149000,6029598,707,6.6,4.4,0.0,0.0,10091.38,8528.43,0.6156802334157109,0.615680233415717,0.7509677068381632,1.0,0.615680233415711,0.7509677068381624,0.8198491463873195,Crescente
3164704,MG,2019,70956,São Sebastião do Paraíso,1960834000,29823774,3321,6.8,5.4,0.0,0.0,27634.51,8980.36,0.3123545465695615,0.31235454656957157,0.727569702900755,1.0,0.31235454656956224,0.7275697029007551,0.42931219555216776,Crescente
3164902,MG,2019,2241,São Sebastião do Rio Verde,31967000,2721695,294,6.6,5.3,0.0,1.5,14264.61,9257.47,0.4724792489816567,0.47247924898165555,0.6085957893316898,1.0,0.4724792489816567,0.6085957893316898,0.7763432762170354,Decrescente
3165578,MG,2019,5356,Senador Amaral,68018000,5009639,357,6.5,4.0,0.0,0.0,12699.4,14032.6,0.439118859304703,0.4391188593047116,0.4913897382142192,1.0,0.4391188593047025,0.4913897382142194,0.8936264336746712,Crescente
3165800,MG,2019,1502,Senador José Bento,22609000,2599083,155,7.1,4.3,0.0,5.1,15052.6,16768.28,0.38993089893784555,0.38993089893784566,0.4234894544829351,1.0,0.3899308989378456,0.423489454482935,0.9207570455654833,Crescente
3166402,MG,2019,1851,Seritinga,40102000,2358854,196,6.1,6.1,0.0,1.1,21665.05,12034.97,0.34700403009651154,0.3470040300965114,0.475184836362754,1.0,0.3470040300965114,0.475184836362754,0.7302506383676145,Decrescente
3167004,MG,2019,1963,Serranos,29345000,2063308,206,5.9,4.5,0.0,1.0,14949.06,10016.06,0.4155600053906219,0.41556000539061494,0.5276756628157375,1.0,0.4155600053906218,0.5276756628157381,0.7875292242457161,Crescente
3167202,MG,2019,239639,Sete Lagoas,9549062000,108221655,7681,5.9,4.2,0.2,1.9,39847.7,14089.53,0.1836918809212479,0.1836918809212478,0.25570772413556137,0.9979999999999999,0.18369188092124783,0.2557077241355615,0.718366570827032,Crescente
3167509,MG,2019,2615,Simão Pereira,73265000,3563204,270,4.4,4.0,1.4,0.0,28017.21,13197.05,0.21354428425672645,0.21354428425672486,0.3469574639788461,1.0,0.2135442842567264,0.34695746397884636,0.6154768420538899,Crescente
3168002,MG,2019,34132,Taiobeiras,473405000,15989912,1311,6.7,5.2,0.0,1.4,13869.83,12196.73,0.4452940101664675,0.4452940101664703,0.5140151417220776,1.0,0.4452940101664675,0.5140151417220772,0.8663052389363913,Crescente
3168101,MG,2019,4773,Tapira,455692000,12096773,591,6.3,5.5,0.0,0.9,95472.87,20468.31,0.09372631539992014,0.09372631539991995,0.2596046968101461,1.0,0.09372631539992,0.2596046968101461,0.36103474456189827,Decrescente
3168309,MG,2019,4077,Taquaraçu de Minas,49840000,5018642,565,5.6,5.3,0.0,0.4,12224.68,8882.55,0.5000180915207195,0.50001809152072,0.6357572320997775,1.0,0.5000180915207195,0.6357572320997776,0.7864921801506857,Crescente
3168606,MG,2019,140592,Teófilo Otoni,2699362000,62974973,5831,5.9,5.1,0.2,0.7,19199.97,10800.03,0.3392606150655894,0.3392606150655894,0.43083803288909384,0.9979999999999988,0.33926061506558963,0.43083803288909384,0.7874435151200353,Decrescente
3168705,MG,2019,89842,Timóteo,3167220000,49200243,4035,6.2,5.2,0.0,1.2,35253.22,12193.37,0.22176576192090638,0.22176576192090644,0.4214909413885284,1.0,0.22176576192090638,0.4214909413885284,0.526145974075594,Decrescente
3169307,MG,2019,79482,Três Corações,2456201000,37374997,3901,6.1,4.9,0.2,1.0,30902.61,9580.88,0.2544100033983227,0.2544100033983216,0.3576799948898966,0.9980000000000006,0.25441000339832254,0.3576799948898965,0.7112782571936596,Crescente
3169356,MG,2019,32356,Três Marias,2471820000,24735324,2732,6.7,5.6,0.0,0.9,76394.49,9053.93,0.1337056375565032,0.1337056375565032,0.5936126237838592,1.0,0.1337056375564988,0.5936126237838592,0.22524055621362069,Decrescente
3169604,MG,2019,25327,Tupaciguara,692564000,23865848,1204,6.2,4.5,0.0,0.0,27344.89,19822.13,0.22949861023962018,0.22949861023962054,0.30291926246077805,1.0,0.2294986102396202,0.3029192624607778,0.7576230325377068,Crescente
3170107,MG,2019,333783,Uberaba,15545269000,238050795,16710,6.0,5.3,0.2,0.3,46572.98,14246.01,0.17090770150479817,0.17090770150479784,0.2441526674817518,0.9979999999999999,0.17090770150479806,0.2441526674817517,0.700003416991428,Crescente
3170206,MG,2019,691305,Uberlândia,37638742000,452258682,36692,6.0,4.7,0.4,1.6,54445.93,12325.81,0.15169695417410195,0.1516969541741022,0.21242459856697074,0.996,0.15169695417410187,0.21242459856697077,0.7141214115383003,Crescente
3170404,MG,2019,84378,Unaí,2936329000,49129502,3920,5.6,4.1,0.2,0.5,34799.7,12533.04,0.20018035838799086,0.20018035838799703,0.2841808167036979,0.9979999999999979,0.20018035838799067,0.2841808167036979,0.7044119329022466,Decrescente
3170479,MG,2019,3264,Uruana de Minas,52052000,4228874,469,6.1,4.8,0.0,0.0,15947.3,9016.79,0.4174486179506489,0.4174486179506557,0.6561406949861806,1.0,0.41744861795064886,0.6561406949861807,0.636218148242491,Crescente
3170529,MG,2019,16865,Urucuia,134171000,9477469,1238,5.3,4.7,0.0,2.9,7955.59,7655.47,0.6492588348843367,0.6492588348843362,0.7996520239538099,1.0,0.6492588348843364,0.7996520239538092,0.8119267074122227,Crescente
3170701,MG,2019,135558,Varginha,6299357000,65297443,5665,6.4,6.0,0.1,0.1,46469.83,11526.47,0.20361342694263085,0.20361342694266055,0.2936167094984651,0.9989999999999992,0.2036134269426313,0.29361670949846497,0.6934667556571581,Crescente
3171006,MG,2019,20590,Vazante,799371000,14219217,659,6.8,4.1,0.0,0.0,38823.26,21576.96,0.18635963918130147,0.18635963918130233,0.30281549658267126,1.0,0.18635963918130186,0.30281549658267115,0.6154230588738171,Crescente
3171204,MG,2019,127601,Vespasiano,2508278000,78072692,11482,6.0,5.1,0.0,0.2,19657.2,6799.57,0.386019769989865,0.3860197699899184,0.747297774625583,1.0,0.38601976998986526,0.7472977746255832,0.5165541543105379,Crescente
3171303,MG,2019,78846,Viçosa,1750583000,38145700,3104,5.9,4.2,0.5,2.8,22202.56,12289.21,0.29411352207088276,0.29411352207088265,0.33073027835247626,0.9950000000000003,0.29411352207088276,0.3307302783524761,0.8892851405562295,Crescente
3171402,MG,2019,3608,Vieiras,37491000,2951516,472,6.1,4.9,0.4,2.5,10391.08,6253.21,0.6281114060585777,0.628111406058568,0.7222870619849913,0.9959999999999996,0.6281114060585774,0.7222870619849913,0.8696146437019102,Decrescente
3172004,MG,2019,42564,Visconde do Rio Branco,1284407000,19415092,1962,6.3,4.5,0.0,2.4,30175.9,9895.56,0.26344419817530695,0.2634441981753076,0.5241160104702909,1.0,0.26344419817530773,0.5241160104702909,0.5026448208268197,Decrescente
3172103,MG,2019,5252,Volta Grande,67671000,4316073,496,5.7,4.2,0.0,0.0,12884.81,8701.76,0.47260868401328204,0.47260868401329026,0.6393412695494337,1.0,0.4726086840132817,0.6393412695494449,0.7392119147045615,Crescente
3200102,ES,2019,30586,Afonso Cláudio,448609000,27955998,2396,6.3,5.0,0.3,1.0,14667.14,11667.78,0.4181980765007003,0.4181980765007025,0.45599596833266764,0.9969999999999978,0.4181980765007003,0.45599596833266787,0.9171091534642862,Crescente
3200136,ES,2019,9642,Águia Branca,169157000,11959567,1054,6.7,4.6,0.0,2.9,17543.77,11346.84,0.3884964394195762,0.38849643941957607,0.49440395950746013,1.0,0.388496439419576,0.49440395950746013,0.78578747590656,Decrescente
3200169,ES,2019,11019,Água Doce do Norte,138666000,10728920,1191,6.3,4.9,0.2,1.7,12584.26,9008.33,0.5040921412802886,0.5040921412802942,0.5772982663642494,0.9979999999999981,0.5040921412802886,0.5772982663642495,0.8731918501245403,Crescente
3200300,ES,2019,14601,Alfredo Chaves,357763000,14971044,1281,6.5,6.0,0.0,0.2,24502.64,11687.0,0.3194021360211511,0.319402136021152,0.4795179913327102,1.0,0.319402136021151,0.4795179913327102,0.6660899941073037,Decrescente
3200359,ES,2019,7836,Alto Rio Novo,90121000,7606863,691,6.2,4.6,0.1,0.0,11500.89,11008.48,0.4973462378166074,0.49734623781661425,0.572220845281399,1.0,0.4973462378166073,0.5722208452813993,0.8691508565578893,Crescente
3200409,ES,2019,29263,Anchieta,1010392000,60776052,3673,6.3,4.6,0.1,1.3,34527.97,16546.71,0.20538365196852804,0.20538365196852804,0.269460964796732,0.9990000000000003,0.20538365196852817,0.26946096479673187,0.7622018726291554,Crescente
3200508,ES,2019,7567,Apiacá,97675000,6952245,795,4.9,3.8,0.5,1.9,12908.02,8744.96,0.428225247648824,0.42822524764882075,0.4801497788638962,0.9950000000000044,0.4282252476488239,0.4801497788638962,0.8918576379688581,Decrescente
3200607,ES,2019,101220,Aracruz,5211274000,100674936,10466,6.9,5.6,0.0,0.4,51484.63,9619.24,0.19127619648615726,0.19127619648615657,0.5685043724867668,1.0,0.19127619648615735,0.5685043724867667,0.33645510174261617,Crescente
3200706,ES,2019,11936,Atilio Vivacqua,273364000,13535478,1408,5.2,4.1,0.0,2.1,22902.48,9613.27,0.28177333796500925,0.2817733379650066,0.4856964086398395,1.0,0.28177333796500925,0.4856964086398395,0.5801429307540008,Decrescente
3200805,ES,2019,30998,Baixo Guandu,659948000,29576574,2731,5.9,4.5,0.3,0.4,21290.02,10829.94,0.3138982883924426,0.31389828839244277,0.403539695933689,0.9969999999999964,0.31389828839244277,0.40353969593368894,0.7778622315362587,Crescente
3200904,ES,2019,44650,Barra de São Francisco,808889000,32946337,3764,6.7,5.4,0.0,0.0,18116.22,8753.01,0.4193159701399491,0.41931597013994915,0.7363884782818685,1.0,0.4193159701399489,0.7363884782818684,0.5694222309375228,Crescente
3201001,ES,2019,15037,Boa Esperança,237641000,12915523,1228,6.1,4.6,0.0,0.0,15803.75,10517.53,0.4031569758286036,0.4031569758286282,0.5625163757215667,1.0,0.4031569758286036,0.5625163757215665,0.7167026476543992,Crescente
3201100,ES,2019,9936,Bom Jesus do Norte,161196000,7968776,654,5.4,4.3,0.0,0.5,16223.43,12184.67,0.35143707650470957,0.35143707650470607,0.43528915946757435,1.0,0.3514370765047095,0.43528915946757424,0.807364642240508,Crescente
3201209,ES,2019,208972,Cachoeiro de Itapemirim,4920036000,128735544,11986,5.8,4.5,0.3,1.9,23544.0,10740.49,0.2875475399515203,0.28754753995152094,0.3681443038344983,0.9969999999999996,0.2875475399515201,0.36814430383449825,0.7810729025452726,Crescente
3201308,ES,2019,381285,Cariacica,9962712000,229036024,27760,5.6,4.0,0.5,1.8,26129.3,8250.58,0.27475666530954074,0.274756665309541,0.3627387743419518,0.9950000000000001,0.2747566653095408,0.3627387743419515,0.7574504981111536,Crescente
3201407,ES,2019,37534,Castelo,912235000,35170702,3650,6.3,5.0,0.2,0.5,24304.23,9635.81,0.31229663814875425,0.3122966381487534,0.41716820333629717,0.9979999999999999,0.312296638148754,0.41716820333629706,0.7486108376697121,Crescente
3201506,ES,2019,122499,Colatina,3566767000,99110261,10110,6.1,4.7,0.0,0.1,29116.7,9803.19,0.26314049945639556,0.263140499456354,0.5194603564174513,1.0,0.2631404994563954,0.5194603564174513,0.5065651232197772,Decrescente
3201605,ES,2019,31063,Conceição da Barra,495750000,29039420,3342,6.2,4.9,0.1,0.0,15959.5,8689.23,0.42604910170242344,0.42604910170242766,0.6859894648999987,1.0,0.42604910170242344,0.6859894648999986,0.6210723684576286,Crescente
3201902,ES,2019,33850,Domingos Martins,785041000,38866568,3757,6.7,5.8,0.0,0.6,23191.76,10345.11,0.33944145558497907,0.3394414555849791,0.5304867539860716,1.0,0.3394414555849791,0.5304867539860715,0.6398679194804012,Crescente
3202009,ES,2019,6749,Dores do Rio Preto,136768000,6366990,622,6.2,3.4,0.0,0.0,20264.93,10236.32,0.34210452825989135,0.34210452825988824,0.5865882465573558,1.0,0.34210452825989124,0.5865882465573555,0.5832106767697414,Crescente
3202207,ES,2019,21509,Fundão,404435000,19116939,1967,5.8,4.9,0.2,1.9,18803.06,9718.83,0.3498597051723455,0.3498597051723407,0.45402391548919635,0.998000000000001,0.3498597051723457,0.45402391548919635,0.7705754988597523,Decrescente
3202306,ES,2019,30867,Guaçuí,518674000,23499074,2956,6.1,4.4,0.2,0.4,16803.51,7949.62,0.41411214576486716,0.4141121457648847,0.5475735003441826,0.9980000000000001,0.4141121457648676,0.547573500344183,0.7562676891861512,Crescente
3202405,ES,2019,124859,Guarapari,2368730000,115058457,13985,6.0,4.4,0.3,1.1,18971.24,8227.28,0.3692448518637377,0.36924485186373784,0.475389363698139,0.997,0.3692448518637379,0.4753893636981386,0.7767208946184994,Crescente
3202454,ES,2019,26082,Ibatiba,315458000,23664214,2736,5.5,4.6,0.8,2.6,12094.85,8649.2,0.4810113060454649,0.4810113060454638,0.4813525384007897,0.9919999999999991,0.4810113060454647,0.4813525384007899,0.9992910967989107,Crescente
3202603,ES,2019,13860,Iconha,322834000,12127992,1091,6.5,5.4,0.0,0.0,23292.5,11116.4,0.3192974193630143,0.31929741936302825,0.5639569850465809,1.0,0.3192974193630142,0.5639569850465809,0.5661733568857942,Decrescente
3202702,ES,2019,14066,Itaguaçu,260155000,12432360,930,6.8,5.4,0.0,0.5,18495.31,13368.13,0.36000859270834024,0.3600085927083461,0.4435990203387701,1.0,0.3600085927083402,0.44359902033876997,0.811563092347244,Crescente
3202801,ES,2019,34348,Itapemirim,4832436000,103341571,5013,5.6,5.0,0.7,2.0,140690.46,20614.72,0.061769127451851244,0.061769127451851195,0.08521695986733784,0.9930000000000002,0.06176912745185128,0.08521695986733774,0.724845471464962,Crescente
3203007,ES,2019,29161,Iúna,422936000,25131508,2602,5.7,4.4,0.8,1.5,14503.48,9658.53,0.419008071537288,0.419008071537289,0.42832411837404727,0.9920000000000031,0.41900807153728803,0.4283241183740474,0.9782500063920665,Crescente
3203106,ES,2019,12192,Jerônimo Monteiro,141256000,9340545,841,6.6,5.1,0.0,0.0,11585.96,11106.47,0.5130704636167592,0.5130704636167396,0.5856001528302224,1.0,0.5130704636167596,0.585600152830222,0.8761446887216046,Crescente
3203130,ES,2019,16668,João Neiva,427351000,12467675,1588,6.9,5.1,0.0,0.0,25639.01,7851.18,0.34487251277924824,0.3448725127792342,0.8434477365185269,1.0,0.3448725127792491,0.8434477365185268,0.40888427088887314,Crescente
3203163,ES,2019,10947,Laranja da Terra,141148000,10698752,797,6.8,4.6,0.0,0.0,12893.76,13423.78,0.45553968036424514,0.45553968036424913,0.5040598504452192,1.0,0.4555396803642451,0.5040598504452193,0.9037412520792565,Crescente
3203205,ES,2019,173555,Linhares,6066596000,167767168,16668,5.7,5.0,0.3,0.6,34954.89,10065.22,0.2189639417250398,0.21896394172503636,0.31353079653993216,0.9969999999999996,0.21896394172503977,0.3135307965399322,0.6983809697212693,Crescente
3203304,ES,2019,15350,Mantenópolis,155338000,13259178,1189,7.6,5.5,0.2,1.0,10119.74,11151.54,0.6094199064498904,0.6094199064498903,0.6150886602608708,0.9980000000000001,0.6094199064498904,0.6150886602608712,0.9907838427576015,Crescente
3203320,ES,2019,38499,Marataízes,5286038000,90486800,5033,5.8,5.2,0.4,1.1,137303.25,17978.7,0.06687328253795582,0.06687328253795372,0.10151934966978149,0.9960000000000007,0.0668732825379558,0.10151934966978154,0.6587244969109717,Crescente
3203346,ES,2019,16694,Marechal Floriano,438147000,18648316,1601,6.3,6.1,0.0,0.0,26245.78,11647.92,0.3109464644072684,0.3109464644072329,0.5533705343345487,1.0,0.3109464644072683,0.5533705343345489,0.5619136638368261,Crescente
3203502,ES,2019,18833,Montanha,340465000,21050808,1882,5.6,5.0,0.0,0.0,18078.11,11185.34,0.3439419165721875,0.3439419165721903,0.4894953700877156,1.0,0.34394191657218753,0.4894953700877157,0.7026459034955825,Crescente
3203601,ES,2019,5524,Mucurici,78194000,6838947,447,6.3,4.0,0.0,4.6,14155.32,15299.66,0.3882724205299479,0.3882724205299482,0.4417101707698097,1.0,0.38827242052994776,0.4417101707698096,0.879020783816839,Crescente
3203700,ES,2019,17465,Muniz Freire,273855000,19834172,1839,6.0,5.4,0.4,0.1,15680.22,10785.3,0.40146725873692124,0.4014672587369229,0.49887756747295103,0.9990000000000003,0.40146725873692135,0.49887756747295087,0.8047410525402882,Crescente
3203809,ES,2019,15449,Muqui,197433000,13682166,958,5.9,5.0,0.0,0.0,12779.66,14282.01,0.4092001074729318,0.4092001074729302,0.47328713879513296,1.0,0.4092001074729328,0.47328713879513207,0.8645916483482939,Crescente
3203908,ES,2019,50110,Nova Venécia,1035233000,47043482,5211,6.3,5.0,0.0,0.0,20659.21,9027.73,0.3569531751492209,0.35695317514922503,0.6748902706283079,1.0,0.3569531751492205,0.674890270628308,0.5289054986922621,Crescente
3204054,ES,2019,26184,Pedro Canário,317869000,16379370,1873,5.7,2.6,0.0,5.0,12139.82,8744.99,0.4902401309880891,0.49024013098808933,0.6103425674231598,1.0,0.4902401309880887,0.61034256742316,0.8032212681115491,Crescente
3204104,ES,2019,27047,Pinheiros,570495000,25726003,2929,6.2,4.8,0.1,1.1,21092.73,8783.2,0.348072488188036,0.3480724881880363,0.47302634298028146,0.9989999999999921,0.3480724881880361,0.4730263429802816,0.7358416573483428,Crescente
3204203,ES,2019,21711,Piúma,679354000,27255631,2355,5.6,3.8,0.1,1.9,31290.77,11573.52,0.2211209336271977,0.22112093362719776,0.3209392786450977,0.9989999999999997,0.22112093362719779,0.3209392786450976,0.6889805902247276,Crescente
3204252,ES,2019,7863,Ponto Belo,85241000,7604136,607,5.7,4.7,0.2,0.0,10840.77,12527.41,0.4661208871364432,0.4661208871364265,0.5531696820537334,1.0,0.46612088713644306,0.5531696820537328,0.842636359617347,Crescente
3204302,ES,2019,11574,Presidente Kennedy,5383038000,68796026,1811,4.8,4.4,0.6,0.9,465097.46,37987.87,0.018132997343122983,0.018132997343123007,0.03136619562046891,0.9939999999999997,0.018132997343123035,0.031366195620468974,0.5781063652899548,Crescente
3204351,ES,2019,19141,Rio Bananal,389854000,23988420,2598,5.8,5.2,0.1,0.2,20367.48,9233.42,0.34208214210708154,0.34208214210707727,0.4730631411184222,0.9989999999999994,0.34208214210708165,0.473063141118422,0.723121529397379,Crescente
3204559,ES,2019,40431,Santa Maria de Jetibá,1486665000,38318513,2237,5.8,5.0,0.0,2.9,36770.42,17129.42,0.18349275412786456,0.1834927541278644,0.29325056299763474,1.0,0.18349275412786456,0.2932505629976348,0.6257200404056669,Crescente
3204609,ES,2019,23590,Santa Teresa,482396000,22257638,2259,6.4,5.4,0.0,0.2,20449.17,9852.87,0.3579046013207986,0.3579046013207978,0.5334057935582863,1.0,0.3579046013207986,0.5334057935582863,0.670979966177832,Decrescente
3204708,ES,2019,37947,São Gabriel da Palha,632888000,22372415,2861,6.9,5.6,0.1,0.7,16678.21,7819.79,0.47368019080515394,0.47368019080515433,0.6048296018192658,0.9989999999999992,0.473680190805154,0.6048296018192659,0.783163041921844,Crescente
3204807,ES,2019,10556,São José do Calçado,163295000,8001318,950,5.9,5.2,0.9,0.7,15469.4,8422.44,0.4245130849979306,0.42451308499792906,0.5062294169087614,0.9930000000000015,0.42451308499793067,0.5062294169087614,0.838578460315832,Decrescente
3204906,ES,2019,130611,São Mateus,2393051000,123874684,11701,5.5,4.8,0.2,0.2,18321.97,10586.67,0.33926067334153753,0.3392606733423301,0.4377034703789051,0.9980000000002799,0.33926067334153764,0.4377034703789051,0.7750924913797257,Decrescente
3204955,ES,2019,12415,São Roque do Canaã,190705000,9406027,510,6.3,5.5,0.0,0.4,15360.85,18443.19,0.34361497194992463,0.34361497194992496,0.3914059660327,1.0,0.34361497194992474,0.3914059660327001,0.8778991680500274,Crescente
3205002,ES,2019,517510,Serra,24321132000,359057014,41677,5.6,4.4,0.2,1.0,46996.45,8615.23,0.17107944388139995,0.17107944388139745,0.27193041491879716,0.9980000000000019,0.17107944388140006,0.2719304149187971,0.6291294923095935,Crescente
3205010,ES,2019,30070,Sooretama,489978000,33092144,3017,5.8,4.9,0.2,0.9,16294.58,10968.56,0.3766260257147037,0.37662602571469767,0.45067945438161855,0.9980000000000012,0.3766260257147039,0.4506794543816183,0.8356849242916471,Crescente
3205036,ES,2019,21402,Vargem Alta,335602000,19664773,2006,6.1,5.3,0.5,1.7,15680.87,9802.98,0.41177435532915346,0.41177435532915346,0.46295413934162827,0.9950000000000008,0.41177435532915313,0.4629541393416282,0.8894495595497686,Crescente
3205069,ES,2019,25277,Venda Nova do Imigrante,600441000,19226808,1203,6.5,5.2,0.0,0.3,23754.44,15982.38,0.2780052317682694,0.27800523176826736,0.35382691853200016,1.0,0.27800523176826947,0.3538269185320002,0.7857096710495942,Crescente
3205101,ES,2019,78239,Viana,2940204000,71558240,8130,6.0,4.8,0.3,0.8,37579.77,8801.75,0.21862049413885937,0.21862049413885773,0.3141351371201528,0.9969999999999998,0.21862049413885953,0.31413513712015284,0.6959440963627057,Crescente
3205150,ES,2019,9208,Vila Pavão,119618000,9234364,1066,6.6,5.7,0.0,1.2,12990.66,8662.63,0.5169314989840004,0.5169314989839979,0.6669718727579277,1.0,0.5169314989840001,0.6669718727579271,0.7750424269714544,Crescente
3205176,ES,2019,14080,Vila Valério,293862000,17149778,1437,6.1,4.9,0.3,1.9,20870.88,11934.43,0.3171063163032186,0.3171063163032228,0.38171099998773533,0.9969999999999984,0.31710631630321867,0.38171099998773544,0.83074974604716,Crescente
3205200,ES,2019,493838,Vila Velha,12699809000,301281419,36060,5.8,4.7,0.5,1.7,25716.55,8355.0,0.28815245006719936,0.28815245006719964,0.3738366977294433,0.9950000000000003,0.288152450067198,0.37383669772944333,0.7707976552792681,Crescente
3205309,ES,2019,362097,Vitória,23656637000,418803601,26221,5.6,4.6,0.4,1.3,65332.32,15972.07,0.117069938342462,0.11706993834246174,0.16689940754543778,0.9959999999999996,0.11706993834246186,0.1668994075454376,0.7014401073328563,Crescente
3300100,RJ,2019,203785,Angra dos Reis,9828660000,159472522,14874,5.1,3.8,0.8,2.0,48230.54,10721.56,0.14741238169652846,0.14741238169650292,0.19182843921958964,0.9919999999997849,0.14741238169652823,0.19182843921958942,0.7684594750196696,Crescente
3300159,RJ,2019,11759,Aperibé,208718000,8467237,722,5.5,4.9,0.0,0.9,17749.64,11727.48,0.33838530044429954,0.3383853004442998,0.4472215875567746,1.0,0.33838530044429965,0.44722158755677466,0.7566390126490521,Crescente
3300209,RJ,2019,132400,Araruama,3686098000,116003614,13618,5.4,4.2,0.6,1.4,27840.62,8518.4,0.25116863898153524,0.2511686389815351,0.3269026078961574,0.9940000000000014,0.2511686389815348,0.32690260789615766,0.7683286487005344,Crescente
3300233,RJ,2019,33870,Armação dos Búzios,2628093000,63039466,5572,5.8,4.3,0.7,3.0,77593.53,11313.62,0.11083770717483112,0.11083770717483114,0.15113308355653,0.9930000000000004,0.11083770717483361,0.1511330835565301,0.7333781893848097,Crescente
3300258,RJ,2019,30349,Arraial do Cabo,2557039000,39256512,2947,5.6,4.7,0.4,0.0,84254.47,13320.84,0.09798495125561231,0.09798495125561206,0.4077361022992298,1.0,0.09798495125561224,0.40773610229922996,0.24031463170191147,Crescente
3300308,RJ,2019,100374,Barra do Piraí,2115455000,55225399,5354,5.4,4.1,0.3,0.2,21075.73,10314.79,0.3037400218127647,0.3037400218127648,0.41149371841147364,0.9979999999999939,0.30374002181276477,0.41149371841147325,0.7381401178742649,Crescente
3300407,RJ,2019,184412,Barra Mansa,5486252000,124109102,13601,5.2,4.5,0.2,1.4,29749.97,9125.0,0.2297886763201479,0.2297886763201482,0.3503786888947815,0.9979999999999959,0.22978867632014802,0.3503786888947815,0.6558294885028048,Decrescente
3300456,RJ,2019,510906,Belford Roxo,8061960000,202643690,28771,4.7,3.7,2.5,4.2,15779.73,7043.33,0.37664155657102,0.3766415565711059,0.3788847456808528,0.974999999999956,0.3788847456808527,0.37664155657102005,0.9940794947925343,Crescente
3300506,RJ,2019,27446,Bom Jardim,697899000,18009309,1702,5.2,5.9,0.4,1.0,25428.08,10581.26,0.3172230315491215,0.3172230315491215,0.38980457881430247,0.9959999999999996,0.3172230315491216,0.3898045788143023,0.8138001675456004,Crescente
3300605,RJ,2019,37096,Bom Jesus do Itabapoana,729617000,26683185,2030,6.1,4.1,0.2,0.4,19668.35,13144.43,0.32305296529922456,0.32305296529923067,0.3873100551028944,0.9979999999999988,0.3230529652992246,0.3873100551028944,0.8340939282183133,Decrescente
3300704,RJ,2019,226525,Cabo Frio,11521218000,245917269,22061,5.0,3.6,1.7,6.0,50860.69,11147.15,0.13751481786422912,0.13751481786422898,0.1375211334559343,0.9829999999999989,0.13752113345593417,0.137514817864229,0.9999540754824624,Crescente
3300902,RJ,2019,15505,Cambuci,353667000,10578777,977,5.7,4.2,0.3,0.0,22809.87,10827.82,0.2919878132730245,0.29198781327302653,0.5073356101845546,1.0,0.2919878132730251,0.5073356101845546,0.5755318716279494,Decrescente
3300936,RJ,2019,16301,Carapebus,453285000,21335051,1528,5.1,5.1,0.2,0.2,27807.19,13962.73,0.23885228105693312,0.23885228105692818,0.3214359970608271,0.9979999999999954,0.23885228105693332,0.3214359970608271,0.7430788189280922,Decrescente
3300951,RJ,2019,8561,Comendador Levy Gasparian,424146000,9429273,1104,6.2,5.0,0.1,0.2,49543.98,8541.01,0.18072125998216226,0.1807212599821639,0.2844711166813183,0.9990000000000014,0.1807212599821625,0.28447111668131847,0.6352886088770029,Crescente
3301108,RJ,2019,20172,Cantagalo,730607000,16525489,1671,5.3,4.0,0.2,2.4,36218.87,9889.58,0.19495642629698096,0.19495642629698182,0.29919774551959333,0.9980000000000077,0.1949564262969809,0.2991977455195936,0.6515972436838231,Crescente
3301157,RJ,2019,12823,Cardoso Moreira,294027000,15510732,1281,4.5,4.3,1.2,1.7,22929.66,12108.3,0.25854069068691327,0.2585406906869213,0.27279227545693596,0.9880000000000002,0.2585406906869132,0.27279227545693624,0.947756641033362,Crescente
3301207,RJ,2019,18895,Carmo,470439000,11592943,1122,5.7,4.8,0.8,2.6,24897.54,10332.39,0.2751965724634665,0.2751965724634658,0.3112102874519107,0.9920000000000081,0.2751965724634664,0.31121028745191076,0.884278520214377,Crescente
3301306,RJ,2019,44184,Casimiro de Abreu,2062389000,50685930,4677,5.9,4.2,0.1,1.7,46677.28,10837.27,0.1733075616504108,0.1733075616504108,0.2672367846758156,0.9990000000000003,0.17330756165041084,0.26723678467581585,0.6485168644004226,Crescente
3301504,RJ,2019,21926,Cordeiro,398691000,18520445,1442,5.3,4.5,0.0,0.0,18183.48,12843.58,0.3166690122841957,0.31666901228420835,0.4076190640082669,1.0,0.31666901228419586,0.4076190640082668,0.7768748820780702,Crescente
3301603,RJ,2019,11492,Duas Barras,214616000,12358543,1100,4.8,5.2,0.0,1.1,18675.25,11235.04,0.342200508983506,0.3422005089835069,0.47116092760135514,1.0,0.34220050898350607,0.47116092760135503,0.7262922049279915,Crescente
3301702,RJ,2019,919596,Duque de Caxias,45373762000,665002921,54427,4.7,3.7,1.1,2.0,49340.97,12218.25,0.13396542129147443,0.13396542129147432,0.15070254261446128,0.9889999999999959,0.13396542129147423,0.15070254261446148,0.888939356744597,Crescente
3301801,RJ,2019,14002,Engenheiro Paulo de Frontin,251671000,16250948,1193,5.6,5.0,0.3,0.3,17973.93,13621.92,0.32455097134764105,0.32455097134763167,0.3791913556906544,0.996999999999998,0.32455097134764116,0.3791913556906543,0.8559028745697749,Crescente
3301850,RJ,2019,60517,Guapimirim,1061591000,40627716,5878,4.9,3.7,0.2,1.8,17542.03,6911.83,0.35950651152084995,0.359506511520851,0.5075660751242348,0.9980000000000057,0.3595065115208501,0.507566075124235,0.7082949967309282,Crescente
3301876,RJ,2019,28310,Iguaba Grande,537136000,25509675,2979,6.2,5.0,0.0,0.7,18973.37,8563.17,0.3795981555863253,0.37959815558632454,0.6001743513208048,1.0,0.37959815558632526,0.6001743513208048,0.6324798031621027,Decrescente
3301900,RJ,2019,240592,Itaboraí,4933377000,160776083,21597,5.1,3.9,0.9,2.0,20505.16,7444.37,0.3187589732014044,0.3187589732014053,0.3544705397586236,0.9909999999999946,0.3187589732014045,0.35447053975862364,0.8992537811984687,Crescente
3302007,RJ,2019,133019,Itaguaí,7950438000,140495927,13750,4.9,3.3,0.8,3.0,59769.19,10217.89,0.11995500669277216,0.11995500669277238,0.16909015227228202,0.9920000000000004,0.11995500669277198,0.16909015227228197,0.7094145051073781,Crescente
3302056,RJ,2019,15207,Italva,331482000,11505206,961,5.7,4.4,0.1,2.6,21797.99,11972.12,0.29426982990271294,0.2942698299027111,0.3790817342412309,0.9990000000000008,0.2942698299027129,0.37908173424123087,0.7762701373404939,Crescente
3302106,RJ,2019,23234,Itaocara,552491000,15813975,1174,6.3,5.3,0.6,0.0,23779.42,13470.17,0.28643746364721534,0.28643746364719913,0.4479785674804692,1.0,0.28643746364721545,0.447978567480469,0.6393999276755652,Crescente
3302205,RJ,2019,103224,Itaperuna,3103972000,62364986,6130,6.3,5.4,0.2,0.1,30070.25,10173.73,0.26638813709086934,0.26638813709086895,0.37917947998071816,0.9989999999999785,0.2663881370908694,0.37917947998071805,0.7025383786707434,Crescente
3302254,RJ,2019,31805,Itatiaia,4474511000,42807332,3397,5.4,4.2,0.6,2.6,140685.77,12601.51,0.06032361546480155,0.06032361546480126,0.09759935073937905,0.9939999999999994,0.06032361546480149,0.09759935073937885,0.6180739421708303,Crescente
3302270,RJ,2019,104768,Japeri,1437700000,55622265,10855,4.5,3.9,1.4,1.9,13722.7,5124.11,0.44808669058356576,0.448086690583541,0.471448132307217,0.9860000000000021,0.44808669058356615,0.47144813230721677,0.9504474827181458,Crescente
3302304,RJ,2019,7355,Laje do Muriaé,151483000,9638449,583,5.3,3.7,0.0,3.0,20595.92,16532.5,0.267182572416874,0.2671825724168737,0.33073714525952375,1.0,0.26718257241687404,0.33073714525952286,0.8078396280744953,Crescente
3302403,RJ,2019,256672,Macaé,15102699000,473840230,25706,6.3,4.8,0.3,1.8,58840.46,18433.06,0.1366865163019277,0.13668651630192816,0.18304760696723527,0.9970000000000062,0.13668651630192785,0.18304760696723524,0.7467265951550736,Crescente
3302502,RJ,2019,245071,Magé,4256201000,164208884,27300,5.4,4.4,0.4,1.1,17367.22,6014.98,0.3937281524331136,0.39372815243311443,0.5348336640691915,0.9959999999999993,0.39372815243311354,0.5348336640691914,0.7361693529863089,Crescente
3302601,RJ,2019,44468,Mangaratiba,2473488000,69132051,4770,5.5,4.4,0.4,1.0,55624.0,14493.09,0.13290060317906882,0.13290060317906896,0.18903889453697695,0.9960000000000004,0.13290060317906907,0.18903889453697703,0.7030331165688911,Crescente
3302700,RJ,2019,161207,Maricá,37524886000,233729325,16364,5.4,5.1,0.3,0.2,232774.54,14283.14,0.04190665824648326,0.04190665824647305,0.08734645411674595,0.9979999999999972,0.04190665824648353,0.08734645411674584,0.4797751513813194,Crescente
3302809,RJ,2019,18614,Mendes,350314000,17774349,1358,5.4,5.0,0.2,0.7,18819.92,13088.62,0.3180666613891813,0.31806666138917505,0.3815855065105922,0.9980000000000077,0.3180666613891814,0.38158550651059236,0.8335396810474831,Crescente
3302858,RJ,2019,176103,Mesquita,2319747000,89983153,8440,4.8,4.3,1.5,2.0,13172.67,10661.51,0.3955575533218273,0.3955575533218217,0.41031479368993423,0.9849999999999967,0.3955575533218271,0.4103147936899341,0.9640343448614269,Crescente
3302908,RJ,2019,25538,Miguel Pereira,614767000,23464523,2315,6.4,5.4,0.2,0.3,24072.64,10135.86,0.31720348413045407,0.3172034841304545,0.41899746700088925,0.9979999999999952,0.31720348413045385,0.4189974670008892,0.757053464788084,Crescente
3303005,RJ,2019,27174,Miracema,570590000,21205551,2497,6.9,6.1,0.0,0.0,20997.64,8492.41,0.400884177285595,0.40088417728562115,0.7797621640968762,1.0,0.40088417728559383,0.779762164096876,0.5141108350004399,Crescente
3303104,RJ,2019,15317,Natividade,297785000,12122611,884,5.6,5.6,0.3,1.2,19441.47,13713.36,0.32721845965725466,0.32721845965725455,0.3784671618074303,0.9969999999999993,0.32721845965725466,0.37846716180743034,0.8645887746101161,Crescente
3303203,RJ,2019,162485,Nilópolis,2911667000,60414188,8164,5.0,4.4,0.8,1.8,17919.6,7400.07,0.35463206213763127,0.3546320621376401,0.405586676883277,0.9919999999999993,0.35463206213763115,0.405586676883277,0.8743681248674008,Decrescente
3303302,RJ,2019,513584,Niterói,46549869000,435814523,19812,5.5,4.1,0.8,1.0,90637.3,21997.5,0.08276221580376471,0.08276221580376412,0.11011945459707541,0.9920000000000505,0.08276221580376418,0.11011945459707527,0.7515676145199754,Crescente
3303401,RJ,2019,190631,Nova Friburgo,5359697000,123183443,10985,5.9,5.1,0.4,1.0,28115.56,11213.79,0.25590942725318244,0.2559094272531828,0.33071809778412625,0.9960000000000011,0.25590942725318233,0.33071809778412625,0.7737992839455233,Decrescente
3303500,RJ,2019,821128,Nova Iguaçu,17423436000,347358526,48864,4.6,3.8,1.5,2.8,21218.9,7108.68,0.293579797624359,0.2935797976243583,0.29388224584709727,0.9849999999999994,0.29388224584709727,0.29357979762435876,0.9989708523498366,Crescente
3303609,RJ,2019,52257,Paracambi,986925000,29350734,3847,5.4,4.6,0.6,2.1,18885.99,7629.51,0.3513344647477238,0.3513344647477205,0.432852052812194,0.9940000000000038,0.3513344647477237,0.4328520528121943,0.8116733245577581,Crescente
3303708,RJ,2019,44285,Paraíba do Sul,1005739000,33391010,4135,5.8,5.0,0.1,0.5,22710.6,8075.21,0.32162520403516764,0.32162520403516764,0.467901083649973,0.9990000000000006,0.3216252040351678,0.4679010836499735,0.6873786261110024,Crescente
3303807,RJ,2019,43165,Paraty,2760234000,49417721,4140,5.2,4.1,0.1,0.9,63946.11,11936.65,0.11691552850740947,0.11691552850741001,0.20527639709805084,0.998999999999997,0.11691552850740954,0.20527639709805073,0.5695517368787627,Crescente
3303856,RJ,2019,27769,Paty do Alferes,557462000,25091839,2837,6.3,5.0,0.0,0.0,20074.98,8844.5,0.36641344047113783,0.36641344047114227,0.6888718574092162,1.0,0.3664134404711377,0.6888718574092162,0.5319036284181867,Decrescente
3303906,RJ,2019,306191,Petrópolis,13662993000,190084117,26209,5.4,4.2,0.5,1.6,44622.45,7252.63,0.17741449598786888,0.1774144959878675,0.2653911707902683,0.9950000000000032,0.17741449598786876,0.26539117079026864,0.6685018776607112,Crescente
3303955,RJ,2019,25156,Pinheiral,716240000,19931416,2350,5.2,4.4,0.2,2.2,28471.94,8481.45,0.24077326291085663,0.24077326291085777,0.36644236522027107,0.9979999999999961,0.24077326291085654,0.3664423652202711,0.6570562952406612,Crescente
3304003,RJ,2019,29277,Piraí,2231565000,38162428,3307,5.9,4.9,0.3,0.4,76222.46,11539.89,0.11440395026439526,0.1144039502643948,0.17743580995285502,0.9969999999999962,0.11440395026439534,0.17743580995285427,0.6447624653377048,Crescente
3304102,RJ,2019,18847,Porciúncula,348627000,14887099,1484,4.8,5.6,0.0,0.2,18497.74,10031.74,0.3785871593488918,0.37858715934889176,0.5354764858691468,1.0,0.37858715934889176,0.5354764858691469,0.7070098675470249,Crescente
3304110,RJ,2019,19683,Porto Real,2424736000,31325237,2394,5.8,4.9,0.0,0.0,123189.35,13084.89,0.07272584088440953,0.07272584088440767,0.4319192922953798,1.0,0.07272584088440902,0.4319192922953798,0.16837831090599673,Decrescente
3304128,RJ,2019,14302,Quatis,277991000,18484253,1568,5.7,4.4,0.1,0.5,19437.21,11788.43,0.3221319399371266,0.3221319399371303,0.4032696698766783,0.9989999999999997,0.3221319399371267,0.4032696698766782,0.7988003165118667,Crescente
3304144,RJ,2019,150319,Queimados,3877125000,88073789,11396,5.3,4.4,0.7,0.8,25792.65,7728.48,0.2694948692894119,0.26949486928941385,0.3663278605964077,0.992999999999997,0.2694948692894118,0.3663278605964077,0.7356657745077188,Decrescente
3304151,RJ,2019,24700,Quissamã,3822545000,52605462,2711,6.1,5.2,0.1,0.0,154758.91,19404.45,0.0598877881525887,0.05988778815258852,0.30263666814770546,1.0,0.05988778815258624,0.3026366681477054,0.1978867548309108,Crescente
3304201,RJ,2019,131341,Resende,8565370000,111086816,9683,5.8,5.1,0.2,0.5,65214.75,11472.36,0.13204648938803798,0.13204648938800914,0.20784084861160115,0.9979999999999988,0.1320464893880377,0.2078408486116012,0.6353250107961091,Crescente
3304300,RJ,2019,60201,Rio Bonito,1555794000,49737295,5367,5.5,4.4,0.5,1.0,25843.32,9267.24,0.266132936339563,0.2661329363395628,0.34432195945052135,0.995000000000001,0.266132936339563,0.3443219594505212,0.7729188599073535,Crescente
3304409,RJ,2019,18529,Rio Claro,390420000,16443132,1737,5.3,4.3,0.0,1.2,21070.75,9466.4,0.3053756218456797,0.3053756218456759,0.4981996474750418,1.0,0.3053756218456797,0.4981996474750418,0.6129583258305658,Decrescente
3304508,RJ,2019,9284,Rio das Flores,218301000,14923309,1209,5.4,4.7,0.5,0.6,23513.68,12343.51,0.2673863363026585,0.26738633630265984,0.32816295366695386,0.9950000000000042,0.2673863363026584,0.32816295366695386,0.8147974453387681,Decrescente
3304524,RJ,2019,150674,Rio das Ostras,7745325000,147759907,16219,6.6,5.4,0.2,0.7,51404.52,9110.3,0.18501720469200203,0.18501720469199504,0.2740058101397739,0.9980000000000134,0.18501720469200195,0.2740058101397741,0.6752309544006472,Crescente
3304557,RJ,2019,6718903,Rio de Janeiro,354932611000,4399353974,458176,5.8,4.9,0.4,1.3,52825.98,9601.89,0.1584954847416979,0.15849548474169795,0.23368613060496937,0.9959999999999913,0.15849548474169917,0.2336861306049693,0.6782408709125481,Crescente
3304607,RJ,2019,10404,Santa Maria Madalena,189002000,14911879,954,5.4,4.9,0.2,1.7,18166.28,15630.9,0.30238028839550574,0.30238028839550696,0.3465256828107126,0.9980000000000003,0.3023802883955056,0.3465256828107126,0.8726057068638085,Decrescente
3304706,RJ,2019,42479,Santo Antônio de Pádua,1158143000,31423065,3550,6.1,5.2,0.2,0.4,27263.9,8851.57,0.2875094222298575,0.2875094222298579,0.40330211490451523,0.9980000000000012,0.2875094222298574,0.4033021149045148,0.7128884565803169,Crescente
3304755,RJ,2019,42205,São Francisco de Itabapoana,1013581000,47839545,6190,5.3,4.8,0.9,1.1,24015.66,7728.52,0.2982674146167259,0.29826741461672845,0.3689694724146494,0.9910000000000002,0.2982674146167261,0.36896947241464934,0.8083796544596832,Crescente
3304805,RJ,2019,38669,São Fidélis,751081000,27010397,2845,4.9,4.1,0.5,0.6,19423.34,9493.99,0.31128500311793794,0.3112850031179355,0.3902622536629945,0.9949999999999937,0.31128500311793794,0.3902622536629945,0.7976303119151865,Decrescente
3304904,RJ,2019,1084839,São Gonçalo,18368097000,250667546,31319,4.6,3.7,1.8,2.5,16931.63,8003.69,0.34439365062480115,0.34439365062479965,0.34450674091595573,0.9819999999999999,0.3445067409159558,0.3443936506248009,0.999671732718919,Crescente
3305000,RJ,2019,36102,São João da Barra,7968880000,69088751,4900,5.5,4.5,0.4,2.6,220732.37,14099.75,0.040428266433667814,0.04042826643366777,0.08648155004834206,0.995999999999996,0.04042826643366794,0.0864815500483417,0.46747851317499445,Crescente
3305109,RJ,2019,472406,São João de Meriti,9746519000,106024340,18429,4.9,3.6,2.0,2.8,20631.66,5753.12,0.32156493889213933,0.3215649388921392,0.32248030133887523,0.9800000000000009,0.3224803013388756,0.3215649388921393,0.9971614934526682,Crescente
3305208,RJ,2019,104476,São Pedro da Aldeia,2437962000,82082709,9535,5.3,4.2,0.9,2.2,23335.14,8608.57,0.2857400241746566,0.2857400241746544,0.3162815942069152,0.9910000000000027,0.2857400241746567,0.31628159420691554,0.9034355125569592,Crescente
3305406,RJ,2019,18228,Sapucaia,753960000,15817134,1792,5.1,4.6,0.0,0.0,41362.74,8826.53,0.182931119026962,0.1829311190269713,0.5803281211790374,1.0,0.18293111902696263,0.5803281211790376,0.315220152790986,Crescente
3305505,RJ,2019,89170,Saquarema,10711481000,101873074,9744,6.0,4.4,0.4,0.5,120124.27,10454.95,0.07848134757318267,0.07848134757318682,0.12796529083543856,0.9959999999999996,0.07848134757318315,0.12796529083543867,0.6133018341208516,Crescente
3305554,RJ,2019,82312,Seropédica,4159296000,85023361,9979,4.9,4.2,0.8,0.7,50530.86,8520.23,0.1434840164467871,0.1434840164468887,0.23379239709402982,0.9930000000000826,0.14348401644678724,0.23379239709402974,0.6137240484731363,Crescente
3305604,RJ,2019,21774,Silva Jardim,494821000,29713684,2895,5.2,3.8,0.2,1.0,22725.31,10263.79,0.2795544531664727,0.27955445316647287,0.37526828730658296,0.9979999999999963,0.2795544531664728,0.3752682873065834,0.7449455832597043,Crescente
3305752,RJ,2019,34309,Tanguá,579270000,29788684,3617,4.9,4.0,0.3,1.8,16883.91,8235.74,0.3568956748987082,0.3568956748987018,0.45814880541128056,0.9970000000000087,0.3568956748987082,0.45814880541128056,0.7789951009002909,Decrescente
3306008,RJ,2019,81804,Três Rios,4365979000,74690381,6174,6.0,4.8,0.7,2.4,53371.22,12097.57,0.15487868677197494,0.15487868677197514,0.19643320886133428,0.9930000000000002,0.1548786867719748,0.19643320886133434,0.7884547000467044,Crescente
3306107,RJ,2019,76523,Valença,2051662000,50132375,6476,5.0,4.3,0.2,1.0,26811.05,7741.26,0.2510004750129089,0.2510004750129096,0.3896831709654805,0.9980000000000003,0.25100047501290895,0.3896831709654806,0.6441142284667546,Crescente
3306156,RJ,2019,11000,Varre-Sai,203016000,10472417,1075,5.3,4.8,0.0,0.0,18456.0,9741.78,0.34375207475852443,0.34375207475852515,0.5439178319715219,1.0,0.3437520747585246,0.5439178319715219,0.631992655053314,Decrescente
3306206,RJ,2019,36896,Vassouras,1090969000,25205530,2464,5.2,3.7,0.3,0.3,29568.76,10229.52,0.22681520036962352,0.22681520036962172,0.3313642855490097,0.9970000000000011,0.2268152003696235,0.3313642855490102,0.6844889756113349,Crescente
3306305,RJ,2019,273012,Volta Redonda,11017493000,230332468,24860,6.2,5.1,0.3,1.2,40355.34,9265.18,0.21178547306588968,0.21178547306589138,0.30211331079997206,0.9970000000000031,0.21178547306588966,0.302113310799972,0.7010133797319243,Crescente
3500204,SP,2019,3562,Adolfo,112493000,6989551,496,6.4,4.9,0.0,0.0,31581.41,14091.84,0.2344474416003063,0.23444744160030517,0.4386190366704408,1.0,0.23444744160030614,0.4386190366704408,0.5345126909675375,Decrescente
3500303,SP,2019,36305,Aguaí,1046725000,31580862,2526,6.2,5.9,0.0,0.4,28831.43,12502.32,0.2759525537422128,0.2759525537422128,0.4436004912782793,1.0,0.2759525537422128,0.4436004912782793,0.622074499843379,Decrescente
3500501,SP,2019,18705,Águas de Lindóia,530696000,26257281,1511,6.5,5.1,0.0,0.4,28371.88,17377.42,0.2393261178078946,0.2393261178078938,0.31511366399768076,1.0,0.2393261178078946,0.31511366399768076,0.7594913999338856,Decrescente
3500600,SP,2019,3451,Águas de São Pedro,146025000,7513617,499,7.4,6.3,0.0,0.0,42313.82,15057.35,0.21901079568500828,0.21901079568500145,0.46908458090477684,1.0,0.2190107956850075,0.46908458090477684,0.46688977766563383,Decrescente
3501004,SP,2019,16184,Altinópolis,536419000,18581254,1260,6.6,4.9,0.0,1.2,33145.02,14747.03,0.22939250556292506,0.22939250556292504,0.36125923079324956,1.0,0.22939250556292515,0.36125923079324956,0.6349803299398805,Decrescente
3501152,SP,2019,18628,Alumínio,2306521000,23528414,2056,6.7,5.2,0.0,0.9,123820.11,11443.78,0.0845516544314704,0.08455165443147143,0.4696461433943854,1.0,0.08455165443147081,0.46964614339438476,0.18003268124458577,Crescente
3501301,SP,2019,24915,Álvares Machado,547949000,23280426,2438,5.9,5.0,0.1,1.0,21992.74,9548.99,0.31809806595973344,0.3180980659597023,0.4416418258094475,0.9989999999999912,0.31809806595973356,0.4416418258094474,0.7202625461859703,Crescente
3501608,SP,2019,239597,Americana,11861436000,152205556,6824,6.8,5.9,0.0,0.1,49505.78,22304.45,0.16090761029704653,0.160907610297051,0.24865151546522973,1.0,0.1609076102970466,0.2486515154652298,0.6471209716779188,Crescente
3501707,SP,2019,40504,Américo Brasiliense,952230000,37723886,3315,6.9,5.3,0.0,0.0,23509.53,11379.75,0.33015656327936654,0.33015656327936915,0.5819161229376826,1.0,0.3301565632793668,0.5819161229376578,0.5673610856709722,Crescente
3501806,SP,2019,5969,Américo de Campos,102165000,7833361,585,6.3,6.0,0.0,0.0,17115.93,13390.36,0.3759031613561169,0.3759031613561154,0.47477390984478995,1.0,0.3759031613561169,0.4747739098447897,0.7917519340500508,Crescente
3502002,SP,2019,4995,Analândia,177620000,7758968,542,6.2,4.9,0.0,1.6,35559.56,14315.44,0.209112204171336,0.20911220417133627,0.3590106207004671,1.0,0.20911220417133602,0.3590106207004671,0.5824680165821733,Decrescente
3502200,SP,2019,25228,Angatuba,1062935000,31326924,2397,7.0,5.6,0.0,0.0,42133.15,13069.22,0.2135816079496926,0.2135816079496698,0.5134416700350246,1.0,0.21358160794969244,0.5134416700350248,0.4159802766595143,Crescente
3502309,SP,2019,6724,Anhembi,147839000,11704165,878,6.1,4.4,0.0,0.0,21986.76,13330.48,0.2973338811997488,0.297333881199747,0.443816190950587,1.0,0.2973338811997488,0.44381619095058705,0.6699482516915498,Crescente
3502507,SP,2019,36157,Aparecida,1143490000,41125865,3781,6.7,5.6,0.2,0.7,31625.69,10876.98,0.2669968936005726,0.26699689360057227,0.3561464979015864,0.997999999999999,0.26699689360057266,0.35614649790158664,0.7496827714822892,Crescente
3502754,SP,2019,22364,Araçariguama,3451347000,34312943,2967,6.3,4.9,0.0,0.3,154326.02,11564.86,0.06495331228963876,0.06495331228964325,0.44846383169112036,1.0,0.06495331228964482,0.4484638316911199,0.1448351186866177,Crescente
3502903,SP,2019,34146,Araçoiaba da Serra,853567000,35960651,3806,6.5,5.2,0.1,0.0,24997.57,9448.41,0.3176156686844077,0.3176156686844056,0.6588819353378024,1.0,0.31761566868440766,0.6588819353378023,0.4820524765511582,Crescente
3503158,SP,2019,2469,Arapeí,33932000,5206645,330,5.3,4.9,0.0,0.6,13743.22,15777.71,0.3582307021016397,0.35823070210163893,0.4364550908253884,1.0,0.3582307021016396,0.43645509082538825,0.8207733387281219,Crescente
3503208,SP,2019,236072,Araraquara,10030033000,173167327,7363,6.3,5.2,0.2,1.3,42487.18,23518.58,0.161190825686173,0.1611908256861729,0.2015553387605259,0.9980000000000012,0.16119082568617302,0.20155533876052584,0.7997348354919478,Crescente
3503307,SP,2019,134236,Araras,5936326000,110359238,5725,7.0,5.6,0.0,0.3,44223.05,19276.72,0.18511791085492663,0.18511791085489665,0.28612784895830773,1.0,0.18511791085492682,0.2861278489583078,0.6469762084637226,Crescente
3503505,SP,2019,3886,Areias,46256000,4991187,489,6.2,4.5,0.4,0.0,11903.24,10206.93,0.49951785203099597,0.4995178520309953,0.5973387481146508,1.0,0.49951785203099613,0.5973387481146507,0.8362388236282983,Crescente
3503604,SP,2019,11129,Areiópolis,141894000,11883341,1336,6.4,5.2,0.0,0.2,12749.93,8894.72,0.5074148763222258,0.5074148763222344,0.637849172706246,1.0,0.5074148763222259,0.6378491727062461,0.7955091862381545,Crescente
3504602,SP,2019,17502,Bady Bassitt,389811000,17908704,1750,6.9,5.5,0.0,0.0,22272.37,10233.55,0.356183763523692,0.3561837635236949,0.6470931397218853,1.0,0.35618376352369185,0.6470931397218853,0.5504366244352035,Decrescente
3504909,SP,2019,10945,Bananal,186942000,11412846,1173,5.5,4.3,0.0,1.4,17080.13,9729.62,0.3642050502252782,0.364205050225282,0.49810973853510554,1.0,0.36420505022527844,0.49810973853510554,0.7311743217395658,Decrescente
3505203,SP,2019,35264,Bariri,1222200000,42129802,2374,6.8,5.5,0.0,0.7,34658.58,17746.34,0.2181279672046151,0.21812796720462094,0.3055026316090134,1.0,0.21812796720461516,0.30550263160901353,0.7139970155274419,Crescente
3505500,SP,2019,122098,Barretos,4837986000,101044780,7027,6.7,5.1,0.0,0.0,39623.79,14379.5,0.20730079841807453,0.20730079841807736,0.448250336540741,1.0,0.20730079841807472,0.4482503365407413,0.4624665761946019,Crescente
3505609,SP,2019,32812,Barrinha,502307000,33812419,4333,6.3,5.8,0.2,0.9,15308.64,7803.47,0.48358326265668305,0.48358326265668355,0.6102594479786231,0.9979999999999872,0.4835832626566833,0.6102594479786231,0.7924224102690542,Decrescente
3505708,SP,2019,274182,Barueri,52744931000,880542478,48644,6.7,5.8,0.0,0.1,192371.97,18101.77,0.05532091396151976,0.055320913961500164,0.3031716690425274,1.0,0.05532091396152022,0.3031716690425273,0.18247389057240576,Crescente
3505906,SP,2019,62508,Batatais,1906258000,39707693,2534,6.4,5.3,0.0,0.3,30496.22,15669.97,0.23423159184431228,0.23423159184433553,0.3339794433009514,1.0,0.23423159184431228,0.3339794433009515,0.7013353562400079,Crescente
3506003,SP,2019,376818,Bauru,15335140000,214842003,8489,6.1,5.0,0.0,0.2,40696.41,25308.28,0.15942093266678045,0.1594209326667799,0.20983820241641418,1.0,0.15942093266678056,0.20983820241641418,0.7597326455857499,Decrescente
3506706,SP,2019,14923,Boa Esperança do Sul,331557000,18853189,1568,5.4,4.4,0.0,0.2,22217.85,12023.72,0.281370065754807,0.2813700657548058,0.39614890994036744,1.0,0.2813700657548069,0.3961489099403673,0.7102633850416548,Crescente
3506904,SP,2019,11730,Bofete,181507000,11831541,1172,5.7,5.0,0.4,0.7,15473.74,10095.17,0.39630921919266193,0.39630921919267603,0.45449270028040767,0.9959999999999971,0.3963092191926618,0.4544927002804077,0.8719814838569501,Crescente
3507001,SP,2019,60997,Boituva,2854010000,74114232,6281,6.8,5.4,0.0,0.0,46789.35,11799.75,0.19558897976769754,0.195588979767708,0.5537268041393807,1.0,0.1955889797676972,0.5537268041393806,0.3532228859169785,Crescente
3507506,SP,2019,146497,Botucatu,5139636000,104779352,8744,6.6,5.2,0.0,0.4,35083.56,11983.0,0.23550467945479625,0.2355046794547958,0.44458822617760496,1.0,0.23550467945479656,0.4445882261776049,0.5297141615277873,Crescente
3507803,SP,2019,24939,Brodowski,709509000,24613276,2397,6.1,5.0,0.2,1.9,28449.78,10268.37,0.2665892370661872,0.2665892370661867,0.3656801695265435,0.9979999999999952,0.26658923706618726,0.36568016952654386,0.729022953066741,Crescente
3507902,SP,2019,24403,Brotas,962269000,25173654,1369,6.3,5.9,0.0,0.0,39432.41,18388.35,0.19687631082421955,0.19687631082421914,0.34093170015644875,1.0,0.19687631082421972,0.34093170015644875,0.5774655473042718,Decrescente
3508009,SP,2019,19878,Buri,468009000,23024695,3039,6.4,5.0,0.1,0.0,23544.07,7576.41,0.34543261485505705,0.34543261485505694,0.8100359568463038,1.0,0.34543261485505716,0.8100359568463035,0.42644108812147385,Crescente
3508504,SP,2019,94263,Caçapava,4479062000,74277748,5688,6.1,5.1,0.3,0.5,47516.65,13058.68,0.17104348149071852,0.17104348149072165,0.23936476608654594,0.9969999999999976,0.17104348149071844,0.23936476608654586,0.7145725090921492,Crescente
3509205,SP,2019,76801,Cajamar,19461581000,122915365,9612,5.9,5.1,0.3,0.6,253402.7,12787.7,0.04680737479504847,0.04680737479509479,0.09648090145447745,0.9970000000000007,0.046807374795049796,0.09648090145447716,0.4851465325200509,Crescente
3509304,SP,2019,10542,Cajobi,157030000,9585746,960,7.1,6.0,0.0,0.0,14895.66,9985.15,0.48148931370513476,0.48148931370513465,0.6808615079108489,1.0,0.48148931370513476,0.6808615079107492,0.7071765815966503,Crescente
3509452,SP,2019,6024,Campina do Monte Alegre,118264000,7193116,778,6.1,5.1,0.0,0.3,19632.14,9245.65,0.3580653956365846,0.35806539563658224,0.5507853500216134,1.0,0.35806539563658496,0.5507853500216136,0.6500997087568392,Crescente
3509502,SP,2019,1204073,Campinas,65837258000,876069653,18894,6.0,5.1,0.2,0.5,54678.79,46367.61,0.10677070678002565,0.10677070678003082,0.12008514087125571,0.997999999999999,0.10677070678002565,0.1200851408712557,0.8891250491557104,Crescente
3509601,SP,2019,84650,Campo Limpo Paulista,2145809000,80506444,7524,6.3,5.3,0.0,0.2,25349.19,10699.95,0.29633431410081434,0.29633431410081323,0.48574866897402136,1.0,0.2963343141008144,0.48574866897402136,0.6100568730877218,Decrescente
3509700,SP,2019,52088,Campos do Jordão,1317807000,76287508,5593,6.8,5.7,0.0,0.9,25299.63,13639.82,0.29495429704720816,0.2949542970472084,0.39808827044206657,1.0,0.29495429704720827,0.39808827044206657,0.7409268721222787,Decrescente
3509957,SP,2019,5138,Canas,108917000,6997812,680,5.8,4.8,0.2,0.0,21198.33,10290.9,0.31588875134911043,0.31588875134910893,0.5435128847848065,1.0,0.31588875134911026,0.5435128847848064,0.5811982755002773,Crescente
3510104,SP,2019,2793,Cândido Rodrigues,107732000,4301965,248,6.9,5.2,0.0,0.0,38572.14,17346.63,0.20555248815817379,0.20555248815817237,0.3817490774864564,1.0,0.2055524881581739,0.3817490774864564,0.5384492072949837,Decrescente
3510203,SP,2019,47138,Capão Bonito,948371000,48541528,4874,6.7,5.4,0.0,0.0,20119.03,9959.28,0.3745394288796373,0.3745394288796376,0.6471969574393677,1.0,0.3745394288796371,0.6471969574393677,0.578710119963328,Decrescente
3510302,SP,2019,20706,Capela do Alto,311625000,26702098,2619,6.4,5.3,0.0,0.0,15049.99,10195.53,0.43389573635392764,0.4338957363539092,0.6062410964133461,1.0,0.4338957363539276,0.6062410964133461,0.7157148186108612,Decrescente
3510401,SP,2019,55768,Capivari,2182307000,47695047,4507,6.4,5.4,0.0,0.2,39131.89,10582.44,0.21877732415732032,0.21877732415731416,0.496631962116166,1.0,0.21877732415732018,0.496631962116166,0.44052203814088514,Decrescente
3510500,SP,2019,121532,Caraguatatuba,4037433000,225364717,13077,6.7,5.7,0.0,0.0,33221.15,17233.67,0.22491477745342858,0.22491477745342792,0.37401294757796316,1.0,0.22491477745342855,0.37401294757796316,0.6013555918583406,Decrescente
3510708,SP,2019,12326,Cardoso,257099000,10610971,862,6.6,5.7,0.0,0.0,20858.27,12309.71,0.33771330210448985,0.3377133021044916,0.5164535615727922,1.0,0.3377133021044898,0.5164535615727922,0.6539083612397364,Decrescente
3510906,SP,2019,2523,Cássia dos Coqueiros,178934000,5239901,338,5.1,5.0,0.0,0.0,70921.13,15502.67,0.11466724930353273,0.11466724930353207,0.3531760750154703,1.0,0.11466724930353277,0.3531760750154703,0.32467445394909583,Decrescente
3511102,SP,2019,121862,Catanduva,4365998000,97021633,6275,6.7,5.0,0.0,0.1,35827.39,15461.61,0.21756202900521845,0.21756202900522367,0.34760462480028953,1.0,0.21756202900521845,0.34760462480028953,0.625889339447699,Decrescente
3511300,SP,2019,9237,Cedral,370510000,14199468,1200,6.9,6.5,0.0,0.5,40111.51,11832.89,0.24504177683248413,0.24504177683248388,0.4981525322763043,1.0,0.24504177683248402,0.4981525322763043,0.4919010964628997,Decrescente
3511508,SP,2019,48949,Cerquilho,1935492000,48905642,4272,7.4,6.3,0.0,0.0,39540.99,11447.95,0.24684410006596344,0.24684410006595434,0.6169812686365427,1.0,0.24684410006596305,0.6169812686365427,0.4000836210335208,Decrescente
3511607,SP,2019,18148,Cesário Lange,462470000,22619088,2495,6.4,5.1,0.0,0.0,25483.25,9065.77,0.3118566843556757,0.31185668435567354,0.6817897746925196,1.0,0.31185668435567554,0.6817897746925198,0.4574088611057858,Crescente
3511706,SP,2019,17190,Charqueada,376524000,17887293,1475,6.6,5.3,0.0,0.2,21903.66,12126.98,0.32590514664016784,0.32590514664017556,0.4414049735379681,1.0,0.3259051466401679,0.4414049735379682,0.7383359186643479,Crescente
3512001,SP,2019,18468,Colina,965665000,24363463,1929,6.6,4.8,0.0,0.4,52288.55,12630.1,0.17105994400398067,0.17105994400398167,0.42180986011872496,1.0,0.17105994400398167,0.42180986011872496,0.4055380401867163,Decrescente
3512100,SP,2019,6210,Colômbia,308737000,13498767,957,6.8,6.0,0.0,0.7,49716.1,14105.29,0.1843151755200959,0.18431517552009605,0.39730673844386555,1.0,0.18431517552009588,0.3973067384438653,0.4639115264996628,Crescente
3512209,SP,2019,28050,Conchal,715468000,26192246,2165,6.6,5.8,0.0,1.4,25506.88,12098.04,0.2989067785586839,0.2989067785586838,0.45362255568087495,1.0,0.2989067785586839,0.45362255568087473,0.6589327951517602,Crescente
3512308,SP,2019,17896,Conchas,380967000,19013960,1620,6.9,5.4,0.0,0.0,21287.83,11737.01,0.34945155144917683,0.3494515514491729,0.5642033192439094,1.0,0.3494515514491768,0.5642033192439094,0.6193716689180027,Decrescente
3512704,SP,2019,4055,Corumbataí,241496000,7852599,569,6.0,5.3,0.0,0.0,59555.12,13800.7,0.14246216734962172,0.14246216734962114,0.4223018190589036,1.0,0.1424621673496218,0.42230181905898684,0.33734680013242085,Crescente
3512803,SP,2019,72252,Cosmópolis,1737397000,60300525,6195,6.6,5.8,0.1,0.5,24046.35,9733.74,0.33299307943858864,0.3329930794385887,0.449874766464053,0.9990000000000017,0.3329930794385888,0.44987476646405294,0.7401906136142363,Crescente
3512902,SP,2019,7307,Cosmorama,345132000,9606226,706,6.9,5.6,0.0,0.0,47233.06,13606.55,0.19153549812254383,0.191535498122521,0.48668178193612166,1.0,0.191535498122544,0.4866817819361218,0.39355386873241005,Crescente
3513009,SP,2019,249210,Cotia,13381293000,236415724,19340,6.0,4.5,0.2,1.9,53694.85,12224.18,0.1536649664362694,0.15366496643626945,0.22883248906653836,0.9979999999999972,0.15366496643626948,0.22883248906653836,0.671517261657665,Decrescente
3513108,SP,2019,35292,Cravinhos,1242303000,28690089,2426,5.8,5.3,0.4,0.2,35200.7,11826.09,0.2206162234997318,0.22061622349973112,0.3152735419282481,0.9979999999999999,0.22061622349973184,0.3152735419282481,0.6997612998236973,Decrescente
3513207,SP,2019,8631,Cristais Paulista,206687000,11806506,1052,6.3,4.7,0.0,0.9,23947.05,11222.91,0.2987151018218003,0.2987151018217992,0.46212804242130173,1.0,0.2987151018218002,0.46212804242130173,0.6463903386098239,Decrescente
3513405,SP,2019,82238,Cruzeiro,2420874000,54682912,4812,6.0,5.1,0.4,1.8,29437.41,11363.86,0.25015256798014185,0.25015256798014185,0.3225558215430461,0.9960000000000002,0.25015256798014185,0.3225558215430461,0.775532640469669,Decrescente
3513504,SP,2019,130705,Cubatão,15153099000,186381785,9856,6.0,5.0,0.2,0.3,115933.58,18910.49,0.07572386388992423,0.0757238638899237,0.11831083208207743,0.997999999999997,0.0757238638899244,0.11831083208207764,0.6400416813685433,Crescente
3513702,SP,2019,33718,Descalvado,1629218000,33825161,2769,6.4,5.5,0.1,1.0,48318.94,12215.66,0.18026411441920873,0.18026411441920884,0.26640975175816045,0.9990000000000019,0.1802641144192088,0.26640975175816045,0.6766423272029757,Decrescente
3513900,SP,2019,11146,Divinolândia,311555000,9226434,841,6.4,4.5,0.1,2.3,27952.18,10970.79,0.2745048223236574,0.2745048223236574,0.3714387675411997,0.9990000000000003,0.27450482232365714,0.37143876754119964,0.7390311575196834,Crescente
3514106,SP,2019,27315,Dois Córregos,686124000,23627287,2142,6.7,6.1,0.0,0.0,25118.95,11030.48,0.3260753453866786,0.32607534538668204,0.584345895580958,1.0,0.32607534538667865,0.5843458955809019,0.5580176875589993,Crescente
3514304,SP,2019,8873,Dourado,471329000,10547390,656,6.3,5.6,0.0,1.0,53119.46,16078.34,0.1583503327514542,0.15835033275145408,0.3340992218322564,1.0,0.15835033275145416,0.3340992218322564,0.4739619921382465,Decrescente
3514601,SP,2019,9868,Dumont,256472000,12032278,1052,6.8,5.3,0.0,0.5,25990.27,11437.53,0.3040977148243933,0.30409771482439174,0.4740143694859738,1.0,0.30409771482439363,0.47401436948597386,0.641536911959357,Crescente
3514908,SP,2019,17772,Elias Fausto,742914000,23131752,2262,6.7,5.2,0.0,0.0,41802.5,10226.24,0.21661701767967767,0.21661701767965444,0.6303016274099619,1.0,0.21661701767967728,0.6303016274099619,0.343671994898381,Decrescente
3514924,SP,2019,3651,Elisiário,65008000,4150479,363,8.3,6.1,0.0,0.0,17805.53,11433.83,0.46925395868855824,0.46925395868856123,0.6871861834573046,1.0,0.4692539586885578,0.6871861834573045,0.6828629125336791,Crescente
3515004,SP,2019,273726,Embu das Artes,14698367000,189049607,13394,6.0,5.4,0.1,0.7,53697.37,14114.5,0.15647104431398726,0.15647104431398723,0.23390247847743728,0.9989999999999992,0.15647104431398726,0.23390247847743728,0.6689584707802948,Decrescente
3515103,SP,2019,69385,Embu-Guaçu,1248809000,43778238,2262,5.7,4.6,0.1,1.1,17998.26,19353.77,0.28769498386763487,0.2876949838676263,0.32771611151220403,0.9989999999999977,0.28769498386763487,0.32771611151220387,0.8778786692546278,Crescente
3515129,SP,2019,3214,Emilianópolis,61777000,4198878,265,7.4,5.7,0.0,0.8,19221.22,15844.82,0.35158250323687956,0.35158250323687634,0.4086434133661385,1.0,0.3515825032368795,0.4086434133661385,0.8603650315583743,Decrescente
3515608,SP,2019,5783,Fernando Prestes,204573000,7857810,633,6.8,5.8,0.0,0.0,35374.89,12413.6,0.24170686452610124,0.24170686452611775,0.5263451260830312,1.0,0.24170686452610168,0.5263451260829237,0.45921744602223574,Crescente
3515806,SP,2019,1464,Flora Rica,35381000,2722121,161,6.7,4.2,0.0,0.0,24167.35,16907.58,0.275946018554219,0.2759460185542207,0.38122639161174626,1.0,0.27594601855421913,0.3812263916117462,0.7238376582155721,Crescente
3516903,SP,2019,10869,General Salgado,235366000,9860229,950,6.2,5.0,0.0,0.0,21654.8,10379.19,0.32629070210151173,0.32629070210151223,0.5785138339311812,1.0,0.3262907021015118,0.5785138339310911,0.5640153838401151,Crescente
3517505,SP,2019,21454,Guapiaçu,622885000,20256971,2228,6.0,5.3,0.0,0.0,29033.51,9092.0,0.2725529591641191,0.2725529591641175,0.6410097574005507,1.0,0.2725529591641192,0.6410097574005508,0.425193151925467,Crescente
3517604,SP,2019,17157,Guapiara,341221000,18124093,1558,6.1,5.4,0.0,1.2,19888.15,11632.92,0.3312789253380418,0.3312789253380419,0.4619414293255884,1.0,0.33127892533804176,0.46194142932558846,0.717144867958028,Crescente
3517703,SP,2019,21220,Guará,489557000,25190718,2166,6.5,4.2,0.0,0.3,23070.55,11630.06,0.3112588716925947,0.31125887169259314,0.4540367191325057,1.0,0.3112588716925947,0.45403671913250565,0.6855367827679091,Crescente
3517901,SP,2019,11188,Guaraci,353523000,15572566,1269,6.4,4.7,0.0,0.9,31598.41,12271.53,0.24360509740310535,0.24360509740310554,0.4264706892410816,1.0,0.24360509740310451,0.4264706892410815,0.5712118172449518,Crescente
3518404,SP,2019,121798,Guaratinguetá,6478996000,84513763,8015,6.6,5.2,0.4,0.4,53194.6,10544.45,0.17488809538342795,0.174888095383405,0.2525663644086137,0.9960000000000004,0.17488809538342348,0.2525663644086133,0.6924441256971408,Crescente
3518602,SP,2019,40105,Guariba,880607000,44470617,4702,6.7,5.5,0.2,0.3,21957.54,9457.81,0.35967941688637756,0.35967941688643884,0.4669021670105041,0.9980000000000957,0.3596794168863775,0.4669021670105042,0.7703528539808334,Crescente
3518701,SP,2019,320459,Guarujá,9097210000,373892008,20623,6.1,5.4,0.0,0.0,28388.06,18129.86,0.22705518534772093,0.22705518534772098,0.32632810496838005,1.0,0.2270551853477211,0.32632810496838005,0.6957880179205579,Decrescente
3518859,SP,2019,7656,Guatapará,232225000,11908000,998,5.7,4.7,0.0,1.4,30332.42,11931.86,0.2288305924362683,0.22883059243626827,0.4110224941578271,1.0,0.22883059243626844,0.411022494157827,0.5567349614408219,Crescente
3519055,SP,2019,14930,Holambra,1070417000,20877651,1505,7.2,5.2,0.0,0.0,71695.71,13872.19,0.14217766504617513,0.1421776650461854,0.49644118402159304,1.0,0.1421776650461828,0.49644118402159343,0.2863937755816629,Crescente
3519071,SP,2019,230851,Hortolândia,14738378000,201315999,13773,7.0,5.2,0.0,0.0,63843.68,14616.71,0.15027550074800258,0.15027550074801307,0.45908293609553513,1.0,0.15027550074800225,0.4590829360955352,0.32733845876756845,Crescente
3519402,SP,2019,12393,Ibirá,245287000,13109693,1221,7.3,6.3,0.0,0.0,19792.38,10736.85,0.4052326258835715,0.4052326258835626,0.6496270853582399,1.0,0.40523262588357184,0.6496270853582399,0.6237926881698661,Decrescente
3519600,SP,2019,60033,Ibitinga,1522377000,43488605,2200,6.5,5.5,0.0,0.5,25359.0,19767.55,0.24870582736400018,0.24870582736400051,0.3020729568449401,1.0,0.24870582736400018,0.3020729568449401,0.8233303303998367,Decrescente
3519808,SP,2019,8243,Icém,168878000,9502802,764,6.2,4.8,0.0,0.0,20487.44,12438.22,0.3221853919565094,0.3221853919565174,0.4827463254389632,1.0,0.32218539195650736,0.48274632543896334,0.6674010240544969,Crescente
3520103,SP,2019,30432,Igarapava,1257340000,27545863,2423,6.1,4.6,0.0,0.0,41316.38,11368.49,0.19488179797902672,0.19488179797902624,0.5204106136472705,1.0,0.19488179797902652,0.5204106136472703,0.3744769858039748,Crescente
3520400,SP,2019,34970,Ilhabela,14965490000,107389632,4361,6.3,5.2,0.0,0.1,427952.24,24625.0,0.025493971841778124,0.025493971841772982,0.210616098622165,1.0,0.025493971841777582,0.210616098622165,0.1210447444832461,Decrescente
3520426,SP,2019,11166,Ilha Comprida,1045503000,20744730,1593,6.8,5.7,0.0,0.0,93632.72,13022.43,0.10868696939854995,0.10868696939855403,0.5017372224033294,1.0,0.10868696939854994,0.5017372224031067,0.2166213000461429,Crescente
3520905,SP,2019,14971,Ipaussu,389616000,17728251,1682,6.3,5.6,0.0,0.0,26024.71,10539.98,0.2974816210327637,0.29748162103276365,0.5780587005723468,1.0,0.29748162103276393,0.5780587005723508,0.5146218208258462,Crescente
3521002,SP,2019,37133,Iperó,684198000,39498270,4054,5.8,4.9,0.0,0.3,18425.61,9743.04,0.3558256291099382,0.35582562911014004,0.5096069181933867,1.0,0.35582562910993826,0.5096069181933868,0.6982354760241084,Crescente
3521309,SP,2019,16409,Ipuã,385725000,20252941,1547,6.1,5.1,0.0,0.5,23506.92,13091.75,0.28387992117407584,0.283879921174093,0.391172578756636,1.0,0.28387992117407584,0.39117257875663625,0.7257152893395649,Crescente
3521903,SP,2019,15262,Itajobi,600708000,17723348,1548,7.3,6.3,0.0,0.0,39359.72,11449.19,0.24487160227400448,0.2448716022739862,0.6092089109735225,1.0,0.24487160227400517,0.6092089109735226,0.4019501321520347,Crescente
3522109,SP,2019,101816,Itanhaém,2040287000,137173718,12974,6.3,5.4,0.0,0.0,20038.96,10572.97,0.3495812611782014,0.3495812611782002,0.5762550298409854,1.0,0.34958126117820143,0.5762550298409856,0.6066433142885824,Crescente
3522406,SP,2019,94354,Itapeva,2969803000,110843049,10634,7.0,5.6,0.0,0.2,31475.11,10423.46,0.2812470114766742,0.28124701147667897,0.5291531246410184,1.0,0.2812470114766735,0.5291531246410184,0.5315040172303137,Decrescente
3522703,SP,2019,43120,Itápolis,1336191000,31546861,853,7.8,6.9,0.0,0.0,30987.73,36983.42,0.19630079026861327,0.19630079026861394,0.20683664959478276,1.0,0.19630079026861338,0.20683664959478265,0.9490619319796058,Crescente
3523206,SP,2019,50503,Itararé,947263000,39386876,3446,6.6,4.9,0.2,1.1,18756.57,11429.74,0.3656422666612064,0.36564226666120575,0.43318802531944145,0.9980000000000001,0.36564226666120647,0.43318802531944145,0.8440728858826939,Decrescente
3523404,SP,2019,120858,Itatiba,6397776000,139284364,10682,7.5,6.3,0.1,0.1,52936.31,13039.17,0.19319166043303868,0.19319166043302924,0.28626825623989915,0.9990000000000003,0.19319166043304187,0.28626825623989915,0.6748623230901989,Decrescente
3523503,SP,2019,20697,Itatinga,401125000,23300384,1932,6.7,5.2,0.0,2.3,19380.83,12060.24,0.35604286745232305,0.3560428674523241,0.46277088758206947,1.0,0.35604286745232283,0.46277088758206947,0.7693717928381593,Decrescente
3523602,SP,2019,18157,Itirapina,721534000,18524515,1211,7.2,4.7,0.0,0.0,39738.61,15296.87,0.2177602126659686,0.21776021266597229,0.4502049392177466,1.0,0.21776021266596823,0.4502049392177489,0.48369130077590383,Crescente
3524105,SP,2019,41824,Ituverava,1587623000,36438176,3145,4.9,3.8,0.5,1.3,37959.62,11586.07,0.17357398048996076,0.17357398048995984,0.23727817665850356,0.9950000000000019,0.17357398048996078,0.23727817665850348,0.7315210481399331,Crescente
3524204,SP,2019,6929,Jaborandi,138203000,7844564,740,6.4,5.2,0.0,0.0,19945.59,10600.76,0.353060298918421,0.3530602989184279,0.5830666184041835,1.0,0.3530602989184208,0.5830666184041835,0.605523087369887,Decrescente
3524303,SP,2019,77263,Jaboticabal,2951774000,58967722,3856,6.5,5.5,0.0,1.0,38204.24,15292.46,0.20604281730094692,0.20604281730094703,0.3474698911596768,1.0,0.20604281730094703,0.3474698911596768,0.5929803489254317,Decrescente
3524709,SP,2019,57488,Jaguariúna,12010664000,103629347,6174,7.4,6.4,0.0,0.0,208924.71,16784.8,0.057041049478919185,0.05704104947895302,0.4208075588791266,1.0,0.05704104947891999,0.4208075588791265,0.13555138988200482,Crescente
3524907,SP,2019,6602,Jambeiro,256989000,9025018,787,6.2,4.7,0.3,0.9,38925.93,11467.62,0.2066232720940608,0.2066232720940605,0.2817145490617774,0.9969999999999993,0.20662327209406095,0.2817145490617774,0.7334490631818602,Decrescente
3525102,SP,2019,44380,Jardinópolis,1218616000,47861887,4503,5.6,4.5,0.4,1.4,27458.68,10628.89,0.24948602398289,0.24948602398289002,0.32730724657926846,0.9960000000000014,0.24948602398288988,0.32730724657926835,0.7622380090581604,Crescente
3525300,SP,2019,150252,Jaú,4909728000,99017722,6753,6.6,5.5,0.1,0.0,32676.62,14662.78,0.23570632396887223,0.23570632396887117,0.43058743359203594,1.0,0.23570632396887214,0.43058743359203594,0.5474064163985667,Decrescente
3525409,SP,2019,3159,Jeriquara,105027000,6370563,528,6.7,4.7,0.3,1.9,33246.91,12065.46,0.24658629606831237,0.2465862960683123,0.3129643945679016,0.9970000000000002,0.24658629606831237,0.31296439456790165,0.787905270849628,Crescente
3525508,SP,2019,13220,Joanópolis,212996000,12832733,1509,7.2,5.2,0.0,0.4,16111.65,8504.13,0.48366010248236346,0.4836601024824754,0.6596394088183695,1.0,0.48366010248236374,0.6596394088183696,0.7332189314594733,Crescente
3525706,SP,2019,37015,José Bonifácio,1263915000,34193409,1398,6.4,4.8,0.0,0.2,34146.02,24458.8,0.18798100522107944,0.1879810052210793,0.23403126510254596,1.0,0.18798100522107936,0.234031265102546,0.8032303083039414,Crescente
3526407,SP,2019,28516,Laranjal Paulista,1150212000,27346355,2840,6.5,4.8,0.0,0.0,40335.67,9629.0,0.21894143125304644,0.21894143125305382,0.6510719107455798,1.0,0.21894143125304663,0.65107191074558,0.33627841662271074,Crescente
3526506,SP,2019,11980,Lavínia,155684000,6226979,522,6.5,5.6,0.0,0.4,12995.33,11929.08,0.45949306035946447,0.4594930603594642,0.5272078899815766,1.0,0.4594930603594646,0.5272078899815767,0.8715595291556079,Crescente
3526605,SP,2019,7260,Lavrinhas,103337000,7492833,858,5.9,4.9,0.8,1.9,14233.75,8732.91,0.4460370440542639,0.4460370440542456,0.45563064989298635,0.9919999999999993,0.446037044054264,0.45563064989298635,0.9789443360735813,Decrescente
3526803,SP,2019,68432,Lençóis Paulista,3077313000,63468060,5047,6.7,5.5,0.0,0.6,44968.92,12575.4,0.1970086666777646,0.19700866667776476,0.42738418999443434,1.0,0.19700866667776457,0.4273841899944343,0.46096386176645926,Crescente
3527009,SP,2019,7980,Lindóia,196149000,9613567,750,6.5,5.2,0.0,0.0,24580.08,12818.09,0.292149837540477,0.2921498375404782,0.4890877992408815,1.0,0.2921498375404735,0.48908779924088164,0.5973361797082772,Crescente
3527207,SP,2019,88706,Lorena,2923506000,55885206,5758,5.9,5.0,0.1,1.4,32957.25,9705.66,0.2355514830341972,0.2355514830341827,0.35040761142600263,0.9989999999999917,0.2355514830341971,0.3504076114260025,0.6722213654994758,Crescente
3527405,SP,2019,21747,Lucélia,450828000,18678230,1483,7.3,5.9,0.0,0.0,20730.58,12594.9,0.3672086560988207,0.3672086560988201,0.5537915006414239,1.0,0.36720865609882086,0.5537915006414239,0.6630810615069113,Decrescente
3527603,SP,2019,14947,Luís Antônio,1434166000,20483538,1619,6.2,4.7,0.0,0.0,95950.09,12651.97,0.09704181607981888,0.09704181607980908,0.4745905183148227,1.0,0.09704181607981749,0.47459051831482235,0.2044748311120821,Crescente
3528403,SP,2019,47150,Mairinque,1956001000,64424006,6542,6.0,5.0,0.1,0.8,41484.64,9847.75,0.19865685522655552,0.19865685522655874,0.3032573753123665,0.9989999999999972,0.1986568552265555,0.30325737531236624,0.6550767479997196,Crescente
3529203,SP,2019,26461,Martinópolis,514053000,22456698,1425,7.2,4.8,0.0,0.0,19426.82,15759.09,0.3437936195491001,0.34379361954910226,0.43700026007669407,1.0,0.3437936195491001,0.4370002600766942,0.7867126200079696,Crescente
3529302,SP,2019,83170,Matão,3961591000,63010845,2592,7.4,6.0,0.1,0.0,47632.45,24309.74,0.17280242827368403,0.17280242827367828,0.28874788263396234,1.0,0.17280242827368397,0.28874788263396217,0.5984543564350249,Crescente
3529401,SP,2019,472912,Mauá,16284223000,181042739,2670,5.7,5.5,0.0,0.0,34433.94,67806.27,0.14879325602705792,0.14879325602704868,0.17460471654807175,1.0,0.14879325602705795,0.17460471654807175,0.8521720315962514,Decrescente
3529708,SP,2019,22226,Miguelópolis,837174000,19608402,2159,5.7,4.4,0.3,0.0,37666.43,9082.17,0.2063607847223356,0.20636078472233255,0.6048486943832169,1.0,0.20636078472233535,0.6048486943832168,0.34117753189955735,Crescente
3530508,SP,2019,68885,Mococa,2246444000,48829693,2353,6.1,5.9,0.1,0.0,32611.51,20752.1,0.21167269794782675,0.21167269794782548,0.30114453132799224,1.0,0.21167269794782698,0.30114453132799224,0.7028940456411044,Decrescente
3530607,SP,2019,445842,Mogi das Cruzes,16290277000,345963569,25745,6.9,6.0,0.1,0.0,36538.23,13438.09,0.23512494199015266,0.23512494199014106,0.48952457068652266,1.0,0.23512494199015457,0.4895245706865228,0.4803128506101481,Crescente
3530706,SP,2019,151888,Mogi Guaçu,5769692000,155373019,11598,7.0,5.9,0.1,0.7,37986.49,13396.54,0.2309828472608959,0.23098284726089588,0.30959218117342174,0.9989999999999997,0.23098284726089602,0.3095921811734219,0.7460874702501228,Crescente
3530805,SP,2019,93189,Mogi Mirim,4855243000,98485145,5451,6.6,5.8,0.0,0.1,52101.03,18067.35,0.16103704968783925,0.16103704968783747,0.30374923956916194,1.0,0.16103704968783905,0.30374923956916194,0.5301644537983182,Decrescente
3530904,SP,2019,3493,Mombuca,99338000,6870330,536,6.9,5.4,0.0,0.0,28439.16,12817.78,0.2799705312928648,0.2799705312928628,0.5166308050224538,1.0,0.2799705312928655,0.5166308050224538,0.5419160618591001,Decrescente
3531100,SP,2019,56702,Mongaguá,1119727000,87974052,7901,6.0,5.1,0.0,0.1,19747.58,11134.55,0.33382867287742723,0.33382867287743373,0.4605281906114905,1.0,0.33382867287742723,0.4605281906114905,0.724882167222312,Decrescente
3531209,SP,2019,8038,Monte Alegre do Sul,193283000,8356481,825,6.3,5.6,0.0,0.0,24046.16,10129.07,0.3179978451470307,0.31799784514703056,0.6015090371433941,1.0,0.31799784514703067,0.6015090371433938,0.5286667789019819,Crescente
3531308,SP,2019,50498,Monte Alto,2010940000,40681364,2691,6.4,5.3,0.0,0.2,39822.17,15117.56,0.1970812376478464,0.19708123764785182,0.34618336934944133,1.0,0.1970812376478451,0.3461833693494414,0.5692972427248821,Crescente
3531407,SP,2019,25087,Monte Aprazível,673475000,21802653,1871,6.9,5.3,0.0,0.0,26845.58,11652.94,0.29934250449448613,0.29934250449448824,0.5682737575239202,1.0,0.2993425044944862,0.5682737575238633,0.526757571559841,Crescente
3531506,SP,2019,19008,Monte Azul Paulista,565557000,20983519,1274,7.0,5.7,0.1,0.3,29753.63,16470.58,0.25450704514415595,0.2545070451441557,0.3162559710797105,0.9989999999999923,0.25450704514415584,0.3162559710797105,0.8047501657447249,Decrescente
3531803,SP,2019,59772,Monte Mor,3501214000,66608603,7493,6.6,5.5,0.1,0.0,58576.16,8889.44,0.1665485912265447,0.16654859122655044,0.7102369563805829,1.0,0.16654859122654497,0.7102369563805827,0.23449721917497499,Crescente
3531902,SP,2019,32968,Morro Agudo,1085442000,37491143,2808,6.2,4.7,0.0,1.0,32924.11,13351.55,0.22413259238600478,0.22413259238600425,0.3849287161416052,1.0,0.22413259238600483,0.38492871614160595,0.5822703866644032,Crescente
3532009,SP,2019,13622,Morungaba,508599000,13730674,1179,6.4,4.9,0.0,1.0,37336.59,11646.03,0.21892844849816126,0.2189284484981631,0.44937612707023383,1.0,0.21892844849816126,0.44937612707023383,0.48718308630566065,Decrescente
3532058,SP,2019,4758,Motuca,87972000,5829001,498,6.4,4.7,0.0,0.0,18489.28,11704.82,0.36026996802819455,0.36026996802819267,0.5280687174783321,1.0,0.3602699680281946,0.5280687174783565,0.6822406935002305,Crescente
3532207,SP,2019,4857,Narandiba,180721000,10865936,665,6.4,4.6,0.0,0.0,37208.36,16339.75,0.1992565116000257,0.19925651160002505,0.3782768577067174,1.0,0.19925651160002564,0.3782768577067174,0.526747823824083,Decrescente
3532801,SP,2019,6973,Nova Aliança,168676000,6802586,467,6.7,4.8,0.0,0.0,24189.88,14566.57,0.2884499075606847,0.28844990756068833,0.44249371775828683,1.0,0.28844990756068484,0.44249371775828683,0.6518734526266227,Decrescente
3532827,SP,2019,9755,Nova Campina,126488000,11409169,1226,6.0,5.0,0.2,0.0,12966.48,9306.01,0.4757848208234409,0.47578482082345247,0.6251323635131102,1.0,0.47578482082344103,0.6251323635131104,0.7610945274847586,Crescente
3532900,SP,2019,11186,Nova Europa,276586000,13539367,1113,6.8,5.5,0.0,0.0,24726.09,12164.75,0.30995206016596877,0.30995206016597077,0.537112382674828,1.0,0.3099520601659688,0.537112382674828,0.5770711496584806,Decrescente
3533205,SP,2019,3969,Nova Independência,143175000,8068990,553,6.3,4.3,0.0,0.0,36073.32,14591.3,0.20775570307271182,0.20775570307271335,0.4175588976209182,1.0,0.207755703072712,0.4175588976209181,0.49754826027278987,Crescente
3533254,SP,2019,5830,Novais,64890000,6346789,581,7.3,5.4,0.0,0.8,11130.36,10923.91,0.5643863380220312,0.5643863380220313,0.6258758922979304,1.0,0.5643863380220313,0.6258758922979304,0.9017543972653466,Decrescente
3533502,SP,2019,41052,Novo Horizonte,1199447000,38782289,3752,7.5,6.7,0.0,0.0,29217.75,10336.43,0.3297878975064277,0.32978789750641985,0.691862940797297,1.0,0.3297878975064266,0.6918629407972092,0.47666651595239784,Crescente
3533601,SP,2019,7432,Nuporanga,535988000,9681552,763,7.1,5.7,0.0,0.9,72118.95,12688.8,0.1416909894182787,0.1416909894182995,0.43838919812340005,1.0,0.14169098941827885,0.43838919812340005,0.32320821321513216,Decrescente
3534203,SP,2019,7066,Orindiúva,429570000,8886587,771,7.2,6.0,0.0,0.0,60793.94,11526.05,0.16928283007067285,0.16928283007069014,0.5974923263885612,1.0,0.16928283007068393,0.5974923263885612,0.28332218271969045,Decrescente
3534302,SP,2019,44028,Orlândia,1903712000,53732448,3889,6.3,5.1,0.0,1.4,43238.67,13816.52,0.1864363758908549,0.18643637589085466,0.3753782738758744,1.0,0.18643637589085474,0.3753782738758744,0.49666267034011524,Decrescente
3534500,SP,2019,2603,Oscar Bressane,94339000,3632597,283,7.1,6.4,0.0,0.0,36242.41,12836.03,0.25387810119150456,0.25387810119148635,0.5296422870401392,1.0,0.2538781011915043,0.5296422870401389,0.4793388054610985,Crescente
3534708,SP,2019,113542,Ourinhos,3309539000,86437774,6732,7.0,5.8,0.0,0.0,29148.15,12839.84,0.2813747133966538,0.2813747133966541,0.5226141558507142,1.0,0.2813747133966539,0.5226141558506605,0.5383985685168258,Crescente
3534807,SP,2019,8562,Ouro Verde,116225000,9344274,995,6.8,4.7,0.0,0.0,13574.52,9391.23,0.49817141364911843,0.49817141364912015,0.695738242715987,1.0,0.49817141364911904,0.6957382427159869,0.7160328167449622,Crescente
3535002,SP,2019,12957,Palestina,363497000,15081814,1204,6.2,5.5,0.0,1.0,28054.1,12526.42,0.2629619593569973,0.2629619593569971,0.4241969702249637,1.0,0.2629619593569972,0.42419697022496367,0.6199053218544703,Crescente
3535507,SP,2019,45703,Paraguaçu Paulista,1552028000,40367845,3727,6.9,5.4,0.0,0.0,33959.0,10831.19,0.25859857091847294,0.25859857091847377,0.6113880376948425,1.0,0.2585985709184734,0.6113880376948423,0.42296962808347466,Crescente
3535705,SP,2019,6454,Paraíso,228459000,7781033,668,6.7,6.0,0.0,0.0,35398.05,11648.25,0.24888904112241428,0.24888904112238464,0.5533548571059477,1.0,0.24888904112241392,0.5533548571059477,0.4497819761158452,Decrescente
3535804,SP,2019,20197,Paranapanema,762204000,27341400,2154,6.6,5.2,0.0,0.1,37738.48,12693.31,0.21981410655923903,0.21981410655923952,0.4197093362003269,1.0,0.21981410655923925,0.41970933620032685,0.5237293707813112,Crescente
3536109,SP,2019,6435,Pardinho,302891000,11868848,1001,5.7,5.2,0.1,1.8,47069.31,11856.99,0.17396082737855526,0.17396082737855553,0.26580403965338467,0.9990000000000008,0.17396082737855492,0.2658040396533845,0.6544702165001128,Crescente
3536505,SP,2019,109424,Paulínia,37366101000,398215999,8440,6.6,5.0,0.1,1.4,341479.94,47181.99,0.028846812922457016,0.028846812922456454,0.04507646305438458,0.9990000000000006,0.028846812922456923,0.045076463054384626,0.6399528926582694,Crescente
3536802,SP,2019,6093,Pedra Bela,92689000,7048793,684,6.7,6.4,0.0,0.7,15212.37,10305.25,0.4769584324437798,0.47695843244377967,0.6074038663181688,1.0,0.4769584324437797,0.6074038663181688,0.7852410214885603,Decrescente
3537602,SP,2019,68284,Peruíbe,1662449000,59186876,5167,6.0,5.0,0.0,0.9,24346.1,11454.79,0.2840798124758649,0.28407981247586045,0.44045697414418267,1.0,0.2840798124758651,0.44045697414418267,0.644966090110931,Decrescente
3538105,SP,2019,17049,Pindorama,373917000,15896050,1375,6.7,5.7,0.0,0.3,21931.9,11560.76,0.3387728656320561,0.33877286563205217,0.46967953256879935,1.0,0.33877286563205594,0.46967953256879935,0.7212851362272895,Decrescente
3538204,SP,2019,15207,Pinhalzinho,277059000,16747439,1552,6.5,5.9,0.0,0.4,18219.18,10790.88,0.3900392211605801,0.3900392211605802,0.528952633720613,1.0,0.39003922116058026,0.5289526337206129,0.7373802421912027,Crescente
3539103,SP,2019,18895,Pirapora do Bom Jesus,525826000,23457514,2707,5.1,4.0,0.2,0.9,27828.84,8665.5,0.24186896366172542,0.24186896366172267,0.3626090084379232,0.9980000000000032,0.24186896366172547,0.36260900843792354,0.6670241445563317,Crescente
3539509,SP,2019,39719,Pitangueiras,1122054000,31798050,2619,6.8,4.6,0.0,0.0,28249.8,12141.29,0.2799115217445226,0.27991152174452316,0.5381502177399553,1.0,0.27991152174452255,0.5381502177399552,0.5201364089752749,Crescente
3539806,SP,2019,117452,Poá,4482510000,145412352,10740,6.6,6.0,0.0,0.0,38164.61,13539.33,0.22591215407276108,0.22591215407275986,0.46955008640954915,1.0,0.22591215407276133,0.4695500864095493,0.4811247204749034,Crescente
3540200,SP,2019,49961,Pontal,1111994000,34890234,3202,7.3,4.7,0.2,0.3,22257.24,10896.39,0.36412937533481,0.36412937533481354,0.4554049031449359,0.9980000000000001,0.3641293753348103,0.45540490314493587,0.7995728039382202,Crescente
3540606,SP,2019,53098,Porto Feliz,2997482000,65136313,5147,6.3,5.5,0.1,0.0,56451.88,12655.2,0.15706432575494628,0.15706432575494295,0.4791340556916116,1.0,0.1570643257549463,0.47913405569161166,0.32780872887073315,Crescente
3540705,SP,2019,56150,Porto Ferreira,2201939000,52063074,3991,6.2,5.5,0.0,0.3,39215.3,13045.12,0.205554873655612,0.20555487365561198,0.4073300522926623,1.0,0.20555487365561215,0.40733005229266206,0.5046395975417081,Crescente
3540754,SP,2019,24643,Potim,236485000,16249755,1909,6.2,5.1,0.1,0.0,9596.44,8512.18,0.6124279819053816,0.6124279819053942,0.7193179303999568,1.0,0.6124279819053813,0.7193179303999567,0.8514009675316421,Crescente
3540804,SP,2019,17361,Potirendaba,504792000,18057180,1797,7.0,5.9,0.1,0.0,29076.21,10048.51,0.3034058180204751,0.30340581802047534,0.6634314322171537,1.0,0.30340581802047495,0.6634314322171538,0.4573280723322205,Crescente
3540903,SP,2019,21496,Pradópolis,804471000,26965017,2013,6.0,5.4,0.1,0.8,37424.22,13395.44,0.20745360363030066,0.20745360363030074,0.29474376307408756,0.9990000000000006,0.2074536036303008,0.29474376307408734,0.7038439133253332,Crescente
3541000,SP,2019,325073,Praia Grande,7619853000,444349560,33385,6.6,5.5,0.0,0.1,23440.44,13309.86,0.30330002314346316,0.3033000231434596,0.4064256851593892,1.0,0.303300023143463,0.4064256851593892,0.7462619470630087,Decrescente
3541208,SP,2019,13106,Presidente Bernardes,317202000,11300877,850,6.1,5.1,0.4,0.5,24202.81,13295.15,0.27674008700600855,0.2767400870059879,0.34094956390656,0.9959999999999969,0.27674008700600844,0.34094956390655984,0.8116745592373054,Crescente
3541653,SP,2019,3804,Quadra,113273000,6154365,614,6.4,5.5,0.0,0.0,29777.34,10023.4,0.27361454237663296,0.2736145423766314,0.6166519629782451,1.0,0.2736145423766331,0.6166519629782452,0.44370983764513827,Crescente
3541901,SP,2019,13420,Queluz,352951000,12391408,1111,6.0,4.5,0.0,2.7,26300.37,11153.38,0.2680032854942474,0.268003285494248,0.4523599252295603,1.0,0.26800328549424746,0.4523599252295603,0.5924558532859493,Decrescente
3542701,SP,2019,7593,Restinga,177300000,9870463,1008,6.5,4.3,0.4,0.0,23350.45,9792.13,0.3269518517871973,0.32695185178719327,0.6294940937263104,1.0,0.32695185178719915,0.6294940937263105,0.5193882755147,Crescente
3542909,SP,2019,13219,Ribeirão Bonito,304613000,13607776,1366,6.0,4.5,0.0,2.5,23043.57,9961.77,0.30427703717463206,0.3042770371746326,0.5064704508191838,1.0,0.3042770371746321,0.5064704508191838,0.6007794466241481,Decrescente
3543105,SP,2019,4718,Ribeirão Corrente,146691000,7866929,654,6.6,5.1,0.0,0.0,31091.78,12028.94,0.2562967021296317,0.2562967021296311,0.5285082119810104,1.0,0.25629670212963174,0.5285082119811286,0.4849436514315516,Crescente
3543303,SP,2019,123393,Ribeirão Pires,3150964000,65366748,3074,6.9,5.6,0.0,0.0,25536.0,21264.39,0.2515348024647969,0.25153480246478727,0.3118374856603135,1.0,0.2515348024647968,0.31183748566032976,0.8066214423585859,Crescente
3543402,SP,2019,703293,Ribeirão Preto,35444536000,436673766,21579,6.0,4.8,0.4,1.3,50397.97,20236.05,0.14325864431448385,0.14325864431448385,0.18220479830456443,0.9959999999999993,0.1432586443144839,0.18220479830456435,0.7862506676416933,Crescente
3544004,SP,2019,35228,Rio das Pedras,1377364000,34187523,3335,6.5,5.1,0.0,0.0,39098.56,10251.13,0.22151939469923979,0.22151939469924165,0.611559060179029,1.0,0.2215193946992398,0.6115590601790288,0.36222077166903843,Crescente
3544301,SP,2019,10712,Roseira,310982000,14743175,1378,6.4,5.7,0.0,0.2,29031.18,10698.97,0.2789406254047821,0.27894062540477427,0.5075116906526602,1.0,0.27894062540478193,0.5075116906526602,0.5496240392926995,Decrescente
3545209,SP,2019,118663,Salto,7796008000,98536273,4041,6.8,6.1,0.1,0.0,65698.73,24384.13,0.1316257004768554,0.13162570047687047,0.267355978519952,1.0,0.13162570047685784,0.2673559785199521,0.4923237595265989,Crescente
3545308,SP,2019,45422,Salto de Pirapora,1939188000,33171182,2861,6.6,5.5,0.1,1.3,42692.7,11594.26,0.206218673073816,0.20621867307381608,0.29572232478741334,0.9990000000000001,0.20621867307381597,0.2957223247874133,0.6973388743039977,Crescente
3545506,SP,2019,4302,Sandovalina,378648000,9721470,510,6.2,4.7,0.0,0.5,88016.74,19061.71,0.09765345398355067,0.09765345398355013,0.2696187802668169,1.0,0.09765345398355062,0.26961878026681685,0.3621908454852886,Crescente
3545605,SP,2019,15480,Santa Adélia,328297000,14891244,1106,7.2,5.8,0.0,0.0,21207.82,13464.05,0.34802059890420983,0.3480205989041748,0.5114899624238586,1.0,0.3480205989042126,0.5114899624238587,0.6804055298661249,Crescente
3546009,SP,2019,14788,Santa Branca,264268000,18062480,1642,6.3,4.7,0.0,0.0,17870.44,11000.29,0.3717720627058751,0.3717720627058604,0.5538696836954511,1.0,0.37177206270587515,0.5538696836954511,0.6712265965260819,Decrescente
3546256,SP,2019,2139,Santa Cruz da Esperança,53688000,4881408,275,6.4,5.9,0.0,0.0,25099.58,17750.57,0.2628853509278286,0.2628853509278276,0.35318141493886984,1.0,0.26288535092782855,0.3531814149388698,0.7443351767910266,Crescente
3546405,SP,2019,47673,Santa Cruz do Rio Pardo,2003257000,45970054,2512,7.3,6.3,0.0,0.0,42020.79,18300.18,0.20553705376245446,0.20553705376244474,0.38114098175144223,1.0,0.20553705376245415,0.3811409817514421,0.5392677869956626,Crescente
3546603,SP,2019,32322,Santa Fé do Sul,1201063000,50354123,2812,6.6,6.0,0.0,0.0,37159.3,17906.87,0.2098411335873894,0.20984113358738934,0.3550253936857657,1.0,0.20984113358738946,0.3550253936857657,0.5910595053747636,Decrescente
3546702,SP,2019,26898,Santa Gertrudes,2023764000,32773964,3044,6.7,5.6,0.0,0.0,75238.46,10766.74,0.13272478885650366,0.13272478885652403,0.5986599206710098,1.0,0.13272478885650318,0.5986599206710099,0.22170314777000383,Crescente
3547304,SP,2019,139447,Santana de Parnaíba,9475380000,310642171,17773,6.4,5.5,0.0,0.0,67949.69,17478.32,0.12771972434536652,0.12771972434537138,0.3536352055412799,1.0,0.12771972434536658,0.3536352055412803,0.36116235698274607,Crescente
3547502,SP,2019,27557,Santa Rita do Passa Quatro,690525000,19797724,1173,6.5,4.8,0.0,0.0,25058.06,16877.86,0.2636958422079957,0.26369584220799736,0.3714435022313656,1.0,0.2636958422079958,0.3714435022313656,0.7099218067455767,Decrescente
3548005,SP,2019,23310,Santo Antônio de Posse,1231769000,25669493,2797,5.9,4.6,0.1,0.1,52842.94,9177.51,0.16126587757455146,0.16126587757454985,0.2612747004247549,0.9989999999999981,0.1612658775745514,0.2612747004247548,0.617227298748716,Crescente
3548054,SP,2019,8420,Santo Antônio do Aracanguá,214365000,13950078,971,6.4,5.4,0.0,0.0,25459.03,14366.71,0.27214402528796533,0.27214402528796483,0.430227190895835,1.0,0.27214402528796516,0.430227190895835,0.6325588690042974,Decrescente
3548203,SP,2019,6811,Santo Antônio do Pinhal,119698000,10514090,954,6.5,5.4,0.2,1.3,17574.22,11021.06,0.38363982266198754,0.3836398226619876,0.46270091567003824,0.9979999999999992,0.3836398226619875,0.4627009156700381,0.8291313236465889,Crescente
3548500,SP,2019,433311,Santos,22750571000,499080031,19436,5.8,5.1,0.5,0.8,52504.02,25678.12,0.12698764431899484,0.1269876443189775,0.1544207303310989,0.9950000000000069,0.12698764431899479,0.154420730331099,0.8223484246364862,Crescente
3548807,SP,2019,161127,São Caetano do Sul,13656307000,456822096,12094,7.3,6.3,0.0,0.0,84754.93,37772.62,0.10116481062176594,0.10116481062176182,0.18465620259943213,1.0,0.10116481062176576,0.1846562025994322,0.5478549282269116,Crescente
3548906,SP,2019,251983,São Carlos,11811263000,183537933,5891,6.8,5.9,0.1,0.0,46873.25,31155.65,0.14778849931411145,0.14778849931411187,0.20831063050326165,1.0,0.14778849931411148,0.20831063050326162,0.7094621093367457,Crescente
3549607,SP,2019,4147,São José do Barreiro,50628000,6583285,556,6.0,4.9,0.0,0.4,12208.34,11840.44,0.4562762410715208,0.45627624107151105,0.5313140177549036,1.0,0.4562762410715212,0.5313140177549038,0.8587694392094923,Crescente
3549706,SP,2019,54946,São José do Rio Pardo,1950212000,33626242,1905,6.2,4.1,0.0,0.0,35493.25,17651.57,0.19608720723871986,0.1960872072387173,0.34016832497043253,1.0,0.19608720723871945,0.34016832497043253,0.576441699137519,Decrescente
3549805,SP,2019,460671,São José do Rio Preto,18802831000,347092685,20919,6.7,4.7,0.0,0.0,40816.18,16592.22,0.1943605436540211,0.1943605436540226,0.38847217034773274,1.0,0.19436054365402114,0.3884721703477326,0.5003203793982033,Crescente
3549904,SP,2019,721944,São José dos Campos,43562280000,642373981,35585,7.1,5.9,0.0,0.1,60340.25,18051.82,0.15344651538797155,0.15344651538796894,0.30814803477670344,1.0,0.1534465153879712,0.3081480347767034,0.49796363458610116,Crescente
3550001,SP,2019,10687,São Luís do Paraitinga,170982000,12334666,1176,7.1,5.3,0.3,0.0,15999.06,10488.66,0.44486126615049093,0.44486126615049276,0.6411229504509365,1.0,0.4448612661504921,0.6411229504509361,0.6938782426016662,Crescente
3550308,SP,2019,12252023,São Paulo,763597808000,11831675975,417864,6.0,4.8,0.6,1.5,62324.22,28314.66,0.1115719868590987,0.11157198685909911,0.1299764963575271,0.9940000000000003,0.11157198685909867,0.12997649635752706,0.8584012493473975,Crescente
3550407,SP,2019,35653,São Pedro,799278000,41906989,3802,6.5,5.5,0.2,0.3,22418.25,11022.35,0.3293161326204168,0.3293161326204154,0.4205665694947712,0.9979999999999992,0.32931613262041687,0.4205665694947712,0.7830297425114554,Decrescente
3550605,SP,2019,91016,São Roque,3156977000,87152944,8452,6.1,5.0,0.1,1.1,34685.96,10311.52,0.22956901167995122,0.22956901167995167,0.3351446831786085,0.999000000000001,0.22956901167995122,0.3351446831786085,0.6849847937393866,Decrescente
3550704,SP,2019,88980,São Sebastião,3496263000,176492648,10496,6.3,5.3,0.0,0.1,39292.68,16815.23,0.19038904653959912,0.19038904653959862,0.30909398626058304,1.0,0.19038904653959923,0.3090939862605831,0.6159584301296979,Crescente
3551009,SP,2019,365798,São Vicente,5557201000,251025645,27066,5.7,5.0,0.3,1.2,15191.99,9274.57,0.41040976740121105,0.4104097674012117,0.49653349890991627,0.9970000000000018,0.41040976740121116,0.4965334989099164,0.8265500078085763,Crescente
3551504,SP,2019,45107,Serrana,1016612000,38246746,3932,6.1,4.3,0.0,0.1,22537.79,9727.05,0.3160743785965777,0.3160743785965801,0.5235265133240242,1.0,0.31607437859657783,0.5235265133240248,0.6037409196140388,Crescente
3551702,SP,2019,125815,Sertãozinho,5478071000,110157836,10173,6.9,6.2,0.0,0.0,43540.68,10828.45,0.22442073672124993,0.2244207367212333,0.6115427415742699,1.0,0.22442073672124974,0.6115427415742701,0.36697473694730254,Crescente
3551900,SP,2019,17496,Severínia,240790000,16437886,1839,6.5,5.0,0.1,0.0,13762.57,8938.49,0.48549169910585743,0.48549169910585727,0.696469612503499,1.0,0.48549169910585727,0.6964696125034989,0.6970752067139445,Crescente
3552205,SP,2019,679378,Sorocaba,37272884000,500524722,31025,6.6,5.7,0.1,0.1,54863.25,16132.95,0.15844388026817602,0.15844388026816372,0.22648795827504214,0.9989999999999999,0.15844388026817582,0.22648795827504214,0.6995686723254627,Decrescente
3552304,SP,2019,7718,Sud Mennucci,180322000,10967856,860,6.9,5.6,0.0,0.3,23363.82,12753.32,0.3210838074466838,0.3210838074465362,0.429728251340301,1.0,0.3210838074466838,0.42972825134030124,0.7471787261955419,Crescente
3552403,SP,2019,282441,Sumaré,14913287000,155040589,13759,6.1,5.4,0.3,0.7,52801.42,11268.3,0.1665435981668657,0.16654359816686523,0.24201586166451275,0.9970000000000016,0.16654359816686606,0.2420158616645127,0.6881515823856693,Crescente
3552601,SP,2019,12407,Tabapuã,249499000,12468491,1134,7.5,6.0,0.0,0.0,20109.53,10995.14,0.4040069914235716,0.404006991423572,0.650413988102457,1.0,0.40400699142357116,0.6504139881024569,0.6211536018809147,Crescente
3552700,SP,2019,16496,Tabatinga,259171000,14705737,1040,6.5,4.9,0.1,2.2,15711.14,14140.13,0.3821917002343504,0.38219170023434856,0.42307874949028385,0.999000000000005,0.3821917002343504,0.4230787494902837,0.9033583007768807,Crescente
3553401,SP,2019,25967,Tanabi,1028282000,25527523,1529,7.6,6.1,0.0,0.0,39599.57,16695.57,0.22688588165039253,0.22688588165040152,0.43362490768501016,1.0,0.2268858816503912,0.43362490768501,0.5232307407378104,Crescente
3553708,SP,2019,57177,Taquaritinga,1527255000,41758802,2896,6.3,5.8,0.1,0.0,26711.0,14419.48,0.2714040588701642,0.2714040588701666,0.4279664929466464,1.0,0.27140405887016444,0.42796649294664624,0.6341712805633116,Crescente
3553856,SP,2019,5852,Taquarivaí,236005000,9024984,867,6.7,5.3,0.0,0.0,40328.95,10409.44,0.22236984430620163,0.22236984430620688,0.6192086907930014,1.0,0.22236984430620174,0.6192086907930014,0.3591193851323686,Decrescente
3553906,SP,2019,7468,Tarabai,121375000,7958878,757,6.6,4.9,0.0,0.0,16252.68,10513.71,0.41599537844868856,0.4159953784486924,0.604676519651946,1.0,0.4159953784486894,0.6046765196519459,0.6879635059885193,Crescente
3554003,SP,2019,121766,Tatuí,4092689000,93942318,8793,6.4,4.8,0.1,0.6,33611.1,10683.76,0.24201749195166872,0.24201749195166916,0.3404030094427636,0.9990000000000021,0.2420174919516684,0.34040300944276347,0.7109734204402276,Crescente
3554102,SP,2019,314924,Taubaté,17515712000,301507497,29604,6.6,5.6,0.0,0.2,55618.85,10184.69,0.17104167105921225,0.17104167105923604,0.5274348931928788,1.0,0.17104167105921328,0.5274348931928788,0.3242896389046139,Decrescente
3554201,SP,2019,4532,Tejupá,86316000,6821151,420,5.7,5.3,0.0,0.0,19045.9,16240.84,0.30452346721655266,0.30452346721655427,0.36220647314041077,1.0,0.3045234672165526,0.3622064731404109,0.840745513398108,Crescente
3554300,SP,2019,23148,Teodoro Sampaio,537645000,25771237,1367,6.9,5.7,0.1,0.0,23226.41,18852.4,0.2789298096203136,0.27892980962031455,0.3510434187201445,1.0,0.2789298096203136,0.3510434187201445,0.7945735334884013,Decrescente
3554409,SP,2019,9370,Terra Roxa,146221000,8355494,911,6.6,6.4,0.0,0.0,15605.23,9171.78,0.49365332690333585,0.4936533269033341,0.7316226667950597,1.0,0.4936533269033364,0.7316226667950596,0.6747376062934595,Crescente
3554508,SP,2019,42076,Tietê,1851849000,53110983,3868,7.2,5.7,0.0,0.0,44012.0,13730.86,0.20969303612742712,0.209693036127425,0.5015509901471491,1.0,0.20969303612742723,0.5015509901471491,0.4180891678947851,Decrescente
3554755,SP,2019,1724,Trabiju,36913000,3129685,224,6.4,4.6,0.0,0.0,21411.25,13971.81,0.30829160948121054,0.30829160948120893,0.4423871556881255,1.0,0.3082916094812108,0.4423871556881255,0.6968819178343194,Decrescente
3554805,SP,2019,47185,Tremembé,736867000,36111408,3872,6.4,5.3,0.2,0.3,15616.55,9326.29,0.4334230410689244,0.43342304106896085,0.5388744497162831,0.9980000000000032,0.4334230410689248,0.538874449716283,0.8043117303058648,Crescente
3554953,SP,2019,6894,Tuiuti,141845000,7045157,747,6.8,6.1,0.0,0.0,20575.14,9431.27,0.3922160531531111,0.39221605315309466,0.692784519703441,1.0,0.39221605315311153,0.6927845197034411,0.5661443666798535,Crescente
3555109,SP,2019,15495,Tupi Paulista,312940000,13094542,1072,7.9,5.8,0.0,0.7,20196.19,12215.06,0.4031279974448987,0.4031279974448991,0.5040626488033265,1.0,0.40312799744489874,0.5040626488033266,0.7997577253580433,Crescente
3555356,SP,2019,6309,Ubarana,350004000,7556807,713,5.9,5.6,0.0,0.7,55476.94,10598.61,0.16792285626339715,0.167922856263398,0.5068363570647535,1.0,0.16792285626339742,0.506836357064754,0.3313157273008008,Crescente
3555406,SP,2019,90799,Ubatuba,2384242000,100655583,6435,6.2,4.8,0.0,0.7,26258.46,15641.89,0.2522106975093316,0.2522106975093367,0.33572267829463476,1.0,0.2522106975093318,0.33572267829463515,0.7512471269158293,Crescente
3555604,SP,2019,10110,Uchoa,291445000,10863461,1095,6.5,5.7,0.0,0.2,28827.4,9920.97,0.28666134924794084,0.28666134924796677,0.5473106312125443,1.0,0.2866613492479408,0.5473106312125444,0.5237635318956885,Crescente
3556008,SP,2019,13809,Urupês,409924000,15848085,1283,6.9,5.6,0.0,0.2,29685.28,12352.37,0.2763311811604746,0.2763311811604886,0.4427150417288942,1.0,0.2763311811604745,0.4427150417288942,0.6241739157570612,Decrescente
3556206,SP,2019,129193,Valinhos,6569125000,116659610,7916,6.5,5.6,0.0,0.6,50847.38,14737.19,0.16887492603279766,0.16887492603279763,0.36450374069642844,1.0,0.16887492603279758,0.36450374069642866,0.46330094091803203,Crescente
3556701,SP,2019,78728,Vinhedo,9665022000,145735042,6517,6.9,5.6,0.0,0.2,122764.73,22362.29,0.0805464986366654,0.08054649863668602,0.24454472238770958,1.0,0.08054649863666478,0.24454472238770958,0.32937328538607435,Decrescente
3556800,SP,2019,18898,Viradouro,344730000,17652300,1482,5.6,4.8,0.0,1.1,18241.61,11911.13,0.3322331643384649,0.332233164338478,0.43439455920635833,1.0,0.332233164338465,0.43439455920635833,0.7648188894111774,Decrescente
3557105,SP,2019,94547,Votuporanga,3075156000,68159300,4185,6.9,4.9,0.0,0.0,32525.16,16286.57,0.23425718824313208,0.23425718824313047,0.40659635515635567,1.0,0.23425718824313227,0.40659635515635567,0.5761418794643376,Decrescente
3557303,SP,2019,11304,Estiva Gerbi,319971000,13674270,1263,5.6,4.9,0.0,1.6,28306.0,10826.82,0.24580878562932168,0.24580878562932143,0.4585945446803002,1.0,0.24580878562932157,0.4585945446803002,0.5360046003178739,Decrescente
4101804,PR,2019,143843,Araucária,18704369000,214247982,12026,6.1,4.9,0.0,0.5,130033.22,17815.4,0.0700954295131206,0.07009542951312021,0.28584082150475376,1.0,0.07009542951312057,0.2858408215047538,0.24522539903193938,Crescente
4106902,PR,2019,1933105,Curitiba,96113599000,1232071782,88352,6.5,5.2,0.1,0.9,49719.8,13945.04,0.17210074833233294,0.17210074833233222,0.24632476072200368,0.9989999999999988,0.1721007483323328,0.24632476072200368,0.6986741723726336,Decrescente
4200101,SC,2019,17904,Abelardo Luz,661696000,21461331,1820,6.5,5.1,0.0,0.4,36958.0,11791.94,0.22396369889675227,0.22396369889675277,0.44780369351558585,1.0,0.2239636988967522,0.44780369351558585,0.5001381233336281,Decrescente
4200200,SC,2019,10864,Agrolândia,275681000,10563481,500,6.1,5.6,0.0,0.0,25375.64,21126.96,0.23807834378672466,0.2380783437867173,0.28833839882247586,1.0,0.2380783437867246,0.28833839882247586,0.8256907326911553,Decrescente
4201257,SC,2019,10743,Apiúna,401001000,14307493,1069,6.4,5.8,0.0,0.4,37326.72,13384.0,0.2225798396415489,0.22257983964154884,0.4100376437186755,1.0,0.2225798396415488,0.41003764371867535,0.5428278184972198,Crescente
4201406,SC,2019,68228,Araranguá,1941116000,41160908,2058,5.6,5.0,0.5,1.6,28450.43,20000.44,0.20900335676877682,0.20900335676877652,0.2297984557178034,0.9949999999999999,0.20900335676877677,0.22979845571780338,0.9095072293498642,Crescente
4201901,SC,2019,5679,Aurora,176919000,7399423,311,5.8,5.3,0.0,0.8,31153.2,23792.36,0.1927222303844485,0.1927222303844486,0.24040133831851263,1.0,0.19272223038444852,0.24040133831851263,0.8016687083875835,Decrescente
4201950,SC,2019,13071,Balneário Arroio do Silva,179664000,10563185,932,5.5,4.1,0.0,1.2,13745.24,11333.89,0.40574411438752434,0.4057441143875137,0.49464067984016474,1.0,0.40574411438752434,0.49464067984016463,0.8202805206369886,Crescente
4202008,SC,2019,142295,Balneário Camboriú,6039781000,176581789,10403,6.1,5.2,0.2,1.0,42445.49,16974.12,0.17459974596512035,0.17459974596512043,0.2359747644770446,0.9980000000000012,0.17459974596512032,0.23597476447704455,0.7399085506115856,Crescente
4202107,SC,2019,29168,Barra Velha,1831043000,29214452,3700,6.1,4.8,0.1,1.0,62775.75,7895.8,0.14681247773216005,0.14681247773216008,0.2425375351913238,0.9989999999999988,0.14681247773216036,0.24253753519132382,0.6053185854979033,Crescente
4202305,SC,2019,68481,Biguaçu,2215977000,50488025,2296,5.1,4.2,0.7,3.6,32359.0,21989.56,0.17455450199570674,0.17455450199570663,0.18322744601074067,0.9929999999999966,0.17455450199570682,0.18322744601074065,0.9526656939019631,Crescente
4202404,SC,2019,357199,Blumenau,17303599000,281205515,20509,6.4,5.2,0.2,1.0,48442.46,13711.32,0.1739519197241327,0.17395191972413315,0.2437442465827574,0.9980000000000019,0.1739519197241328,0.24374424658275748,0.7136657466295172,Crescente
4202453,SC,2019,19769,Bombinhas,721628000,39271542,2190,6.6,5.3,0.2,0.6,36503.01,17932.21,0.20382530794001544,0.20382530794001621,0.2555744694225085,0.998000000000001,0.20382530794001566,0.25557446942250844,0.797518266987213,Crescente
4202859,SC,2019,3743,Braço do Trombudo,155526000,5694852,323,6.2,5.6,0.0,0.0,41551.16,17631.12,0.18359948235996928,0.183599482359969,0.34056287972637667,1.0,0.18359948235996948,0.34056287972637667,0.5391059721701944,Decrescente
4202909,SC,2019,134723,Brusque,6933741000,101477272,7033,6.4,5.2,0.0,0.7,51466.65,14428.73,0.16408685365887152,0.16408685365887166,0.36271022169961387,1.0,0.16408685365887138,0.36271022169961387,0.45239103791997215,Decrescente
4203006,SC,2019,78595,Caçador,3530604000,58355264,4872,6.0,4.0,0.0,0.1,44921.48,11977.68,0.1777147036571073,0.1777147036571074,0.42122866388606817,1.0,0.1777147036571073,0.4212286638860685,0.42189603627063393,Crescente
4203204,SC,2019,82989,Camboriú,1682847000,79340620,8312,5.4,4.1,1.0,4.9,20277.95,9545.31,0.31635547881804277,0.3163554788180438,0.3202416614101631,0.9899999999999917,0.31635547881804255,0.32024166141016314,0.9878648437713952,Crescente
4203303,SC,2019,11978,Campo Alegre,559620000,12802131,1451,6.6,5.2,0.0,0.0,46720.65,8822.97,0.20086539461125852,0.20086539461125366,0.720550287650409,1.0,0.20086539461125863,0.7205502876504093,0.27876665661496874,Crescente
4203600,SC,2019,36244,Campos Novos,2193961000,42603421,2172,6.4,4.9,0.0,1.2,60533.08,19614.83,0.13374973129413875,0.13374973129413878,0.2668107680332445,1.0,0.13374973129413892,0.2668107680332443,0.5012906048734644,Crescente
4203808,SC,2019,54401,Canoinhas,1757061000,47321764,3772,6.6,5.5,0.0,0.4,32298.32,12545.54,0.24896190794026085,0.24896190794026082,0.4246529614735604,1.0,0.24896190794026074,0.42465296147356046,0.5862714511076397,Crescente
4203907,SC,2019,22848,Capinzal,948760000,27089788,1936,6.7,5.7,0.0,0.0,41524.86,13992.66,0.2049878715698397,0.20498787156983994,0.4606426307996836,1.0,0.20498787156983936,0.4606426307996836,0.4450041265481165,Decrescente
4203956,SC,2019,24871,Capivari de Baixo,916327000,25033927,1468,5.5,4.7,0.3,1.1,36843.19,17053.08,0.17721258411159288,0.1772125841115886,0.231880615414037,0.9970000000000009,0.17721258411159294,0.231880615414037,0.7642406149180214,Decrescente
4204103,SC,2019,3642,Caxambu do Sul,141193000,4566522,216,6.0,4.6,0.0,2.3,38767.98,21141.31,0.17117664394304424,0.17117664394304385,0.23864851056321618,1.0,0.1711766439430443,0.23864851056321618,0.7172751404945427,Decrescente
4204152,SC,2019,2728,Celso Ramos,59338000,4352532,343,6.2,5.4,0.0,2.0,21751.47,12689.6,0.30645074594636706,0.3064507459463669,0.4231371681378896,1.0,0.306450745946367,0.4231371681378896,0.7242349975894875,Decrescente
4204202,SC,2019,220367,Chapecó,10516199000,148391309,10343,6.5,5.2,0.1,0.2,47721.3,14347.03,0.17643148150874635,0.17643148150874255,0.2526626021479011,0.9989999999999997,0.17643148150874657,0.252662602147901,0.6982888643150627,Crescente
4204251,SC,2019,16684,Cocal do Sul,683552000,16851315,1090,6.6,5.9,0.0,0.7,40970.51,15459.92,0.20311736705859829,0.20311736705859806,0.3587363514246604,1.0,0.20311736705859806,0.35873635142466054,0.5662023551612547,Crescente
4204301,SC,2019,74641,Concórdia,3723579000,69798581,5536,6.7,5.5,0.0,0.0,49886.51,12608.13,0.1815401713591456,0.18154017135912698,0.5112269396243828,1.0,0.1815401713591455,0.5112269396243825,0.3551068171261276,Crescente
4204350,SC,2019,4453,Cordilheira Alta,299679000,6162164,348,6.2,5.1,0.0,1.2,67298.23,17707.37,0.12357041103474556,0.12357041103474671,0.2902404479040624,1.0,0.12357041103474557,0.2902404479040624,0.4257518616963793,Decrescente
4204459,SC,2019,2549,Coronel Martins,47852000,2596116,135,5.1,5.0,0.0,0.0,18772.85,19230.49,0.27878938774046313,0.2787893877404597,0.3339733259996436,1.0,0.27878938774046313,0.33397332599964263,0.8347654319577625,Crescente
4204509,SC,2019,15909,Corupá,465249000,18754804,1783,6.1,5.7,0.0,0.1,29244.39,10518.68,0.2789377661725037,0.27893776617249144,0.5162104325771164,1.0,0.278937766172504,0.5162104325771164,0.5403567006190511,Decrescente
4204558,SC,2019,12795,Correia Pinto,618919000,17071113,1195,5.7,4.4,0.0,1.3,48371.94,14285.45,0.15349117258489078,0.1534911725848967,0.34330475113785286,1.0,0.15349117258489078,0.3433047511378529,0.44709888830888017,Crescente
4204608,SC,2019,215186,Criciúma,8219562000,196961093,13234,6.2,5.3,0.3,0.9,38197.48,14882.96,0.1986512692858741,0.19865126928587404,0.260410243593972,0.9969999999999998,0.19865126928587412,0.26041024359397197,0.7628396891929042,Crescente
4204707,SC,2019,11086,Cunha Porã,596679000,10376488,521,6.1,4.8,0.0,0.0,53822.75,19916.48,0.13922557903895172,0.13922557903895352,0.2970546430464565,1.0,0.13922557903895186,0.29705464304645657,0.46868676284981736,Crescente
4204806,SC,2019,39745,Curitibanos,1494517000,27718194,2060,6.2,4.7,0.0,1.2,37602.64,13455.43,0.20336584982141426,0.20336584982141515,0.3819569497221519,1.0,0.20336584982141434,0.3819569497221521,0.5324313380587767,Crescente
4205308,SC,2019,10667,Faxinal dos Guedes,470924000,12231738,1180,6.1,5.1,0.3,0.8,44147.75,10365.88,0.19016500486534008,0.1901650048653398,0.27256251713119445,0.9969999999999908,0.1901650048653403,0.27256251713119456,0.6976931636341126,Crescente
4205407,SC,2019,500973,Florianópolis,21966053000,481447230,16780,6.0,4.9,0.7,1.0,43846.78,28691.73,0.14397571715633195,0.14397571715633095,0.15265306540848783,0.9930000000000009,0.14397571715633195,0.15265306540848783,0.9431564100666046,Decrescente
4205506,SC,2019,36443,Fraiburgo,977385000,41225810,3923,7.4,5.7,0.0,0.8,26819.55,10508.75,0.331443351501861,0.33144335150185933,0.542758381620823,1.0,0.331443351501861,0.5427583816208231,0.6106646395990821,Crescente
4205803,SC,2019,18145,Garuva,1098515000,24443274,2182,6.2,4.4,0.0,0.6,60540.92,11202.23,0.14613696821802255,0.14613696821802247,0.4587832065578991,1.0,0.14613696821802283,0.4587832065578991,0.3185316422421836,Decrescente
4205902,SC,2019,69639,Gaspar,3186559000,59022709,4208,6.2,4.9,0.1,1.0,45758.25,14026.31,0.17463860959263638,0.1746386095926364,0.25107580227793785,0.9990000000000006,0.17463860959263625,0.25107580227793797,0.6955612926781115,Crescente
4206009,SC,2019,14471,Governador Celso Ramos,352430000,21581475,1673,6.1,5.8,0.0,0.8,24354.23,12899.87,0.2997591714629137,0.29975917146291375,0.4254262890656294,1.0,0.29975917146291386,0.4254262890656294,0.7046089514620255,Decrescente
4206306,SC,2019,23832,Guabiruba,1001396000,25289044,2600,6.4,5.5,0.2,1.3,42018.97,9726.56,0.21101350067409008,0.21101350067409055,0.3075796514028317,0.9980000000000017,0.21101350067409017,0.3075796514028317,0.6860450608864543,Decrescente
4206405,SC,2019,10090,Guaraciaba,347379000,9517081,737,7.3,5.8,0.0,0.5,34428.05,12913.27,0.25904471951547325,0.2590447195154602,0.4380521521106383,1.0,0.25904471951547325,0.43805215211063847,0.5913558882597308,Crescente
4206603,SC,2019,5160,Guarujá do Sul,166755000,5729498,475,6.1,4.9,0.0,1.2,32316.86,12062.1,0.23192106632599865,0.23192106632599865,0.42217926989737303,1.0,0.23192106632599863,0.42217926989737303,0.5493426202152845,Decrescente
4206702,SC,2019,22606,Herval d'Oeste,481991000,14782626,1193,6.5,4.7,0.0,0.0,21321.37,12391.14,0.32365026481931425,0.32365026481931797,0.5059398431922295,1.0,0.32365026481931425,0.5059398431922294,0.6397010814116587,Crescente
4206900,SC,2019,18950,Ibirama,470948000,19197185,1346,6.8,5.6,0.0,0.2,24852.14,14262.4,0.2928360476943077,0.29283604769430793,0.38723769628803795,1.0,0.29283604769430766,0.38723769628803795,0.7562178230615448,Decrescente
4207007,SC,2019,56421,Içara,2556326000,48579309,3996,6.9,5.8,0.2,0.2,45308.06,12156.98,0.20395218645687732,0.20395218645686686,0.2853631253309541,0.9979999999999999,0.20395218645687715,0.28536312533095404,0.7147110763534734,Crescente
4207106,SC,2019,14184,Ilhota,724076000,16314601,1192,6.2,4.2,0.3,0.5,51048.79,13686.75,0.16107426647123232,0.1610742664712326,0.22702917461018138,0.9969999999999996,0.16107426647123224,0.22702917461018274,0.7094870813313029,Crescente
4207205,SC,2019,10135,Imaruí,196004000,10109217,847,5.1,5.1,0.0,0.0,19339.32,11935.32,0.32538922456760344,0.3253892245676093,0.46612862375828645,1.0,0.32538922456760333,0.46612862375831016,0.6980674603161375,Crescente
4207304,SC,2019,44853,Imbituba,2019884000,33476506,1774,5.9,4.8,0.1,0.2,45033.42,18870.63,0.15616922493452187,0.15616922493452295,0.21957659348592412,0.9989999999999974,0.15616922493452173,0.2195765934859241,0.7112289267960296,Crescente
4207502,SC,2019,69425,Indaial,2976676000,64355377,5011,6.6,5.6,0.1,0.0,42876.14,12842.82,0.2013116070295917,0.20131160702959447,0.49160611217179645,1.0,0.20131160702959192,0.49160611217179656,0.4094977707666121,Crescente
4207577,SC,2019,2945,Iomerê,162267000,5292094,317,6.6,6.2,0.0,0.0,55099.15,16694.3,0.1689727445005543,0.16897274450052177,0.3913813611317322,1.0,0.16897274450055486,0.3913813611317323,0.43173426555609784,Crescente
4207601,SC,2019,4446,Ipira,87808000,5832620,501,7.2,5.7,0.0,0.0,19749.89,11641.96,0.3836155487533537,0.38361554875335324,0.591543556975941,1.0,0.3836155487533535,0.591543556975941,0.6484992427513769,Decrescente
4207650,SC,2019,8996,Iporã do Oeste,293624000,9188928,521,8.4,6.3,0.0,0.4,32639.4,17637.1,0.2774497062125193,0.2774497062125214,0.3598765206194917,1.0,0.2774497062125196,0.3598765206194917,0.7709580656579572,Decrescente
4207700,SC,2019,7593,Ipumirim,356165000,8228475,610,6.2,5.0,0.0,1.0,46907.02,13489.3,0.17339087985222792,0.17339087985222754,0.3809979020409657,1.0,0.17339087985222792,0.38099790204096584,0.4550966788094927,Crescente
4207809,SC,2019,10419,Irani,242313000,10010102,684,6.0,5.0,0.0,0.0,23256.84,14634.65,0.2754860428497097,0.27548604284971634,0.3982371094823911,1.0,0.27548604284970973,0.398237109482391,0.6917638670282958,Crescente
4208005,SC,2019,6169,Itá,307917000,10428649,670,7.0,5.5,0.0,0.0,49913.6,15565.15,0.1795898136250959,0.17958981362511203,0.4311093785063807,1.0,0.17958981362509577,0.4311093785063804,0.41657598414421376,Crescente
4208104,SC,2019,21669,Itaiópolis,772860000,19975840,1519,5.8,5.1,0.3,0.6,35666.62,13150.65,0.2046186703585356,0.20461867035854203,0.2789436989725563,0.9970000000000364,0.20461867035853568,0.27894369897255616,0.7335482791409706,Crescente
4208203,SC,2019,219536,Itajaí,28209752000,354026093,20925,6.6,5.5,0.2,0.9,128497.16,16918.81,0.07732382865855832,0.07732382865855834,0.11880706747846809,0.9980000000000001,0.0773238286585584,0.11880706747846789,0.6508352600536331,Crescente
4208302,SC,2019,65312,Itapema,2142304000,85712314,7145,6.4,5.7,0.3,0.9,32801.08,11996.13,0.24745330459466838,0.2474533045946684,0.32422191657746313,0.9969999999999996,0.24745330459466813,0.3242219165774629,0.7632220153616507,Crescente
4208401,SC,2019,16872,Itapiranga,832867000,17279773,1021,6.7,5.5,0.0,0.0,49363.86,16924.36,0.17073959885965548,0.17073959885965184,0.38084841697325733,1.0,0.17073959885965523,0.3808484169732574,0.4483137942822133,Crescente
4208450,SC,2019,20576,Itapoá,918133000,32225135,3041,6.3,5.5,0.0,0.0,44621.55,10596.89,0.1962686355277612,0.19626863552775514,0.5749542689275253,1.0,0.1962686355277609,0.5749542689275261,0.3413639068962221,Crescente
4208500,SC,2019,25086,Ituporanga,967472000,21584455,815,6.2,4.6,0.0,0.0,38566.21,26483.99,0.1653635114213997,0.1653635114213997,0.2267220686912939,1.0,0.1653635114213997,0.22672206869129388,0.7293666310294638,Crescente
4208708,SC,2019,10416,Jacinto Machado,377249000,11732050,755,6.2,5.2,0.0,0.0,36218.22,15539.14,0.20313792580653212,0.20313792580654497,0.3864116675697881,1.0,0.20313792580653225,0.3864116675697881,0.5257033957698606,Decrescente
4208807,SC,2019,20024,Jaguaruna,582215000,17710182,1408,5.7,4.6,0.2,2.2,29075.86,12578.25,0.2330384441911909,0.23303844419118777,0.31547533078476864,0.9980000000000028,0.23303844419119096,0.31547533078476875,0.7386899115423391,Crescente
4208906,SC,2019,177697,Jaraguá do Sul,9806864000,146265640,13458,7.2,5.9,0.0,0.4,55188.69,10868.3,0.18482836217382015,0.18482836217382004,0.5161487339984501,1.0,0.18482836217382032,0.5161487339984501,0.3580912826076508,Decrescente
4209003,SC,2019,30118,Joaçaba,1807617000,29050368,1813,6.3,5.3,0.1,0.0,60017.83,16023.37,0.14074875040737764,0.14074875040737303,0.37750750191458254,1.0,0.14074875040737775,0.37750750191458265,0.3728369626922657,Crescente
4209102,SC,2019,590466,Joinville,34527324000,420441187,49343,7.2,6.2,0.1,0.3,58474.7,8520.79,0.1844348345809136,0.18443483458078674,0.3693016056693589,0.9989999999999979,0.18443483458091178,0.3693016056693587,0.49941519817284735,Crescente
4209151,SC,2019,4997,José Boiteux,106900000,7580018,546,5.5,5.5,0.0,0.0,21392.84,13882.82,0.3028621462213137,0.3028621462213162,0.42615857996740597,1.0,0.3028621462213138,0.42615857996740597,0.7106794523402007,Decrescente
4209300,SC,2019,157544,Lages,5568825000,136071107,7804,5.6,4.7,0.2,1.9,35347.74,17436.07,0.1841530524432872,0.18415305244328709,0.24255370142082808,0.9980000000000032,0.18415305244328722,0.24255370142082802,0.7592259007574723,Crescente
4209607,SC,2019,15244,Lauro Muller,386641000,13635319,1148,6.4,4.9,0.0,0.4,25363.49,11877.46,0.2874371366212258,0.2874371366212262,0.44062012055973904,1.0,0.2874371366212261,0.44062012055973876,0.6523468248705524,Crescente
4210035,SC,2019,5685,Luzerna,191227000,7349290,496,7.7,6.3,0.0,0.0,33637.12,14817.12,0.2677074580226124,0.26770745802263285,0.4945520548432293,1.0,0.2677074580226122,0.49455205484322934,0.5413130031528722,Crescente
4210100,SC,2019,56292,Mafra,1975860000,46170989,3080,7.0,5.6,0.0,0.8,35100.19,14990.58,0.2347180832088408,0.23471808320883794,0.36793816040294725,1.0,0.23471808320884116,0.3679381604029472,0.637928077239364,Crescente
4210407,SC,2019,7293,Maracajá,199859000,7542724,704,5.7,4.8,0.0,2.3,27404.22,10714.1,0.25447729934762625,0.2544772993476259,0.45799732293401246,1.0,0.25447729934762636,0.45799732293401246,0.5556305388804443,Decrescente
4210506,SC,2019,25762,Maravilha,1401623000,20408502,843,5.8,4.1,0.4,1.7,54406.61,24209.37,0.1250848100389512,0.1250848100389513,0.15579161664940983,0.996,0.12508481003895125,0.15579161664940977,0.8028982093461384,Crescente
4210605,SC,2019,16916,Massaranduba,559154000,18217460,1038,6.8,5.8,0.1,0.0,33054.74,17550.54,0.2275530506883744,0.22755305068837436,0.36979221694819153,1.0,0.2275530506883743,0.36979221694819153,0.6153538129231501,Decrescente
4210803,SC,2019,7015,Meleiro,267458000,7730132,596,6.8,5.5,0.0,1.7,38126.59,12970.02,0.2243355912741755,0.2243355912741801,0.41800656987649387,1.0,0.22433559127417538,0.41800656987649387,0.5366795821904395,Decrescente
4211009,SC,2019,11742,Mondaí,713685000,11050003,897,6.9,5.2,0.0,0.0,60780.53,12318.84,0.15936104645047128,0.15936104645049284,0.5375554841202114,1.0,0.15936104645047217,0.5375554841202114,0.2964550658641109,Decrescente
4211058,SC,2019,9866,Monte Carlo,175416000,12205355,1192,6.0,4.8,0.1,0.4,17779.85,10239.39,0.36834822904152775,0.3683482290415251,0.47034576332241,0.9990000000000014,0.3683482290415277,0.4703457633224103,0.7831435037058778,Crescente
4211207,SC,2019,17796,Morro da Fumaça,665754000,22680443,1869,6.1,5.0,0.1,0.2,37410.32,12135.07,0.2084443913867273,0.20844439138672882,0.30152303320588264,0.9990000000000019,0.20844439138672752,0.3015230332058828,0.6913050362039824,Crescente
4211306,SC,2019,81475,Navegantes,4684221000,97950628,9115,6.0,4.8,0.3,1.2,57492.74,10746.09,0.14877551509205852,0.14877551509205755,0.2212983820717073,0.9969999999999993,0.14877551509205858,0.2212983820717072,0.6722846940826291,Crescente
4211504,SC,2019,14549,Nova Trento,631176000,13238596,878,6.3,5.2,0.0,0.7,43382.78,15078.13,0.18238292883192317,0.18238292883191673,0.3439698045163302,1.0,0.1823829288319233,0.3439698045163302,0.5302294749051567,Decrescente
4211603,SC,2019,15166,Nova Veneza,762923000,16211782,822,6.7,5.8,0.0,0.3,50304.83,19722.36,0.16273179958117562,0.16273179958117506,0.2782599964471273,1.0,0.162731799581174,0.2782599964471273,0.5848192397720259,Decrescente
4211702,SC,2019,22912,Orleans,914094000,20330545,839,6.7,4.0,0.0,0.0,39895.86,24231.88,0.1744633710666148,0.1744633710666187,0.2659973437589929,1.0,0.17446337106661466,0.26599734375899275,0.6558838844070843,Crescente
4211751,SC,2019,18744,Otacílio Costa,771816000,20289500,1598,6.8,5.3,0.0,0.0,41176.7,12696.81,0.21181757575328866,0.21181757575327315,0.5146046807933495,1.0,0.21181757575328913,0.5146046807933495,0.41161222130108943,Decrescente
4211900,SC,2019,171797,Palhoça,5981661000,132151370,7813,5.7,4.8,0.9,3.7,34818.19,16914.29,0.18914419903777643,0.1891441990377812,0.19807494734662245,0.9909999999999981,0.18914419903777652,0.19807494734662245,0.9549122772542374,Decrescente
4212106,SC,2019,16169,Palmitos,690896000,12071463,601,6.4,4.7,0.0,4.9,42729.67,20085.63,0.16957845347325426,0.16957845347325434,0.26055681883732834,1.0,0.1695784534732543,0.2605568188373284,0.6508309942912145,Crescente
4212502,SC,2019,32531,Penha,818900000,35643035,2514,6.1,5.0,0.0,0.4,25172.91,14177.82,0.2643703835368583,0.2643703835368587,0.36177538369186096,1.0,0.26437038353685843,0.3617753836918611,0.7307583529841087,Crescente
4212809,SC,2019,23147,Balneário Piçarras,1109019000,34478982,3087,6.4,5.4,0.1,0.0,47912.0,11169.09,0.18428949387273877,0.1842894938727484,0.5494775781919926,1.0,0.18428949387273866,0.5494775781919929,0.335390380221022,Crescente
4212908,SC,2019,20313,Pinhalzinho,1142862000,20611099,882,6.9,4.9,0.0,0.6,56262.59,23368.59,0.1440024829143028,0.1440024829143029,0.23401411895196852,1.0,0.1440024829143029,0.2340141189519685,0.6153580970208867,Crescente
4213104,SC,2019,3854,Piratuba,744223000,10564471,658,7.4,5.7,0.0,0.4,193104.05,16055.43,0.06045509980329899,0.060455099803277484,0.35525128525731914,1.0,0.060455099803293944,0.35525128525731914,0.17017559770265026,Decrescente
4213203,SC,2019,33447,Pomerode,2119535000,35123213,3456,6.9,5.8,0.0,0.1,63369.96,10162.97,0.15991320985831722,0.1599132098583274,0.5399940985298123,1.0,0.15991320985831706,0.5399940985298122,0.2961388102086613,Crescente
4213302,SC,2019,4682,Ponte Alta,130958000,5725739,317,5.7,4.1,0.0,0.0,27970.53,18062.27,0.22049671346723848,0.22049671346724262,0.3080119102258007,1.0,0.22049671346723845,0.30801191022580077,0.7158707379386543,Crescente
4213401,SC,2019,11593,Ponte Serrada,226706000,11206773,507,5.2,3.3,0.0,0.0,19555.42,22104.09,0.24707742542500835,0.2470774254250064,0.30602287664253275,1.0,0.24707742542500818,0.3060228766425325,0.8073822066368621,Crescente
4213500,SC,2019,21388,Porto Belo,1262036000,30919028,2045,5.9,5.1,0.4,0.4,59006.73,15119.33,0.13601409265425132,0.1360140926542518,0.1979612994862036,0.9959999999999976,0.13601409265425124,0.19796129948620358,0.6870741554398134,Crescente
4213609,SC,2019,35398,Porto União,778739000,16100307,1003,5.3,4.7,0.0,2.1,21999.52,16052.15,0.25825681837147846,0.2582568183714785,0.32731936103176196,1.0,0.25825681837147835,0.3273193610317611,0.7890056291122299,Crescente
4213807,SC,2019,7319,Praia Grande,169564000,7314043,507,5.8,4.6,0.3,2.8,23167.65,14426.12,0.27055817714528524,0.27055817714528596,0.3173490682170721,0.9969999999999976,0.27055817714528524,0.317349068217072,0.8525570239274152,Crescente
4214003,SC,2019,17471,Presidente Getúlio,721755000,21272518,906,5.7,3.9,0.0,0.0,41311.6,23479.6,0.15446164133416723,0.15446164133416998,0.23694587155293223,1.0,0.15446164133416723,0.2369458715529322,0.6518857675039148,Crescente
4214409,SC,2019,6205,Rio das Antas,218652000,7578260,796,5.9,5.2,0.0,0.8,35238.03,9520.43,0.22874371932721937,0.22874371932721957,0.5398280329772837,1.0,0.2287437193272196,0.5398280329772837,0.4237344216187548,Decrescente
4214805,SC,2019,71061,Rio do Sul,2894183000,65775007,2673,6.3,5.0,0.2,1.8,40728.15,24607.19,0.1635934555768816,0.1635934555768816,0.19827899645350358,0.9979999999999997,0.16359345557688162,0.1982789964535036,0.8250669939982486,Crescente
4215000,SC,2019,42302,Rio Negrinho,1232921000,39884605,4107,6.5,5.3,0.0,0.3,29145.69,9711.37,0.28241119215198357,0.2824111921519854,0.5437414376872265,1.0,0.28241119215198374,0.5437414376872265,0.5193850837508424,Decrescente
4215109,SC,2019,11551,Rodeio,305808000,9663236,811,6.4,5.7,0.0,0.0,26474.59,11915.21,0.2873555267306097,0.2873555267306104,0.518744469104234,1.0,0.2873555267306097,0.5187444691042157,0.5539442709178455,Crescente
4215307,SC,2019,7642,Salete,217412000,7202781,459,6.5,5.7,0.0,0.0,28449.62,15692.33,0.25065695844775154,0.2506569584477514,0.3995054544845613,1.0,0.25065695844775154,0.3995054544845613,0.6274181131547931,Decrescente
4215406,SC,2019,4718,Salto Veloso,201534000,5624040,506,6.9,5.8,0.0,0.5,42715.98,11114.7,0.2177716668636435,0.2177716668636434,0.4937554611037534,1.0,0.21777166686364346,0.4937554611037534,0.4410516622476058,Decrescente
4215653,SC,2019,8358,Santa Rosa do Sul,152034000,8607982,663,5.3,5.0,0.0,0.0,18190.24,12983.38,0.32739905390855345,0.32739905390855756,0.4218968335243778,1.0,0.3273990539085535,0.4218968335243777,0.7760168550533477,Crescente
4215703,SC,2019,23245,Santo Amaro da Imperatriz,926449000,21522846,1646,5.9,5.0,0.1,1.1,39855.84,13075.85,0.18977603235512033,0.1897760323551068,0.2771629975088778,0.9989999999999915,0.18977603235512033,0.2771629975088778,0.6847091208451865,Decrescente
4215802,SC,2019,84507,São Bento do Sul,3326009000,69961806,6662,6.6,5.5,0.0,0.0,39357.79,10501.62,0.22456079674564766,0.2245607967456617,0.6053726540694918,1.0,0.22456079674564772,0.6053726540694918,0.3709463835805671,Decrescente
4216206,SC,2019,52721,São Francisco do Sul,4237516000,61852453,3407,5.9,4.6,0.3,0.4,80376.24,18154.52,0.10120205313886807,0.10120205313887103,0.15027978721371524,0.9970000000000027,0.10120205313886801,0.15027978721371524,0.6734242509602908,Decrescente
4216305,SC,2019,37424,São João Batista,922007000,26217128,2577,6.7,4.9,0.1,0.0,24636.78,10173.51,0.3204543321217334,0.32045433212173496,0.6292647230288149,1.0,0.3204543321217334,0.6292647230288148,0.5092520212785858,Crescente
4216404,SC,2019,7297,São João do Sul,204293000,9137883,729,6.0,4.1,0.0,0.0,27996.85,12534.82,0.2492928810847065,0.24929288108470546,0.4649496932772165,1.0,0.24929288108470637,0.4649496932772165,0.5361717293059292,Decrescente
4216503,SC,2019,26952,São Joaquim,894685000,21773898,1474,4.7,3.9,0.1,1.4,33195.5,14771.98,0.18103609132826493,0.18103609132826512,0.2564226811961562,0.9989999999999983,0.1810360913282649,0.2564226811961563,0.7060065454575657,Crescente
4216602,SC,2019,246586,São José,11282675000,181607588,11722,7.0,5.8,0.3,0.4,45755.54,15492.88,0.19334980875292246,0.19334980875290278,0.25155440093602216,0.9969999999999982,0.19334980875292007,0.25155440093602216,0.7686202588127136,Decrescente
4216701,SC,2019,13829,São José do Cedro,418102000,12319662,793,7.0,6.9,0.0,0.0,30233.71,15535.51,0.28961972945259523,0.28961972945270614,0.4603255932468867,1.0,0.28961972945259495,0.46032559324688654,0.6291627789143223,Crescente
4216909,SC,2019,24076,São Lourenço do Oeste,1113148000,27036308,2728,7.0,5.2,0.0,1.9,46234.76,9910.67,0.21027003767400695,0.21027003767400698,0.5565321445040772,1.0,0.21027003767400712,0.5565321445040776,0.3778219097503837,Crescente
4217204,SC,2019,40482,São Miguel do Oeste,1675709000,33869431,1858,6.9,4.8,0.0,0.0,41393.93,18228.97,0.19219818101498465,0.19219818101498334,0.3632712106059563,1.0,0.19219818101498468,0.36327121060595635,0.5290762807611084,Crescente
4217253,SC,2019,5823,São Pedro de Alcântara,87586000,5090457,330,6.2,6.5,0.0,0.0,15041.39,15425.63,0.4068661606019968,0.40686616060199887,0.4540913212856453,1.0,0.40686616060199693,0.45409132128564494,0.8960007415470036,Crescente
4217402,SC,2019,21365,Schroeder,524942000,18762736,1512,6.8,6.1,0.0,0.0,24570.18,12409.22,0.3171081174678509,0.3171081174678472,0.5265309066277231,1.0,0.3171081174678509,0.5265309066277231,0.6022592662201653,Decrescente
4217709,SC,2019,30374,Sombrio,802900000,30301276,2294,5.8,4.7,0.0,0.8,26433.79,13208.93,0.2510555031794834,0.25105550317948583,0.37484408545688985,1.0,0.2510555031794834,0.3748440854568899,0.6697598092643691,Crescente
4218004,SC,2019,38407,Tijucas,1735114000,36182635,3040,5.9,5.2,0.1,2.2,45177.03,11902.18,0.17944125742714154,0.17944125742714157,0.27227666647946935,0.9989999999999999,0.17944125742714162,0.27227666647946935,0.6590401584803891,Decrescente
4218202,SC,2019,44238,Timbó,1968870000,32304548,2509,7.0,6.1,0.0,0.3,44506.31,12875.47,0.20829472934381044,0.20829472934381058,0.4397678869425286,1.0,0.20829472934381055,0.43976788694252855,0.4736469749803073,Crescente
4218251,SC,2019,7877,Timbó Grande,190135000,8525386,963,5.6,4.6,0.0,0.0,24138.0,8852.94,0.28819406735930375,0.2881940673593029,0.6184580651011133,1.0,0.2881940673593037,0.6184580651011133,0.4659880493468642,Decrescente
4218301,SC,2019,19275,Três Barras,1150788000,22685844,1714,5.1,4.2,0.1,0.2,59703.66,13235.61,0.11936523461617553,0.11936523461613202,0.20371150859446677,0.9989999999999977,0.11936523461617518,0.2037115085944666,0.5859523373998407,Crescente
4218509,SC,2019,7840,Treze Tílias,711233000,11424276,918,6.7,5.9,0.0,0.3,90718.49,12444.75,0.11411048918284056,0.11411048918284822,0.4456526080571845,1.0,0.11411048918284138,0.4456526080571845,0.25605255555510703,Decrescente
4218707,SC,2019,105686,Tubarão,3960988000,76085165,2814,5.8,4.8,0.1,1.2,37478.83,27038.08,0.16037106170590953,0.16037106170590867,0.1925172019591538,0.9990000000000006,0.16037106170590948,0.19251720195915387,0.8330219849129914,Crescente
4219002,SC,2019,21268,Urussanga,834460000,21443421,806,7.0,5.5,0.0,0.0,39235.47,26604.74,0.17767088188537764,0.1776708818853792,0.25222130127407655,1.0,0.17767088188537788,0.25222130127407655,0.7044245707554707,Decrescente
4219309,SC,2019,53065,Videira,2702486000,43296451,3159,6.3,5.3,0.0,1.0,50927.84,13705.75,0.16558050379509426,0.1655805037950942,0.3792194130631016,1.0,0.1655805037950942,0.3792194130631016,0.436635093276572,Decrescente
4219507,SC,2019,50982,Xanxerê,1899160000,33312539,1924,6.5,5.4,0.1,0.9,37251.58,17314.21,0.2013416379953203,0.2013416379953203,0.26445096991279243,0.9990000000000001,0.20134163799532018,0.2644509699127925,0.7613571546427543,Crescente
4219705,SC,2019,28706,Xaxim,1038196000,31652369,2676,6.3,5.7,0.0,0.3,36166.52,11828.24,0.23181773194092287,0.2318177319409227,0.45905835127971223,1.0,0.23181773194092298,0.45905835127971223,0.5049853276706261,Decrescente
4219853,SC,2019,3363,Zortéa,82422000,5715378,516,6.3,5.6,0.0,0.0,24508.47,11076.31,0.30490538182994004,0.30490538182994037,0.5500683118165103,1.0,0.30490538182993987,0.5500683118165102,0.5543045750500335,Crescente
4300034,RS,2019,4901,Aceguá,252625000,7823508,589,5.7,5.1,0.0,0.8,51545.6,13282.7,0.15524218246336427,0.15524218246336424,0.382550500230433,1.0,0.15524218246336421,0.38255050023043286,0.40580833738252237,Crescente
4300059,RS,2019,3748,Água Santa,324345000,4686772,381,6.3,5.5,0.0,0.0,86538.15,12301.24,0.11095278972843872,0.1109527897284291,0.49529373809992017,1.0,0.11095278972843822,0.49529373809992017,0.22401411767102777,Decrescente
4300109,RS,2019,16461,Agudo,536306000,14921382,1378,5.6,5.3,0.0,1.8,32580.4,10828.29,0.23907628967824932,0.23907628967824945,0.47999143637553743,1.0,0.23907628967824923,0.47999143637553743,0.49808448976410474,Decrescente
4300208,RS,2019,7024,Ajuricaba,302388000,6492748,243,5.6,5.0,0.0,0.0,43050.68,26719.13,0.14430175249045565,0.14430175249045676,0.20491580911714305,1.0,0.14430175249045568,0.204915809117143,0.7042001937877008,Crescente
4300406,RS,2019,73589,Alegrete,2138815000,48132063,2992,5.1,4.7,0.3,0.6,29064.33,16086.92,0.2125352144608086,0.21253521446080878,0.2655193711681423,0.9970000000000036,0.21253521446080864,0.2655193711681423,0.8004508805733009,Decrescente
4300455,RS,2019,3464,Alegria,111040000,3402229,158,5.2,4.0,0.0,2.2,32055.43,21533.09,0.17935707501312756,0.17935707501312706,0.23040175361430096,1.0,0.1793570750131276,0.23040175361430104,0.7784536020215209,Crescente
4300505,RS,2019,6258,Alpestre,536828000,7292905,425,7.1,4.5,0.0,0.0,85782.68,17159.78,0.1164700311445718,0.11647003114455591,0.39618831277010863,1.0,0.11647003114457159,0.39618831277010863,0.29397644350037766,Decrescente
4300570,RS,2019,3028,Alto Feliz,119902000,3541580,186,6.8,5.3,0.0,2.1,39597.75,19040.75,0.19402132612666623,0.19402132612666487,0.28473424478696413,1.0,0.19402132612666617,0.28473424478696413,0.6814119821513968,Decrescente
4300604,RS,2019,210305,Alvorada,2855079000,100834215,14629,5.0,3.7,1.6,5.1,13575.9,6892.76,0.4425093463363097,0.4425093463363096,0.4435104688481734,0.9839999999999999,0.4435104688481735,0.4425093463363097,0.9977427308210701,Crescente
4300638,RS,2019,7031,Amaral Ferrador,121478000,6422651,504,5.7,4.3,0.0,2.8,17277.49,12743.36,0.34196565981233373,0.34196565981233457,0.4226183137451378,1.0,0.3419656598123337,0.42261831374513736,0.8091595860622309,Crescente
4300646,RS,2019,7409,Ametista do Sul,135409000,6752944,648,6.1,5.0,0.9,2.2,18276.29,10421.21,0.3616583874958996,0.36165838749589674,0.3619034960222477,0.9910000000000013,0.3616583874958996,0.36190349602224753,0.9993227240713557,Crescente
4300802,RS,2019,13050,Antônio Prado,658275000,8934808,513,5.8,4.7,0.7,2.1,50442.53,17416.78,0.14463425239389996,0.1446342523939002,0.17342137741554678,0.9930000000000007,0.14463425239389993,0.17342137741554678,0.8340047492953073,Decrescente
4300877,RS,2019,5698,Araricá,193184000,11994756,970,5.8,5.2,0.0,1.1,33903.83,12365.73,0.21991150175864538,0.21991150175864535,0.41561598061741933,1.0,0.2199115017586455,0.41561598061741944,0.5291218625230804,Crescente
4300901,RS,2019,6235,Aratiba,1004596000,8245154,292,8.0,5.7,0.0,0.0,161122.05,28236.83,0.07150759384676304,0.07150759384676854,0.26888654184725086,1.0,0.07150759384676222,0.26888654184725086,0.2659396537867079,Decrescente
4301008,RS,2019,20805,Arroio do Meio,1252990000,23777138,1795,6.5,5.2,0.1,3.1,60225.43,13246.32,0.14938906715809647,0.14938906715809572,0.2218748308634179,0.9989999999999988,0.14938906715809624,0.22187483086341792,0.6733033511586434,Crescente
4301057,RS,2019,10065,Arroio do Sal,245738000,14361759,1040,5.9,4.2,0.2,1.1,24415.1,13809.38,0.26629369224118155,0.26629369224118155,0.326998057756136,0.9979999999999994,0.26629369224118166,0.32699805775613605,0.8143586358539606,Crescente
4301073,RS,2019,2937,Arroio do Padre,56794000,4295151,303,5.0,4.6,0.0,0.0,19337.42,14175.42,0.2915286066133786,0.2915286066133772,0.3669789100493707,1.0,0.2915286066133785,0.36697891004937055,0.7944015272544093,Crescente
4301107,RS,2019,14151,Arroio dos Ratos,269967000,11079876,1178,5.3,4.5,0.1,0.2,19077.59,9405.67,0.3313667854103465,0.3313667854103793,0.45142650882841534,0.9990000000000034,0.3313667854103468,0.45142650882841534,0.7340437013110745,Decrescente
4301305,RS,2019,18293,Arroio Grande,542512000,13904889,735,4.7,4.5,0.3,0.3,29656.81,18918.22,0.19577509382985686,0.19577509382986472,0.24203132680250627,0.9969999999999962,0.19577509382985678,0.24203132680250627,0.8088832814175589,Decrescente
4301404,RS,2019,10424,Arvorezinha,257735000,6898707,364,5.9,4.2,0.0,2.1,24725.15,18952.49,0.24116841572327705,0.24116841572327719,0.2936838193529817,1.0,0.24116841572327707,0.29368381935298166,0.8211838713300516,Crescente
4301602,RS,2019,121143,Bagé,3157650000,104909782,7473,5.7,4.5,0.4,1.6,26065.48,14038.51,0.24700816856322105,0.24700816856322255,0.29341087483778444,0.996,0.24700816856322103,0.29341087483778444,0.841850762006631,Decrescente
4301636,RS,2019,14068,Balneário Pinhal,240933000,16419802,1618,4.8,3.2,2.3,4.3,17126.32,10148.21,0.32852772209612385,0.3285277220961238,0.33039107379033766,0.9769999999999999,0.3303910737903377,0.328527722096125,0.9943601633275472,Crescente
4301651,RS,2019,6171,Barão,257251000,6215646,382,6.5,4.7,0.0,0.0,41687.08,16271.32,0.1871772331757443,0.1871772331757459,0.38528966479500093,1.0,0.18717723317574422,0.3852896647950007,0.4858091204583303,Crescente
4301800,RS,2019,5275,Barracão,208863000,5692070,341,5.9,4.6,0.0,3.1,39594.88,16692.29,0.17624796328654518,0.1762479632865445,0.2994385859750089,1.0,0.17624796328654516,0.2994385859750089,0.5885946953451577,Decrescente
4301875,RS,2019,4215,Barra do Quaraí,171509000,6087723,443,4.9,4.4,0.8,0.6,40690.15,13742.04,0.16330030051265876,0.16330030051266925,0.22752923787417367,0.9939999999999988,0.16330030051265879,0.2275292378741736,0.7177112798266645,Crescente
4301958,RS,2019,2539,Barra Funda,131785000,3416360,138,6.7,6.0,0.0,1.6,51904.29,24756.23,0.15078239945944943,0.1507823994594493,0.22637238241467048,1.0,0.15078239945944938,0.22637238241467048,0.66608125006718,Decrescente
4302105,RS,2019,120454,Bento Gonçalves,6352300000,87968084,5914,6.5,5.0,0.2,0.2,52736.31,14874.55,0.1612262004868371,0.16122620048683894,0.23244111160286238,0.9980000000000003,0.1612262004868371,0.23244111160286232,0.6936217064832334,Crescente
4302204,RS,2019,6712,Boa Vista do Buricá,246363000,5828404,337,5.7,5.7,0.0,0.0,36704.86,17294.97,0.20406734140176955,0.20406734140176902,0.35228318654822194,1.0,0.20406734140176944,0.352283186548222,0.5792707378438454,Crescente
4302238,RS,2019,2603,Boa Vista do Incra,172153000,4383419,245,5.6,4.4,0.0,0.0,66136.38,17891.51,0.11274549497548765,0.11274549497548395,0.3060206848307272,1.0,0.11274549497548775,0.3060206848307275,0.36842442542030085,Crescente
4302352,RS,2019,14055,Bom Princípio,713070000,15708060,1064,6.4,5.7,0.0,1.4,50734.26,14763.21,0.17048892230869403,0.170488922308694,0.3677961874783195,1.0,0.17048892230869395,0.3677961874783195,0.4635418422295197,Decrescente
4302402,RS,2019,12328,Bom Retiro do Sul,316775000,12211083,852,6.5,5.2,0.0,0.7,25695.57,14332.26,0.27281551287844846,0.2728155128784486,0.370756698351349,1.0,0.27281551287844835,0.37075669835134895,0.7358343465986791,Crescente
4302709,RS,2019,20941,Butiá,475949000,18427653,1571,4.6,2.8,2.0,3.0,22728.09,11729.89,0.25088077174522555,0.25088077174522544,0.25152553820531404,0.9800000000000055,0.2515255382053145,0.2508807717452254,0.9974365765612151,Crescente
4302808,RS,2019,33624,Caçapava do Sul,865350000,28679265,2144,5.3,3.7,0.3,3.0,25736.08,13376.52,0.2415596470747451,0.24155964707474498,0.2998623509263545,0.9970000000000009,0.2415596470747451,0.2998623509263545,0.8055684427488251,Decrescente
4302907,RS,2019,12561,Cacequi,339299000,8452903,656,5.4,4.5,0.0,1.2,27012.1,12885.52,0.23772821400112623,0.2377282140011248,0.36965396595778693,1.0,0.23772821400112612,0.36965396595778693,0.6431101405476978,Decrescente
4303004,RS,2019,82201,Cachoeira do Sul,2419203000,54194584,3388,6.1,4.4,0.1,1.0,29430.34,15996.04,0.22805608182177764,0.22805608182177775,0.29045518581449736,0.9990000000000001,0.22805608182177753,0.29045518581449736,0.785167877730468,Decrescente
4303103,RS,2019,130293,Cachoeirinha,5701383000,101587439,9025,5.5,4.1,0.6,3.3,43758.17,11256.23,0.16929089592035462,0.16929089592035274,0.2252253454789492,0.9939999999999037,0.16929089592035465,0.22522534547895115,0.7516511765598667,Crescente
4303509,RS,2019,66261,Camaquã,2182211000,48421443,4238,6.2,4.6,0.5,3.3,32933.57,11425.54,0.23413105949089183,0.2341310594908919,0.29101126476126854,0.9950000000000001,0.23413105949089186,0.2910112647612686,0.8045429433220104,Crescente
4303806,RS,2019,5454,Campinas do Sul,234316000,4637077,148,6.0,4.5,0.0,0.0,42962.23,31331.6,0.14290269480718584,0.14290269480717754,0.18601222772809667,1.0,0.14290269480718584,0.18601222772811615,0.7682435534080793,Crescente
4303905,RS,2019,66712,Campo Bom,3196404000,68400463,5971,7.1,6.0,0.0,0.9,47913.48,11455.45,0.2034672553099504,0.20346725530995038,0.4892105298965222,1.0,0.20346725530995047,0.4892105298965222,0.4159093945769888,Decrescente
4304101,RS,2019,3320,Campos Borges,89064000,3344778,223,5.0,3.8,0.0,0.0,26826.51,14999.0,0.2213386930507344,0.22133869305073928,0.3297446020211229,1.0,0.22133869305073448,0.3297446020211228,0.6712428094169554,Crescente
4304200,RS,2019,31365,Candelária,851074000,18583077,1296,6.0,3.4,0.9,8.6,27134.51,14338.79,0.24576231602321263,0.24576231602321244,0.24650932622466956,0.9909999999999995,0.2457623160232127,0.24650932622466967,0.9969696473034205,Crescente
4304309,RS,2019,6198,Cândido Godói,243361000,5906890,373,7.2,5.3,0.0,2.4,39264.44,15836.17,0.21723842563336826,0.2172384256333682,0.35423080743105134,1.0,0.2172384256333681,0.3542308074310514,0.6132680192579023,Crescente
4304408,RS,2019,44998,Canela,1255551000,46344211,2671,5.5,4.4,0.4,3.2,27902.37,17350.88,0.21745192965504906,0.21745192965505147,0.2491370418691286,0.996,0.2174519296550492,0.2491370418691286,0.8728205489783262,Decrescente
4304507,RS,2019,56045,Canguçu,1299068000,43517346,3907,6.0,5.0,1.4,4.2,23179.02,11138.3,0.29619992458079414,0.29619992458078653,0.296207968481834,0.9859999999999948,0.29620796848183406,0.2961999245807941,0.9999728437385358,Crescente
4304606,RS,2019,346616,Canoas,19611051000,232500242,26104,5.3,4.3,0.8,2.3,56578.61,8906.69,0.13810987825192259,0.13810987825192217,0.18597249049097309,0.9919999999999989,0.13810987825192247,0.18597249049097295,0.7426360634699695,Crescente
4304622,RS,2019,1654,Capão Bonito do Sul,197708000,3384874,198,6.2,4.7,0.0,0.0,119533.25,17095.32,0.07704839639257718,0.07704839639257112,0.35123677123288544,1.0,0.07704839639257681,0.35123677123288555,0.21936312682219342,Crescente
4304630,RS,2019,53049,Capão da Canoa,1605660000,78117779,5688,5.3,4.1,1.0,3.4,30267.49,13733.79,0.21127670959181752,0.21127670959181638,0.21590750457635874,0.9900000000000001,0.21127670959181746,0.2159075045763588,0.9785519498563633,Crescente
4304655,RS,2019,3651,Capão do Cipó,320955000,5846254,289,6.2,3.6,0.0,2.2,87908.79,20229.25,0.09662457608998376,0.09662457608998336,0.2540576145926363,1.0,0.0966245760899837,0.2540576145926363,0.3803254480087697,Decrescente
4304663,RS,2019,25354,Capão do Leão,551889000,28083417,2996,4.6,3.8,0.1,1.3,21767.33,9373.64,0.2764897747842364,0.2764897747842364,0.39406999443663127,0.9989999999999992,0.27648977478423625,0.39406999443663154,0.7016260529541474,Crescente
4304671,RS,2019,4660,Capivari do Sul,211935000,6144243,371,5.7,4.4,0.0,0.0,45479.61,16561.3,0.1549108841985344,0.15491088419854984,0.33592739010298234,1.0,0.15491088419853452,0.3359273901029822,0.4611439518255559,Crescente
4304689,RS,2019,11940,Capela de Santana,227101000,11237813,1029,5.7,4.2,0.6,4.8,19020.18,10921.1,0.33279922825864355,0.3327992282586438,0.36185031603458134,0.9940000000000003,0.3327992282586435,0.3618503160345814,0.9197151792091804,Crescente
4304697,RS,2019,2757,Capitão,76628000,5352102,294,6.9,5.5,0.0,0.0,27793.98,18204.43,0.2513062425365229,0.2513062425365278,0.3637609087458494,1.0,0.251306242536523,0.3637609087458494,0.6908555496052609,Decrescente
4304705,RS,2019,62110,Carazinho,3149569000,41501636,2606,5.8,4.4,0.8,4.8,50709.53,15925.42,0.1465223935411028,0.14652239354110314,0.17133664053172448,0.9919999999999961,0.14652239354110322,0.17133664053172448,0.8551725602088766,Decrescente
4304804,RS,2019,29833,Carlos Barbosa,2769095000,26506940,1139,7.2,6.1,0.0,0.7,92819.86,23272.12,0.10552277309497307,0.10552277309497303,0.243304788531978,1.0,0.1055227730949731,0.24330478853197793,0.4337061088343685,Crescente
4305009,RS,2019,8774,Catuípe,382986000,9316131,521,6.1,4.9,0.0,0.0,43650.1,17881.25,0.16724080485521758,0.16724080485521992,0.33086517201768645,1.0,0.16724080485521758,0.33086517201768656,0.5054651229543063,Crescente
4305108,RS,2019,510906,Caxias do Sul,26871811000,321034353,30322,6.2,4.8,0.2,1.8,52596.39,10587.51,0.16568611733390318,0.16568611733390262,0.24749680385453654,0.9979999999999932,0.16568611733390315,0.24749680385453698,0.6694475029717286,Crescente
4305132,RS,2019,4691,Cerro Branco,75716000,4015204,315,5.4,4.6,0.0,0.6,16140.69,12746.68,0.3475317164857849,0.34753171648578846,0.42667064527650855,1.0,0.34753171648578485,0.42667064527650833,0.8145198652242954,Crescente
4305207,RS,2019,14133,Cerro Largo,774572000,9323664,499,6.9,5.3,0.0,0.6,54805.92,18684.7,0.15710657670130393,0.1571065767013026,0.29267689607007885,1.0,0.1571065767013039,0.29267689607007885,0.5367918643762238,Decrescente
4305306,RS,2019,9269,Chapada,463225000,10138906,572,6.4,4.9,0.0,4.9,49975.73,17725.36,0.15828246294167053,0.1582824629416704,0.2952519924640807,1.0,0.15828246294167064,0.2952519924640807,0.5360927850840045,Decrescente
4305355,RS,2019,40789,Charqueadas,1374623000,30771157,2288,5.8,4.3,0.1,0.1,33700.83,13448.93,0.20754053063995656,0.2075405306399631,0.30073580856112286,0.9989999999999997,0.20754053063995678,0.3007358085611225,0.6901091414186385,Crescente
4305439,RS,2019,6704,Chuí,381929000,4630394,195,4.4,3.9,0.9,5.2,56970.32,23745.61,0.10543579083273448,0.10543579083273395,0.11516010977504842,0.9909999999999943,0.10543579083273448,0.11516010977504844,0.91555826960126,Crescente
4305454,RS,2019,16254,Cidreira,308136000,19258553,1549,4.5,3.6,1.1,5.4,18957.55,12432.89,0.2828891615441998,0.2828891615442001,0.2833490430591475,0.9890000000000004,0.2833490430591475,0.2828891615441997,0.9983769787609563,Crescente
4305587,RS,2019,2438,Colinas,65700000,3811139,254,6.0,5.4,0.0,1.1,26948.32,15004.48,0.2486764413608183,0.2486764413608179,0.3527058976666694,1.0,0.2486764413608183,0.3527058976666693,0.7050532554344587,Crescente
4305702,RS,2019,6753,Condor,372882000,6166109,526,5.6,5.2,0.0,0.0,55217.24,11722.64,0.15360181992930455,0.1536018199293049,0.4821112333547756,1.0,0.15360181992930458,0.48211123335477557,0.3186024496057991,Crescente
4305801,RS,2019,9911,Constantina,325042000,8389533,704,6.7,5.2,0.0,1.8,32796.09,11916.95,0.250978876559023,0.25097887655902357,0.4509985476868092,1.0,0.25097887655902285,0.4509985476868092,0.55649597508973,Decrescente
4305871,RS,2019,2519,Coronel Barros,125420000,3971438,258,6.1,5.5,0.0,0.9,49789.6,15393.17,0.1650552638689045,0.16505526386890443,0.34519656521447717,1.0,0.16505526386890443,0.34519656521447717,0.4781486274822942,Decrescente
4305959,RS,2019,3853,Cotiporã,157372000,4024549,241,6.6,4.8,0.0,2.8,40844.02,16699.37,0.19106861176762638,0.19106861176762652,0.3190240538586599,1.0,0.1910686117676265,0.31902405385866,0.5989160047858875,Crescente
4305975,RS,2019,2756,Coxilha,220641000,6007502,342,5.6,4.5,0.0,0.0,80058.42,17565.8,0.09729548676103648,0.09729548676103406,0.311695006367971,1.0,0.09729548676103654,0.31169500636797093,0.31214964876971585,Crescente
4306007,RS,2019,13448,Crissiumal,378006000,12450578,815,6.5,5.5,0.4,1.2,28108.72,15276.78,0.2536775667526389,0.2536775667526394,0.29760926573750407,0.996,0.25367756675263864,0.29760926573750407,0.8523846397187996,Decrescente
4306106,RS,2019,60299,Cruz Alta,3792122000,38857605,2421,5.4,4.1,0.0,1.0,62888.64,16050.23,0.11601456466482639,0.11601456466482785,0.29676730934231305,1.0,0.11601456466482625,0.2967673093423133,0.39092771007000215,Crescente
4306205,RS,2019,12348,Cruzeiro do Sul,394336000,9772148,565,6.1,4.4,0.0,0.0,31935.21,17295.84,0.21086425652168928,0.21086425652168816,0.3420639215640052,1.0,0.21086425652168908,0.3420639215640052,0.6164469364601887,Decrescente
4306403,RS,2019,32671,Dois Irmãos,2087995000,32512604,2378,6.6,5.1,0.0,0.3,63909.74,13672.25,0.14348057216452165,0.14348057216451626,0.3896579359129041,1.0,0.14348057216452187,0.38965793591290404,0.3682218657458378,Crescente
4306502,RS,2019,15414,Dom Feliciano,294060000,16544724,1514,6.0,3.9,0.3,6.5,19077.46,10927.82,0.34314517889282614,0.343145178892826,0.4060756486163049,0.997,0.34314517889282603,0.4060756486163049,0.8450277185102993,Decrescente
4306601,RS,2019,38461,Dom Pedrito,1346218000,31853497,1974,4.9,3.7,0.6,3.0,35002.16,16136.52,0.1741289815941081,0.17412898159410486,0.20370525070737172,0.9940000000000102,0.17412898159410817,0.2037052507073716,0.8548085088108468,Crescente
4306734,RS,2019,4549,Doutor Maurício Cardoso,189541000,4204487,374,5.4,4.3,0.0,1.3,41666.52,11241.94,0.17296241974477264,0.17296241974477233,0.42369765106638063,1.0,0.17296241974477294,0.42369765106638096,0.40822133261643845,Crescente
4306767,RS,2019,41285,Eldorado do Sul,2154667000,46441334,4563,4.7,4.0,0.7,1.7,52190.07,10177.81,0.13050846858546752,0.13050846858546652,0.19237350653619387,0.9930000000000011,0.13050846858546783,0.19237350653619398,0.6784118610475771,Crescente
4306809,RS,2019,22706,Encantado,950771000,15692353,663,7.3,5.8,0.3,4.5,41873.12,23668.71,0.1863716720935195,0.1863716720935213,0.21242601076257886,0.9970000000000216,0.1863716720935195,0.21242601076257886,0.8773486421200115,Decrescente
4306908,RS,2019,25877,Encruzilhada do Sul,607186000,19560676,1347,4.7,3.2,0.1,0.6,23464.31,14521.66,0.23743539517085652,0.23743539517077644,0.3032075832726315,0.9990000000000766,0.23743539517085616,0.303207583272632,0.7830786836138086,Crescente
4307005,RS,2019,105862,Erechim,5519057000,67820473,2852,6.5,5.1,0.1,1.5,52134.45,23779.97,0.14360201465555222,0.1436020146555524,0.18827695475977915,0.9990000000000023,0.14360201465555217,0.18827695475977918,0.7627168967055619,Crescente
4307054,RS,2019,3168,Ernestina,145844000,3943544,237,6.6,4.6,0.0,1.4,46036.62,16639.43,0.17577617116594127,0.17577617116594133,0.32017327001501394,1.0,0.17577617116594121,0.32017327001501394,0.5490032667552122,Decrescente
4307450,RS,2019,2926,Esperança do Sul,82564000,4195779,279,6.6,4.8,0.0,0.0,28217.36,15038.63,0.25318933951006084,0.2531893395100627,0.4227375479966268,1.0,0.25318933951006073,0.4227375479966268,0.598927965376951,Decrescente
4307500,RS,2019,15588,Espumoso,718862000,12470996,584,5.9,4.3,0.0,0.4,46116.37,21354.45,0.14827596007792257,0.1482759600779227,0.23406436196126892,1.0,0.1482759600779226,0.23406436196126892,0.633483708649581,Decrescente
4307609,RS,2019,50022,Estância Velha,1542292000,45046108,4644,6.6,5.4,0.0,0.4,30832.27,9699.85,0.275131572613259,0.2751315726132665,0.5492353710918441,1.0,0.275131572613259,0.5492353710918441,0.5009356408825516,Decrescente
4307708,RS,2019,83202,Esteio,3433253000,70720746,6908,5.9,4.6,0.8,2.4,41264.07,10237.51,0.19330364309100073,0.19330364309100048,0.2338291216497072,0.9919999999999987,0.1933036430910007,0.2338291216497071,0.8266876329484034,Crescente
4307807,RS,2019,34116,Estrela,1643605000,29079064,1858,6.4,5.1,0.2,1.9,48176.96,15650.73,0.1688345141298611,0.16883451412986084,0.23071548414909807,0.9980000000000017,0.16883451412986114,0.230715484149098,0.7317866624883882,Crescente
4307815,RS,2019,3655,Estrela Velha,133899000,4607153,253,5.7,4.3,0.0,0.0,36634.47,18210.09,0.17992103070167587,0.17992103070165774,0.3055116304046587,1.0,0.17992103070167564,0.3055116304046587,0.5889171239188683,Decrescente
4307906,RS,2019,72331,Farroupilha,3558236000,71304169,5451,7.4,6.3,0.0,0.1,49193.79,13080.93,0.20224103389168785,0.20224103389167827,0.44174238196129056,1.0,0.20224103389168707,0.4417423819612904,0.45782574222051897,Crescente
4308078,RS,2019,4533,Fazenda Vilanova,106388000,5916877,575,6.2,4.9,0.0,0.8,23469.67,10290.22,0.30881499701260284,0.30881499701260345,0.4994446182880297,1.0,0.3088149970126026,0.4994446182880297,0.6183167977085083,Decrescente
4308102,RS,2019,13547,Feliz,464611000,11887799,433,6.8,5.7,0.7,0.0,34296.23,27454.5,0.18796590895117965,0.1879659089511806,0.23780451499836808,1.0,0.18796590895117962,0.23780451499836802,0.7904219520494368,Crescente
4308201,RS,2019,30745,Flores da Cunha,1852002000,26049448,1715,7.1,5.6,0.0,1.0,60237.5,15189.18,0.15847599338469145,0.15847599338469082,0.366223381192385,1.0,0.15847599338469173,0.3662233811923848,0.4327304086066548,Crescente
4308409,RS,2019,6664,Formigueiro,200415000,5651890,396,6.2,3.6,0.0,0.8,30074.28,14272.45,0.23348917371372585,0.233489173713726,0.3600919954178252,1.0,0.23348917371372596,0.36009199541782516,0.6484153402043874,Crescente
4308433,RS,2019,2412,Forquetinha,45982000,2880426,186,6.4,5.3,0.0,1.1,19063.85,15486.16,0.32312424624413555,0.323124246244105,0.3846788651356532,1.0,0.32312424624413555,0.3846788651356529,0.8399844013530324,Crescente
4308458,RS,2019,4320,Fortaleza dos Valos,314483000,5564345,294,5.4,4.8,0.0,1.6,72796.99,18926.34,0.10371244135002856,0.10371244135002859,0.25926983862941694,1.0,0.10371244135002852,0.25926983862941716,0.400017379184118,Crescente
4308508,RS,2019,31313,Frederico Westphalen,1232887000,19920556,878,5.8,4.4,0.0,0.8,39373.01,22688.56,0.16272490450485294,0.16272490450485122,0.22079967095483963,1.0,0.1627249045048528,0.2207996709548396,0.7369798324479171,Crescente
4308607,RS,2019,35070,Garibaldi,2379387000,27405583,1583,6.3,5.3,0.0,0.0,67846.79,17312.43,0.1257207037885575,0.12572070378855643,0.35192790052313444,1.0,0.12572070378855757,0.35192790052313433,0.35723426190897606,Crescente
4308904,RS,2019,16212,Getúlio Vargas,637100000,12257118,608,6.6,5.4,0.0,0.9,39298.05,20159.73,0.1870547746538612,0.1870547746538723,0.26426448738579944,1.0,0.1870547746538611,0.2642644873857995,0.7078316746388255,Crescente
4309001,RS,2019,16004,Giruá,807393000,19172633,833,6.0,4.0,0.2,1.8,50449.45,23016.37,0.13724207255483334,0.13724207255483334,0.17957327898022052,0.9980000000000001,0.13724207255483337,0.1795732789802205,0.7642677871352461,Crescente
4309050,RS,2019,8098,Glorinha,266650000,10255566,805,6.1,5.2,0.5,0.6,32927.88,12739.83,0.2272023948125484,0.22720239481254895,0.2923610950557446,0.9950000000000044,0.22720239481254836,0.29236109505574465,0.7771293741023498,Crescente
4309100,RS,2019,36232,Gramado,2262072000,65618167,3169,6.0,4.8,0.5,2.4,62432.99,20706.27,0.12180296437424469,0.12180296437424437,0.15528361526090384,0.994999999999999,0.12180296437424466,0.15528361526090392,0.7843903181259287,Crescente
4309209,RS,2019,281519,Gravataí,12386993000,182101510,20901,5.7,4.6,0.9,2.3,44000.56,8712.57,0.18332574171256347,0.1833257417125638,0.22415307239150914,0.9910000000000022,0.18332574171256363,0.22415307239150897,0.8178595981605105,Crescente
4309308,RS,2019,98143,Guaíba,6434883000,73073184,6885,5.6,4.7,0.6,1.4,65566.4,10613.39,0.1254647389591928,0.12546473895919283,0.17767366787639288,0.9939999999999974,0.12546473895919288,0.17767366787639285,0.7061526925108469,Crescente
4309407,RS,2019,25727,Guaporé,949787000,22247559,1506,6.5,5.6,0.0,0.2,36917.91,14772.62,0.21379656079324316,0.21379656079324175,0.3636295310073676,1.0,0.21379656079324322,0.3636295310073676,0.5879515896328875,Decrescente
4309506,RS,2019,7537,Guarani das Missões,289015000,6117594,478,6.2,5.8,0.4,0.0,38346.16,12798.31,0.2212131836175005,0.22121318361749695,0.4814041295857354,1.0,0.22121318361750023,0.48140412958573536,0.4595165891241148,Crescente
4309605,RS,2019,19329,Horizontina,1740614000,20682342,1391,6.4,5.5,0.0,0.0,90051.94,14868.69,0.10428624956059983,0.10428624956061011,0.4157023440343978,1.0,0.10428624956060008,0.4157023440343977,0.2508676004770628,Crescente
4309654,RS,2019,6776,Hulha Negra,195910000,7768082,508,5.4,4.5,0.0,0.5,28912.34,15291.5,0.21715863416645204,0.21715863416645037,0.3114922389188642,1.0,0.21715863416645187,0.3114922389188642,0.697155842213508,Decrescente
4309704,RS,2019,4762,Humaitá,165023000,4695014,336,6.6,5.3,0.0,1.3,34654.14,13973.26,0.22837668785965712,0.2283766878596564,0.3812639795070048,1.0,0.2283766878596571,0.3812639795070048,0.598998856789358,Decrescente
4310009,RS,2019,20350,Ibirubá,1125662000,18925099,724,6.0,4.7,0.0,0.3,55315.09,26139.64,0.12446811702668577,0.12446811702668599,0.1930149819530087,1.0,0.12446811702668571,0.19301498195300867,0.6448624649095307,Crescente
4310108,RS,2019,36899,Igrejinha,1945876000,34582617,3092,6.9,5.6,0.3,1.8,52735.2,11184.55,0.18270532737270664,0.18270532737270728,0.2519762961280869,0.9969999999999998,0.1827053273727098,0.25197629612808664,0.7250893444351296,Crescente
4310207,RS,2019,83475,Ijuí,4082296000,58772717,3726,7.2,5.9,0.0,0.2,48904.41,15773.68,0.18809648614077543,0.1880964861407578,0.3556341504147446,1.0,0.1880964861407761,0.3556341504147446,0.5289044539772548,Decrescente
4310330,RS,2019,22800,Imbé,514734000,35578073,2793,5.5,4.3,0.4,1.0,22576.05,12738.3,0.2760953978416749,0.27609539784167825,0.32281298986189966,0.9960000000000025,0.2760953978416748,0.32281298986189955,0.855279702219509,Crescente
4310405,RS,2019,6167,Independência,280880000,5631440,401,5.8,4.4,0.0,3.0,45545.65,14043.49,0.16396407553056824,0.16396407553056824,0.3525682921917321,1.0,0.16396407553056822,0.3525682921917321,0.46505621509889505,Decrescente
4310439,RS,2019,6640,Ipê,223097000,5458594,330,7.3,5.4,1.7,1.6,33598.95,16541.19,0.24154607069404674,0.2415460706940496,0.26765366557419557,0.9839999999999997,0.24154607069404702,0.26765366557419557,0.9024575478010347,Decrescente
4310462,RS,2019,1889,Ipiranga do Sul,106926000,3300109,171,7.1,5.5,0.0,4.7,56604.55,19298.88,0.15670699516383654,0.15670699516383643,0.2882360456743317,1.0,0.15670699516383635,0.2882360456743317,0.5436759125570803,Decrescente
4310603,RS,2019,37620,Itaqui,1398232000,40369471,2333,4.9,3.8,0.2,1.0,37167.25,17303.67,0.1641580151000973,0.16415801510009648,0.22006901084882285,0.9980000000000017,0.16415801510009725,0.2200690108488228,0.7459388055906981,Crescente
4310801,RS,2019,24293,Ivoti,990690000,27155460,2158,7.0,5.9,0.1,0.4,40780.88,12583.62,0.222655047943895,0.22265504794326363,0.3052608147256964,0.9989999999999977,0.22265504794389487,0.3052608147256962,0.7293928247684528,Crescente
4311007,RS,2019,26680,Jaguarão,706889000,20086019,1602,5.0,3.1,0.2,3.8,26495.09,12538.09,0.23179878169176835,0.23179878169176799,0.3087125026974764,0.9980000000000003,0.23179878169176807,0.30871250269747635,0.7508564754143442,Crescente
4311106,RS,2019,10848,Jaguari,265465000,7989593,542,5.3,4.7,0.0,1.0,24471.33,14740.95,0.2462179068598101,0.24621790685981013,0.33785314448548487,1.0,0.24621790685981018,0.33785314448548487,0.7287719853392939,Decrescente
4311205,RS,2019,19293,Júlio de Castilhos,1232510000,15651894,765,5.2,4.8,0.7,2.8,63883.79,20459.99,0.11226474723548249,0.11226474723548274,0.14020893028788847,0.992999999999997,0.11226474723548252,0.14020893028788844,0.8006961254534308,Crescente
4311304,RS,2019,27807,Lagoa Vermelha,1145514000,19089560,886,5.2,4.8,0.0,2.4,41195.17,21545.78,0.15378139314975353,0.15378139314975325,0.22774896604563494,1.0,0.15378139314975345,0.22774896604563494,0.6752232329298029,Decrescente
4311403,RS,2019,84014,Lajeado,4672704000,80508215,4721,6.6,5.5,0.3,1.4,55618.16,17053.21,0.1539035811160671,0.15390358111606722,0.2047316863286676,0.9970000000000009,0.1539035811160671,0.20473168632866753,0.7517330798955898,Crescente
4311627,RS,2019,6054,Lindolfo Collor,314414000,7640011,593,6.6,5.6,0.0,1.5,51934.92,12883.66,0.17329721490202962,0.17329721490202957,0.41694370096342526,1.0,0.17329721490202954,0.41694370096342515,0.41563696609780765,Crescente
4311718,RS,2019,4587,Maçambará,284128000,9195277,435,4.5,4.0,0.5,2.6,61942.01,21138.57,0.10134464270422062,0.10134464270422022,0.13641030829754425,0.9949999999999961,0.10134464270422072,0.13641030829754422,0.7429397673023593,Crescente
4311734,RS,2019,2981,Mampituba,59150000,3320532,297,6.0,4.9,0.0,0.0,19842.33,11180.24,0.33242254189359155,0.33242254189358067,0.5212822546104242,1.0,0.3324225418935917,0.5212822546104242,0.6377016270044041,Decrescente
4311759,RS,2019,7299,Manoel Viana,268322000,5318850,236,4.3,3.0,0.0,4.3,36761.47,22537.5,0.15033967165763418,0.15033967165763473,0.1954196566295756,1.0,0.15033967165763415,0.19541965662957567,0.7693170392915385,Crescente
4311809,RS,2019,44161,Marau,2210068000,50212471,2607,6.1,4.9,0.5,1.8,50045.7,19260.63,0.1484636128106225,0.14846361281062184,0.18330735293628342,0.994999999999999,0.14846361281062256,0.18330735293628342,0.8099162986780328,Decrescente
4312054,RS,2019,4009,Marques de Souza,98020000,4096510,226,6.0,6.0,0.0,1.2,24449.99,18126.15,0.26837492087962095,0.26837492087962106,0.3389694309202551,1.0,0.268374920879621,0.3389694309202551,0.7917378276590316,Decrescente
4312252,RS,2019,8075,Minas do Leão,198928000,9050497,675,6.0,4.0,0.0,0.0,24635.05,13408.14,0.2700737722117353,0.27007377221173345,0.43466586075969327,1.0,0.2700737722117361,0.43466586075969327,0.6213365175256923,Decrescente
4312401,RS,2019,65264,Montenegro,3925347000,53733592,3494,5.7,4.5,0.2,1.0,60145.67,15378.82,0.12758154567116983,0.1275815456711701,0.19106794514446584,0.9979999999999992,0.12758154567116975,0.1910679451444659,0.6677286740834829,Crescente
4312450,RS,2019,6568,Morro Redondo,98425000,5451476,425,5.5,3.8,0.4,4.8,14985.54,12827.0,0.366883751566378,0.36688375156637737,0.3929746406798807,0.9959999999999978,0.366883751566378,0.3929746406798807,0.933606684980071,Decrescente
4312500,RS,2019,12804,Mostardas,407876000,10961721,1054,5.3,4.4,0.5,3.8,31855.36,10400.11,0.21424558174177513,0.21424558174177458,0.28735326016664553,0.9949999999999986,0.21424558174177524,0.2873532601666456,0.7455825683603768,Crescente
4312658,RS,2019,17624,Não-Me-Toque,1365426000,20005650,1127,6.0,4.7,0.0,0.6,77475.37,17751.24,0.10637488554798881,0.10637488554798921,0.28422477206416025,1.0,0.10637488554798875,0.28422477206416036,0.3742632451613893,Crescente
4312906,RS,2019,9916,Nova Bassano,597938000,6954496,383,7.1,4.9,0.0,2.2,60300.32,18157.95,0.15153578703121845,0.15153578703121842,0.3063469641200204,1.0,0.15153578703121845,0.3063469641200201,0.49465411699607986,Crescente
4312955,RS,2019,1775,Nova Boa Vista,100735000,3371950,210,6.7,5.5,0.0,3.0,56752.11,16056.9,0.1556910448288484,0.15569104482884852,0.33471760693892255,1.0,0.15569104482884846,0.33471760693892255,0.4651414852438822,Decrescente
4313201,RS,2019,21353,Nova Petrópolis,854947000,24266398,1170,7.3,6.2,0.0,0.0,40038.73,20740.51,0.20314455038964901,0.20314455038964635,0.3362959045571865,1.0,0.20314455038964926,0.3362959045571865,0.6040648953401234,Decrescente
4313300,RS,2019,27257,Nova Prata,1303643000,25032325,1360,6.6,5.2,0.0,0.0,47827.82,18406.12,0.1672895140687136,0.16728951406871276,0.3453956385934086,1.0,0.16728951406871362,0.3453956385934087,0.48434170955367145,Crescente
4313375,RS,2019,29300,Nova Santa Rita,1814029000,30106936,3343,5.5,4.5,0.4,1.3,61912.25,9005.96,0.1321845804035427,0.13218458040354267,0.20803050274465693,0.9959999999999993,0.13218458040354275,0.20803050274465684,0.6354096089734982,Crescente
4313409,RS,2019,246748,Novo Hamburgo,9766714000,170357977,15372,6.2,5.0,0.1,1.6,39581.74,11082.36,0.20671176005492983,0.20671176005492917,0.30224953803076565,0.9990000000000012,0.2067117600549299,0.30224953803076526,0.6839109214250937,Crescente
4313508,RS,2019,45994,Osório,1693272000,46295670,2616,5.8,4.7,0.3,2.3,36815.06,17697.12,0.18168681559658004,0.18168681559657873,0.23149487078612407,0.9970000000000013,0.18168681559658006,0.23149487078612419,0.7848416467267595,Crescente
4313706,RS,2019,33303,Palmeira das Missões,1490353000,23648637,899,4.2,2.6,0.0,0.0,44751.31,26305.49,0.12679316517726155,0.12679316517725947,0.16202277041848537,1.0,0.12679316517726152,0.16202277041848537,0.7825638633987682,Decrescente
4313904,RS,2019,43667,Panambi,2234900000,33198072,2418,5.9,5.1,0.0,0.4,51180.53,13729.56,0.15531800488364,0.1553180048836399,0.370099517348937,1.0,0.15531800488364003,0.370099517348937,0.419665515902857,Decrescente
4313953,RS,2019,9174,Pantano Grande,393691000,11381024,965,5.2,3.6,0.0,3.2,42913.78,11793.81,0.16187205005265753,0.16187205005265765,0.3958967216096445,1.0,0.16187205005265765,0.3958967216096445,0.4088744392590952,Decrescente
4314001,RS,2019,7657,Paraí,315526000,6844157,309,6.2,5.3,0.0,1.6,41207.52,22149.38,0.1662027425678057,0.16620274256780587,0.23465607030938745,1.0,0.16620274256780568,0.23465607030938757,0.7082823058814206,Crescente
4314035,RS,2019,3837,Pareci Novo,100424000,5719226,395,5.7,4.8,0.0,2.7,26172.53,14479.05,0.24473368454125266,0.24473368454125338,0.33930845325020204,1.0,0.24473368454125266,0.33930845325020204,0.7212719936593768,Decrescente
4314050,RS,2019,58272,Parobé,1351808000,50962575,6068,6.3,5.1,0.6,2.0,23198.24,8398.58,0.33642336531950423,0.33642336531950534,0.40252676386231734,0.9939999999999992,0.3364233653195048,0.40252676386231734,0.8357788736616194,Decrescente
4314100,RS,2019,203275,Passo Fundo,9841605000,120800482,10780,5.8,4.5,0.6,2.8,48415.23,11205.98,0.1644648509112857,0.1644648509112856,0.21771082617636783,0.9939999999999986,0.1644648509112864,0.21771082617636747,0.7554279858276433,Crescente
4314159,RS,2019,8487,Paverama,189812000,7002379,526,5.5,3.4,0.7,10.2,22365.03,13312.51,0.2741965786135857,0.2741965786135862,0.29021615573061216,0.9930000000000018,0.2741965786135857,0.29021615573061255,0.9448012221211547,Crescente
4314407,RS,2019,342405,Pelotas,9450816000,190373633,18297,5.3,4.7,0.7,1.5,27601.28,10404.64,0.24360352842919233,0.24360352842919236,0.2976569436138325,0.9930000000000011,0.24360352842919253,0.2976569436138325,0.818403647741654,Decrescente
4314423,RS,2019,5742,Picada Café,326935000,7877295,429,8.4,6.6,0.0,0.0,56937.48,18361.99,0.18734914138894634,0.18734914138894557,0.44087051566838165,1.0,0.18734914138894893,0.4408705156683817,0.4249527576252536,Crescente
4314472,RS,2019,4350,Pinhal Grande,760754000,4919987,259,6.7,4.2,0.0,1.6,174885.98,18996.09,0.05888444844298959,0.05888444844298961,0.28292807324309066,1.0,0.05888444844298951,0.28292807324309066,0.2081251526864084,Decrescente
4314506,RS,2019,12271,Pinheiro Machado,306179000,9306816,940,4.7,4.7,0.2,1.2,24951.43,9900.87,0.2672454277891812,0.26724542778918103,0.3801830481556016,0.9980000000000014,0.2672454277891811,0.3801830481556016,0.7029388319276213,Decrescente
4314704,RS,2019,10084,Planalto,212148000,9215157,576,6.4,5.2,0.3,0.0,21038.08,15998.54,0.29977730238086164,0.29977730238086076,0.38588355225172477,1.0,0.2997773023808618,0.3858835522517248,0.7768594972021685,Crescente
4314779,RS,2019,3904,Pontão,261563000,5304495,311,5.1,5.4,0.5,0.0,66998.72,17056.25,0.12634864975052476,0.12634864975052426,0.3397903156573313,1.0,0.12634864975052476,0.33979031565733125,0.37184299825055556,Crescente
4314803,RS,2019,37079,Portão,1265366000,26526339,3161,5.9,4.5,0.3,1.7,34126.22,8391.76,0.2342373290850598,0.23423732908499917,0.33670473838853754,0.9969999999999086,0.2342373290850596,0.3367047383885376,0.6956757728035405,Crescente
4315305,RS,2019,22687,Quaraí,480597000,15541635,675,6.5,5.1,0.0,0.0,21183.81,23024.64,0.26497477298930106,0.26497477298930217,0.29690087789597697,1.0,0.2649747729893012,0.29690087789597436,0.8924688093449773,Crescente
4315354,RS,2019,3796,Quinze de Novembro,157612000,5407527,299,6.7,5.3,0.0,0.7,41520.55,18085.37,0.18860402332294898,0.18860402332294798,0.297175404365906,1.0,0.18860402332294895,0.29717540436590595,0.6346555621767564,Crescente
4315503,RS,2019,15789,Restinga Seca,456922000,11411451,902,4.8,4.3,0.4,1.5,28939.26,12651.28,0.21452023411136856,0.21452023411136775,0.27936457759470185,0.9960000000000009,0.21452023411136809,0.27936457759470185,0.7678863081295563,Decrescente
4315602,RS,2019,211005,Rio Grande,10956641000,187644655,14612,5.4,4.4,0.8,1.6,51925.98,12841.82,0.1417064392972594,0.141706439297259,0.17731444848407144,0.9920000000000018,0.1417064392972593,0.1773144484840714,0.7991815698537912,Crescente
4316006,RS,2019,21349,Rolante,653702000,22786816,1661,5.8,4.6,0.4,1.8,30619.79,13718.73,0.22191769443057127,0.22191769443057208,0.2781599871586569,0.9960000000000028,0.22191769443057127,0.2781599871586571,0.7978059558364655,Crescente
4316204,RS,2019,5130,Rondinha,195927000,5079599,274,6.3,5.2,0.0,0.0,38192.4,18538.68,0.18770481177905224,0.18770481177904721,0.3286494584757963,1.0,0.1877048117790524,0.3286494584757963,0.5711398784881185,Decrescente
4316451,RS,2019,12449,Salto do Jacuí,888013000,9662240,608,5.3,3.3,0.9,7.3,71332.07,15891.84,0.10328869964814938,0.10328869964814943,0.12710528090910295,0.9910000000000009,0.10328869964814934,0.1271052809091029,0.8126231963722611,Crescente
4316501,RS,2019,7799,Salvador do Sul,282405000,7134355,450,7.1,6.3,0.0,0.7,36210.41,15854.12,0.23384854431913848,0.2338485443191382,0.3644731575433543,1.0,0.23384854431913846,0.3644731575433541,0.6416070415043447,Crescente
4316600,RS,2019,16270,Sananduva,641136000,14944675,848,5.6,5.1,0.0,0.0,39406.02,17623.44,0.17447373155471002,0.17447373155470838,0.3156815176670458,1.0,0.1744737315547102,0.3156815176670457,0.5526890926149506,Crescente
4316709,RS,2019,7994,Santa Bárbara do Sul,770139000,11049698,520,5.9,4.3,0.0,0.5,96339.63,21249.42,0.0848257532713493,0.08482575327134917,0.23522127730000458,1.0,0.08482575327134927,0.23522127730000472,0.3606210894057909,Crescente
4316808,RS,2019,130416,Santa Cruz do Sul,9830488000,104494212,5434,6.0,4.8,0.5,2.5,75377.93,19229.7,0.10714157568310217,0.10714157568310181,0.14268397026325733,0.9949999999999992,0.10714157568310165,0.1426839702632573,0.7509012784366871,Crescente
4316907,RS,2019,282123,Santa Maria,8766864000,148566455,12610,5.8,4.6,0.4,0.9,31074.62,11781.64,0.22830735197058885,0.2283073519705894,0.29700921982394873,0.9960000000000021,0.2283073519705887,0.2970092198239488,0.7686877602854124,Crescente
4316956,RS,2019,6331,Santa Maria do Herval,206820000,7106622,352,6.9,6.2,0.0,3.4,32667.82,20189.27,0.22402479653317836,0.2240247965331783,0.29576424869765044,1.0,0.2240247965331783,0.29576424869765044,0.7574438003228414,Decrescente
4317004,RS,2019,8098,Santana da Boa Vista,209706000,6582312,439,5.0,3.2,0.0,7.1,25896.02,14993.88,0.22603631238975527,0.22603631238975527,0.3079447212317599,1.0,0.22603631238975522,0.30794472123176,0.7340158697496874,Crescente
4317103,RS,2019,77027,Sant'Ana do Livramento,2619979000,44673700,2579,4.8,4.0,0.7,2.2,34013.77,17322.1,0.17301884451395402,0.17301884451393748,0.19408240979811314,0.9929999999999711,0.1730188445139543,0.19408240979811314,0.8914710235406202,Decrescente
4317202,RS,2019,73254,Santa Rosa,3194725000,59259130,3227,6.6,5.3,0.0,0.4,43611.61,18363.54,0.17915676920053844,0.17915676920053814,0.2901129474102853,1.0,0.17915676920053863,0.2901129474102853,0.617541446528997,Decrescente
4317301,RS,2019,29676,Santa Vitória do Palmar,1249287000,33995151,2185,4.9,3.5,0.3,2.2,42097.55,15558.42,0.15156508127296545,0.1515650812729654,0.21085911754529574,0.9969999999999996,0.1515650812729655,0.21085911754529568,0.7187978544034596,Crescente
4317400,RS,2019,49425,Santiago,1590406000,31977702,1984,6.4,5.0,0.0,1.4,32178.17,16117.79,0.2221356594169666,0.22213565941696664,0.32470008959929664,1.0,0.22213565941696653,0.3247000895992962,0.6841256486596541,Crescente
4317509,RS,2019,77593,Santo Ângelo,2819939000,41596099,2863,5.4,4.5,0.4,1.7,36342.7,14528.85,0.18309870581303203,0.1830987058130333,0.24068591290456695,0.9960000000000007,0.18309870581303203,0.24068591290456703,0.7607371100511042,Crescente
4317608,RS,2019,42894,Santo Antônio da Patrulha,1440255000,33103241,2119,6.1,5.0,0.3,1.1,33577.07,15622.11,0.2095590141151614,0.20955901411516129,0.2663288211913249,0.996999999999998,0.2095590141151614,0.2663288211913249,0.7868431707006982,Decrescente
4317707,RS,2019,10175,Santo Antônio das Missões,416462000,11742727,710,5.4,3.6,0.3,1.6,40929.93,16539.05,0.16229975298668503,0.16229975298668495,0.2170854930451951,0.9969999999999984,0.16229975298668495,0.21708549304519512,0.7476305795933393,Crescente
4317806,RS,2019,13885,Santo Augusto,558214000,12327347,753,6.3,4.9,0.0,0.9,40202.66,16370.98,0.18682393270753114,0.18682393270753117,0.31680580078720916,1.0,0.1868239327075312,0.316805800787209,0.5897112118632458,Crescente
4317905,RS,2019,14257,Santo Cristo,598846000,11751251,924,6.6,5.5,0.0,0.0,42003.65,12717.8,0.20440824004876168,0.2044082400487697,0.4998815495940807,1.0,0.20440824004876149,0.4998815495940805,0.4089133520025844,Crescente
4318002,RS,2019,60282,São Borja,1934914000,44901688,2881,5.5,3.9,0.1,1.1,32097.71,15585.45,0.20139687315389573,0.20139687315389537,0.27045560515254813,0.9990000000000032,0.20139687315389587,0.2704556051525482,0.7446577897333634,Crescente
4318101,RS,2019,18335,São Francisco de Assis,470851000,13722840,1076,5.6,4.1,0.0,0.2,25680.45,12753.57,0.2538239506002308,0.2538239506002385,0.3808530810252301,1.0,0.253823950600231,0.3808530810252302,0.6664615917428167,Crescente
4318309,RS,2019,62105,São Gabriel,1803795000,43243127,4044,4.6,3.7,1.8,4.4,29044.28,10693.16,0.21065840431460006,0.21065840431459945,0.21119052413322395,0.9819999999999997,0.2111905241332241,0.21065840431460017,0.9974803802357713,Crescente
4318424,RS,2019,4657,São João da Urtiga,134942000,3626851,211,6.6,4.6,0.0,1.0,28976.16,17188.87,0.23861217660847467,0.2386121766084748,0.3168525064826834,1.0,0.23861217660847472,0.3168525064826835,0.7530701879472596,Crescente
4318481,RS,2019,4804,São José do Hortêncio,127893000,5217237,349,6.3,5.4,0.0,0.0,26622.19,14949.1,0.25734995132470256,0.25734995132470134,0.40756481278852286,1.0,0.2573499513247025,0.40756481278852286,0.6314331935672677,Decrescente
4318507,RS,2019,27568,São José do Norte,423435000,20398965,1933,4.7,4.0,0.6,1.2,15359.66,10553.01,0.3512577400849317,0.35125774008493627,0.39828041155832206,0.9940000000000005,0.35125774008493144,0.39828041155832217,0.8819357665886498,Crescente
4318614,RS,2019,2408,São José do Sul,65466000,4294994,124,6.6,4.1,0.0,3.4,27186.88,34637.05,0.1949007507070387,0.19490075070703872,0.22139606439922596,1.0,0.1949007507070387,0.2213960643992261,0.8803261757877937,Crescente
4318705,RS,2019,236835,São Leopoldo,10102720000,180351649,17999,5.4,4.4,0.7,2.7,42657.21,10020.09,0.17426676601998015,0.17426676601998023,0.2282021804979936,0.9930000000000024,0.1742667660199801,0.22820218049799346,0.7636507488214485,Crescente
4318804,RS,2019,43582,São Lourenço do Sul,1267863000,30124133,2776,5.4,4.8,0.0,0.3,29091.44,10851.63,0.2364599229788783,0.236459922978883,0.45219281505618947,1.0,0.23645992297887822,0.4521928150561894,0.522918354970978,Crescente
4318903,RS,2019,33468,São Luiz Gonzaga,1430395000,20855726,1335,5.3,4.0,0.6,3.0,42739.18,15622.27,0.1564643149484816,0.1564643149484821,0.1947935042132259,0.9940000000000093,0.15646431494848154,0.1947935042132257,0.8032316867055885,Crescente
4319000,RS,2019,21556,São Marcos,999036000,17094231,1056,6.1,5.1,0.1,0.5,46346.08,16187.72,0.16554560965007017,0.16554560965007245,0.23546297629955537,0.9990000000000172,0.1655456096500703,0.23546297629955548,0.7030642874379686,Crescente
4319109,RS,2019,5426,São Martinho,249570000,5436900,426,6.3,6.0,0.0,0.6,45995.21,12762.68,0.20033073989391778,0.20033073989391814,0.4391026621921061,1.0,0.2003307398939183,0.4391026621921061,0.4562275685003105,Decrescente
4319307,RS,2019,5790,São Paulo das Missões,161931000,5662764,560,6.1,5.4,0.0,1.1,27967.36,10112.08,0.2768186530097157,0.2768186530097156,0.5197326307916835,1.0,0.27681865300971564,0.5197326307916835,0.5326174202071,Decrescente
4319406,RS,2019,16198,São Pedro do Sul,394172000,11279119,961,5.7,4.7,0.2,0.5,24334.61,11736.86,0.27217344166446095,0.2721734416644581,0.3584619298558112,0.9980000000000008,0.27217344166446067,0.35846192985581105,0.7592813043603843,Crescente
4319604,RS,2019,23621,São Sepé,903744000,18825700,1142,5.6,4.9,0.1,2.5,38260.19,16484.85,0.17544345848529896,0.17544345848529896,0.25063732950578255,0.9990000000000003,0.17544345848529896,0.2506373295057825,0.6999893385045473,Crescente
4319901,RS,2019,81734,Sapiranga,3498362000,71458182,7315,6.5,5.4,0.2,1.0,42801.8,9768.72,0.20989058583251688,0.20989058583251724,0.3025939840011575,0.9979999999999997,0.20989058583251702,0.30259398400115756,0.6936376693851058,Crescente
4320008,RS,2019,141075,Sapucaia do Sul,3530639000,100819341,11693,5.8,5.0,1.2,2.0,25026.68,8622.2,0.29419083337975027,0.29419083337975016,0.31838234409955757,0.9880000000000025,0.2941908333797502,0.3183823440995575,0.9240174238046233,Crescente
4320107,RS,2019,24489,Sarandi,1001252000,17960582,1061,6.3,5.2,0.0,0.5,40885.79,16927.98,0.1842887197013717,0.18428871970136393,0.3063815900404397,1.0,0.1842887197013717,0.30638159004043974,0.6015006308866248,Crescente
4320230,RS,2019,2907,Sede Nova,118509000,3394320,241,5.8,5.2,0.0,1.1,40766.77,14084.32,0.18572564644636308,0.18572564644636294,0.36490189089716274,1.0,0.18572564644636289,0.36490189089716274,0.5089741957481514,Decrescente
4320404,RS,2019,17502,Serafina Corrêa,669075000,14443771,888,6.5,5.8,0.0,0.3,38228.49,16265.51,0.20602730396880792,0.2060273039688079,0.33739758688965393,1.0,0.20602730396880795,0.337397586889654,0.610636566396633,Crescente
4320503,RS,2019,5415,Sertão,301141000,8711337,328,6.4,4.8,0.0,2.2,55612.37,26558.95,0.1298922379692732,0.12989223796927285,0.197050254514688,1.0,0.12989223796927324,0.197050254514688,0.6591833047319974,Decrescente
4320677,RS,2019,10172,Sinimbu,210391000,11832615,870,5.6,4.4,0.0,0.9,20683.35,13600.71,0.292483894836407,0.29248389483640386,0.3759044131502965,1.0,0.29248389483640713,0.37590441315029666,0.7780805029268552,Crescente
4320701,RS,2019,14967,Sobradinho,382062000,11822040,894,6.5,4.9,0.4,0.6,25526.96,13223.76,0.27971922457481846,0.2797192245748188,0.3400968662914823,0.9960000000000019,0.27971922457481846,0.34009686629148234,0.8224692794878129,Crescente
4320800,RS,2019,31002,Soledade,946056000,20471001,1116,5.7,4.0,0.6,4.7,30515.97,18343.19,0.20493607670415223,0.20493607670415234,0.22094899579389424,0.9939999999999999,0.20493607670415226,0.22094899579389418,0.927526626531133,Crescente
4320909,RS,2019,24111,Tapejara,1238025000,20069049,1618,6.5,5.1,0.0,0.0,51346.9,12403.61,0.17158113188003937,0.1715811318800409,0.5054311953191113,1.0,0.1715811318800393,0.5054311953191117,0.3394747563448456,Crescente
4321006,RS,2019,10584,Tapera,481828000,7696924,422,7.1,5.0,0.0,0.0,45524.19,18239.16,0.18514998970560778,0.185149989705603,0.37274218142249116,1.0,0.18514998970560773,0.37274218142249116,0.49672400638699454,Decrescente
4321105,RS,2019,17300,Tapes,369459000,11952981,829,5.5,3.9,0.4,0.7,21356.01,14418.55,0.27838679437875635,0.27838679437873926,0.31651808018039207,0.9960000000000025,0.27838679437875663,0.31651808018039207,0.8795288857435768,Decrescente
4321204,RS,2019,57466,Taquara,1431656000,34395536,3543,5.8,4.4,0.3,3.9,24913.1,9708.03,0.2811341065703274,0.2811341065703273,0.37556735079743203,0.996999999999989,0.28113410657032734,0.3755673507974319,0.7485584302613177,Crescente
4321303,RS,2019,26862,Taquari,828804000,16202508,1007,5.3,4.3,0.4,2.5,30854.14,16089.88,0.2012477374367362,0.201247737436735,0.24367492775038885,0.9959999999999978,0.2012477374367363,0.24367492775038868,0.825886106932128,Crescente
4321402,RS,2019,13485,Tenente Portela,491703000,11617813,675,6.2,4.5,0.2,1.3,36462.96,17211.57,0.19253401635509607,0.1925340163550961,0.24790219331820737,0.9979999999999994,0.1925340163550961,0.24790219331820737,0.7766531379896237,Decrescente
4321436,RS,2019,11204,Terra de Areia,242861000,10829709,946,5.0,4.4,0.5,5.5,21676.28,11447.9,0.2769681060890531,0.27696810608905714,0.3297451399652365,0.9949999999999997,0.2769681060890531,0.3297451399652366,0.8399459840962403,Crescente
4321451,RS,2019,33232,Teutônia,1529742000,34440627,2316,6.7,5.7,0.0,0.7,46032.2,14870.74,0.1869275574979313,0.18692755749793116,0.3651366611844112,1.0,0.18692755749793133,0.3651366611844112,0.5119386174250087,Decrescente
4321469,RS,2019,3030,Tio Hugo,125223000,4747605,321,6.2,4.8,0.0,0.0,41327.72,14790.05,0.18547036160747316,0.1854703616074732,0.4059827383950327,1.0,0.18547036160747313,0.40598273839503285,0.45684297401581947,Crescente
4321501,RS,2019,38732,Torres,1269389000,33515385,1958,5.9,4.7,0.3,3.5,32773.65,17117.15,0.20227965590641056,0.20227965590641078,0.2502614519264908,0.9969999999999991,0.20227965590641048,0.2502614519264908,0.808273325153672,Decrescente
4321600,RS,2019,51715,Tramandaí,1105822000,61480017,4988,5.5,4.6,1.2,3.6,21383.0,12325.58,0.28865386308639773,0.2886538630863942,0.28892046977564156,0.9879999999999998,0.2889204697756417,0.28865386308639773,0.9990772315666977,Crescente
4321709,RS,2019,28220,Três Coroas,893773000,26972326,2973,6.5,5.7,0.2,0.6,31671.62,9072.43,0.2741965977417803,0.27419659774177874,0.38402896168503736,0.9979999999999999,0.2741965977417816,0.38402896168503703,0.713999789335325,Crescente
4321808,RS,2019,23906,Três de Maio,1111517000,19734706,982,6.2,5.4,0.0,0.0,46495.31,20096.44,0.1587308124089657,0.15873081240896642,0.29878451108759213,1.0,0.15873081240896558,0.2987845110875922,0.5312551572073692,Crescente
4321907,RS,2019,23906,Três Passos,919889000,21798919,1380,6.4,5.0,0.0,0.8,38479.42,15796.32,0.19784008794906424,0.19784008794906455,0.3313080424518245,1.0,0.19784008794906455,0.33130804245182455,0.597148461851276,Crescente
4322004,RS,2019,29538,Triunfo,8350172000,80504975,2357,5.5,4.8,0.4,1.0,282692.53,34155.7,0.030354093832849288,0.030354093832849424,0.04854742839617479,0.9959999999999996,0.030354093832849212,0.048547428396174694,0.6252461733944488,Crescente
4322202,RS,2019,23948,Tupanciretã,1208126000,22513434,1343,5.8,5.0,0.0,1.0,50447.89,16763.54,0.14736349607214544,0.14736349607214538,0.29965103187178815,1.0,0.1473634960721455,0.29965103187178815,0.4917837097093593,Decrescente
4322251,RS,2019,4855,Tupandi,498711000,9368955,585,6.7,5.1,0.0,4.7,102721.11,16015.31,0.09568600198905534,0.09568600198905612,0.3355868317789601,1.0,0.09568600198905529,0.33558683177895987,0.2851303833401918,Crescente
4322327,RS,2019,3438,Turuçu,105027000,5699032,432,5.3,5.3,0.9,4.3,30548.87,13192.2,0.2357225878770587,0.23572258787705866,0.25422334777840966,0.9909999999999981,0.2357225878770586,0.25422334777840955,0.9272263540582555,Crescente
4322400,RS,2019,126970,Uruguaiana,2885430000,85042911,7120,5.5,4.4,0.2,1.9,22725.29,11944.23,0.2790854642136613,0.2790854642136626,0.3573744093199841,0.997999999999999,0.2790854642136612,0.3573744093199842,0.780932984946259,Crescente
4322509,RS,2019,66218,Vacaria,2459450000,59217617,4134,5.2,4.3,1.3,3.8,37141.71,14324.53,0.17573633299673694,0.17573633299673747,0.1758136983496459,0.9870000000000005,0.17581369834964589,0.17573633299673694,0.9995599583329672,Crescente
4322608,RS,2019,71554,Venâncio Aires,3459257000,49646908,2404,6.2,5.0,0.2,2.2,48344.7,20651.79,0.1515257097515667,0.15152570975156626,0.19989777902614994,0.9980000000000012,0.1515257097515667,0.19989777902615014,0.7580159744133257,Crescente
4322707,RS,2019,26863,Vera Cruz,700555000,19456433,1377,6.2,4.2,0.1,2.9,26078.81,14129.58,0.2603618061718567,0.26036180617185656,0.33088719223457685,0.9989999999999999,0.26036180617185667,0.33088719223457685,0.7868597282764503,Decrescente
4322806,RS,2019,26241,Veranópolis,1546920000,22997156,1592,7.0,5.2,0.0,0.7,58950.5,14445.45,0.16042499262080706,0.16042499262080726,0.38182309506251105,1.0,0.16042499262080717,0.381823095062511,0.42015528839224014,Crescente
4322905,RS,2019,4756,Viadutos,149233000,4498104,239,7.6,5.9,0.0,0.0,31377.84,18820.52,0.25234927121164274,0.25234927121163536,0.3846660453590238,1.0,0.25234927121164286,0.3846660453590238,0.6560216953282563,Decrescente
4323002,RS,2019,255224,Viamão,4044781000,154800278,19798,6.0,4.6,1.0,2.7,15847.96,7818.99,0.42781464174061057,0.42781464174060924,0.42783252611804806,0.9900000000000028,0.4278325261180483,0.42781464174061057,0.9999581977144193,Crescente
4323309,RS,2019,3385,Vila Flores,219325000,4498919,284,6.5,5.8,0.0,0.0,64793.21,15841.26,0.1416235831837844,0.1416235831837763,0.3957495444538336,1.0,0.14162358318378448,0.39574954445383376,0.3578616454991412,Crescente
4323358,RS,2019,2091,Vila Lângaro,107889000,3592944,181,6.8,5.0,0.0,2.6,51596.84,19850.52,0.1584816480472963,0.15848164804729634,0.27311896975135896,1.0,0.1584816480472963,0.27311896975135896,0.5802659851550196,Decrescente
4323408,RS,2019,4358,Vila Maria,223429000,4569324,201,6.6,4.7,0.0,0.0,51268.7,22732.96,0.14843050585338016,0.14843050585338088,0.2796553361915508,1.0,0.1484305058533802,0.2796553361915508,0.5307622871594777,Decrescente
4323770,RS,2019,3014,Westfalia,184097000,4704855,298,7.3,5.8,0.0,0.0,61080.62,15788.1,0.16002179885334922,0.1600217988533561,0.44178517816763657,1.0,0.16002179885334802,0.4417851781676368,0.3622163140851876,Crescente
4323804,RS,2019,16408,Xangri-lá,553472000,34986465,2039,5.4,4.4,0.6,1.3,33731.84,17158.64,0.18723513339364642,0.18723513339364609,0.21330123930230116,0.9940000000000017,0.1872351333936464,0.21330123930230105,0.8777967442012254,Crescente
5000252,MS,2019,5343,Alcinópolis,167820000,8102700,470,5.2,5.0,0.0,0.0,31409.32,17239.79,0.20458504567659205,0.20458504567659042,0.31758925966372276,1.0,0.20458504567659203,0.31758925966372276,0.6441812481102652,Decrescente
5001102,MS,2019,47871,Aquidauana,960953000,35515024,2916,4.2,4.0,1.6,1.6,20073.8,12179.36,0.2758368240471672,0.27583682404716586,0.30145232614269807,0.9839999999999924,0.27583682404716736,0.3014523261426984,0.9150263578214842,Crescente
5002209,MS,2019,21976,Bonito,790948000,22888552,1896,5.4,4.4,0.0,0.3,35991.45,12072.02,0.19165083590735943,0.19165083590735923,0.39456392314034977,1.0,0.19165083590735926,0.39456392314034977,0.4857282297428586,Decrescente
5002308,MS,2019,11872,Brasilândia,600358000,18410601,1224,5.1,4.7,0.5,3.3,50569.24,15041.34,0.14177363174363591,0.14177363174363564,0.19362447471320832,0.9949999999999986,0.1417736317436359,0.19362447471320834,0.7322092517158661,Crescente
5002407,MS,2019,30174,Caarapó,1244925000,26164809,2691,5.4,5.0,1.4,3.8,41258.2,9723.08,0.1939282010927559,0.19392820109275613,0.22891070279352452,0.9859999999999989,0.1939282010927563,0.22891070279352418,0.8471783919499714,Crescente
5002605,MS,2019,13711,Camapuã,423338000,14067788,824,4.5,3.4,0.2,0.8,30875.79,17072.56,0.1851568326225274,0.1851568326225288,0.23291097017468057,0.9979999999999842,0.18515683262252766,0.23291097017468065,0.7949682768641679,Crescente
5002704,MS,2019,895982,Campo Grande,30221880000,887056723,72435,5.7,5.0,0.1,0.3,33730.45,12246.24,0.213437326915265,0.21343732691526435,0.31203338996391344,0.999000000000001,0.21343732691526496,0.31203338996391355,0.6840207932232796,Crescente
5002803,MS,2019,6116,Caracol,120271000,6894759,688,5.1,4.9,0.0,1.7,19664.98,10021.45,0.3281638646062698,0.3281638646062716,0.4954493200320338,1.0,0.32816386460626973,0.4954493200320338,0.6623560702133006,Decrescente
5002902,MS,2019,21939,Cassilândia,636865000,18243935,1386,5.3,4.6,0.0,0.0,29028.9,13163.01,0.22202486447176034,0.2220248644717592,0.3958445457599563,1.0,0.2220248644717603,0.3958445457599563,0.5608890329548666,Decrescente
5002951,MS,2019,25218,Chapadão do Sul,1875319000,32091830,2937,5.4,4.9,0.2,0.1,74364.3,10926.74,0.11468609269245923,0.11468609269245908,0.19474480107193837,0.9990000000000034,0.11468609269245927,0.1947448010719383,0.5889045153513207,Crescente
5003207,MS,2019,111435,Corumbá,2781446000,110984582,9720,5.2,4.7,1.3,2.8,24960.25,11418.17,0.25768060976644547,0.25768060976644513,0.2579013369182158,0.9870000000000014,0.2579013369182158,0.25768060976644547,0.9991441411106746,Crescente
5003256,MS,2019,20823,Costa Rica,1533746000,24742986,2587,6.6,5.5,0.1,0.3,73656.34,9564.35,0.1351207305291375,0.13512073052919124,0.21368631729676527,0.9990000000000003,0.135120730529133,0.2136863172967651,0.6323321597680177,Crescente
5003306,MS,2019,33543,Coxim,895095000,22584342,1204,5.3,4.4,1.4,3.9,26685.0,18757.76,0.21378941977809765,0.2137894197780966,0.21426260263911023,0.9859999999999952,0.21426260263911037,0.21378941977809765,0.9977915751270436,Crescente
5003702,MS,2019,222949,Dourados,9476661000,217890084,18968,5.1,4.3,0.8,2.6,42505.96,11487.25,0.16159037597903422,0.16159037597903336,0.20398702032529156,0.9920000000000022,0.16159037597903433,0.20398702032529145,0.7921600880357546,Crescente
5005202,MS,2019,23331,Ladário,363292000,20372370,2389,4.6,3.8,1.0,4.8,15571.21,8527.57,0.3620246707623424,0.3620246707623414,0.36674894093216176,0.9899999999999998,0.3620246707623424,0.3667489409321619,0.9871185172128603,Crescente
5005251,MS,2019,7341,Laguna Carapã,491949000,10284014,901,5.2,4.7,0.2,0.7,67013.89,11414.0,0.11976741221519843,0.11976741221519822,0.1959242441489093,0.9979999999999992,0.11976741221519846,0.1959242441489093,0.6112944966839887,Decrescente
5005400,MS,2019,47083,Maracaju,2548085000,45178444,3670,5.3,4.7,0.4,0.9,54119.0,12310.2,0.14073801899792854,0.14073801899792848,0.2072336606113101,0.9960000000000007,0.14073801899792834,0.2072336606113099,0.6791272160264468,Crescente
5005608,MS,2019,28013,Miranda,515590000,30005109,3334,4.3,3.3,0.9,6.1,18405.38,8999.73,0.3151482993726971,0.315148299372699,0.3336560152240165,0.9909999999999966,0.3151482993726974,0.33365601522401683,0.9445305494076187,Crescente
5005707,MS,2019,54878,Naviraí,1908762000,45698612,4096,6.0,5.5,0.0,0.0,34781.92,11156.89,0.23401981329342234,0.2340198132934232,0.5302806478454315,1.0,0.23401981329342234,0.5302806478454316,0.44131313153565327,Crescente
5006002,MS,2019,21882,Nova Alvorada do Sul,1542215000,30897964,2741,5.5,5.4,0.3,0.3,70478.7,11272.52,0.13139477922022968,0.1313947792202191,0.20267360497171516,0.9970000000000018,0.1313947792202298,0.20267360497171455,0.6483073078932353,Crescente
5006200,MS,2019,54374,Nova Andradina,2159902000,44816678,3616,7.1,6.2,0.0,0.1,39723.07,12393.99,0.23255476131585046,0.23255476131589375,0.46153899639101664,1.0,0.2325547613158506,0.46153899639101664,0.5038680656115776,Decrescente
5006259,MS,2019,3814,Novo Horizonte do Sul,178434000,6448393,642,5.4,4.8,0.3,2.6,46783.95,10044.23,0.16792328678501686,0.1679232867850168,0.25545782476110673,0.9970000000000002,0.16792328678501686,0.2554578247611069,0.6573425063101964,Crescente
5006309,MS,2019,42148,Paranaíba,1373411000,30793673,2458,5.2,4.3,0.4,2.0,32585.44,12527.94,0.20116818302778428,0.2011681830277856,0.2672104898453344,0.9959999999999971,0.20116818302778433,0.26721048984533435,0.7528453809737168,Crescente
5006606,MS,2019,92526,Ponta Porã,3219707000,91671639,7930,5.8,4.6,0.4,1.9,34797.86,11560.11,0.21115274109693483,0.21115274109693513,0.28125257942607945,0.9960000000000028,0.21115274109693483,0.2812525794260796,0.7507584162527878,Crescente
5006903,MS,2019,17131,Porto Murtinho,354839000,25017801,2158,4.7,3.8,1.9,5.6,20713.27,11593.05,0.27285139411374215,0.2728513941137387,0.27389565860355075,0.980999999999999,0.27389565860355064,0.27285139411374215,0.9961873638482159,Crescente
5007109,MS,2019,24615,Ribas do Rio Pardo,1122906000,38859543,2322,4.9,4.1,0.9,3.4,45618.77,16735.38,0.1397008969209071,0.1397008969209095,0.15633910525235176,0.9910000000000079,0.13970089692090704,0.15633910525235184,0.8935761573882081,Crescente
5007208,MS,2019,37514,Rio Brilhante,2334595000,49939978,3866,5.5,4.6,0.1,4.3,62232.63,12917.74,0.12486317514308842,0.12486317514308874,0.20214772145733076,0.9989999999999979,0.12486317514308835,0.20214772145733076,0.6176828224573606,Decrescente
5007703,MS,2019,10791,Sete Quedas,267443000,8816803,421,4.0,4.2,2.3,0.0,24783.89,20942.52,0.20649477108384315,0.20649477108383618,0.26497878509589956,1.0,0.20649477108384323,0.26497878509589956,0.7792879381234606,Decrescente
5007901,MS,2019,57665,Sidrolândia,1992068000,54327546,5414,4.8,3.9,0.2,0.3,34545.53,10034.64,0.19080580519312493,0.19080580519312407,0.2963553829277826,0.9979999999999986,0.19080580519312462,0.2963553829277825,0.6438411994008608,Crescente
5007935,MS,2019,19274,Sonora,764439000,20710466,1650,5.9,4.8,0.0,0.5,39661.67,12551.8,0.19132255625680458,0.19132255625680367,0.3982150539592582,1.0,0.19132255625680447,0.3982150539592582,0.4804503354521072,Decrescente
5007950,MS,2019,11552,Tacuru,197865000,10927711,1352,4.3,3.8,3.3,7.2,17128.2,8082.63,0.33315458725126734,0.33315458725127106,0.34068349143969506,0.9670000000000016,0.34068349143969534,0.33315458725126723,0.9779005899093869,Crescente
5008008,MS,2019,21806,Terenos,568755000,21391463,1818,6.0,5.2,0.0,0.2,26082.5,11766.48,0.27029302097934027,0.2702930209793413,0.436782708167538,1.0,0.27029302097934016,0.43678270816753806,0.6188272015467774,Crescente
5008305,MS,2019,121388,Três Lagoas,10354989000,135778525,9659,6.0,5.2,0.5,1.2,85304.88,14057.2,0.10403690953902643,0.10403690953902645,0.1491863013475741,0.9950000000000001,0.10403690953902667,0.14918630134757407,0.6973623489508017,Crescente
5100250,MT,2019,51782,Alta Floresta,1559471000,32769864,2096,5.7,4.9,0.0,0.1,30116.08,15634.48,0.21656634446626893,0.21656634446629297,0.317575038519673,1.0,0.21656634446626905,0.317575038519673,0.6819375523837122,Decrescente
5100300,MT,2019,19044,Alto Araguaia,850937000,17106674,1116,6.6,5.1,0.1,0.0,44682.68,15328.56,0.18424576288951205,0.18424576288951205,0.41188531796350936,1.0,0.18424576288951205,0.4118853179635093,0.4473229679573943,Crescente
5100805,MT,2019,10133,Apiacás,167075000,7434663,724,6.0,4.3,0.0,2.5,16488.21,10268.87,0.3886905192860531,0.3886905192860532,0.5069936784348353,1.0,0.3886905192860531,0.5069936784348353,0.7666575261569303,Decrescente
5101308,MT,2019,9607,Arenápolis,177353000,6779971,524,6.1,5.6,0.0,2.2,18460.81,12938.88,0.34570344631246547,0.3457034463124638,0.4475660485485838,1.0,0.3457034463124653,0.44756604854858373,0.772407664597327,Crescente
5101704,MT,2019,34966,Barra do Bugres,1293546000,25987115,1627,4.6,4.2,0.2,0.2,36994.39,15972.41,0.16719411518425698,0.16719411518425764,0.23735286030140432,0.9979999999999847,0.16719411518425706,0.23735286030140432,0.7044116298912272,Decrescente
5101803,MT,2019,61012,Barra do Garças,2114457000,40642749,4164,5.7,4.5,0.2,0.5,34656.41,9760.51,0.21675175089830812,0.21675175089830798,0.31922621449065897,0.9979999999999997,0.2167517508983081,0.31922621449065886,0.6789910761061592,Crescente
5102504,MT,2019,94376,Cáceres,1912039000,71768138,5320,5.1,4.4,0.0,0.4,20259.8,13490.25,0.2823387344147146,0.2823387344147158,0.3662746123522522,1.0,0.28233873441471474,0.3662746123522522,0.7708389413110206,Decrescente
5102637,MT,2019,35360,Campo Novo do Parecis,3403076000,46297634,3721,5.8,5.6,0.1,0.0,96240.84,12442.26,0.10291907883637888,0.10291907883637312,0.4809990307228193,1.0,0.1029190788363778,0.4809990307228193,0.21396941004583245,Decrescente
5102678,MT,2019,44041,Campo Verde,2367716000,40492363,3449,6.6,5.4,0.0,0.1,53761.63,11740.32,0.17070977965325748,0.1707097796532563,0.45377815206781213,1.0,0.17070977965325757,0.45377815206781213,0.3761965596522302,Decrescente
5102793,MT,2019,10305,Carlinda,179931000,8721048,809,4.8,4.3,0.0,0.3,17460.55,10780.03,0.3276186336773602,0.3276186336773613,0.44180537735221437,1.0,0.3276186336773604,0.4418053773522143,0.7415451474149383,Crescente
5103056,MT,2019,12149,Cláudia,451071000,11802745,685,6.2,5.4,0.0,1.9,37128.24,17230.28,0.1943751517058584,0.19437515170585828,0.30501988018627746,1.0,0.19437515170585826,0.30501988018627746,0.637254042546841,Decrescente
5103205,MT,2019,33438,Colíder,902384000,25153210,2106,6.1,5.2,0.0,0.2,26986.78,11943.59,0.26641135294376617,0.26641135294376367,0.4303057121015983,1.0,0.26641135294376644,0.4303057121015983,0.6191211165722674,Decrescente
5103403,MT,2019,612547,Cuiabá,24615163000,454146405,29315,5.8,5.0,0.1,0.5,40184.94,15491.95,0.1777823580601587,0.17778235806015869,0.25463995114249127,0.9990000000000003,0.17778235806015874,0.25463995114249116,0.6981715055414669,Crescente
5103437,MT,2019,5219,Curvelândia,121497000,4119569,273,5.1,3.7,0.0,0.0,23279.75,15090.0,0.24801402387564658,0.24801402387565052,0.33360248035601964,1.0,0.2480140238756465,0.3336024803560196,0.7434417861970531,Crescente
5103957,MT,2019,3026,Glória D'Oeste,80581000,3286097,165,6.5,4.6,0.0,0.0,26629.54,19915.74,0.24038939286605165,0.2403893928660534,0.31478475962080105,1.0,0.2403893928660516,0.31478475962080094,0.7636627426169925,Crescente
5104500,MT,2019,2752,Indiavaí,73525000,4427336,292,4.3,4.0,0.0,0.0,26716.93,15162.11,0.21430366407287588,0.21430366407287638,0.3029229252581824,1.0,0.21430366407287588,0.3029229252581823,0.7074527749599144,Crescente
5104609,MT,2019,13345,Itiquira,1292899000,16011679,1606,5.7,5.0,0.2,0.7,96882.65,9969.91,0.09381710290923025,0.09381710290922941,0.16104539581299904,0.9980000000000003,0.09381710290923005,0.16104539581299915,0.5825506680002686,Crescente
5104807,MT,2019,27776,Jaciara,964778000,19099416,1163,5.9,5.0,0.0,0.3,34734.23,16422.54,0.19608431535120596,0.1960843153512453,0.3058730293136259,1.0,0.19608431535120602,0.30587302931362575,0.6410644174519603,Crescente
5105002,MT,2019,8793,Jauru,292610000,8008654,334,5.7,4.3,0.0,0.0,33277.61,23978.01,0.17952502067481838,0.17952502067480008,0.23202068419001143,1.0,0.17952502067481832,0.232020684190014,0.7737457602176444,Crescente
5105259,MT,2019,65534,Lucas do Rio Verde,4470107000,76990005,6324,6.7,5.6,0.0,0.1,68210.5,12174.26,0.1418367142615852,0.14183671426156497,0.44146643351243575,1.0,0.14183671426158484,0.4414664335124359,0.3212853877317261,Crescente
5105507,MT,2019,16128,Vila Bela da Santíssima Trindade,337238000,21127214,1839,4.5,3.4,1.3,4.0,20910.09,11488.43,0.26855344918851587,0.2685534491885179,0.26926859069542647,0.9869999999999917,0.26926859069542636,0.268553449188516,0.9973441332126275,Crescente
5105580,MT,2019,10499,Marcelândia,336521000,10062296,759,5.9,5.0,0.0,0.3,32052.67,13257.31,0.22151078736042676,0.2215107873604621,0.3789013049271812,1.0,0.2215107873604267,0.37890130492718116,0.58461341906172,Crescente
5105606,MT,2019,16566,Matupá,1007002000,13643820,720,6.0,5.4,0.0,0.0,60787.28,18949.75,0.13261580572013015,0.13261580572013013,0.30755343549564174,1.0,0.13261580572013,0.3075534354956418,0.43119598227349154,Crescente
5106182,MT,2019,6640,Nova Lacerda,199783000,8343898,1022,5.4,4.6,0.9,1.0,30087.8,8164.28,0.2413843508076346,0.24138435080764664,0.3152523938923192,0.991000000000002,0.2413843508076341,0.31525239389231935,0.7656860201038926,Crescente
5106216,MT,2019,12787,Nova Canaã do Norte,491320000,12644856,1185,5.6,4.9,0.2,0.9,38423.4,10670.76,0.19722287714730033,0.1972228771473006,0.29517737105729985,0.9979999999999994,0.19722287714730044,0.29517737105729985,0.6681503952720529,Decrescente
5106299,MT,2019,11225,Paranaíta,757363000,17214203,1199,6.2,5.3,0.0,0.2,67471.09,14357.13,0.12923630222396992,0.1292363022239641,0.36201430721779854,1.0,0.12923630222396998,0.36201430721779837,0.3569922504367142,Crescente
5106372,MT,2019,17626,Pedra Preta,840482000,16781344,1124,5.8,4.2,0.1,1.5,47684.22,14930.02,0.15599838909740207,0.15599838909740232,0.23066442816994792,0.9990000000000003,0.15599838909740205,0.23066442816994803,0.6763001574844747,Crescente
5106422,MT,2019,34976,Peixoto de Azevedo,609045000,26041819,2454,5.2,4.4,0.0,1.0,17413.23,10611.99,0.339539940664285,0.33953994066428606,0.45495905434145983,1.0,0.33953994066428483,0.45495905434145983,0.7463087885035266,Decrescente
5106653,MT,2019,6711,Pontal do Araguaia,79887000,3367896,346,5.8,4.4,0.0,1.2,11903.89,9733.8,0.48531379922009077,0.4853137992200762,0.5839187106159602,1.0,0.4853137992200907,0.5839187106159588,0.8311324682645401,Crescente
5106752,MT,2019,45436,Pontes e Lacerda,1535829000,27517786,2031,5.7,4.6,0.1,0.9,33802.03,13548.89,0.203794965385907,0.20379496538590622,0.2901005769324655,0.9989999999999974,0.2037949653859069,0.2901005769324655,0.7024976218277216,Decrescente
5106802,MT,2019,5410,Porto dos Gaúchos,511317000,9174344,344,6.6,4.6,0.0,0.0,94513.31,26669.6,0.09133496503736362,0.09133496503736499,0.2383760375644366,1.0,0.09133496503736353,0.23837603756445538,0.38315497635820217,Crescente
5106828,MT,2019,12017,Porto Esperidião,218698000,11603004,998,5.6,4.0,1.0,2.7,18199.05,11626.26,0.3337683406708418,0.3337683406708417,0.33390192427958376,0.99,0.3339019242795838,0.3337683406708419,0.9995999315995853,Crescente
5107040,MT,2019,62019,Primavera do Leste,3922519000,62194219,4143,5.7,5.4,0.0,0.0,63247.05,15011.88,0.13596860927490548,0.13596860927490817,0.3882299028693667,1.0,0.13596860927490537,0.3882299028693667,0.3502270388498559,Decrescente
5107107,MT,2019,18906,São José dos Quatro Marcos,377996000,11551149,876,6.0,5.3,0.0,0.0,19993.44,13186.24,0.31628156101654664,0.3162815610165465,0.44198048225160225,1.0,0.31628156101654675,0.44198048225160225,0.7156007419271059,Decrescente
5107180,MT,2019,10206,Ribeirão Cascalheira,355891000,9126151,902,5.1,4.4,0.0,1.9,34870.76,10117.68,0.19538172255886,0.19538172255886163,0.462029164323637,1.0,0.1953817225588601,0.46202916432363716,0.42287746671766635,Crescente
5107206,MT,2019,5156,Rio Branco,91847000,5191039,385,5.1,5.4,0.0,0.7,17813.62,13483.22,0.3418982902008419,0.3418982902008406,0.4282313683338536,1.0,0.3418982902008419,0.4282313683338536,0.7983961836590505,Decrescente
5107248,MT,2019,4525,Santa Carmem,408673000,8278353,723,6.2,4.3,0.0,4.1,90314.48,11450.0,0.10361631642431718,0.10361631642431696,0.44885545851555125,1.0,0.10361631642431762,0.448855458515551,0.23084561958318536,Crescente
5107602,MT,2019,232491,Rondonópolis,11355239000,185612777,11451,5.8,4.9,0.0,0.2,48841.63,16209.31,0.15183055914107713,0.1518305591410843,0.30631288982906907,1.0,0.15183055914107726,0.3063128898290692,0.495671465950397,Crescente
5107743,MT,2019,2564,Santa Cruz do Xingu,125088000,5235247,357,5.1,5.3,1.6,0.8,48786.27,14664.56,0.16380616010172028,0.16380616010172064,0.21203984733423314,0.9920000000000013,0.16380616010172033,0.21203984733423314,0.7725253633271896,Decrescente
5107750,MT,2019,3365,Salto do Céu,59481000,3987409,265,5.6,4.9,0.0,0.0,17676.37,15046.83,0.31707179175599065,0.31707179175598516,0.38134166823329746,1.0,0.31707179175599093,0.3813416682332975,0.8314637978717088,Crescente
5107768,MT,2019,3429,Santa Rita do Trivelato,515850000,6850924,499,6.5,5.1,0.0,0.4,150437.45,13729.31,0.06759476709888129,0.0675947670988908,0.38461323152569327,1.0,0.06759476709888099,0.3846132315256934,0.17574737829674944,Crescente
5107883,MT,2019,1650,Serra Nova Dourada,38980000,3898719,257,4.3,3.9,2.4,8.1,23624.24,15170.11,0.22538376615920233,0.22538376615920525,0.22872916226173623,0.9759999999999986,0.2287291622617362,0.22538376615920233,0.9853739852432732,Crescente
5107958,MT,2019,103750,Tangará da Serra,3426316000,71857637,7173,6.2,5.7,0.1,0.0,33024.73,10017.79,0.25910227744881,0.25910227744873937,0.6072030001484854,1.0,0.25910227744880976,0.6072030001484857,0.4267144223356096,Crescente
5108402,MT,2019,284971,Várzea Grande,8542481000,150030871,16718,5.7,4.2,0.2,0.9,29976.67,8974.21,0.2468414601980553,0.2468414601980554,0.359883680335358,0.9980000000000001,0.24684146019805533,0.359883680335358,0.6858923415700201,Decrescente
5108808,MT,2019,4519,Nova Guarita,95641000,4646272,333,5.6,4.4,0.0,0.0,21164.2,13952.77,0.28668101479071434,0.2866810147907018,0.39240753935296296,1.0,0.28668101479071423,0.39240753935296274,0.7305695891149796,Crescente
5108857,MT,2019,3278,Nova Marilândia,242898000,5337748,370,6.0,5.4,0.0,2.9,74099.45,14426.35,0.120806893679709,0.12080689367970884,0.3643040645191169,1.0,0.1208068936797089,0.3643040645191169,0.33161006270730103,Decrescente
5108956,MT,2019,9178,Nova Monte Verde,201774000,7074218,487,6.0,5.0,0.0,0.0,21984.53,14526.11,0.28748657423698026,0.28748657423698815,0.4012127620048946,1.0,0.28748657423698026,0.40121276200489453,0.7165439424219339,Crescente
5200050,GO,2019,8773,Abadia de Goiás,189269000,13237440,1947,5.9,4.9,0.7,0.1,21574.03,6798.89,0.35313456080951083,0.3531345608095072,0.5247742293673853,0.9990000000000008,0.35313456080951094,0.5247742293673854,0.6729266435876894,Crescente
5200134,GO,2019,22366,Acreúna,670450000,16765209,1318,6.4,4.1,0.0,5.1,29976.3,12720.19,0.2499288814768372,0.24992888147683723,0.4114284344134055,1.0,0.24992888147683734,0.4114284344134056,0.6074662336675236,Crescente
5200803,GO,2019,8660,Alvorada do Norte,140043000,7253279,969,6.0,5.6,0.2,0.3,16171.25,7485.32,0.45829380216846977,0.45829380216846966,0.5963763155783705,0.9980000000000039,0.45829380216846966,0.5963763155783706,0.7684641227309854,Crescente
5201108,GO,2019,386923,Anápolis,14095647000,274392051,25759,6.3,5.1,0.3,0.7,36430.11,10652.28,0.22598183923571719,0.22598183923571752,0.30780128322590866,0.9970000000000042,0.22598183923571738,0.30780128322590866,0.7341809522927146,Decrescente
5201405,GO,2019,578179,Aparecida de Goiânia,13750610000,255747780,32321,5.6,4.1,0.8,2.9,23782.62,7912.74,0.29774115719751604,0.29774115719751587,0.34913615014284244,0.992,0.29774115719751565,0.34913615014284227,0.8527938372342735,Crescente
5201454,GO,2019,2474,Aparecida do Rio Doce,84998000,6383224,434,5.2,4.7,0.0,0.0,34356.51,14707.89,0.191777926800609,0.19177792680060649,0.3542660241737576,1.0,0.1917779268006089,0.35426602417375763,0.5413387503017995,Crescente
5201702,GO,2019,20118,Aragarças,243389000,11738555,1173,5.6,5.1,0.1,0.7,12098.07,10007.29,0.47254766561426076,0.47254766561426137,0.5543166941712757,0.9990000000000026,0.4725476656142608,0.5543166941712756,0.8524868014677733,Crescente
5203203,GO,2019,11167,Barro Alto,1095113000,21767710,1166,7.0,5.4,0.0,0.0,98066.89,18668.7,0.10135124880799765,0.10135124880798613,0.3594402471974756,1.0,0.10135124880799923,0.3594402471974756,0.28196967256233696,Decrescente
5204300,GO,2019,16009,Caçu,816501000,16793151,1262,5.9,5.4,0.5,1.5,51002.62,13306.78,0.16502798129606838,0.1650279812960683,0.2193361129992217,0.9950000000000003,0.16502798129606813,0.21933611299922165,0.7523976742336724,Crescente
5204508,GO,2019,91162,Caldas Novas,2742762000,74096850,6770,6.0,5.1,0.0,0.2,30086.68,10944.88,0.2488542897831752,0.24885428978320132,0.46426306450249505,1.0,0.24885428978317542,0.46426306450249494,0.536020004197077,Crescente
5204656,GO,2019,3640,Campinaçu,67811000,4818643,410,4.7,5.0,0.0,4.6,18629.4,11752.79,0.33063240347577966,0.33063240347577916,0.44586675034909423,1.0,0.3306324034757793,0.44586675034909423,0.7415498088092662,Decrescente
5204904,GO,2019,19887,Campos Belos,293914000,15353624,2147,5.9,5.0,0.3,0.7,14779.2,7151.2,0.45737608446651185,0.4573760844664729,0.5864756691444886,0.9969999999999826,0.4573760844665116,0.5864756691444889,0.7798722240833988,Crescente
5205109,GO,2019,108823,Catalão,6867082000,69914266,4552,6.3,5.1,0.2,1.2,63103.22,15359.02,0.13572165504254013,0.1357216550425391,0.19597266399599805,0.9980000000000039,0.13572165504254016,0.19597266399599805,0.6925540137848598,Decrescente
5205471,GO,2019,10167,Chapadão do Céu,1365276000,18879613,1751,6.4,5.8,0.0,0.2,134285.04,10782.19,0.08043018906552094,0.08043018906551766,0.508982296132597,1.0,0.08043018906551931,0.508982296132597,0.15802158479116873,Decrescente
5205497,GO,2019,71376,Cidade Ocidental,810428000,57283672,8443,5.3,4.6,0.3,0.8,11354.35,6784.75,0.5297137604967502,0.5297137604967589,0.6443698009472465,0.9970000000000011,0.5297137604967501,0.6443698009472467,0.8220648449353961,Crescente
5205513,GO,2019,20240,Cocalzinho de Goiás,343303000,19396619,2574,6.3,5.1,0.0,0.0,16961.61,7535.59,0.4336990797166907,0.43369907971669003,0.808526889448269,1.0,0.4336990797166909,0.8085268894482692,0.5364065009793834,Crescente
5206206,GO,2019,58997,Cristalina,2544022000,62479906,5580,5.5,4.7,0.6,0.9,43121.21,11197.12,0.17312954804583466,0.17312954804583558,0.2317052824001804,0.994000000000002,0.17312954804583494,0.23170528240018046,0.7471972423434912,Crescente
5206305,GO,2019,2966,Cristianópolis,82589000,4369826,494,5.2,4.6,0.0,1.1,27845.25,8845.8,0.2483031339691505,0.24830313396913395,0.541595579424051,1.0,0.24830313396915044,0.541595579424051,0.4584659539378137,Decrescente
5207352,GO,2019,3699,Edealina,279189000,5711039,499,6.1,4.6,0.4,6.7,75476.89,11444.97,0.1190532463734339,0.11905324637343291,0.17495813260026302,0.9960000000000041,0.11905324637343397,0.17495813260026302,0.6804670614851711,Decrescente
5207501,GO,2019,3275,Estrela do Norte,57072000,3376792,299,6.7,5.9,0.0,0.0,17426.56,11293.62,0.39669065267357406,0.3966906526735723,0.570730705857439,1.0,0.39669065267357395,0.570730705857439,0.6950574913918547,Decrescente
5208004,GO,2019,121617,Formosa,2464663000,79702446,10463,5.4,4.0,0.2,1.6,20265.78,7617.55,0.332511582716153,0.33251158271615316,0.4690135134095753,0.9980000000000019,0.33251158271615333,0.4690135134095752,0.7089594930834768,Crescente
5208152,GO,2019,3818,Gameleira de Goiás,170939000,5323801,525,5.9,5.4,0.0,0.4,44771.87,10140.57,0.19401865565332127,0.19401865565332152,0.518272438450585,1.0,0.1940186556533212,0.518272438450585,0.3743564991288266,Decrescente
5208707,GO,2019,1516113,Goiânia,52978067000,1051576305,66552,5.9,5.0,0.4,1.3,34943.35,15800.82,0.19766927488950908,0.1976692748895108,0.2490247333626484,0.9959999999999868,0.1976692748895089,0.24902473336264835,0.7937736634442987,Crescente
5208806,GO,2019,44289,Goianira,895801000,45238239,5061,5.7,4.8,0.4,2.5,20226.26,8938.6,0.33320369368742236,0.33320369368741126,0.4258792309845299,0.9960000000000012,0.33320369368742236,0.4258792309845302,0.7823900989891803,Crescente
5209101,GO,2019,34095,Goiatuba,1592303000,57061922,2275,5.9,4.6,0.4,0.0,46701.95,25082.16,0.14147677814835355,0.14147677814835355,0.22569930181454556,1.0,0.14147677814835366,0.2256993018145456,0.6268374647636409,Crescente
5209408,GO,2019,3893,Guarani de Goiás,66315000,4285711,378,5.0,3.3,0.7,0.0,17034.42,11337.86,0.3326565572915784,0.3326565572915719,0.4371469130211894,1.0,0.33265655729157806,0.43714691302118985,0.760971992213185,Crescente
5209937,GO,2019,6194,Inaciolândia,192024000,7920304,666,6.2,5.7,0.0,0.0,31001.61,11892.35,0.2581339753722746,0.2581339753722737,0.5123232281977071,1.0,0.2581339753722745,0.5123232281977068,0.503849837690084,Crescente
5210000,GO,2019,52866,Inhumas,1167794000,34552293,2693,6.3,5.5,0.3,0.4,22089.7,12830.41,0.3070905645089641,0.3070905645089681,0.37635588165243405,0.9969999999999996,0.30709056450896405,0.37635588165243405,0.8159579256756861,Decrescente
5210109,GO,2019,26985,Ipameri,1378325000,24750829,1923,6.0,5.8,0.0,3.6,51077.45,12870.95,0.17842796861654853,0.17842796861654864,0.4263821880690989,1.0,0.17842796861654855,0.4263821880690989,0.4184695646517784,Decrescente
5210406,GO,2019,42900,Itaberaí,1321489000,31946699,3663,7.0,4.9,0.0,0.5,30803.94,8721.46,0.29697765488088035,0.29697765488087946,0.6324177865370615,1.0,0.29697765488088124,0.6324177865370616,0.46959092739476044,Crescente
5210901,GO,2019,22981,Itapaci,379227000,16592321,1457,6.0,5.0,0.7,4.0,16501.76,11388.0,0.37615811970571633,0.37615811970571233,0.38552820776845365,0.9930000000000007,0.3761581197057163,0.3855282077684537,0.9756954539929152,Crescente
5212105,GO,2019,7387,Joviânia,210917000,7228293,728,5.9,5.4,0.4,2.4,28552.46,9928.97,0.27408558319563,0.27408558319563003,0.3585932570651363,0.9960000000000009,0.27408558319563,0.3585932570651362,0.7643355746252752,Crescente
5212204,GO,2019,18478,Jussara,529115000,17763263,944,6.8,5.6,0.0,0.0,28634.86,18817.02,0.2412475272788412,0.24124752727884086,0.3472302127086013,1.0,0.24124752727884102,0.3472302127086013,0.694776889939869,Decrescente
5213087,GO,2019,29070,Minaçu,906283000,29576362,1940,6.2,5.2,0.0,0.6,31175.89,15245.55,0.22632186711328495,0.2263218671132848,0.3371078773804965,1.0,0.22632186711328478,0.3371078773804965,0.6713633299581235,Decrescente
5213707,GO,2019,8055,Montes Claros de Goiás,351278000,7975807,823,6.6,5.7,0.0,0.0,43609.93,9691.14,0.21147621832726896,0.21147621832729366,0.656000591409284,1.0,0.211476218327269,0.6560005914092846,0.3223719934046938,Crescente
5213756,GO,2019,13396,Montividiu,848595000,17860095,1416,6.2,4.8,0.3,0.0,63346.89,12613.06,0.13784592141095486,0.13784592141095495,0.46876467724678633,1.0,0.13784592141095456,0.46876467724678683,0.2940620914966772,Crescente
5213806,GO,2019,46136,Morrinhos,1414449000,25880890,2343,6.7,5.9,0.2,1.1,30658.25,11046.05,0.27526990820425995,0.27526990820425984,0.3664147317842739,0.9979999999999997,0.2752699082042602,0.3664147317842737,0.75125229508055,Crescente
5214002,GO,2019,15659,Mozarlândia,744567000,13212412,1389,5.7,4.9,0.1,0.5,47548.82,9512.18,0.17090643568403843,0.17090643568405248,0.27639670616571543,0.9989999999999892,0.17090643568403854,0.27639670616571543,0.6183374543601484,Decrescente
5214507,GO,2019,29850,Nerópolis,851775000,24228794,2261,6.0,4.8,0.2,1.6,28535.18,10715.96,0.2578896158519575,0.2578896158519579,0.352853788392715,0.9980000000000032,0.2578896158519576,0.35285378839271503,0.7308682075560845,Crescente
5214606,GO,2019,46388,Niquelândia,1170075000,34167189,2363,5.9,4.6,0.3,2.6,25223.66,14459.24,0.2567707661132474,0.2567707661132496,0.3073694782944511,0.9970000000000018,0.2567707661132474,0.3073694782944512,0.8353814683814129,Crescente
5214838,GO,2019,12869,Nova Crixás,381803000,13164957,1113,5.6,4.2,0.5,3.7,29668.43,11828.35,0.229456102395104,0.2294561023951054,0.28686424605108785,0.9949999999999943,0.2294561023951039,0.2868642460510878,0.7998769646400619,Crescente
5215306,GO,2019,15615,Orizona,560350000,13306248,1205,6.6,5.3,0.2,0.6,35885.37,11042.53,0.2370291958550305,0.23702919585503113,0.32298575913868716,0.998000000000001,0.23702919585503057,0.32298575913868705,0.7338688754795913,Crescente
5215603,GO,2019,33835,Padre Bernardo,624676000,29721333,3942,5.0,4.6,0.3,1.4,18462.42,7539.66,0.35449388052094544,0.35449388052094566,0.4854075124023181,0.9970000000000024,0.3544938805209455,0.4854075124023181,0.7303015949764121,Decrescente
5216403,GO,2019,10988,Paraúna,949682000,15497580,990,6.5,6.1,0.2,0.3,86429.01,15654.12,0.11854286527093727,0.11854286527096375,0.18095637807445364,0.9980000000000008,0.11854286527093717,0.18095637807445375,0.6550908375396604,Crescente
5217203,GO,2019,10385,Piranhas,409321000,7506703,567,6.3,5.2,0.2,0.0,39414.64,13239.34,0.20253906636026708,0.20253906636026942,0.45468675475392434,1.0,0.20253906636026714,0.4546867547539244,0.44544747398652695,Crescente
5217609,GO,2019,89918,Planaltina,1204596000,83761849,11789,5.2,4.1,0.5,2.2,13396.61,7105.09,0.45621026182213703,0.4562102618221351,0.5284961602613426,0.995000000000001,0.45621026182213725,0.528496160261343,0.8632234179270858,Crescente
5217708,GO,2019,17819,Pontalina,507631000,13446658,1219,6.2,5.3,0.2,1.0,28488.19,11030.89,0.26683568065762286,0.26683568065762253,0.3604765648175932,0.9980000000000012,0.26683568065762275,0.36047656481759316,0.7402303137033218,Crescente
5218003,GO,2019,45394,Porangatu,934167000,30364651,2989,5.1,4.1,0.3,2.1,20579.09,10158.8,0.2988996362278468,0.2988996362278466,0.3801632486451008,0.9970000000000002,0.29889963622784665,0.38016324864510076,0.786240219940047,Crescente
5218300,GO,2019,36900,Posse,582550000,31976010,3129,7.0,5.9,0.0,0.0,15787.26,10219.24,0.45424967022881296,0.4542496702288132,0.6566322097198778,1.0,0.4542496702288131,0.6566322097198778,0.6917870666481589,Decrescente
5218508,GO,2019,50065,Quirinópolis,1753066000,37475249,3483,7.0,5.7,0.0,0.9,35015.8,10759.47,0.2582508079412005,0.2582508079411989,0.5126280782021487,1.0,0.25825080794120037,0.5126280782021488,0.5037781169672145,Crescente
5218789,GO,2019,4493,Rio Quente,358514000,5878066,487,5.6,5.6,0.0,0.6,79793.9,12069.95,0.12139996891604746,0.12139996891604737,0.4450524552592653,1.0,0.12139996891604672,0.4450524552592654,0.27277676480927604,Crescente
5218805,GO,2019,235647,Rio Verde,10177631000,338775619,16457,7.3,6.1,0.0,0.0,43190.16,20585.5,0.19328530165723207,0.19328530165723168,0.33882823207737517,1.0,0.1932853016572317,0.3388282320773753,0.5704521741656204,Crescente
5218904,GO,2019,19882,Rubiataba,465288000,13952783,1064,7.3,5.9,0.0,0.0,23402.47,13113.52,0.3353724060697192,0.33537240606971763,0.5318898794090409,1.0,0.33537240606971913,0.5318898794090409,0.630529775152587,Decrescente
5219704,GO,2019,8744,Santa Terezinha de Goiás,146612000,6785547,884,6.0,5.5,0.2,0.3,16767.15,7675.96,0.4362815101255784,0.4362815101255805,0.5727300912013222,0.9980000000000001,0.43628151012557836,0.5727300912013222,0.7617576181661104,Decrescente
5219753,GO,2019,74744,Santo Antônio do Descoberto,753403000,52837792,7163,4.7,4.0,0.6,0.3,10079.78,7376.49,0.5276600548756852,0.5276600548756815,0.6569890217777951,0.9969999999999989,0.5276600548756847,0.6569890217777952,0.8031489680723294,Crescente
5219803,GO,2019,12949,São Domingos,176868000,10520592,841,5.4,3.9,0.9,4.0,13658.82,12509.62,0.38796904570444224,0.38796904570444146,0.388330738910301,0.990999999999999,0.38833073891030107,0.3879690457044428,0.9990685949639894,Crescente
5220108,GO,2019,33817,São Luís de Montes Belos,1395418000,23977059,1869,6.6,5.1,0.0,0.0,41263.8,12828.82,0.20449339905786257,0.20449339905786185,0.4955555983659203,1.0,0.20449339905786254,0.4955555983659201,0.41265480549947053,Crescente
5220264,GO,2019,4057,São Miguel do Passa Quatro,158677000,5380828,502,5.9,5.6,0.0,1.3,39111.91,10718.78,0.22055259229572907,0.22055259229572924,0.501154131566605,1.0,0.22055259229572918,0.501154131566605,0.4400893425866467,Decrescente
5220405,GO,2019,20645,São Simão,1196795000,22831463,1735,6.5,5.4,0.3,2.3,57970.21,13159.34,0.15513190283304065,0.1551319028330407,0.21755956026296483,0.9969999999999993,0.15513190283304074,0.21755956026296472,0.7130548648173967,Crescente
5220454,GO,2019,115371,Senador Canedo,3675794000,132885787,16072,5.5,4.5,0.6,2.4,31860.64,8268.15,0.23291106297428013,0.2329110629742798,0.30945459932502567,0.9939999999999981,0.23291106297427983,0.3094545993250256,0.7526501899868339,Crescente
5221403,GO,2019,127599,Trindade,2244590000,65150283,8065,6.3,5.1,0.2,0.0,17590.97,8078.15,0.4138408994921383,0.41384089949213393,0.743382781830942,1.0,0.4138408994921381,0.7433827818309422,0.5566996029593981,Crescente
5221551,GO,2019,5281,Turvelândia,329952000,8076411,650,6.2,4.6,1.0,0.4,62479.08,12425.25,0.1397916232394799,0.13979162323947858,0.20699524497313548,0.9959999999999996,0.1397916232394804,0.20699524497313582,0.6753373646704904,Crescente
5221577,GO,2019,2854,Uirapuru,49126000,3882010,279,5.5,4.4,0.0,0.0,17213.03,13914.01,0.32774498244609995,0.32774498244607947,0.39816490656693704,1.0,0.3277449824460998,0.3981649065669369,0.8231387976202806,Crescente
5221601,GO,2019,40532,Uruaçu,939158000,21257464,1706,6.3,4.7,0.0,0.0,23170.78,12460.41,0.29766064547431226,0.2976606454743002,0.4889668271634699,1.0,0.2976606454743122,0.4889668271634699,0.608754273170354,Decrescente
5221700,GO,2019,13843,Uruana,283241000,9006491,826,6.7,5.5,0.0,0.0,20460.95,10903.74,0.3599630466486432,0.3599630466486563,0.5911380603616231,1.0,0.359963046648643,0.5911380603616231,0.6089322795903874,Decrescente
5221858,GO,2019,168468,Valparaíso de Goiás,2731137000,123201585,17371,5.5,4.3,0.7,1.7,16211.61,7092.37,0.4070184532994087,0.4070184532994226,0.46294422823992437,0.9930000000000029,0.4070184532994086,0.4629442282399244,0.8791954375300437,Crescente
5222054,GO,2019,8743,Vicentinópolis,326519000,7327009,1029,6.4,5.8,0.4,0.0,37346.33,7120.51,0.25844901671992293,0.25844901671994697,0.8680486770907879,1.0,0.2584490167199233,0.8680486770907875,0.29773562651589885,Crescente
