id_municipio,sigla_uf,ano,populacao,nome,pib,gastos_educacao,quantidade_matricula,ideb_iniciais,ideb_finais,taxa_abandono_ef_anos_iniciais,taxa_abandono_ef_anos_finais,pib_per_capita,gasto_por_aluno,DEA_RCOI,DEA_RCOP,DEA_RVOI,DEA_RVOP,DEA_RNDOI,DEA_RNCOI,DEA_scale_efficiency,DEA_returns_nature
1100015,RO,2017,25437,Alta Floresta D'Oeste,485374000,18243861,1878,5.1,4.3,0.3,4.8,19081.42,9714.52,0.3116063027300845,0.3116063027300858,0.4067647212730686,0.9970000000000022,0.3116063027300844,0.40676472127306856,0.7660602958753089,Crescente
1100023,RO,2017,107345,Ariquemes,2287910000,64242278,8836,5.4,4.7,0.7,1.9,21313.61,7270.52,0.330233984539919,0.3302339845399133,0.4728572954773884,0.9929999999999959,0.33023398453991903,0.4728572954773883,0.6983798023175694,Crescente
1100049,RO,2017,88507,Cacoal,2082761000,43023573,4962,6.1,4.5,0.1,0.6,23532.16,8670.61,0.32347515127706283,0.32347515127708043,0.4668980195639926,0.9990000000000123,0.3234751512770631,0.4668980195639926,0.6928175698392048,Decrescente
1100098,RO,2017,33030,Espigão D'Oeste,566361000,18557287,2213,5.9,4.5,0.1,2.2,17146.87,8385.58,0.3893132112137259,0.38931321121372325,0.5157500433291502,0.9990000000000012,0.38931321121372564,0.5157500433291502,0.7548486253160959,Decrescente
1100148,RO,2017,21747,Nova Brasilândia D'Oeste,345425000,12543953,1662,5.8,5.6,0.1,0.8,15883.8,7547.5,0.48185543285395066,0.48185543285396915,0.6349247000232648,0.9990000000000032,0.48185543285394855,0.6349247000232652,0.7589174477482047,Crescente
1100304,RO,2017,95630,Vilhena,2523712000,56314352,7612,5.7,5.5,0.0,0.4,26390.38,7398.1,0.32256051343630254,0.322560513436332,0.6079992576461715,1.0,0.32256051343630077,0.6079992576461719,0.5305278080191644,Crescente
1100320,RO,2017,24181,São Miguel do Guaporé,633099000,19044350,2548,5.6,4.7,0.1,0.3,26181.67,7474.23,0.28773865951647165,0.28773865951648353,0.5047617956461616,0.9989999999999966,0.28773865951647226,0.5047617956461613,0.5700484109502151,Crescente
1100346,RO,2017,16747,Alvorada D'Oeste,252252000,8430946,1447,5.6,4.1,0.1,1.5,15062.52,5826.5,0.4567019299150082,0.4567019299149943,0.6711388753660874,0.9989999999999979,0.4567019299150081,0.6711388753660875,0.6804879685532895,Crescente
1100379,RO,2017,14045,Alto Alegre dos Parecis,328001000,11416572,1806,5.7,4.3,0.8,2.9,23353.58,6321.47,0.3326514580843417,0.3326514580843591,0.44104176898612896,0.9919999999999989,0.3326514580843436,0.4410417689861293,0.7542402590327081,Crescente
1101203,RO,2017,10751,Ministro Andreazza,215810000,7237700,881,6.6,5.5,0.4,0.3,20073.48,8215.32,0.39930177800528766,0.39930177800529043,0.5564057275306743,0.9969999999999998,0.39930177800528815,0.5564057275306742,0.7176449814371733,Crescente
1101450,RO,2017,5904,Parecis,99549000,4090793,519,5.1,4.2,0.0,4.0,16861.28,7882.07,0.35984850800779883,0.35984850800779966,0.5496826706969317,1.0,0.35984850800779894,0.5496826706969318,0.6546477216601245,Crescente
1101559,RO,2017,4931,Teixeirópolis,83325000,4634613,624,6.0,4.8,0.0,4.4,16898.2,7427.26,0.41811575567131026,0.4181157556713129,0.599008253071487,1.0,0.4181157556713103,0.599008253071487,0.698013347107275,Decrescente
1101708,RO,2017,13106,Urupá,200082000,10122091,1653,6.0,4.9,0.6,1.7,15266.44,6123.47,0.477751416521374,0.47775141652137293,0.6180791571797799,0.9939999999999963,0.47775141652137354,0.6180791571797799,0.7729615389415422,Decrescente
1101807,RO,2017,8047,Vale do Paraíso,142330000,6310020,988,5.1,4.4,0.3,6.2,17687.34,6386.66,0.3687946244843573,0.3687946244843397,0.5581664909336984,0.9969999999999929,0.3687946244843572,0.5581664909336983,0.660725124984553,Crescente
1200203,AC,2017,82622,Cruzeiro do Sul,1287867000,45740068,6503,4.9,4.2,0.7,6.5,15587.46,7033.69,0.38249653064250333,0.38249653064250044,0.48502906534305457,0.9930000000000009,0.3824965306425036,0.4850290653430549,0.7886053805290383,Crescente
1200328,AC,2017,7858,Jordão,78628000,12164453,2188,4.2,4.4,1.8,3.1,10006.11,5559.62,0.5845342604675704,0.5845342604675665,0.6252374938955241,0.98199999999997,0.5845342604675701,0.6252374938955241,0.9348995640450906,Decrescente
1200351,AC,2017,17897,Marechal Thaumaturgo,195344000,25565213,4771,4.2,4.0,2.4,5.9,10914.9,5358.46,0.51792779101008,0.5179277910100756,0.5182410174283201,0.9759999999999988,0.5182410174283199,0.5179277910100799,0.9993955970143112,Crescente
1200385,AC,2017,18510,Plácido de Castro,241231000,10710076,1386,4.9,4.7,1.3,3.2,13032.47,7727.33,0.4603567396901474,0.4603567396901481,0.48426497824635856,0.9870000000000019,0.46035673969014734,0.48426497824635933,0.9506298418630463,Crescente
1200435,AC,2017,6230,Santa Rosa do Purus,71271000,9050789,1833,3.4,2.9,8.0,23.7,11439.97,4937.69,0.4361386691737967,0.43613866917379396,0.46217875062741176,0.9199999999999974,0.4621787506274128,0.4361386691737967,0.9436579863997091,Crescente
1300086,AM,2017,12978,Anamã,108163000,8366215,1361,4.4,4.5,2.6,7.9,8334.34,6147.11,0.6561301326222424,0.6561301326222364,0.6592933480353496,0.9739999999999991,0.6592933480353494,0.6561301326222424,0.9952021123487241,Crescente
1300102,AM,2017,20196,Anori,192984000,11745978,1592,5.3,4.1,2.2,6.7,9555.56,7378.13,0.5640965792928454,0.5640965792928402,0.565704486809379,0.9780000000000134,0.565704486809379,0.5640965792928454,0.9971576900059563,Crescente
1300144,AM,2017,21406,Apuí,193492000,9285600,1404,4.5,3.9,6.6,16.9,9039.15,6613.68,0.551688948545148,0.551688948545148,0.5655185491730236,0.9339999999999997,0.5655185491730236,0.551688948545148,0.9755452749549965,Crescente
1300508,AM,2017,31542,Barreirinha,239721000,31507972,5920,4.0,3.7,4.7,7.6,7600.06,5322.29,0.6626946976854837,0.6626946976854838,0.6666050658657353,0.952999999999999,0.6666050658657356,0.6626946976854837,0.9941339056954613,Crescente
1300607,AM,2017,41329,Benjamin Constant,280086000,39483082,7512,4.0,3.5,3.0,7.3,6776.98,5256.0,0.7126290268161386,0.7126290268161414,0.7145346642025915,0.9699999999999939,0.7145346642025914,0.7126290268161387,0.9973330371752089,Crescente
1300631,AM,2017,18978,Beruri,141498000,23127334,4544,4.4,3.0,6.0,11.5,7455.9,5089.64,0.6668172441812255,0.6668172441812372,0.6796368453825695,0.9400000000000034,0.6796368453825693,0.6668172441812255,0.9811375717952315,Crescente
1300706,AM,2017,34176,Boca do Acre,365383000,21427715,4089,6.0,4.9,0.5,3.1,10691.22,5240.33,0.6391083128981296,0.6391083128981375,0.7568644248165979,0.9949999999999986,0.6391083128981291,0.7568644248165977,0.8444158450874439,Crescente
1300805,AM,2017,40464,Borba,296371000,36540166,5145,4.8,3.7,3.0,10.5,7324.31,7102.07,0.6441694181205414,0.6441694181205281,0.6485596043280143,0.9700000000000043,0.6485596043280141,0.6441694181205414,0.993230867019506,Crescente
1301100,AM,2017,37399,Careiro,272854000,32275073,5150,4.5,3.9,2.5,11.4,7295.76,6267.0,0.6688963174035129,0.6688963174035146,0.6715870730606506,0.9749999999999989,0.6715870730606506,0.6688963174035129,0.995993437388729,Crescente
1301159,AM,2017,29190,Careiro da Várzea,313356000,16756592,2694,4.1,3.9,1.3,4.6,10735.05,6219.97,0.5090532457035525,0.509053245703553,0.5370218157591988,0.9870000000000021,0.5090532457035529,0.5370218157591975,0.9479191175574374,Crescente
1301209,AM,2017,84762,Coari,1322937000,58586012,10283,3.8,3.0,3.5,11.3,15607.67,5697.37,0.3455861884231709,0.34558618842316846,0.3488303444354574,0.9650000000000005,0.34883034443545735,0.3455861884231709,0.990699903078854,Crescente
1301308,AM,2017,27817,Codajás,464273000,14891127,2289,4.3,3.0,4.3,15.8,16690.26,6505.52,0.33736299561749516,0.33736299561750893,0.3406483984293583,0.957000000000007,0.3406483984293582,0.33736299561749516,0.9903554432458475,Crescente
1301506,AM,2017,19492,Envira,148766000,12600923,2398,2.9,2.5,12.0,26.2,7632.16,5254.76,0.5609745084054122,0.5609745084054124,0.623360539652055,0.8799999999999971,0.623360539652055,0.5609745084054122,0.8999198260424615,Crescente
1301704,AM,2017,53383,Humaitá,556079000,33954385,6399,4.3,3.6,2.1,8.6,10416.78,5306.2,0.5176252695469259,0.5176252695469236,0.5194177290806435,0.9790000000000022,0.5176252695469257,0.5194177290806437,0.9965490982818583,Crescente
1301852,AM,2017,47407,Iranduba,697064000,54595291,9234,4.5,4.1,2.3,7.4,14703.82,5912.42,0.4014888291560228,0.40148882915602097,0.4015727845389403,0.9769999999999992,0.40157278453894035,0.40148882915602285,0.9997909335837739,Crescente
1301902,AM,2017,99854,Itacoatiara,1979493000,84550783,13482,5.2,4.4,1.9,4.3,19823.87,6271.38,0.34321813517577227,0.3432181351757676,0.37347799910418444,0.9809999999999983,0.34321813517576993,0.3734779991041847,0.9189781888063212,Crescente
1302009,AM,2017,9125,Itapiranga,107713000,8377295,1093,4.4,3.7,2.3,7.2,11804.16,7664.5,0.436839655838529,0.4368396558385298,0.43717758803235557,0.9769999999999911,0.4371775880323555,0.436839655838529,0.9992270139113317,Crescente
1302306,AM,2017,15824,Jutaí,218569000,25338925,4573,3.7,3.2,8.9,12.8,13812.5,5540.99,0.36941081846969137,0.3694108184696846,0.3879131017564429,0.910999999999999,0.3879131017564441,0.36941081846969137,0.9523030204368594,Crescente
1302504,AM,2017,96460,Manacapuru,1526357000,64496599,11869,4.9,3.8,2.3,7.5,15823.73,5434.04,0.3955119926372208,0.3955119926372172,0.39553793217260474,0.9769999999999975,0.3955379321726045,0.3955119926372208,0.9999344196010698,Crescente
1302553,AM,2017,30222,Manaquiri,236248000,18158474,3203,4.2,3.8,2.0,5.9,7817.09,5669.21,0.6543615839869013,0.6543615839869086,0.654780122086542,0.9800000000000012,0.6547801220865422,0.654361583986901,0.9993607959595551,Crescente
1302603,AM,2017,2130264,Manaus,73225449000,1145513846,168953,5.8,4.7,0.7,2.4,34373.88,6780.07,0.2470759191079925,0.24707591910801757,0.3851279069044674,0.9930000000000011,0.24707591910799317,0.3851279069044673,0.6415424971249376,Crescente
1302702,AM,2017,54708,Manicoré,495881000,38010714,6682,4.8,3.8,3.5,8.8,9064.14,5688.52,0.5941953668670255,0.5941953668670298,0.5987072729914213,0.964999999999938,0.5987072729914213,0.5941953668670255,0.9924639196349624,Crescente
1302801,AM,2017,18531,Maraã,153885000,21995306,3376,3.2,3.1,3.2,12.0,8304.19,6515.2,0.5481085480101079,0.548108548010108,0.5522241746563383,0.9679999999999991,0.5522241746563388,0.5481085480101079,0.992547181316733,Crescente
1302900,AM,2017,62212,Maués,459063000,52658908,9969,4.8,3.8,2.6,11.9,7379.01,5282.27,0.7067533259466448,0.7067533259466385,0.7093650725089123,0.9739999999999418,0.7093650725089121,0.7067533259466448,0.9963181912057916,Crescente
1303007,AM,2017,20902,Nhamundá,142267000,15023598,2669,5.1,4.3,0.8,2.7,6806.38,5628.92,0.7790620191948185,0.779062019194814,0.8100006185679063,0.9920000000000002,0.7790620191948185,0.8100006185679062,0.9618042274735695,Crescente
1303106,AM,2017,36431,Nova Olinda do Norte,234351000,27625205,4376,4.3,3.5,2.8,10.3,6432.74,6312.89,0.6956069404712522,0.6956069404712596,0.6972298657009814,0.9719999999999962,0.6972298657009814,0.6956069404712522,0.9976723239930383,Crescente
1303205,AM,2017,18586,Novo Airão,131745000,12033766,2170,5.3,3.6,3.6,8.8,7088.4,5545.51,0.7525309405429689,0.7525309405429607,0.7595569474073542,0.963999999999996,0.7595569474073542,0.7525309405429689,0.9907498616287196,Crescente
1303403,AM,2017,113832,Parintins,1092155000,76978239,11998,5.2,4.2,1.1,3.8,9594.45,6415.92,0.5843143399536596,0.5843143399536164,0.6068905350823125,0.9890000000001009,0.5843143399536594,0.6068905350823127,0.9628002187814794,Crescente
1303536,AM,2017,34574,Presidente Figueiredo,445555000,47887520,5949,5.0,4.5,2.0,5.7,12887.0,8049.68,0.44285085978524763,0.4428508597852473,0.44336759070268317,0.9800000000000011,0.44336759070268333,0.44285085978524774,0.9988345315979984,Crescente
1303569,AM,2017,32001,Rio Preto da Eva,384152000,24592147,4036,4.8,4.2,2.7,6.4,12004.37,6093.2,0.4771627000125817,0.47716270001258015,0.4787047158874188,0.9729999999999994,0.47870471588741925,0.4771627000125817,0.996778774422603,Crescente
1303601,AM,2017,23765,Santa Isabel do Rio Negro,122726000,12072040,1381,4.3,3.9,1.9,4.3,5164.15,8741.52,0.7818718394189246,0.7818718394189271,0.8546208418705041,0.9810000000000011,0.7818718394189221,0.8546208418705031,0.9148756982191609,Crescente
1304005,AM,2017,9211,Silves,96376000,9271048,1784,4.0,4.4,0.6,4.5,10463.14,5196.78,0.5689011314283805,0.5689011314283825,0.7156513607858206,0.994000000000001,0.5689011314283801,0.7156513607858204,0.794941730850199,Crescente
1304062,AM,2017,63635,Tabatinga,463248000,40508756,9445,4.1,3.0,3.5,8.1,7279.77,4288.91,0.6978071422986418,0.697807142298647,0.7010220442906218,0.965669996557725,0.7010220442906216,0.6978071422986418,0.9954139787497935,Crescente
1304104,AM,2017,17930,Tapauá,338884000,9571153,2659,3.8,4.1,6.8,8.3,18900.39,3599.53,0.357590116878667,0.3575901168786691,0.41089486640725303,0.9320000000000005,0.3575901168786676,0.4108948664072527,0.8702715612033134,Crescente
1304203,AM,2017,62021,Tefé,746603000,55930548,9413,4.1,4.2,5.3,7.0,12037.91,5941.84,0.4754701585259452,0.4754701585259384,0.4798407455967779,0.9470000000000006,0.47984074559677814,0.4754701585259452,0.990891588280197,Crescente
1304237,AM,2017,18782,Tonantins,123847000,19757452,2749,3.3,3.2,3.2,3.9,6593.92,7187.14,0.6601908677438317,0.6601908677438314,0.6622948473215144,0.9679999999999993,0.662294847321514,0.6601908677438326,0.9968231980269939,Crescente
1304260,AM,2017,13428,Uarini,186574000,16309735,2372,3.3,2.4,5.9,14.1,13894.4,6875.94,0.35720441460353786,0.3572044146035424,0.3703808653583871,0.9410000000000038,0.37038086535838716,0.35720441460353786,0.9644245910433319,Crescente
1304302,AM,2017,16968,Urucará,298331000,15555735,2272,5.1,4.5,0.9,0.9,17581.98,6846.71,0.3687879747501405,0.368787974750118,0.5751983646300087,0.9910000000000038,0.3687879747501407,0.5751983646300087,0.6411492059567313,Decrescente
1304401,AM,2017,22148,Urucurituba,143101000,13481455,1813,3.6,3.5,2.5,11.2,6461.13,7435.99,0.6568543296853235,0.6568543296853272,0.658151982047194,0.9749999999999999,0.6581519820471932,0.656854329685324,0.9980283393543325,Crescente
1400159,RR,2017,11945,Bonfim,266844000,15654923,1928,4.5,4.4,1.3,2.6,22339.39,8119.77,0.28853733980300483,0.2885373398029999,0.3858106363153816,0.9870000000000032,0.28853733980300494,0.3858106363153816,0.7478729528004496,Decrescente
1500131,PA,2017,7231,Abel Figueiredo,80633000,7766985,1282,5.1,3.6,0.8,4.4,11151.02,6058.49,0.5240270958479832,0.5240270958480024,0.5845543389381069,0.9919999999999976,0.5240270958479829,0.5845543389381078,0.8964557457565423,Crescente
1500206,PA,2017,54096,Acará,932175000,73029875,13263,3.7,3.3,4.5,9.7,17231.87,5506.29,0.3177852837996711,0.3177852837996751,0.32249959226143665,0.9550000000000012,0.3224995922614379,0.3177852837996711,0.9853819707841867,Crescente
1500305,PA,2017,38144,Afuá,358271000,49046328,11407,3.3,2.7,6.9,14.7,9392.59,4299.67,0.5313540325952402,0.5313540325952391,0.5566135629403071,0.9310000000000002,0.5566135629403071,0.5313540325952402,0.9546192690461339,Crescente
1500347,PA,2017,26682,Água Azul do Norte,443365000,16427614,2103,3.5,3.4,1.0,3.9,16616.63,7811.51,0.32667926394164293,0.32667926394164226,0.3943156431819307,0.9900000000000014,0.3266792639416431,0.3943156431819311,0.8284714785989825,Crescente
1500404,PA,2017,55246,Alenquer,609255000,51956481,11120,4.0,3.4,2.1,8.7,11028.04,4672.35,0.490465980561987,0.4904659805619894,0.499792343519561,0.9789999999999961,0.4904659805619868,0.49979234351956053,0.9813395241473742,Crescente
1500503,PA,2017,33195,Almeirim,666123000,37182801,7956,3.6,2.5,9.8,23.0,20066.97,4673.55,0.2692643100680266,0.269264310068019,0.2883165880440364,0.9020000000000027,0.28831658804403737,0.2692643100680266,0.9339188976074458,Crescente
1500602,PA,2017,111435,Altamira,2501060000,105941946,19263,5.5,4.8,1.1,1.2,22444.12,5499.76,0.3435034192922871,0.3435034192922941,0.5913520988049946,0.9889999999999995,0.3435034192922844,0.5913520988049947,0.5808779912786974,Crescente
1500701,PA,2017,28466,Anajás,204751000,38418489,8438,3.3,3.0,4.5,9.5,7192.83,4553.03,0.674621109079999,0.674621109079999,0.6817410400407546,0.9549999999999996,0.6817410400407545,0.674621109079999,0.9895562529720522,Crescente
1500800,PA,2017,516057,Ananindeua,6980443000,136131618,27442,5.2,4.8,1.2,0.9,13526.5,4960.7,0.5187580623874035,0.5187580623873868,0.7940044393499123,0.991,0.5187580623874031,0.7940044393499123,0.6533440327010445,Decrescente
1500859,PA,2017,27096,Anapu,351211000,29337371,6682,4.2,3.3,3.4,7.9,12961.73,4390.51,0.4418852476148473,0.44188524761485415,0.44390081098536405,0.9660000000000004,0.4439008109853635,0.4418852476148473,0.99545942850151,Crescente
1500958,PA,2017,30471,Aurora do Pará,277394000,26536966,4949,4.6,4.4,1.1,2.5,9103.54,5362.09,0.6372991038760154,0.6372991038760117,0.7010765438486407,0.9889999999999978,0.6372991038760153,0.7010765438486408,0.9090292771421054,Crescente
1501006,PA,2017,15947,Aveiro,144716000,15191834,3044,3.6,3.2,3.4,11.9,9074.81,4990.75,0.5483292938660164,0.5483292938660175,0.5542093477767689,0.9659999999999997,0.5542093477767691,0.5483292938660164,0.9893901935535,Crescente
1501105,PA,2017,29808,Bagre,176250000,25193651,5502,3.9,3.4,5.3,14.1,5912.84,4579.0,0.7830799579344551,0.7830799579344475,0.7974137478285298,0.9476120581985351,0.7974137478285297,0.7830799579344551,0.9820246516527866,Crescente
1501253,PA,2017,3200,Bannach,76465000,4981203,680,4.0,4.0,4.5,9.2,23895.31,7325.3,0.2545472578302706,0.2545472578302701,0.25623487975896536,0.9549999999999974,0.25454725783027066,0.25623487975896564,0.993413769701134,Crescente
1501303,PA,2017,121190,Barcarena,4818669000,111782905,16626,4.0,3.6,1.4,3.9,39761.28,6723.38,0.15594981532269184,0.1559498153226923,0.261859248583812,0.9859999999999939,0.1559498153226925,0.2618592485838124,0.5955482426765528,Crescente
1501402,PA,2017,1452275,Belém,30244780000,476830500,41966,5.1,4.3,1.9,1.6,20825.79,11362.31,0.28367152728119155,0.2836715272811894,0.35052264238826436,0.9839999999999994,0.28367152728119155,0.3505226423882643,0.8092816068839751,Crescente
1501451,PA,2017,17249,Belterra,158065000,17403194,3619,4.6,4.2,1.0,4.0,9163.72,4808.84,0.6289880166185066,0.6289880166185067,0.7221756111826156,0.9899999999999995,0.628988016618507,0.7221756111826162,0.8709626950548669,Crescente
1501501,PA,2017,60990,Benevides,1394023000,36992025,6446,6.2,5.1,0.0,0.0,22856.58,5738.76,0.376662614566406,0.3766626145664452,0.9355278840726546,1.0,0.37666261456640415,0.9355278840726544,0.40262040392283355,Crescente
1501576,PA,2017,16517,Bom Jesus do Tocantins,164637000,12154225,2199,4.7,3.8,2.9,6.8,9967.73,5527.16,0.5537655738455054,0.5537655738455143,0.5552236936214648,0.9710000000000033,0.555223693621465,0.5537655738455054,0.9973738156481601,Crescente
1501725,PA,2017,14689,Brasil Novo,240063000,16393987,3041,5.3,4.4,2.1,5.4,16343.05,5390.99,0.4191042396720851,0.4191042396720838,0.4441330136534333,0.9790000000000013,0.4191042396720845,0.44413301365343305,0.9436457700465414,Crescente
1501782,PA,2017,64194,Breu Branco,580409000,51172458,9525,4.4,3.6,2.4,8.4,9041.48,5372.44,0.5807944737378816,0.5807944737378848,0.5813762593742602,0.9760000000000018,0.5813762593742601,0.5807944737378816,0.9989992958484326,Crescente
1501808,PA,2017,99896,Breves,743334000,124708892,26823,3.5,3.7,4.1,10.1,7441.08,4649.33,0.6876011084675443,0.687601108467545,0.6945505897190022,0.9590000000000005,0.694550589719002,0.6876011084675443,0.9899942763647073,Crescente
1501907,PA,2017,28331,Bujaru,498799000,24892226,5618,4.0,3.7,2.5,8.5,17606.12,4430.8,0.33832666867362216,0.33832666867362143,0.3428158618008853,0.9750000000000011,0.33832666867362216,0.34281586180088514,0.9869049433603204,Crescente
1502103,PA,2017,134100,Cametá,1183561000,133091639,27457,3.8,3.2,3.5,9.2,8825.96,4847.28,0.5708575802247959,0.5708575802247905,0.5739958233300347,0.964999999999995,0.5739958233300347,0.5708575802247959,0.9945326377341349,Crescente
1502152,PA,2017,36027,Canaã dos Carajás,4089225000,79759352,9652,5.0,3.6,0.7,2.2,113504.45,8263.51,0.08031920478759874,0.08031920478759624,0.15666253803097982,0.992999999999991,0.08031920478759513,0.15666253803097988,0.512689286137543,Crescente
1502301,PA,2017,52839,Capitão Poço,454009000,33993962,7146,3.7,3.4,4.1,8.1,8592.31,4757.06,0.5947100640071187,0.5947100640071208,0.5971920214026751,0.9590000000000034,0.5971920214026751,0.5947100640071187,0.9958439541946209,Crescente
1502400,PA,2017,195253,Castanhal,3758255000,124720405,18049,4.8,3.9,1.3,3.3,19248.13,6910.1,0.3210277262377206,0.32102772623772086,0.3987060034702528,0.9869999999999967,0.3210277262377202,0.39870600347025287,0.8051740466498198,Crescente
1502509,PA,2017,23066,Chaves,181414000,23485229,5593,3.3,3.1,3.0,8.4,7865.0,4199.04,0.6490060248589375,0.6490060248589374,0.6512245044608974,0.9705567732928866,0.6512245044608975,0.6490060248589375,0.9965933720448735,Crescente
1502707,PA,2017,46571,Conceição do Araguaia,559420000,30213745,4342,4.6,3.5,2.4,6.1,12012.2,6958.49,0.45161009886829195,0.45161009886830134,0.45224374893288594,0.9759999999999965,0.4522437489328862,0.45161009886829195,0.9985988749074163,Crescente
1502756,PA,2017,32395,Concórdia do Pará,292381000,38096757,5861,3.8,2.9,2.7,9.1,9025.5,6500.04,0.5265166941742665,0.5265166941742623,0.5281790999032681,0.9730000000000023,0.5281790999032683,0.5265166941742665,0.9968525719224671,Crescente
1502772,PA,2017,17453,Curionópolis,860118000,21173802,3506,5.3,4.0,1.3,2.3,49281.96,6039.3,0.1703689917943702,0.17036899179438977,0.30594936865791683,0.987000000000001,0.1703689917943696,0.30594936865791683,0.5568535491402188,Decrescente
1502855,PA,2017,13996,Curuá,120943000,17593224,3173,3.8,3.6,1.8,3.9,8641.25,5544.67,0.6013435635597314,0.601343563559733,0.6117812659291273,0.9820000000000013,0.6013435635597322,0.6117812659291274,0.9829388329609212,Crescente
1502905,PA,2017,38959,Curuçá,276241000,23736443,4677,3.8,3.8,2.5,4.8,7090.56,5075.14,0.7265891590437308,0.7265891590437353,0.727494668731299,0.974999999999999,0.7274946687312993,0.7265891590437308,0.9987553040228496,Crescente
1502939,PA,2017,58071,Dom Eliseu,679845000,43516581,7031,5.4,3.8,1.0,8.9,11707.13,6189.24,0.5183038197714548,0.5183038197714556,0.5553681054245291,0.9899999999999987,0.5183038197714545,0.5553681054245292,0.933261767661753,Crescente
1502954,PA,2017,32892,Eldorado do Carajás,359402000,34320854,6187,4.4,3.2,3.3,9.6,10926.73,5547.25,0.49659798010745365,0.496597980107485,0.4993078575597888,0.9670000000000024,0.499307857559789,0.49659798010745365,0.9945727322105868,Crescente
1503044,PA,2017,19746,Floresta do Araguaia,249651000,20097668,3500,4.3,3.5,2.2,7.9,12643.12,5742.19,0.43697079043535525,0.43697079043535203,0.4378449615627976,0.9779999999999953,0.43697079043535586,0.43784496156279745,0.9980034687979,Crescente
1503077,PA,2017,25363,Garrafão do Norte,242307000,32076350,6045,3.7,3.7,2.6,6.5,9553.56,5306.26,0.558483748325021,0.5584837483250237,0.5591436435552117,0.9739999999999989,0.5591436435552127,0.558483748325021,0.9988198109058436,Crescente
1503093,PA,2017,39352,Goianésia do Pará,373555000,39021359,5924,4.5,3.2,3.0,8.0,9492.66,6587.0,0.536650842617527,0.5366508426175194,0.5384887094851217,0.9700000000000012,0.5384887094851218,0.536650842617527,0.9965869908965186,Crescente
1503101,PA,2017,32458,Gurupá,230596000,51947799,8891,3.3,2.9,6.6,8.8,7104.44,5842.74,0.6358637926517725,0.6358637926517758,0.6491802546694903,0.9339999999999999,0.6491802546694903,0.6358637926517725,0.9794872657910746,Crescente
1503200,PA,2017,37753,Igarapé-Açu,304516000,20494819,2909,3.8,3.1,4.0,8.6,8066.01,7045.31,0.5571987504062181,0.5571987504062202,0.5628643322148988,0.9600000000000092,0.5628643322148987,0.557198750406218,0.9899343740855165,Crescente
1503309,PA,2017,60994,Igarapé-Miri,376753000,8431753,13740,3.8,3.5,3.0,6.8,6176.89,613.66,1.0,1.0,1.0,1.0,1.0,1.0,1.0,Constante
1503457,PA,2017,62237,Ipixuna do Pará,541030000,38901203,7032,4.5,3.8,2.8,6.0,8693.06,5532.03,0.6047027121579448,0.6047027121579593,0.6058863928342292,0.9720000000000112,0.6058863928342294,0.6047027121579448,0.9980463653082762,Crescente
1503606,PA,2017,98523,Itaituba,1770962000,101427954,17619,4.8,4.1,3.1,7.0,17975.11,5756.74,0.34981412870910167,0.34981412870909895,0.352768918597165,0.9689999999999998,0.3498141287091015,0.3527689185971648,0.9916240072968631,Crescente
1503705,PA,2017,51835,Itupiranga,560443000,48165300,9173,3.9,3.3,2.8,7.3,10812.06,5250.77,0.48464764527426485,0.484647645274264,0.4858814431698307,0.9720000000000131,0.48588144316983056,0.48464764527426474,0.9974607017557273,Crescente
1503754,PA,2017,8059,Jacareacanga,327691000,29598016,4899,3.8,3.2,4.8,7.5,40661.5,6041.64,0.14747403311566226,0.14747403311566235,0.1482148707219777,0.9520000000000024,0.1482148707219777,0.14747403311566226,0.9950015973248386,Crescente
1503804,PA,2017,57526,Jacundá,489217000,34561075,7017,4.3,3.4,1.8,6.1,8504.28,4925.33,0.6193465330126682,0.619346533012667,0.6215458936077775,0.9820000000000001,0.619346533012668,0.6215458936077773,0.9964614670972355,Crescente
1503903,PA,2017,56325,Juruti,1046267000,70698145,10458,4.6,4.4,0.5,2.6,18575.53,6760.2,0.3469000829827748,0.3469000829827601,0.5067557229077947,0.9949999999999992,0.34690008298277497,0.5067557229077946,0.6845508936578779,Crescente
1504059,PA,2017,29260,Mãe do Rio,293012000,33534170,6450,4.7,3.6,1.0,3.4,10014.08,5199.1,0.5681209445001862,0.5681209445002195,0.6310502456720986,0.9899999999999884,0.5681209445001865,0.6310502456720987,0.9002784618126729,Crescente
1504109,PA,2017,8316,Magalhães Barata,75316000,6598402,1417,3.9,2.6,1.2,2.8,9056.76,4656.6,0.5957690776721746,0.5957690776722026,0.6937613603029773,0.9880000000000028,0.5957690776721745,0.6937613603029773,0.858752175837513,Decrescente
1504208,PA,2017,271594,Marabá,8599354000,209363308,41892,4.6,3.8,1.5,5.3,31662.53,4997.69,0.22158108987730357,0.22158108987730776,0.292096604454501,0.9850000000000044,0.22158108987730296,0.2920966044545008,0.758588379659917,Crescente
1504307,PA,2017,28679,Maracanã,219106000,30463896,5882,4.4,3.5,3.1,7.2,7639.95,5179.17,0.6650241305969398,0.6650241305969432,0.6676192212657968,0.969000000000015,0.667619221265797,0.6650241305969398,0.9961129179834926,Crescente
1504406,PA,2017,27569,Marapanim,221402000,26273964,5056,3.8,3.2,2.5,6.6,8030.83,5196.59,0.6175041875355652,0.6175041875355676,0.6191614837432214,0.9749999999999992,0.6191614837432214,0.6175041875355656,0.9973233215386125,Crescente
1504422,PA,2017,127858,Marituba,1788121000,105883459,17112,4.8,3.7,1.6,4.6,13985.21,6187.67,0.4220991753002037,0.4220991753001951,0.438595115930645,0.9839999999999907,0.4220991753002033,0.43859511593064526,0.9623891374270347,Crescente
1504455,PA,2017,30726,Medicilândia,580793000,23349987,5002,4.3,3.5,3.1,8.2,18902.33,4668.13,0.3213029941141523,0.3213029941141509,0.32211309943548894,0.9690000000000003,0.3221130994354887,0.3213029941141523,0.9974850283246588,Crescente
1504505,PA,2017,26897,Melgaço,169796000,35115055,7427,3.3,3.6,2.6,6.4,6312.82,4728.03,0.7839686132876856,0.78396861328768,0.7854445146534629,0.9739999999999999,0.7854445146534624,0.783968613287686,0.9981209349123427,Crescente
1504604,PA,2017,30277,Mocajuba,306536000,33690902,6582,3.9,3.3,1.8,6.4,10124.38,5118.64,0.5187098854373743,0.5187098854373724,0.5383858725598244,0.9819999999999972,0.518709885437374,0.5383858725598241,0.9634537454913181,Crescente
1504703,PA,2017,79825,Moju,892534000,86776389,16479,4.8,3.8,1.9,4.9,11181.13,5265.88,0.5205313149722075,0.5205313149721931,0.5218557829442388,0.9809999999999849,0.520531314972207,0.5218557829442396,0.9974620038422132,Crescente
1504752,PA,2017,15646,Mojuí dos Campos,155209000,17682754,4152,5.0,4.2,0.3,2.1,9920.04,4258.85,0.618808915189652,0.6188089151896504,0.890476573858104,0.997,0.6188089151896516,0.8904765738581041,0.6949188034319455,Crescente
1504802,PA,2017,56466,Monte Alegre,690213000,56367635,12484,4.4,3.7,2.3,7.3,12223.52,4515.19,0.4753664854376326,0.47536648543763654,0.4759350155191301,0.9769999999999964,0.47536648543763244,0.47593501551913026,0.9988054459895594,Crescente
1504950,PA,2017,20789,Nova Esperança do Piriá,215609000,21273582,4661,3.5,2.6,2.4,10.4,10371.3,4564.17,0.508441620546001,0.5084416205459965,0.5117761060453424,0.9759999999999943,0.5084416205460001,0.511776106045343,0.9934844838202626,Crescente
1504976,PA,2017,16221,Nova Ipixuna,136995000,15126681,2628,4.0,3.5,2.7,4.7,8445.53,5755.97,0.5973723978541432,0.5973723978541435,0.5978271908995146,0.9729999999999935,0.5978271908995144,0.5973723978541431,0.9992392566743458,Crescente
1505007,PA,2017,14942,Nova Timboteua,122891000,10004427,1923,4.1,3.6,2.8,5.8,8224.53,5202.51,0.626559418165618,0.6265594181656188,0.6278196251871491,0.9719999999999992,0.6278196251871492,0.6265594181656179,0.9979927243893413,Crescente
1505031,PA,2017,25071,Novo Progresso,608458000,27059268,4812,5.0,3.6,1.8,9.8,24269.39,5623.29,0.29150211678159504,0.29150211678162224,0.3221727858239786,0.9820000000000007,0.2915021167815963,0.32217278582397907,0.9048005592280512,Crescente
1505064,PA,2017,73802,Novo Repartimento,839946000,70262386,13987,4.2,3.4,2.8,10.1,11381.07,5023.41,0.48107322743110253,0.4810732274311002,0.48212964745147285,0.972000000000003,0.48212964745147274,0.48107322743110253,0.9978088465914624,Crescente
1505106,PA,2017,50727,Óbidos,624557000,50198551,10974,4.8,3.6,1.3,4.4,12312.12,4574.32,0.4961784573091414,0.4961784573091527,0.5731977673069668,0.9870000000000042,0.4961784573091407,0.5731977673069671,0.8656322226102131,Crescente
1505205,PA,2017,31619,Oeiras do Pará,431765000,36806997,8556,3.5,3.1,2.6,8.9,13655.24,4301.89,0.40807070772533416,0.408070707725335,0.40984687211467513,0.9739999999999989,0.408070707725334,0.4098468721146727,0.9956662731615431,Crescente
1505304,PA,2017,71078,Oriximiná,1701190000,77158986,13442,4.8,4.1,1.2,4.1,23934.13,5740.14,0.2816857361932119,0.2816857361931975,0.3832166817331643,0.9879999999999989,0.2816857361931982,0.38321668173316326,0.7350560391036189,Crescente
1505437,PA,2017,31921,Ourilândia do Norte,540548000,30651436,5715,4.8,3.7,2.2,8.9,16933.93,5363.33,0.37065773750131964,0.3706577375013206,0.3728979745077544,0.9780000000000016,0.3706577375013195,0.3728979745077545,0.9939923594130754,Crescente
1505486,PA,2017,46383,Pacajá,580576000,37103917,8366,4.0,3.6,3.8,10.2,12517.0,4435.08,0.4473294440226695,0.44732944402267055,0.4504304810908344,0.962000000000001,0.4504304810908334,0.4473294440226695,0.9931153925004034,Crescente
1505494,PA,2017,7386,Palestina do Pará,66032000,7496440,1390,3.6,2.9,1.5,4.1,8940.16,5393.12,0.5753966336658433,0.5753966336658436,0.5980870681807515,0.9849999999999938,0.5753966336658433,0.598087068180752,0.9620616533577168,Crescente
1505502,PA,2017,110026,Paragominas,2950442000,115877449,19216,5.7,4.1,1.2,4.0,26815.86,6030.26,0.3027786349399586,0.3027786349402487,0.36520665753567627,0.9880000000000032,0.30277863493995505,0.3652066575356769,0.829061104699004,Crescente
1505536,PA,2017,202356,Parauapebas,18439322000,285867714,36769,5.7,4.6,0.9,3.1,91123.18,7774.69,0.10786334076487902,0.10786334076487492,0.24842313418835354,0.9909999999999985,0.10786334076487956,0.24842313418835368,0.4341920132248932,Crescente
1505601,PA,2017,7860,Peixe-Boi,52915000,7419016,1364,4.7,3.5,1.0,4.5,6732.19,5439.16,0.7501168178741342,0.7501168178741323,0.7692398878885739,0.9899999999999962,0.7501168178741358,0.7692398878885726,0.9751403036744115,Crescente
1505635,PA,2017,12632,Piçarra,200788000,15170063,2489,4.4,3.5,1.5,6.0,15895.19,6094.84,0.3646519339164756,0.3646519339164747,0.40495243732802866,0.9850000000000296,0.3646519339164757,0.4049524373280289,0.9004808967752725,Crescente
1505650,PA,2017,30109,Placas,255862000,21369593,3678,4.1,3.6,0.2,0.7,8497.86,5810.11,0.6150604340146829,0.6150604340146947,0.7811720130879076,0.9980000000000155,0.6150604340146825,0.7811720130879074,0.7873559519668408,Crescente
1505700,PA,2017,30219,Ponta de Pedras,212571000,21574312,4362,4.2,3.4,2.3,8.8,7034.35,4945.97,0.6990624365560382,0.6990624365560376,0.6997831535283728,0.9770000000000001,0.6997831535283732,0.6990624365560382,0.9989700852775596,Crescente
1505809,PA,2017,60322,Portel,648015000,78842167,16195,3.3,3.2,7.9,15.9,10742.6,4868.3,0.46371329990990845,0.4637132999099094,0.4876249732627391,0.9210000000000002,0.48762497326273774,0.46371329990990845,0.9509629845394593,Crescente
1505908,PA,2017,39991,Porto de Moz,295945000,53847139,12353,3.7,3.2,5.3,10.1,7400.29,4359.03,0.6615360856820068,0.6615360856820077,0.6706082497746182,0.9472897699753935,0.670608249774618,0.6615360856820068,0.9864717380144662,Crescente
1506005,PA,2017,29067,Prainha,302521000,38547798,8125,3.5,3.5,6.2,12.0,10407.71,4744.34,0.5034751128577846,0.5034751128577831,0.5141255122422097,0.9379999999999996,0.5141255122422101,0.5034751128577846,0.9792844371056856,Crescente
1506138,PA,2017,82464,Redenção,1700741000,57507476,11306,4.8,3.9,0.9,5.4,20624.04,5086.46,0.3245634792214527,0.32456347922145157,0.44123855560892267,0.9910000000000024,0.3245634792214509,0.44123855560892195,0.7355737051888976,Crescente
1506161,PA,2017,17705,Rio Maria,476846000,13863508,2688,4.8,4.0,1.7,4.4,26932.84,5157.56,0.26249802167769326,0.2624980216778152,0.3438547691974803,0.9830000000000598,0.2624980216776934,0.34385476919748037,0.7633979377117123,Crescente
1506187,PA,2017,50925,Rondon do Pará,520484000,34657152,6399,4.9,3.4,1.5,5.9,10220.6,5416.03,0.5610288027936009,0.5610288027936339,0.5746445227034787,0.9850000000000153,0.5610288027936006,0.5746445227034783,0.9763058388761436,Crescente
1506195,PA,2017,49093,Rurópolis,359162000,24279095,4716,4.8,4.1,2.2,6.6,7315.95,5148.24,0.7247567263105115,0.7247567263105151,0.7253733569686944,0.9779999999999995,0.7253733569686943,0.7247567263105116,0.9991499127280331,Crescente
1506203,PA,2017,39569,Salinópolis,425035000,22823087,4266,4.1,3.6,1.5,5.2,10741.62,5350.0,0.5050394115133595,0.5050394115133554,0.5355100117219552,0.9850000000000048,0.5050394115133595,0.5355100117219563,0.9430998495982994,Crescente
1506302,PA,2017,23096,Salvaterra,165814000,22858949,4160,4.2,3.7,2.9,7.3,7179.34,5494.94,0.6903186503815212,0.6903186503815217,0.6919715389949637,0.9710000000000002,0.6919715389949633,0.6903186503815211,0.9976113343970141,Crescente
1506401,PA,2017,9845,Santa Cruz do Arari,68177000,5258034,984,3.4,4.0,5.0,9.0,6925.04,5343.53,0.7297500799883553,0.7297500799883504,0.7376263608522061,0.9500000000000003,0.7376263608522061,0.7297500799883553,0.9893221266458657,Crescente
1506500,PA,2017,68836,Santa Isabel do Pará,718745000,49281307,9372,4.1,3.4,2.4,6.5,10441.41,5258.36,0.5080368003009293,0.5080368003009296,0.5084984317617772,0.9760000000000041,0.508498431761777,0.5080368003009293,0.9990921673853576,Crescente
1506559,PA,2017,19316,Santa Luzia do Pará,164124000,19877126,4000,3.8,3.1,4.1,3.8,8496.79,4969.28,0.6115736790432867,0.6115736790432974,0.6429117731934473,0.9622405988679434,0.6115736790432872,0.642911773193446,0.9512559958351686,Crescente
1506708,PA,2017,70764,Santana do Araguaia,803619000,41905897,6319,3.9,2.8,7.4,12.2,11356.33,6631.73,0.4280314008323122,0.4280314008323167,0.43759916252994124,0.9259999999999907,0.4375991625299414,0.4280314008323122,0.978135786087172,Crescente
1506807,PA,2017,296302,Santarém,4835996000,244216163,47057,5.5,4.5,0.2,0.6,16321.17,5189.79,0.43997850712554176,0.43997850712548037,0.7270060090004575,0.9979999999999963,0.43997850712554176,0.7270060090004569,0.6051923941185263,Crescente
1507003,PA,2017,30611,Santo Antônio do Tauá,344070000,24611753,4759,3.9,3.0,2.6,8.2,11240.08,5171.62,0.4686644742161761,0.4686644742161869,0.4691918012951747,0.9740000000000003,0.4691918012951751,0.46866447421617613,0.9988760948559993,Crescente
1507151,PA,2017,24859,São Domingos do Araguaia,272450000,23162223,4071,3.9,3.0,2.3,5.9,10959.81,5689.57,0.4770922841089765,0.4770922841089738,0.4776237701715186,0.976999999999999,0.47762377017151886,0.4770922841089765,0.9988872286185606,Crescente
1507201,PA,2017,31123,São Domingos do Capim,309229000,34191654,6795,3.5,3.3,3.2,6.5,9935.71,5031.88,0.5248232314064869,0.5248232314064892,0.5273236674150786,0.9679999999999995,0.5273236674150787,0.5248232314064871,0.9952582518800099,Crescente
1507300,PA,2017,124806,São Félix do Xingu,1392878000,66888400,11654,4.0,3.0,5.7,10.5,11160.34,5739.52,0.458178494917377,0.4581784949173924,0.46456377072476956,0.942999999999956,0.4645637707247697,0.458178494917377,0.9862553298174095,Crescente
1507409,PA,2017,15454,São Francisco do Pará,204146000,14597644,2489,4.4,3.2,2.5,6.4,13209.91,5864.86,0.42544203549143045,0.42544203549144116,0.42580839743866333,0.9749999999999973,0.4258083974386632,0.42544203549143045,0.9991396084496298,Crescente
1507458,PA,2017,24188,São Geraldo do Araguaia,441677000,23007137,4379,4.4,3.6,2.3,6.3,18260.17,5253.97,0.33100980864639,0.3310098086463892,0.3348357382539589,0.976999999999999,0.33100980864639007,0.3348357382539597,0.9885737119116387,Crescente
1507474,PA,2017,22415,São João de Pirabas,158977000,21846699,4342,3.9,3.6,0.8,4.1,7092.44,5031.48,0.7163375970082717,0.7163375970082753,0.7775962822155832,0.9919999999999972,0.7163375970082718,0.7775962822155829,0.9212204499836742,Crescente
1507508,PA,2017,13616,São João do Araguaia,116992000,12711376,2810,3.7,2.5,3.2,11.3,8592.24,4523.62,0.5861604535117043,0.5861604535116569,0.5910571718125275,0.9680000000000003,0.5910571718125278,0.5861604535117043,0.991715322079915,Crescente
1507607,PA,2017,57364,São Miguel do Guamá,668061000,52589980,10233,4.4,3.3,1.6,5.7,11646.0,5139.25,0.4853359551233049,0.4853359551232986,0.508225984386328,0.9840000000000023,0.48533595512330413,0.5082259843863279,0.954960922962917,Crescente
1507706,PA,2017,25904,São Sebastião da Boa Vista,206893000,29790501,5765,4.1,3.7,0.7,3.8,7986.91,5167.48,0.6574554960632092,0.6574554960632082,0.7403482470610152,0.9929999999999972,0.657455496063209,0.7403482470610148,0.888035459897598,Crescente
1507805,PA,2017,11357,Senador José Porfírio,126968000,18283900,3876,4.4,4.2,10.2,4.7,11179.71,4717.21,0.5326335802713923,0.5326335802714234,0.5470517479121169,0.9532905814725328,0.5326335802714021,0.5470517479121106,0.9736438688007979,Crescente
1507904,PA,2017,24682,Soure,175016000,14930530,3281,4.0,3.6,2.1,4.8,7090.84,4550.6,0.728649779496139,0.7286497794961088,0.7291590157793278,0.978999999999998,0.7291590157793276,0.7286497794961386,0.9993016114836836,Crescente
1507953,PA,2017,103321,Tailândia,846793000,68071591,14018,4.4,3.4,2.4,6.3,8195.75,4856.01,0.6444143971563263,0.644414397156329,0.6453446752119916,0.9759999999999992,0.6453446752119915,0.6444143971563264,0.998558478761199,Crescente
1507979,PA,2017,18257,Terra Santa,527426000,17286047,3153,5.6,4.1,0.5,4.8,28888.97,5482.41,0.2860128310566322,0.2860128310566266,0.4349457780836329,0.9949999999999948,0.286012831056633,0.4349457780836329,0.6575827274765194,Decrescente
1508001,PA,2017,61709,Tomé-Açu,639412000,71861498,14411,4.6,3.9,2.4,6.9,10361.73,4986.57,0.5446191600817021,0.5446191600817023,0.5452067184814657,0.9760000000000003,0.5452067184814658,0.5446191600817021,0.9989223199570978,Crescente
1508035,PA,2017,30108,Tracuateua,248331000,31867329,6075,3.8,3.1,2.2,5.6,8248.01,5245.65,0.6081772835554513,0.6081772835552587,0.6091833862605408,0.9779999999999271,0.6091833862605407,0.6081772835554513,0.9983484403419709,Crescente
1508050,PA,2017,18469,Trairão,329448000,15612166,2750,4.7,3.7,2.6,8.4,17837.89,5677.15,0.34567781091387884,0.345677810913879,0.34606245526259516,0.9739999999999994,0.34606245526259516,0.34567781091387884,0.9988885117617731,Crescente
1508084,PA,2017,38508,Tucumã,757450000,30700896,5763,4.5,4.0,2.6,8.4,19669.94,5327.24,0.3175739131136423,0.3175739131136422,0.32324286740033203,0.973999999999998,0.3175739131136425,0.32324286740033176,0.9824622447750136,Crescente
1508100,PA,2017,110516,Tucuruí,6461838000,101566737,17148,4.6,3.6,1.0,4.5,58469.71,5922.95,0.12760305608893252,0.1276030560889334,0.2264585244531831,0.9900000000000093,0.12760305608893235,0.22645852445318304,0.5634720812433472,Crescente
1508126,PA,2017,57525,Ulianópolis,1245238000,29071163,4857,6.0,4.8,0.0,1.2,21646.9,5985.42,0.3757060446611098,0.3757060446611021,0.6353069520563326,1.0,0.37570604466110963,0.6353069520563328,0.591377197187976,Crescente
1508159,PA,2017,44258,Uruará,511969000,34798834,8371,4.4,3.6,3.2,6.3,11567.83,4157.07,0.5035953976015816,0.5035953976015827,0.5047182996904976,0.9679999999999999,0.5047182996904978,0.5035953976015816,0.9977751904585099,Crescente
1508308,PA,2017,59735,Viseu,613446000,77582458,13935,3.7,3.2,2.2,6.5,10269.46,5567.45,0.5030963512730808,0.5030963512730794,0.5034139189895179,0.9780000000000028,0.5034139189895179,0.5030963512730809,0.9993691717601402,Crescente
1508357,PA,2017,14719,Vitória do Xingu,3088937000,38491700,3626,4.9,4.2,1.3,3.4,209860.52,10615.47,0.047401211372421474,0.047401211372420746,0.11489448522194141,0.9870000000000023,0.04740121137242222,0.11489448522194086,0.4125629814247104,Crescente
1508407,PA,2017,43530,Xinguara,1218114000,36746272,6928,4.4,3.6,1.8,8.2,27983.32,5304.02,0.23205251576456815,0.23205251576457042,0.2789459354551828,0.9820000000000015,0.23205251576456815,0.27894593545518276,0.8318906507309591,Crescente
1600279,AP,2017,47554,Laranjal do Jari,850713000,29659654,4033,4.3,3.3,1.9,0.9,17889.41,7354.24,0.3245302421100657,0.32453024211006304,0.5193321813476011,0.9909999999999963,0.3245302421100657,0.5193321813476007,0.6248991565821146,Crescente
1600501,AP,2017,25514,Oiapoque,394531000,16669684,2690,3.8,2.8,3.8,3.3,15463.31,6196.91,0.36327357015233025,0.36327357015232753,0.4441960980246829,0.9669999999999991,0.36327357015233047,0.44419609802468196,0.8178225152534861,Crescente
1600535,AP,2017,20611,Porto Grande,332009000,15591012,2475,3.7,3.7,1.8,3.9,16108.34,6299.4,0.3563133862922733,0.356313386292273,0.3938351478406765,0.9820000000000054,0.3563133862922731,0.3938351478406767,0.9047272399273455,Crescente
1600808,AP,2017,14991,Vitória do Jari,184453000,14447560,1896,3.6,3.3,3.1,10.4,12304.25,7620.02,0.39823861263004673,0.39823861263004623,0.3989753678660635,0.96900000000002,0.3989753678660635,0.39823861263004673,0.9981533816487034,Crescente
1700350,TO,2017,5527,Aliança do Tocantins,116126000,3624356,439,6.0,5.5,0.0,0.0,21010.67,8255.94,0.3763461187387555,0.3763461187387551,0.6790630788362502,1.0,0.3763461187387559,0.6790630788362502,0.5542137843567077,Decrescente
1700707,TO,2017,8516,Alvorada,331677000,6492181,953,5.6,5.4,0.2,0.3,38947.51,6812.36,0.23115251412546806,0.2311525141254724,0.5232602316490247,0.998000000000001,0.23115251412546692,0.5232602316490237,0.4417544085034021,Crescente
1701101,TO,2017,4726,Aparecida do Rio Negro,91452000,4866013,752,5.7,5.0,0.0,0.0,19350.83,6470.76,0.38741633153952265,0.3874163315395292,0.7681296323769529,1.0,0.38741633153952215,0.7681296323769529,0.504363215803399,Decrescente
1702000,TO,2017,8692,Araguaçu,186488000,6624603,863,5.9,5.8,0.0,0.0,21455.13,7676.25,0.39747576871756884,0.39747576871753604,0.7699428910791958,1.0,0.397475768717568,0.7699428910791956,0.5162405852730768,Crescente
1702901,TO,2017,9776,Axixá do Tocantins,103842000,14971123,2128,4.3,3.7,0.8,2.6,10622.14,7035.3,0.4951130070494926,0.4951130070494779,0.547969464217544,0.9920000000000063,0.495113007049493,0.5479694642175438,0.9035412361097053,Crescente
1703206,TO,2017,4518,Bernardo Sayão,77636000,5130507,711,4.9,4.4,0.3,2.2,17183.71,7215.9,0.36196205078741606,0.36196205078741567,0.528549988858349,0.9969999999999996,0.3619620507874159,0.5285499888583496,0.6848208464997653,Crescente
1703701,TO,2017,5499,Brejinho de Nazaré,154449000,4762083,560,5.1,4.4,0.3,0.0,28086.74,8503.72,0.24221735106350972,0.24221735106352651,0.5450861505317527,1.0,0.2422173510635095,0.5450861505317527,0.44436526377934443,Decrescente
1703867,TO,2017,4296,Cariri do Tocantins,345108000,4871122,513,4.8,4.6,0.6,0.5,80332.4,9495.36,0.09960221366895172,0.09960221366894328,0.24553699970705756,0.9950000000000025,0.09960221366895104,0.24553699970705758,0.4056505283838443,Crescente
1703891,TO,2017,4055,Carrasco Bonito,37415000,3823369,578,3.7,3.8,1.0,7.8,9226.88,6614.83,0.552678402982377,0.5526784029823738,0.589986738981367,0.9900000000000001,0.5526784029823769,0.589986738981367,0.9367641108961124,Decrescente
1705508,TO,2017,34839,Colinas do Tocantins,688212000,23940888,2788,5.3,3.8,0.1,0.9,19754.07,8587.12,0.32193959640129144,0.32193959640130165,0.47911487442412776,0.9990000000000028,0.3219395964012912,0.4791148744241282,0.6719465697829707,Crescente
1706001,TO,2017,5529,Couto Magalhães,95824000,6558157,653,4.7,4.0,0.5,2.3,17331.16,10043.12,0.3227947617348386,0.3227947617348398,0.3936470446958461,0.9949999999999966,0.3227947617348388,0.39364704469584605,0.8200106315652593,Crescente
1707405,TO,2017,10793,Esperantina,85647000,11059998,1781,4.0,3.8,1.3,5.7,7935.42,6209.99,0.6342252011036452,0.6342252011036449,0.645488216160183,0.9870000000000014,0.6342252011036451,0.645488216160183,0.98255116859679,Decrescente
1708205,TO,2017,18684,Formoso do Araguaia,396153000,13532819,1829,5.2,4.6,0.0,1.0,21202.79,7399.03,0.3208175424963977,0.32081754249639977,0.5467856475887625,1.0,0.3208175424963984,0.5467856475887625,0.5867336568016223,Decrescente
1708254,TO,2017,2584,Fortaleza do Tabocão,151011000,3465516,457,5.3,4.0,0.0,0.0,58440.79,7583.19,0.14254210653123892,0.1425421065312413,0.6112546303072567,1.0,0.1425421065312394,0.6112546303072564,0.23319595380338942,Crescente
1709005,TO,2017,12973,Goiatins,150014000,11986861,1630,4.0,4.5,1.0,3.9,11563.56,7353.9,0.4949196134025513,0.4949196134025456,0.5335266855944201,0.9899999999999984,0.4949196134025546,0.5335266855944196,0.9276379734429678,Crescente
1709500,TO,2017,85523,Gurupi,2236415000,105214775,5078,5.1,4.4,0.3,0.5,26149.87,20719.73,0.20973145083725564,0.2097314508372376,0.2424520995482705,0.9970000000000055,0.20973145083725564,0.24245209954827046,0.8650428320811452,Crescente
1710706,TO,2017,5980,Itaguatins,59446000,5983776,942,4.1,3.7,1.0,1.6,9940.8,6352.2,0.5365157207829978,0.5365157207830026,0.6327996297255036,0.990000000000005,0.536515720782998,0.6327996297255036,0.8478445554965449,Decrescente
1711506,TO,2017,3821,Jaú do Tocantins,58414000,4927448,656,5.2,4.2,0.0,2.4,15287.62,7511.35,0.3979519794101532,0.397951979410152,0.585510385310591,1.0,0.3979519794101532,0.585510385310591,0.6796668161557115,Decrescente
1711902,TO,2017,12808,Lagoa da Confusão,527537000,9980829,1374,4.0,3.5,0.9,10.2,41188.09,7264.07,0.14917939913214265,0.1491793991321432,0.23922858751124285,0.9909999999999952,0.14917939913214226,0.23922858751124249,0.6235851688299241,Crescente
1712009,TO,2017,3092,Lajeado,64209000,7199597,559,4.8,5.0,0.3,3.3,20766.17,12879.42,0.3027227505740436,0.30272275057404424,0.35689993509585133,0.9970000000000004,0.3027227505740439,0.3568999350958512,0.8482006321820776,Crescente
1713700,TO,2017,2264,Monte Santo do Tocantins,36573000,3070215,398,5.3,4.0,0.0,0.6,16154.15,7714.11,0.3862218396674021,0.3862218396674096,0.5675139695714234,1.0,0.3862218396674018,0.5675139695714233,0.6805503659391328,Crescente
1716653,TO,2017,5453,Pequizeiro,75486000,6391859,749,5.8,5.0,0.2,0.7,13843.02,8533.86,0.45505912867289816,0.4550591286728744,0.5627827289287867,0.9979999999999988,0.45505912867289866,0.5627827289287867,0.8085875867922742,Decrescente
1718303,TO,2017,8365,Praia Norte,68762000,8075012,1333,4.0,4.0,0.2,4.8,8220.2,6057.77,0.638466815985138,0.6384668159851403,0.752126095351667,0.9979999999999988,0.6384668159851378,0.7521260953516669,0.8488826806183529,Crescente
1718550,TO,2017,4601,Riachinho,45192000,5405658,902,4.7,3.5,1.6,6.4,9822.21,5992.97,0.5519914645429614,0.5519914645429694,0.5556377403978272,0.9840000000000001,0.551991464542961,0.5556377403978273,0.9934376742439146,Crescente
1720200,TO,2017,11906,São Miguel do Tocantins,102465000,9985657,1502,4.0,3.2,1.0,3.2,8606.16,6648.24,0.5670279517372593,0.5670279517372576,0.6013801392073901,0.9899999999999826,0.5670279517372593,0.6013801392073895,0.942877748647625,Crescente
1720499,TO,2017,4111,São Valério,137087000,3935096,433,5.6,5.2,0.0,0.0,33346.39,9087.98,0.2426372228153621,0.24263722281537087,0.5602331755502014,1.0,0.24263722281538913,0.5602331755502009,0.4331004185481691,Crescente
1720804,TO,2017,9192,Sítio Novo do Tocantins,89596000,10313031,1236,4.6,4.4,1.2,5.2,9747.17,8343.88,0.5384571325879921,0.5384571325879889,0.5435568217407051,0.9880000000000009,0.5384571325879918,0.5435568217407056,0.9906179281562845,Crescente
1720978,TO,2017,2777,Talismã,83396000,4231018,511,5.0,4.9,0.0,1.0,30030.97,8279.88,0.25333041268483225,0.2533304126848397,0.46540173238246235,1.0,0.25333041268483136,0.46540173238246274,0.5443263208067475,Crescente
1721000,TO,2017,286787,Palmas,8503493000,237630029,25076,6.6,5.8,0.0,0.1,29650.9,9476.39,0.2961969149014672,0.29619691490146655,0.5589007079392646,1.0,0.2961969149014667,0.5589007079392644,0.5299633918761376,Crescente
1722107,TO,2017,11683,Xambioá,341493000,9003412,1037,4.7,3.6,0.1,7.3,29229.91,8682.17,0.21547075570139174,0.21547075570139274,0.38925287438037803,0.9990000000000014,0.21547075570139163,0.38925287438037814,0.5535495557852546,Crescente
2100055,MA,2017,111339,Açailândia,2202738000,91122942,17232,5.0,4.1,0.5,3.3,19784.06,5288.01,0.3455859296830432,0.34558592968304036,0.541450665076463,0.9949999999999941,0.345585929683043,0.5414506650764633,0.6382593133101794,Crescente
2100105,MA,2017,6486,Afonso Cunha,44851000,10253847,1850,4.4,3.0,0.8,8.3,6915.05,5542.62,0.7038047368340338,0.7038047368340121,0.7549004174172911,0.991999999999998,0.7038047368340334,0.7549004174172911,0.9323146743539117,Decrescente
2100154,MA,2017,12457,Água Doce do Maranhão,73174000,12783684,2268,4.3,3.2,0.9,2.2,5874.13,5636.54,0.7874569933615765,0.7874569933615716,0.8406166592759533,0.9910000000000015,0.7874569933615767,0.8406166592759532,0.9367611082557361,Crescente
2100303,MA,2017,26387,Aldeias Altas,174110000,33314068,5580,4.1,3.2,2.0,6.4,6598.32,5970.26,0.6892985188920673,0.6892985188920702,0.6908309201291978,0.9799999999999974,0.6908309201291979,0.6892985188920672,0.9977817998695775,Crescente
2100436,MA,2017,26872,Alto Alegre do Maranhão,219945000,21527167,4554,4.3,3.3,1.1,4.8,8184.91,4727.09,0.6474132617327224,0.6474132617327574,0.702178992525531,0.9890000000000304,0.6474132617327227,0.702178992525531,0.9220060249939516,Decrescente
2100477,MA,2017,31312,Alto Alegre do Pindaré,181816000,31608153,5858,5.5,4.7,0.1,0.7,5806.59,5395.72,0.9305135691296855,0.9305135691296481,1.0,1.0,0.9305135691296855,1.0,0.9305135691296855,Decrescente
2100501,MA,2017,11001,Alto Parnaíba,287616000,9121606,2034,5.2,3.8,1.1,5.5,26144.53,4484.57,0.2990308722133169,0.2990308722133451,0.39276516035572234,0.989000000000003,0.29903087221331387,0.3927651603557224,0.7613477527958145,Crescente
2100550,MA,2017,6895,Amapá do Maranhão,49035000,8641648,1481,3.8,3.6,2.0,5.1,7111.68,5835.01,0.6847814970476264,0.6847814970476267,0.6855239744870327,0.97999999999999,0.6855239744870333,0.6847814970476259,0.9989169198058143,Crescente
2100600,MA,2017,41106,Amarante do Maranhão,273621000,30566723,6967,4.4,3.6,3.8,9.5,6656.47,4387.36,0.7630143640209105,0.7630143640209139,0.7686179737973796,0.9630225716632435,0.7686179737973795,0.7630143640209105,0.9927094994294964,Crescente
2100709,MA,2017,27352,Anajatuba,176950000,20394616,4145,4.4,3.9,0.0,0.1,6469.36,4920.29,0.8160832509053383,0.8160832509053382,1.0,1.0,0.8160832509053382,1.0,0.8160832509053383,Decrescente
2100808,MA,2017,15696,Anapurus,135894000,17020391,3049,3.8,3.4,1.7,5.1,8657.87,5582.29,0.5826964374917114,0.5826964374916952,0.5846773610453864,0.9830000000000055,0.5826964374917116,0.5846773610453854,0.9966119373082393,Crescente
2100832,MA,2017,18374,Apicum-Açu,104064000,16340291,3286,4.6,3.6,0.9,4.3,5663.66,4972.7,0.8606007842178532,0.8606007842178532,0.8852999156228035,0.9910000000000002,0.8606007842178539,0.8852999156228037,0.972100831628822,Crescente
2100873,MA,2017,15332,Araguanã,77795000,14585285,1625,4.3,3.0,1.6,5.0,5074.03,8975.56,0.7375493015139869,0.737549301514005,0.824241468850722,0.9839999999999991,0.7375493015139815,0.8242414688507222,0.8948218809499915,Crescente
2100907,MA,2017,46074,Araioses,269138000,41450652,7344,4.0,3.6,1.5,7.0,5841.43,5644.15,0.7915182349751944,0.7915182349751928,0.7916210059969764,0.9850000000000503,0.7916210059969767,0.7915182349751942,0.9998701764847023,Crescente
2100956,MA,2017,32145,Arame,211969000,25427230,5035,3.9,2.9,2.9,12.6,6594.15,5050.1,0.6968269040103151,0.6968269040103212,0.7003599861741788,0.9709999999999986,0.7003599861741789,0.6968269040103151,0.9949553340658942,Crescente
2101004,MA,2017,29388,Arari,229583000,27675836,4946,5.2,4.5,0.4,2.9,7812.13,5595.6,0.7169742586731488,0.716974258673148,0.8172043378494386,0.9960000000000007,0.7169742586731485,0.8172043378494387,0.8773500402114164,Crescente
2101103,MA,2017,11975,Axixá,68771000,9876689,2035,4.9,3.7,1.1,2.8,5742.88,4853.41,0.8898093999782669,0.8898093999782672,0.9151041468544532,0.9889999999999995,0.8898093999782668,0.9151041468544534,0.9723586140843821,Crescente
2101202,MA,2017,103359,Bacabal,1133533000,70747852,13592,5.1,4.1,0.9,3.3,10966.95,5205.11,0.5508090089017815,0.5508090089017692,0.6436806216495696,0.9909999999999985,0.5508090089017817,0.6436806216495694,0.8557178674887171,Crescente
2101251,MA,2017,17053,Bacabeira,339375000,19284467,3189,4.8,4.0,0.2,1.5,19901.19,6047.18,0.32200195826278305,0.3220019582627815,0.5669932655003335,0.9980000000000079,0.32200195826278377,0.5669932655003334,0.5679114336193005,Crescente
2101301,MA,2017,17435,Bacuri,96548000,14826671,2921,4.4,3.5,1.0,4.7,5537.6,5075.89,0.8490582353477687,0.849058235347769,0.8674200116085544,0.9900000000000055,0.849058235347768,0.8674200116085542,0.978831735474104,Crescente
2101350,MA,2017,5574,Bacurituba,35101000,5939009,1041,4.7,3.8,0.6,2.9,6297.27,5705.1,0.7788885152337716,0.7788885152337715,0.817872379332103,0.9940000000000024,0.778888515233771,0.8178723793321035,0.9523350279536683,Crescente
2101400,MA,2017,94779,Balsas,3045948000,76242560,13992,4.6,3.9,0.8,3.3,32137.37,5449.01,0.21564261697320952,0.21564261697320766,0.38280934466850086,0.9920000000000385,0.21564261697321818,0.3828093446685004,0.5633159691019254,Crescente
2101509,MA,2017,18619,Barão de Grajaú,210046000,13699764,2384,5.1,3.7,1.3,3.8,11281.27,5746.55,0.5257464987956487,0.525746498795653,0.5500532595746708,0.9870000000000003,0.525746498795649,0.5500532595746704,0.9558101686410926,Crescente
2101608,MA,2017,87135,Barra do Corda,649249000,69978975,13494,4.6,3.8,1.8,6.1,7451.07,5185.93,0.6960056611770271,0.6960056611770318,0.6961132865824552,0.9819999999999979,0.6961132865824553,0.6960056611770272,0.9998453909622147,Crescente
2101707,MA,2017,62458,Barreirinhas,457836000,59633543,13257,4.6,3.9,0.7,3.4,7330.3,4498.27,0.741478989754695,0.7414789897547146,0.849705059021355,0.9934111359880509,0.7414789897546955,0.849705059021355,0.8726310169421505,Decrescente
2101731,MA,2017,7422,Belágua,47588000,11840095,2201,3.7,3.1,1.9,4.5,6411.75,5379.42,0.7340000751529592,0.7340000751530115,0.7355406206693699,0.9809999999999983,0.73554062066937,0.7340000751529593,0.9979055602462733,Crescente
2101806,MA,2017,5528,Benedito Leite,39728000,4378476,788,4.1,4.4,1.7,4.6,7186.69,5556.44,0.7507013212724324,0.750701321272431,0.7510342270154139,0.9830000000000019,0.7510342270154143,0.7507013212724326,0.9995567369222246,Crescente
2101905,MA,2017,20881,Bequimão,119026000,18142951,3248,4.8,3.8,0.7,2.4,5700.21,5585.88,0.8466920733232122,0.8466920733232157,0.8737066482342458,0.9929999999999648,0.846692073323212,0.873706648234246,0.9690804974808994,Crescente
2101939,MA,2017,5973,Bernardo do Mearim,49165000,4555103,830,4.5,4.0,1.6,7.1,8231.21,5488.08,0.6446548137624296,0.6446548137624285,0.654090930929318,0.9840000000000003,0.6446548137624291,0.6540909309293185,0.9855736920958653,Crescente
2101970,MA,2017,9320,Boa Vista do Gurupi,61457000,7913074,1681,4.0,3.3,1.2,6.8,6594.1,4707.36,0.7374471869510367,0.737447186951026,0.7892929390142261,0.9880000000000004,0.7374471869510367,0.7892929390142261,0.9343136755689956,Decrescente
2102002,MA,2017,41120,Bom Jardim,302628000,39431638,6828,4.4,3.5,1.7,3.6,7359.63,5774.99,0.6724368801753267,0.6724368801753264,0.6815763260380996,0.9830000000000001,0.6724368801753262,0.6815763260380996,0.9865907228381902,Decrescente
2102036,MA,2017,34278,Bom Jesus das Selvas,261959000,32379729,6239,4.1,3.2,2.2,7.6,7642.19,5189.89,0.644651143789144,0.6446511437891443,0.6452407685561937,0.9780000000000014,0.6452407685561932,0.6446511437891439,0.9990861941839647,Crescente
2102077,MA,2017,16214,Bom Lugar,85887000,11708671,2089,4.5,3.5,0.6,7.1,5297.09,5604.92,0.8495387693462991,0.8495387693462944,0.885551949607256,0.9940000000000001,0.8495387693462988,0.8855519496072569,0.95933250412138,Crescente
2102101,MA,2017,36102,Brejo,274024000,33177699,6023,3.8,3.0,1.1,6.1,7590.27,5508.5,0.6409662148017776,0.6409662148017787,0.6903451043231147,0.9890000000000067,0.6409662148017775,0.6903451043231141,0.9284721667291996,Crescente
2102200,MA,2017,28306,Buriti,187543000,37586564,6291,4.2,3.2,1.2,5.5,6625.56,5974.66,0.6967222217284125,0.6967222217284026,0.7059689894089413,0.9879999999999761,0.6967222217284122,0.7059689894089419,0.986902020033103,Crescente
2102309,MA,2017,23495,Buriti Bravo,153791000,21130168,4008,5.3,3.8,0.2,0.9,6545.69,5272.0,0.8317299413022744,0.8317299413022825,0.9402505017473126,0.9979999999999992,0.8317299413022754,0.940250501747312,0.884583352794421,Crescente
2102325,MA,2017,71979,Buriticupu,496161000,62113360,12362,4.3,3.7,0.5,2.2,6893.14,5024.54,0.7481149224460566,0.7481149224460237,0.838847818402861,0.995000000000003,0.7481149224460569,0.8388478184028614,0.8918362854783876,Crescente
2102358,MA,2017,15180,Buritirana,89418000,13580063,2638,4.5,3.2,0.9,5.1,5890.51,5147.86,0.8186674451212425,0.8186674451212211,0.845106285035113,0.9910000000000007,0.8186674451212427,0.845106285035113,0.9687153670703419,Decrescente
2102374,MA,2017,8930,Cachoeira Grande,56990000,11198775,1931,4.2,2.1,1.1,3.2,6381.86,5799.47,0.7293252043913205,0.7293252043913202,0.7469190381142764,0.9890000000000002,0.7293252043913211,0.746919038114276,0.9764447914363322,Crescente
2102507,MA,2017,19110,Cajari,98950000,18846006,3599,3.9,3.4,5.0,9.8,5177.92,5236.46,0.8444571428795498,0.8444571428795589,0.8506534339623897,0.9499999999999984,0.8506534339623897,0.8444571428795498,0.9927158454483899,Crescente
2102556,MA,2017,14219,Campestre do Maranhão,173647000,14141058,2200,5.1,4.3,0.5,1.8,12212.32,6427.75,0.4872141392777935,0.48721413927779367,0.6151558637726001,0.9949999999999992,0.4872141392777931,0.6151558637726001,0.7920173861138682,Decrescente
2102606,MA,2017,19943,Cândido Mendes,121929000,18915980,3838,4.6,4.0,1.0,2.3,6113.87,4928.6,0.8486173099163398,0.848617309916341,0.8879109392516039,0.9899999999999995,0.8486173099163413,0.8879109392516045,0.9557459790185898,Crescente
2102705,MA,2017,21759,Cantanhede,120067000,18373336,3449,4.3,3.0,2.4,9.3,5518.04,5327.15,0.8156884959447384,0.8156884959447086,0.8176666673616927,0.9760000000000011,0.8176666673616927,0.8156884959447384,0.9975807116812806,Crescente
2102754,MA,2017,10713,Capinzal do Norte,131076000,13367614,2018,4.4,3.1,2.1,8.3,12235.23,6624.19,0.43959303743533734,0.4395930374353303,0.43984523851821566,0.9789999999999999,0.43959303743533734,0.43984523851821566,0.9994266140433213,Decrescente
2102804,MA,2017,23803,Carolina,308131000,16673243,3826,4.6,3.6,1.6,4.7,12945.05,4357.88,0.4685767880154092,0.4685767880154095,0.5270450999956368,0.9839999999999991,0.46857678801540903,0.5270450999956366,0.8890639302391549,Crescente
2102903,MA,2017,23576,Carutapera,155306000,22521049,4448,5.1,3.8,0.6,2.3,6587.46,5063.19,0.8165266744197169,0.8165266744197267,0.8668342289556209,0.9939999999999981,0.8165266744197167,0.8668342289556209,0.9419640424253718,Decrescente
2103000,MA,2017,162657,Caxias,1708947000,115647229,21257,4.9,3.7,1.5,5.1,10506.45,5440.43,0.548878743649393,0.5488787436493886,0.5632174231913274,0.9850000000000003,0.5488787436493929,0.5632174231913277,0.974541484422325,Crescente
2103109,MA,2017,10490,Cedral,63704000,8392509,1687,5.0,4.6,1.2,4.2,6072.83,4974.81,0.8954230264042942,0.8954230264042987,0.9039301158328226,0.9908876459252913,0.8954230264042942,0.9039301158328232,0.9905887753051678,Crescente
2103125,MA,2017,8615,Central do Maranhão,43714000,9520525,1644,4.5,3.6,2.7,2.8,5074.17,5791.07,0.8821679965889772,0.8821679965889812,0.884324449008338,0.9795506226024566,0.8821679965889768,0.8843244490083386,0.9975614691850044,Crescente
2103158,MA,2017,13555,Centro do Guilherme,71079000,13462429,2567,4.0,3.2,0.8,8.3,5243.75,5244.42,0.8353126774960079,0.8353126774960146,0.8942774936064991,0.9919999999999989,0.835312677496008,0.8942774936064992,0.9340642960020227,Crescente
2103174,MA,2017,21565,Centro Novo do Maranhão,140870000,21262727,3940,4.0,3.1,1.8,9.8,6532.34,5396.63,0.7020273209308532,0.7020273209308482,0.7058581683749586,0.9819999999999971,0.7020273209308535,0.7058581683749583,0.9945727801763279,Crescente
2103208,MA,2017,78965,Chapadinha,655648000,61948407,13849,4.2,3.5,1.1,5.1,8303.02,4473.13,0.6412308696053934,0.6412308696053932,0.7159275273683,0.9889999999999989,0.6412308696053938,0.7159275273683007,0.8956644982803129,Crescente
2103257,MA,2017,14539,Cidelândia,128191000,15398329,2770,4.5,3.6,1.3,6.9,8817.04,5558.96,0.5972870199750279,0.5972870199750266,0.6208674542392032,0.9869999999999932,0.5972870199750276,0.6208674542392033,0.9620201798255471,Crescente
2103307,MA,2017,120810,Codó,954063000,99688578,19514,4.4,3.6,2.2,5.3,7897.22,5108.57,0.6562030115471424,0.6562030115471426,0.6571018827966971,0.9779999999999991,0.6571018827966971,0.6562030115471424,0.9986320671526172,Crescente
2103406,MA,2017,48756,Coelho Neto,337821000,43961033,8508,4.0,3.1,0.7,2.7,6928.81,5167.02,0.7147366707766792,0.714736670776688,0.7917840677314478,0.9929999999999977,0.7147366707766794,0.7917840677314482,0.902691402751361,Crescente
2103505,MA,2017,40575,Colinas,321582000,28308356,5522,4.1,3.3,3.3,7.7,7925.62,5126.47,0.6271894546628961,0.6271894546628968,0.6299264387792175,0.9670000000000022,0.6299264387792176,0.6271894546628961,0.995655073437423,Crescente
2103554,MA,2017,16192,Conceição do Lago-Açu,97202000,18610321,3697,3.9,3.5,2.0,5.6,6003.09,5033.9,0.7960211386855242,0.7960211386854665,0.7968572742292678,0.9800000000000183,0.7968572742292676,0.7960211386855239,0.9989507085261256,Crescente
2103604,MA,2017,64403,Coroatá,397738000,49364364,10271,4.7,3.5,0.9,4.3,6175.77,4806.19,0.8275692929726804,0.8275692929726802,0.8598427464243378,0.9909999999999992,0.8275692929726822,0.8598427464243394,0.9624658653156444,Crescente
2103703,MA,2017,30706,Cururupu,215857000,26085026,5246,4.8,3.8,2.0,5.5,7029.8,4972.36,0.7501726685579004,0.7501726685578901,0.7509204450258266,0.9799999999999451,0.7509204450258266,0.7501726685579004,0.9990041868311358,Crescente
2103752,MA,2017,12659,Davinópolis,623860000,13218833,2369,4.5,3.4,1.0,8.0,49281.93,5579.92,0.14614591261408025,0.14614591261408505,0.22414952911045158,0.9900000000000005,0.1461459126140817,0.22414952911045194,0.6520018721166513,Crescente
2103802,MA,2017,22912,Dom Pedro,223561000,2852015,3261,4.8,3.8,1.8,5.8,9757.38,874.58,0.8327049354480971,0.8327049354480979,1.0,1.0,0.8327049354480596,1.0,0.8327049354480971,Decrescente
2103901,MA,2017,11208,Duque Bacelar,68642000,13608326,2489,5.1,3.6,0.6,4.3,6124.38,5467.39,0.8328603270630413,0.8328603270629792,0.8633507971660471,0.9939999999999997,0.8328603270630416,0.8633507971660468,0.9646835675566745,Crescente
2104008,MA,2017,16653,Esperantinópolis,124108000,16070807,3067,4.4,3.6,0.7,3.1,7452.59,5239.91,0.6874605896926816,0.687460589692677,0.7529109968784258,0.9929999999999991,0.6874605896926815,0.7529109968784257,0.9130701936123898,Crescente
2104057,MA,2017,42110,Estreito,793960000,35025413,5633,4.8,3.7,1.0,3.7,18854.43,6217.9,0.3319727638473432,0.3319727638473392,0.4269508735851623,0.9900000000000005,0.33197276384734303,0.4269508735851624,0.7775432359693388,Crescente
2104073,MA,2017,8372,Feira Nova do Maranhão,65115000,7669267,1467,4.5,3.8,0.5,2.6,7777.71,5227.86,0.6812166753706942,0.6812166753706912,0.7804571979318007,0.9950000000000001,0.6812166753706945,0.7804571979318005,0.8728430939914549,Crescente
2104081,MA,2017,10326,Fernando Falcão,54846000,10056420,1475,4.0,3.6,3.0,6.2,5311.45,6817.91,0.7961735288936973,0.7961735288937011,0.7979832952404652,0.9699999999999996,0.7979832952404653,0.7961735288936974,0.9977320748973542,Crescente
2104099,MA,2017,18997,Formosa da Serra Negra,131833000,16016974,3238,5.3,4.1,0.2,2.4,6939.67,4946.56,0.8070293730343908,0.8070293730343745,0.9179051859173499,0.9980000000000003,0.8070293730343902,0.91790518591735,0.8792077715824752,Crescente
2104107,MA,2017,12403,Fortaleza dos Nogueiras,141838000,13312381,2821,4.7,4.1,0.8,4.0,11435.78,4719.03,0.5195968841546287,0.519596884154628,0.6701970317201391,0.9920000000000018,0.5195968841546286,0.6701970317201393,0.7752897425120229,Crescente
2104206,MA,2017,15262,Fortuna,102699000,15564907,3136,4.8,2.8,2.2,9.0,6729.07,4963.3,0.7697040842882996,0.7697040842882861,0.7711480818079176,0.9780000000000012,0.7711480818079174,0.7697040842882996,0.9981274705161263,Crescente
2104305,MA,2017,11830,Godofredo Viana,75766000,9948117,1567,4.2,3.5,2.8,5.2,6404.56,6348.51,0.7120157665336312,0.7120157665336294,0.7143371678413262,0.9719999999999966,0.7143371678413264,0.7120157665336309,0.9967502722632926,Crescente
2104404,MA,2017,17586,Gonçalves Dias,114542000,14891601,2792,4.3,3.6,3.8,11.0,6513.25,5333.67,0.7267817089594035,0.7267817089594001,0.7328576661656301,0.9620000000000014,0.7328576661656301,0.7267817089594035,0.9917092261065966,Crescente
2104503,MA,2017,10700,Governador Archer,67241000,10528518,1929,4.6,3.6,2.2,8.5,6284.21,5458.02,0.7675917975219233,0.767591797521922,0.7688099820273828,0.9780000000000006,0.7688099820273828,0.7675917975219233,0.9984154933807609,Crescente
2104552,MA,2017,18316,Governador Edison Lobão,262396000,19194190,3500,4.5,3.3,2.0,4.3,14326.05,5484.05,0.41115373428343205,0.4111537342834268,0.43709642945252,0.9799999999999986,0.4111537342834322,0.43709642945251914,0.9406476616576755,Crescente
2104602,MA,2017,16582,Governador Eugênio Barros,95062000,17337975,2487,3.9,3.3,1.4,6.6,5732.84,6971.44,0.7263249910187601,0.7263249910187629,0.7267626280080534,0.9859999999999984,0.7267626280080536,0.7263249910187605,0.9993978267835638,Crescente
2104628,MA,2017,7708,Governador Luiz Rocha,50910000,6396641,1378,3.6,3.8,1.2,1.5,6604.83,4641.97,0.7993783971989671,0.799378397198965,0.9123090476530069,0.9897938966491941,0.7993783971989663,0.912309047653007,0.8762144793537194,Crescente
2104651,MA,2017,9921,Governador Newton Bello,60912000,10160901,1895,4.0,3.3,2.2,6.5,6139.7,5361.95,0.7493689224887542,0.7493689224887571,0.7504341692985301,0.9780000000000009,0.7504341692985299,0.7493689224887542,0.9985804926623055,Crescente
2104701,MA,2017,6134,Graça Aranha,42154000,5881912,1051,3.9,4.2,1.6,3.9,6872.19,5596.49,0.7614787471415685,0.7614787471415682,0.7617071615519955,0.9840000000000017,0.7617071615519952,0.761478747141569,0.9997001283144541,Crescente
2104800,MA,2017,69232,Grajaú,669769000,66933269,12911,4.2,3.5,2.9,6.9,9674.27,5184.2,0.5453846784540065,0.5453846784540078,0.5468095912913512,0.9710000000000037,0.546809591291351,0.5453846784540066,0.9973941334240689,Crescente
2104909,MA,2017,11728,Guimarães,81860000,10115388,1871,4.4,3.9,1.5,2.9,6979.88,5406.41,0.7404072502582243,0.7404072502582244,0.7633624223573949,0.9849999999999999,0.7404072502582245,0.7633624223573948,0.9699288680882652,Crescente
2105005,MA,2017,28509,Humberto de Campos,144749000,32628157,6886,4.3,3.4,1.2,3.9,5077.31,4738.33,0.9120373197678217,0.9120373197678326,0.9130158267667923,0.9925067149500881,0.9120373197678222,0.9130158267667919,0.9989282694009416,Crescente
2105104,MA,2017,26835,Icatu,133765000,27183172,5084,4.3,3.7,1.0,4.1,4984.72,5346.81,0.920656176314451,0.9206561763144375,0.9219664737371777,0.9908680309665361,0.9206561763144473,0.9219664737371767,0.998578801442296,Crescente
2105153,MA,2017,14147,Igarapé do Meio,159422000,23604795,2922,4.5,3.4,2.1,6.5,11268.96,8078.3,0.45090095064999763,0.4509009506500007,0.4513916937539636,0.978999999999999,0.45139169375396376,0.4509009506499976,0.9989128220329339,Crescente
2105203,MA,2017,11206,Igarapé Grande,81835000,8978307,1655,4.6,3.8,0.9,2.5,7302.78,5424.96,0.7091845471127173,0.7091845471127195,0.7600296597551428,0.9909999999999959,0.7091845471127171,0.760029659755143,0.9331011467910263,Crescente
2105302,MA,2017,254569,Imperatriz,6609422000,164033024,30456,5.2,4.3,0.5,2.1,25963.18,5385.9,0.2902770478071581,0.2902770478071605,0.5041180411099685,0.994999999999999,0.29027704780715796,0.5041180411099689,0.5758116634112623,Crescente
2105351,MA,2017,16009,Itaipava do Grajaú,78569000,13491213,2430,3.8,3.3,1.9,7.0,4907.8,5551.94,0.8666493758261998,0.8666493758262067,0.8678602725696729,0.9809999999999997,0.8678602725696739,0.866649375826199,0.9986047330638979,Crescente
2105401,MA,2017,67726,Itapecuru Mirim,594081000,55596162,11192,4.1,3.5,1.4,2.6,8771.83,4967.49,0.6061780160137198,0.6061780160137208,0.6958945169365761,0.9860000000000019,0.60617801601372,0.6958945169365762,0.8710774424293487,Crescente
2105427,MA,2017,25589,Itinga do Maranhão,283493000,25704301,3817,4.7,3.8,0.8,4.1,11078.71,6734.16,0.49366271295022873,0.49366271295022446,0.5484676628637819,0.9919999999999984,0.493662712950229,0.548467662863782,0.9000762421846471,Crescente
2105450,MA,2017,10221,Jatobá,59925000,8645698,1601,4.6,2.8,2.0,11.4,5862.93,5400.19,0.8051991018265567,0.8051991018265567,0.8063299744242128,0.9800000000000002,0.8063299744242131,0.8051991018265567,0.9985975064383987,Crescente
2105476,MA,2017,16321,Jenipapo dos Vieiras,89203000,16620281,2181,4.0,4.1,3.2,4.7,5465.54,7620.49,0.8016439145764157,0.8016439145764166,0.8125811039691977,0.9679999999999982,0.8016439145764157,0.8125811039691978,0.9865401873863946,Crescente
2105500,MA,2017,23042,João Lisboa,190145000,23457686,4515,4.6,3.9,1.9,7.4,8252.1,5195.5,0.6430983949883872,0.6430983949883854,0.6451476015589066,0.9809999999999994,0.6430983949883874,0.6451476015589064,0.9968236624214865,Crescente
2105609,MA,2017,15891,Joselândia,97469000,12329217,2477,4.6,3.2,1.0,5.2,6133.6,4977.48,0.812548944781445,0.8125489447814559,0.8365558062561727,0.9900000000000003,0.812548944781443,0.8365558062561754,0.9713027376115345,Crescente
2105658,MA,2017,3237,Junco do Maranhão,42330000,6799064,1190,5.1,4.0,0.5,3.3,13076.92,5713.5,0.4703280098563552,0.47032800985634987,0.6051912143904398,0.995000000000004,0.4703280098563549,0.6051912143904403,0.777156043697823,Crescente
2105708,MA,2017,49856,Lago da Pedra,366466000,33004429,6853,4.5,3.4,1.5,7.1,7350.49,4816.06,0.7086076952119305,0.7086076952119351,0.7192069087238832,0.9850000000000011,0.7086076952119297,0.7192069087238838,0.9852626366857914,Crescente
2105807,MA,2017,10672,Lago do Junco,65710000,14807574,1830,5.2,4.3,0.2,1.0,6157.23,8091.57,0.7555594832799745,0.7555594832799684,0.8209529847275232,0.9980000000000003,0.7555594832799746,0.8209529847275232,0.9203444013675728,Decrescente
2105922,MA,2017,11048,Lagoa do Mato,75446000,10017963,1838,6.1,4.8,0.0,0.9,6828.93,5450.47,0.8599616254698933,0.8599616254698987,0.9617016383542412,1.0,0.8599616254698927,0.9617016383542418,0.894208339856366,Crescente
2105948,MA,2017,8664,Lago dos Rodrigues,72046000,9779449,1622,5.0,4.2,0.0,2.2,8315.56,6029.25,0.654287645493633,0.6542876454936284,0.806187047048369,1.0,0.654287645493633,0.8061870470483689,0.8115829296552536,Crescente
2105963,MA,2017,11286,Lagoa Grande do Maranhão,72172000,10284035,2479,4.2,3.5,2.2,6.2,6394.83,4148.46,0.7922287697823983,0.7922287697823942,0.7928185596666713,0.9801509918193326,0.7928185596666716,0.7922287697823983,0.9992560846651711,Crescente
2105989,MA,2017,7489,Lajeado Novo,70457000,8982974,1201,4.8,3.6,0.1,1.1,9408.07,7479.58,0.553124623498638,0.5531246234986479,0.6400513397479277,0.9989999999999983,0.5531246234986388,0.6400513397479287,0.8641879004838515,Crescente
2106003,MA,2017,11695,Lima Campos,150518000,11784765,2033,4.5,3.1,0.9,9.7,12870.29,5796.74,0.44289053460166466,0.4428905346016379,0.5293965337003352,0.9909999999999994,0.44289053460166455,0.5293965337003351,0.8365950783734499,Crescente
2106201,MA,2017,6867,Luís Domingues,48059000,6333602,1245,4.1,3.1,1.2,3.7,6998.54,5087.23,0.7051094511493998,0.7051094511493639,0.7379144761707015,0.9879999999999863,0.7051094511493997,0.7379144761707016,0.9555435947109501,Crescente
2106300,MA,2017,19779,Magalhães de Almeida,115468000,19203773,3119,4.8,3.7,0.7,2.1,5837.91,6157.03,0.8065175061109862,0.8065175061109809,0.8354691964157924,0.9929999999999974,0.8065175061109863,0.8354691964157913,0.9653467890509781,Crescente
2106326,MA,2017,21293,Maracaçumé,160111000,25095464,4143,4.0,3.2,3.7,11.7,7519.42,6057.32,0.607743140352392,0.6077431403523906,0.6116586459710915,0.9630000000000023,0.6116586459710921,0.607743140352392,0.9935985444749446,Crescente
2106359,MA,2017,7604,Marajá do Sena,50490000,8757569,1877,4.2,2.8,4.2,16.8,6639.93,4665.73,0.7311574189804908,0.7311574189804759,0.7392128095019908,0.958000000000001,0.7392128095019911,0.7311574189804908,0.9891027449498245,Crescente
2106375,MA,2017,16366,Maranhãozinho,94054000,16143160,2549,4.3,3.5,1.7,6.8,5746.91,6333.13,0.7645890245763757,0.7645890245763785,0.7653125451008961,0.9829999999999943,0.7653125451008964,0.7645890245763756,0.9990546077819422,Crescente
2106409,MA,2017,16745,Mata Roma,122462000,19203773,3436,4.3,3.7,1.8,4.2,7313.35,5588.99,0.6884618205843938,0.6884618205844005,0.688727857208615,0.9820000000000371,0.6887278572086154,0.6884618205843935,0.9996137275101672,Crescente
2106508,MA,2017,23091,Matinha,155135000,21473397,3955,4.4,3.4,0.6,2.8,6718.42,5429.43,0.7333208432389258,0.7333208432389199,0.7945058772305013,0.9939999999999988,0.7333208432389253,0.7945058772305016,0.9229898283385202,Crescente
2106607,MA,2017,33374,Matões,174474000,36856555,6675,3.9,3.2,2.7,6.4,5227.84,5521.58,0.8256387278007052,0.8256387278007042,0.8307253658443432,0.9730000000000006,0.8307253658443435,0.8256387278007052,0.9938768716440145,Crescente
2106631,MA,2017,16908,Matões do Norte,79297000,14668381,2366,5.5,3.6,1.7,6.0,4689.91,6199.65,0.9705588689494044,0.9705588689494007,0.9730182954845426,0.9869739396511443,0.9730182954845423,0.9705588689494044,0.9974723738016524,Crescente
2106672,MA,2017,8326,Milagres do Maranhão,50278000,8886365,1456,4.2,3.3,0.2,2.9,6038.67,6103.27,0.7487457793116474,0.7487457793116473,0.8344670470832469,0.9980000000000001,0.7487457793116475,0.8344670470832463,0.8972742326120304,Crescente
2106706,MA,2017,20613,Mirador,179763000,18419445,3357,4.1,3.0,2.2,7.0,8720.86,5486.88,0.5771461402540694,0.5771461402540742,0.577619396515089,0.9779999999999963,0.5776193965150893,0.5771461402540694,0.99918067803146,Crescente
2106805,MA,2017,14744,Mirinzal,90901000,14297157,2514,4.4,3.3,1.9,5.3,6165.29,5687.02,0.757770311795564,0.757770311795567,0.7590825029420992,0.9809999999999964,0.7590825029420992,0.7577703117955642,0.9982713458135981,Crescente
2106904,MA,2017,33156,Monção,199130000,31622273,5921,4.0,3.3,5.0,8.4,6005.85,5340.7,0.7513608933782385,0.7513608933782372,0.7568292545161144,0.9500000000000004,0.7568292545161143,0.7513608933782385,0.992774643547081,Crescente
2107001,MA,2017,8889,Montes Altos,61797000,8976373,1279,4.4,3.9,1.1,2.5,6952.08,7018.27,0.6925286981934582,0.6925286981934612,0.7061640056469789,0.9890000000000078,0.6925286981934589,0.706164005646979,0.9806910188787827,Crescente
2107100,MA,2017,19282,Morros,117045000,19570580,3997,3.9,3.6,1.3,4.9,6070.17,4896.32,0.807649093965415,0.8076490939654202,0.8175724544465812,0.9869999999999969,0.8076490939654146,0.8175724544465809,0.9878624084908983,Crescente
2107209,MA,2017,14489,Nina Rodrigues,64827000,13523562,2576,4.5,3.6,0.7,2.7,4474.22,5249.83,0.9921292594161972,0.9921292594161986,0.999644296556103,0.9999582239051039,0.9921292594161982,0.999644296556103,0.9924822887843247,Decrescente
2107258,MA,2017,5350,Nova Colinas,55841000,5715775,1070,4.7,4.5,0.1,1.6,10437.57,5341.85,0.5796874404060187,0.5796874404060096,0.8194452764306411,0.9989999999999988,0.5796874404060189,0.819445276430641,0.7074144632708541,Crescente
2107308,MA,2017,4586,Nova Iorque,36821000,4407607,758,4.1,3.2,2.1,9.4,8029.0,5814.78,0.6003546117461103,0.6003546117461106,0.6005369748036323,0.9789999999999996,0.6005369748036319,0.6003546117461103,0.9996963333397053,Crescente
2107357,MA,2017,20768,Nova Olinda do Maranhão,132416000,20758992,3301,4.6,3.5,1.8,5.3,6375.96,6288.7,0.7315249173020489,0.7315249173020519,0.7327662296320618,0.9820000000000015,0.7327662296320618,0.7315249173020488,0.9983059913519265,Crescente
2107407,MA,2017,19206,Olho d'Água das Cunhãs,136943000,24838512,4999,4.0,3.9,1.4,2.4,7130.22,4968.7,0.745741666933181,0.745741666933204,0.7865374298458375,0.9860000000000123,0.745741666933181,0.7865374298458364,0.9481324583362135,Crescente
2107456,MA,2017,14637,Olinda Nova do Maranhão,84615000,15107748,2508,4.1,3.6,1.7,1.7,5780.9,6023.82,0.802688281078676,0.802688281078714,0.8480971986660923,0.9829999999999987,0.8026882810786764,0.8480971986660925,0.9464578851824571,Crescente
2107506,MA,2017,122420,Paço do Lumiar,864315000,86611456,14786,5.0,4.2,0.1,0.4,7060.24,5857.67,0.752836211258013,0.7528362112580134,0.8752024469885964,0.9989999999999999,0.7528362112580133,0.8752024469885952,0.8601852221144696,Crescente
2107605,MA,2017,19424,Palmeirândia,124598000,17370742,3201,4.9,3.2,0.4,4.0,6414.64,5426.66,0.7942158439571303,0.7942158439571319,0.8474031854418602,0.9960000000000002,0.7942158439571301,0.8474031854418602,0.937234904944337,Decrescente
2107704,MA,2017,21116,Paraibano,138187000,11428046,3224,4.2,2.9,1.1,10.8,6544.18,3544.68,0.8069437987144223,0.8069437987144408,0.9056819064058781,0.9952653022702698,0.8069437987144219,0.9056819064058783,0.8909792643608289,Crescente
2107803,MA,2017,34375,Parnarama,199564000,31354691,5939,4.0,3.6,2.7,6.8,5805.5,5279.46,0.8089582914300188,0.8089582914300212,0.8109974355200549,0.9729999999999978,0.8109974355200548,0.8089582914300191,0.997485634355023,Crescente
2107902,MA,2017,18839,Passagem Franca,127969000,18460162,3328,5.1,4.0,0.6,2.6,6792.77,5546.92,0.7762155000834257,0.7762155000834104,0.8168849841858005,0.9939999999999988,0.7762155000834258,0.8168849841858005,0.950213940897799,Decrescente
2108009,MA,2017,19271,Pastos Bons,190276000,22010295,3005,5.0,3.8,0.4,1.6,9873.7,7324.56,0.5471645632901667,0.5471645632901678,0.6136738948269336,0.996,0.5471645632901608,0.6136738948269336,0.8916210513475995,Decrescente
2108058,MA,2017,15937,Paulino Neves,106005000,23133022,4066,4.6,3.9,0.4,2.9,6651.5,5689.38,0.7573250666876186,0.7573250666875944,0.8222485625354202,0.995999999999996,0.7573250666876178,0.8222485625354206,0.9210415210120785,Crescente
2108108,MA,2017,20657,Paulo Ramos,145685000,23801258,3787,3.8,2.9,4.4,7.7,7052.57,6284.99,0.6359051586619987,0.6359051586619887,0.6437767657975663,0.9560000000000011,0.6437767657975663,0.6359051586619989,0.9877727691433295,Crescente
2108207,MA,2017,38365,Pedreiras,562492000,24166066,4764,4.5,3.4,0.7,4.4,14661.59,5072.64,0.40885804331169756,0.4088580433116939,0.556049961500832,0.9930000000000015,0.40885804331169817,0.5560499615008315,0.7352901207081296,Crescente
2108256,MA,2017,25000,Pedro do Rosário,131169000,27506876,5312,4.0,3.3,1.3,5.9,5246.76,5178.25,0.8508993234304666,0.8508993234304693,0.852490760883746,0.9870000000000001,0.8508993234304661,0.8524907608837463,0.9981331909666333,Crescente
2108306,MA,2017,38144,Penalva,187584000,30890526,6548,4.8,3.2,2.2,7.8,4917.79,4717.55,0.9704804281896563,0.9704804281896475,0.9725858216840113,0.9864662012505835,0.9725858216840113,0.9704804281896571,0.9978352619918831,Crescente
2108405,MA,2017,14074,Peri Mirim,76885000,10095687,1813,4.4,2.8,1.9,4.2,5462.91,5568.5,0.8285017027756704,0.8285017027756697,0.8305173277665964,0.9809999999999997,0.8305173277665968,0.8285017027756701,0.9975730488413211,Crescente
2108454,MA,2017,23019,Peritoró,182687000,25386660,4288,3.8,2.9,2.2,5.5,7936.36,5920.4,0.6079388673461302,0.6079388673461338,0.6094244524310971,0.9779999999999989,0.6094244524310972,0.6079388673461303,0.9975623146084135,Crescente
2108504,MA,2017,32488,Pindaré-Mirim,282566000,42594900,7328,4.0,3.4,3.0,4.9,8697.55,5812.62,0.5753906111230135,0.5753906111230153,0.5759960663947584,0.9699999999999999,0.5759960663947589,0.5753906111230134,0.9989488551969902,Crescente
2108603,MA,2017,82374,Pinheiro,828267000,42322767,12442,4.9,3.9,1.3,4.0,10054.96,3401.6,0.6267824540620991,0.6267824540620998,0.7493198126651147,0.9895895256003335,0.6267824540620999,0.7493198126651147,0.8364685458306707,Decrescente
2108702,MA,2017,20861,Pio XII,147358000,28511656,5225,3.9,3.4,2.1,6.3,7063.8,5456.78,0.6808592048294921,0.680859204829481,0.6814911495681659,0.978999999999999,0.6814911495681661,0.680859204829492,0.9990727029410812,Crescente
2108801,MA,2017,18413,Pirapemas,110406000,23213218,3610,4.4,3.6,0.4,2.6,5996.09,6430.25,0.7627577447627831,0.7627577447627821,0.7959748032997784,0.9959999999999927,0.7627577447627827,0.7959748032997782,0.9582687059951003,Crescente
2108900,MA,2017,17023,Poção de Pedras,135541000,20182409,3023,4.6,3.8,1.1,5.7,7962.23,6676.28,0.6212499480418822,0.6212499480418804,0.6377795300932931,0.9889999999999998,0.621249948041882,0.6377795300932934,0.974082608062079,Crescente
2109007,MA,2017,23760,Porto Franco,470765000,20993741,4023,5.9,4.8,0.0,0.0,19813.34,5218.43,0.40866185549284806,0.40866185549289263,0.9667066357296374,1.0,0.40866185549284706,0.9667066357296374,0.4227361646115152,Decrescente
2109056,MA,2017,5819,Porto Rico do Maranhão,41899000,6487636,1187,4.2,3.2,5.2,6.1,7200.38,5465.57,0.6699327490141573,0.669932749014154,0.6741326043031106,0.9479999999999976,0.6741326043031114,0.6699327490141576,0.9937699864060203,Crescente
2109106,MA,2017,47239,Presidente Dutra,550957000,26708608,5240,4.3,3.5,1.0,6.6,11663.18,5097.06,0.48032655520286893,0.48032655520287015,0.5803837841614555,0.990000000000001,0.4803265552028691,0.5803837841614556,0.8276016117453207,Crescente
2109205,MA,2017,12656,Presidente Juscelino,92250000,14988569,2587,4.9,3.6,0.3,3.3,7289.03,5793.8,0.713777392871946,0.7137773928719567,0.7726659081255318,0.9970000000000002,0.7137773928719452,0.7726659081255312,0.9237852807606746,Crescente
2109239,MA,2017,6968,Presidente Médici,47715000,6136426,1123,4.5,3.6,1.6,6.2,6847.73,5464.32,0.7209534078129625,0.7209534078129667,0.7209893406376695,0.9840000000000023,0.7209534078129629,0.720989340637669,0.9999501617809283,Crescente
2109270,MA,2017,18797,Presidente Sarney,136039000,19904970,3795,4.9,4.1,2.2,3.2,7237.27,5245.05,0.7397907991189928,0.739790799118993,0.7624970240900556,0.9780000000000002,0.7397907991189927,0.7624970240900557,0.9702212280786803,Crescente
2109304,MA,2017,11474,Presidente Vargas,58277000,13853015,2482,4.1,3.4,2.1,4.1,5079.05,5581.39,0.8655536920651067,0.8655536920651076,0.8673523371692881,0.9789999999999988,0.8673523371692882,0.8655536920651069,0.9979262809044229,Crescente
2109403,MA,2017,15207,Primeira Cruz,75664000,15266949,2731,4.5,3.0,2.4,6.2,4975.6,5590.24,0.8814214523663138,0.8814214523651016,0.8848422793337402,0.9760000000000109,0.8848422793337399,0.8814214523663146,0.9961339698075885,Crescente
2109452,MA,2017,30863,Raposa,213007000,19988161,4073,4.2,3.3,1.2,3.0,6901.69,4907.48,0.725053787278018,0.725053787278019,0.7782661597093052,0.9880000000000011,0.725053787278018,0.7782661597093047,0.9316270253210509,Crescente
2109502,MA,2017,19701,Riachão,309885000,19053799,4116,4.5,3.3,1.0,4.4,15729.4,4629.2,0.3900258733815028,0.3900258733814895,0.5271514386658178,0.9900000000000075,0.3900258733815028,0.5271514386658155,0.739874436022844,Crescente
2109601,MA,2017,42314,Rosário,310641000,34862443,6835,5.2,4.0,0.8,2.4,7341.33,5100.58,0.7610768442861207,0.7610768442860613,0.8111352819878876,0.9919999999999998,0.7610768442861207,0.8111352819878879,0.9382859569625841,Crescente
2109700,MA,2017,5568,Sambaíba,216552000,6699873,1111,4.6,3.5,0.9,5.2,38892.24,6030.49,0.18092301854112547,0.18092301854111717,0.28805569431463424,0.9909999999999994,0.18092301854112533,0.2880556943146341,0.6280834648021535,Crescente
2109809,MA,2017,41891,Santa Helena,279040000,43230937,7328,3.8,2.8,6.4,12.5,6661.1,5899.42,0.6483912149907511,0.6483912149907571,0.6632377667132705,0.935999999999996,0.6632377667132714,0.6483912149907511,0.9776150387272234,Crescente
2109908,MA,2017,88013,Santa Inês,1229422000,66442953,12453,4.2,3.6,1.2,3.5,13968.64,5335.5,0.41063309304923584,0.4106330930492423,0.5170208072864653,0.9880000000000086,0.41063309304923573,0.5170208072864655,0.794229337121662,Crescente
2110005,MA,2017,71576,Santa Luzia,546589000,64216664,13319,4.6,3.4,1.2,6.4,7636.48,4821.43,0.6975964107426972,0.6975964107426958,0.7282947100259825,0.9879999999999998,0.6975964107426975,0.7282947100259821,0.9578490700801738,Crescente
2110039,MA,2017,24946,Santa Luzia do Paruá,201655000,23998590,3697,3.9,3.3,2.7,7.4,8083.66,6491.37,0.5789430668012463,0.578943066801244,0.5801755034999782,0.9729999999999948,0.5801755034999782,0.5789430668012461,0.9978757519211049,Crescente
2110203,MA,2017,37090,Santa Rita,268458000,33533324,5498,4.7,4.0,1.8,2.6,7238.02,6099.19,0.7072596980703182,0.7072596980703052,0.7307120869122494,0.9820000000000002,0.7072596980703181,0.7307120869122495,0.9679047476263416,Crescente
2110237,MA,2017,13395,Santana do Maranhão,58103000,8450076,1723,4.3,3.3,0.9,3.0,4337.66,4904.28,1.0,1.0,1.0,1.0,1.0,1.0,1.0,Constante
2110278,MA,2017,15853,Santo Amaro do Maranhão,81058000,18846006,2943,4.1,3.2,0.9,7.2,5113.1,6403.67,0.7970504547061285,0.7970504547061309,0.815272558749597,0.9910000000000009,0.7970504547061279,0.815272558749597,0.9776490649073039,Decrescente
2110302,MA,2017,14222,Santo Antônio dos Lopes,1613800000,25199118,2598,4.9,3.5,0.7,5.1,113472.09,9699.43,0.07441109401980779,0.07441109401980622,0.1293879547132614,0.9929999999999957,0.07441109401980685,0.1293879547132614,0.5751006280662783,Decrescente
2110401,MA,2017,18377,São Benedito do Rio Preto,111226000,21209217,4666,4.2,3.5,1.0,4.1,6052.46,4545.48,0.8187082286706506,0.8187082286706459,0.8650993670339862,0.9906605027741255,0.8187082286706507,0.8650993670339864,0.9463747863758256,Crescente
2110500,MA,2017,46039,São Bento,257121000,26851103,5590,4.9,3.6,0.0,1.7,5584.85,4803.42,0.9152032311352223,0.915203231135226,1.0,1.0,0.9152032311352218,1.0,0.9152032311352223,Decrescente
2110609,MA,2017,28208,São Bernardo,248031000,28830245,4651,4.4,3.3,1.7,6.7,8792.93,6198.72,0.5749560476800636,0.5749560476800694,0.5757817816953928,0.9829999999999995,0.5749560476800637,0.5757817816953927,0.998565890687097,Crescente
2110708,MA,2017,33691,São Domingos do Maranhão,269082000,31132956,5898,4.6,3.7,0.6,2.4,7986.76,5278.56,0.6684987450525962,0.6684987450525944,0.7525936191141995,0.9940000000000012,0.668498745052596,0.7525936191142006,0.8882599162073913,Crescente
2110856,MA,2017,11808,São Francisco do Brejão,95613000,9086206,1644,5.2,4.4,0.2,1.6,8097.31,5526.89,0.6977304178468906,0.697730417846889,0.8337505453546212,0.9979999999999997,0.6977304178468905,0.8337505453546213,0.8368575249928301,Crescente
2111003,MA,2017,20307,São João Batista,123443000,20343670,3664,4.2,3.1,1.6,3.4,6078.84,5552.31,0.7628982992106386,0.7628982992106365,0.7711535387710711,0.9839999999999997,0.7628982992106381,0.7711535387710708,0.9892949469264082,Crescente
2111029,MA,2017,15450,São João do Carú,85452000,19107438,3464,4.4,3.7,0.0,0.0,5530.87,5516.0,0.8684737879488772,0.8684737879488853,1.0,1.0,0.8684737879488766,1.0,0.8684737879488772,Decrescente
2111052,MA,2017,10977,São João do Paraíso,116892000,11214116,1901,4.6,3.7,1.2,3.8,10648.81,5899.06,0.5199704371154292,0.5199704371154263,0.5491247341770238,0.988,0.5199704371154292,0.5491247341770236,0.9469076964721171,Crescente
2111078,MA,2017,18345,São João do Soter,94708000,22221948,3661,4.1,3.3,1.6,4.6,5162.61,6069.91,0.8225294981444836,0.822529498144489,0.8236077916645207,0.9840000000000008,0.8236077916645206,0.822529498144484,0.9986907681897256,Crescente
2111102,MA,2017,25520,São João dos Patos,263222000,19754746,3564,5.0,4.3,0.5,2.5,10314.34,5542.86,0.5669287483115244,0.566928748311527,0.7060514455240984,0.9949999999999997,0.5669287483115244,0.7060514455240985,0.8029567135730401,Crescente
2111201,MA,2017,176418,São José de Ribamar,2005253000,102724657,18647,5.3,4.4,0.3,1.2,11366.49,5508.91,0.54561975391379,0.545619753913787,0.7513788035196665,0.997000000000002,0.5456197539137899,0.7513788035196667,0.7261580328829559,Crescente
2111250,MA,2017,7484,São José dos Basílios,52235000,6945739,1305,3.9,3.0,1.4,11.4,6979.56,5322.41,0.6675138392744325,0.6675138392744275,0.7043492085257828,0.9859999999999993,0.6675138392744332,0.7043492085257826,0.9477029734604978,Crescente
2111300,MA,2017,1091868,São Luís,29846794000,524653868,64336,4.6,3.8,1.4,2.4,27335.53,8154.9,0.22880323487065635,0.22880323487066076,0.34693273067641206,0.9860000000000053,0.22880323487065632,0.346932730676412,0.6595031677309905,Crescente
2111409,MA,2017,18247,São Luís Gonzaga do Maranhão,126874000,21898553,4238,4.4,3.6,0.2,0.8,6953.14,5167.19,0.7366469432444532,0.736646943244447,0.8994601528182765,0.9980000000000046,0.7366469432444526,0.8994601528182772,0.8189878572567323,Crescente
2111508,MA,2017,40992,São Mateus do Maranhão,370150000,31206289,6557,4.5,3.1,2.5,6.1,9029.81,4759.23,0.6074248679842749,0.6074248679843083,0.6082937470411058,0.9750000000000013,0.6082937470411058,0.6074248679842749,0.9985716127100477,Crescente
2111532,MA,2017,12511,São Pedro da Água Branca,95127000,10538644,2177,4.7,3.9,1.0,4.6,7603.47,4840.9,0.7097116758038846,0.7097116758038475,0.7605729048599349,0.989999999999983,0.7097116758038844,0.7605729048599352,0.9331277399825113,Crescente
2111573,MA,2017,4601,São Pedro dos Crentes,51780000,5285105,989,4.0,3.5,0.7,2.9,11254.08,5343.89,0.4870342410496077,0.487034241049596,0.6345556819834238,0.9930000000000055,0.4870342410496081,0.6345556819834239,0.7675201008795478,Crescente
2111607,MA,2017,18680,São Raimundo das Mangabeiras,385799000,19976303,3235,5.5,4.4,0.4,2.7,20653.05,6175.06,0.3535156506234207,0.35351565062342316,0.5231023756361021,0.9959999999999982,0.3535156506234191,0.5231023756361015,0.6758058595959141,Crescente
2111631,MA,2017,4946,São Raimundo do Doca Bezerra,35472000,6834275,1145,3.8,3.5,2.5,6.2,7171.86,5968.8,0.6652118998352174,0.6652118998352201,0.6665301840890253,0.9749999999999942,0.6665301840890256,0.6652118998352171,0.9980221687100193,Crescente
2111672,MA,2017,6704,São Roberto,43145000,9404360,1464,3.7,3.2,4.4,4.7,6435.71,6423.74,0.6910640135623108,0.6910640135623155,0.6948301579322628,0.9559999999999992,0.6948301579322627,0.6910640135623111,0.9945797626557265,Crescente
2111706,MA,2017,20913,São Vicente Ferrer,132105000,15399847,3261,3.8,2.8,1.3,4.8,6316.88,4722.43,0.7696057300958544,0.7696057300958651,0.7963463865063786,0.9869999999999984,0.769605730095854,0.7963463865063785,0.966420822818275,Crescente
2111722,MA,2017,13949,Satubinha,66342000,9870916,1754,4.7,3.7,0.0,1.3,4756.04,5627.66,0.9491632274398987,0.9491632274398958,1.0,1.0,0.9491632274398994,1.0,0.9491632274398987,Decrescente
2111748,MA,2017,11042,Senador Alexandre Costa,74199000,10405410,2030,4.2,3.3,0.3,2.5,6719.71,5125.82,0.7339934248209631,0.7339934248209663,0.8495997397810184,0.9970000000000029,0.7339934248209631,0.8495997397810181,0.8639284953290446,Crescente
2111763,MA,2017,13877,Senador La Rocque,150237000,19222189,2742,3.9,3.6,2.8,4.8,10826.33,7010.28,0.47631020526753354,0.47631020526753226,0.47666256685573677,0.9719999999999981,0.4766625668557367,0.47631020526753376,0.9992607735268,Crescente
2111789,MA,2017,11040,Serrano do Maranhão,67263000,11079000,2251,4.2,3.2,0.5,3.0,6092.66,4921.81,0.7926507258218083,0.7926507258218106,0.887529175437688,0.9949999999999992,0.7926507258218081,0.8875291754376877,0.8930982189187302,Crescente
2111805,MA,2017,17851,Sítio Novo,142734000,19923486,3404,4.7,3.9,0.4,3.3,7995.85,5852.96,0.6541734268674415,0.6541734268673842,0.7423382031880922,0.9960000000000336,0.6541734268674418,0.7423382031880925,0.8812336803602284,Crescente
2111904,MA,2017,10416,Sucupira do Norte,74318000,8242442,1799,5.1,3.7,0.4,4.4,7134.98,4581.68,0.7870195486902242,0.7870195486902419,0.8881365256879543,0.9959999999999996,0.7870195486902241,0.8881365256879544,0.8861470347485095,Crescente
2111953,MA,2017,5571,Sucupira do Riachão,42312000,5560934,900,4.5,3.7,0.6,3.7,7595.05,6178.82,0.6553642132312766,0.6553642132312779,0.7065941515964229,0.9939999999999988,0.6553642132312765,0.7065941515964232,0.9274973642940556,Crescente
2112001,MA,2017,8455,Tasso Fragoso,984288000,11992274,1822,4.2,4.2,1.4,2.8,116414.9,6581.93,0.08083879328854347,0.08083879328853766,0.1893601225346125,0.9859999999999971,0.08083879328854339,0.18936012253461257,0.42690505374893395,Crescente
2112100,MA,2017,28635,Timbiras,150305000,21531825,4900,4.0,3.7,1.3,4.4,5249.0,4394.25,0.9371963920485015,0.9371963920485001,0.9421117222095035,0.9937635084885923,0.9371963920485032,0.9421117222095032,0.9947826462136845,Crescente
2112209,MA,2017,167619,Timon,1796157000,123247469,22818,5.0,4.3,0.6,1.9,10715.71,5401.33,0.5549075539828004,0.5549075539828026,0.7072757408923062,0.9939999999999992,0.5549075539828004,0.7072757408923065,0.7845703194665259,Crescente
2112233,MA,2017,21749,Trizidela do Vale,192364000,19912084,3723,4.9,4.3,1.4,2.5,8844.73,5348.4,0.6458945918115383,0.6458945918115392,0.7036160374080807,0.9859999999999991,0.6458945918115382,0.7036160374080804,0.917964567991981,Crescente
2112308,MA,2017,41342,Tuntum,276483000,31041890,5509,4.7,3.4,1.8,5.8,6687.7,5634.76,0.7413448918022788,0.7413448918025892,0.7420485178454548,0.98199999999999,0.7420485178454552,0.7413448918022788,0.9990517789251585,Crescente
2112407,MA,2017,35063,Turiaçu,286312000,40297414,8194,4.4,3.7,1.9,4.9,8165.64,4917.92,0.6482614095606263,0.6482614095606681,0.6483811210903045,0.9809999999999994,0.6483811210903044,0.6482614095606263,0.9998153685760052,Crescente
2112456,MA,2017,25533,Turilândia,156656000,31958334,5722,3.8,3.2,0.7,1.9,6135.43,5585.17,0.7683971563480835,0.7683971563480801,0.8429127675247846,0.9930000000000002,0.7683971563480838,0.842912767524785,0.9115974819132039,Crescente
2112506,MA,2017,58605,Tutóia,394417000,54482632,11149,4.4,3.9,1.5,5.4,6730.09,4886.77,0.7704281236271968,0.7704281236271823,0.7761276977472713,0.9849999999999999,0.7704281236271969,0.7761276977472714,0.9926563964453045,Crescente
2112605,MA,2017,33038,Urbano Santos,181721000,41572160,7475,4.0,3.4,1.1,3.2,5500.36,5561.49,0.8250992839550297,0.825099283955036,0.8276230641510455,0.9890000000000017,0.82509928395503,0.8276230641510457,0.9969505680721881,Crescente
2112704,MA,2017,56511,Vargem Grande,307783000,43569835,8904,4.3,4.0,0.7,1.0,5446.43,4893.29,0.9324436375065308,0.9324436375065317,1.0,1.0,0.9324436375065317,1.0,0.9324436375065308,Decrescente
2112803,MA,2017,51738,Viana,408001000,45687115,8669,4.5,4.0,0.8,3.9,7885.91,5270.17,0.6823099698597612,0.6823099698597587,0.7467016217635107,0.9919999999999991,0.6823099698597608,0.7467016217635105,0.9137652175554761,Crescente
2112852,MA,2017,13480,Vila Nova dos Martírios,108215000,12773402,1859,5.0,3.3,0.0,3.1,8027.82,6871.11,0.6405979527197023,0.6405979527197034,0.7028425289785998,1.0,0.6405979527197019,0.7028425289785997,0.911438802160487,Crescente
2112902,MA,2017,32267,Vitória do Mearim,255535000,28156916,5002,4.5,3.7,2.4,4.6,7919.39,5629.13,0.6462380642318574,0.6462380642318525,0.6470378838712904,0.9759999999999978,0.6470378838712905,0.6462380642318574,0.9987638751000983,Crescente
2113009,MA,2017,30879,Vitorino Freire,224540000,30500484,5228,4.4,3.3,1.3,5.8,7271.61,5834.06,0.6720390201665202,0.6720390201665187,0.6785907191043116,0.9870000000000025,0.6720390201665203,0.6785907191043116,0.990345139193122,Decrescente
2114007,MA,2017,51084,Zé Doca,386206000,36693806,7002,4.4,3.1,2.5,6.4,7560.21,5240.48,0.6705774059668116,0.6705774059668134,0.6721007151634237,0.9750000000000001,0.6721007151634233,0.6705774059668116,0.9977335105256632,Crescente
2200202,PI,2017,17119,Água Branca,183264000,13917190,2038,6.1,4.7,0.0,0.2,10705.3,6828.85,0.5892949994885909,0.5892949994885835,0.7802017367391639,1.0,0.5892949994885913,0.7802017367391637,0.7553110583315752,Crescente
2200251,PI,2017,7526,Alagoinha do Piauí,49631000,5196522,839,4.4,3.9,5.2,13.6,6594.61,6193.71,0.7107247946496429,0.7107247946496421,0.724066191232628,0.9480000000000002,0.724066191232628,0.7107247946496429,0.981574341207296,Crescente
2200277,PI,2017,4838,Alegrete do Piauí,33755000,4426294,705,5.3,3.9,1.0,7.1,6977.06,6278.43,0.7392475604005757,0.7392475604005563,0.7443670317686532,0.9899999999999956,0.7392475604005758,0.7443670317686533,0.9931223829783093,Crescente
2200301,PI,2017,14070,Alto Longá,89130000,9103216,1452,5.1,4.1,0.4,5.9,6334.75,6269.43,0.7754304703149484,0.7754304703149549,0.8216492336881924,0.9959999999999993,0.7754304703149483,0.8216492336881926,0.9437487902644554,Crescente
2200400,PI,2017,39864,Altos,372946000,24059247,4754,5.3,4.6,0.6,0.5,9355.46,5060.84,0.6504300433118209,0.6504300433118034,0.902593994591349,0.9953588513919954,0.6504300433118211,0.902593994591349,0.7206230566671388,Decrescente
2200459,PI,2017,5326,Alvorada do Gurguéia,73951000,6104679,1061,3.4,4.2,2.3,2.5,13884.9,5753.7,0.4356612390735562,0.4356612390735589,0.5668564655775338,0.9769999999999994,0.43566123907355603,0.5668564655775339,0.7685565315545776,Crescente
2200509,PI,2017,17322,Amarante,134528000,12173448,2044,4.3,2.6,1.8,4.2,7766.31,5955.7,0.6327745367637532,0.6327745367637524,0.6331020727837139,0.9819999999999979,0.6331020727837139,0.632774536763753,0.9994826489533978,Crescente
2200608,PI,2017,6684,Angical do Piauí,55261000,4717090,686,5.3,4.8,0.4,1.3,8267.65,6876.22,0.678024632639131,0.6780246326390862,0.7308213505146622,0.9959999999999973,0.6780246326391309,0.7308213505146632,0.9277570122460839,Crescente
2200806,PI,2017,3114,Antônio Almeida,70621000,3124075,464,4.7,4.8,0.0,0.0,22678.55,6732.92,0.32393772712397545,0.32393772712397567,0.6884472116109904,1.0,0.32393772712397734,0.6884472116109902,0.47053386470394715,Crescente
2200905,PI,2017,5748,Aroazes,45273000,4584387,832,4.7,3.9,0.2,1.0,7876.3,5510.08,0.6801930930120775,0.6801930930120506,0.8266450324658013,0.9980000000000052,0.6801930930120778,0.8266450324658022,0.8228357593623081,Crescente
2201002,PI,2017,4656,Arraial,34282000,4377623,647,5.0,3.3,1.7,3.3,7362.97,6766.03,0.6801664048105354,0.6801664048105395,0.6810855456810438,0.9829999999999997,0.6801664048105355,0.6810855456810428,0.9986504766158422,Crescente
2201051,PI,2017,7717,Assunção do Piauí,47388000,8954136,1641,4.5,4.1,1.3,3.1,6140.73,5456.51,0.827811616228036,0.8278116162280297,0.8375953374591919,0.9869999999999991,0.8278116162280361,0.8375953374591923,0.9883192744830286,Crescente
2201150,PI,2017,11375,Baixa Grande do Ribeiro,744553000,14884804,2245,5.4,5.0,0.3,1.4,65455.21,6630.2,0.13460869143329385,0.13460869143326665,0.4074953763319115,0.997,0.13460869143329451,0.40749537633191263,0.3303318252221171,Crescente
2201176,PI,2017,3889,Barra D'Alcântara,32371000,4108807,608,4.6,4.0,0.3,0.4,8323.73,6757.91,0.6292321858840538,0.6292321858840536,0.7376005858740083,0.9969999999999993,0.6292321858840534,0.7376005858740083,0.8530798347163119,Decrescente
2201200,PI,2017,46291,Barras,369213000,40112696,7812,4.9,4.2,0.8,2.3,7975.91,5134.75,0.7004692654463064,0.7004692654463082,0.7765350968797965,0.9919999999999984,0.7004692654463067,0.7765350968797967,0.9020445672846843,Crescente
2201408,PI,2017,6925,Barro Duro,62050000,4939552,797,3.8,4.0,2.8,2.3,8960.29,6197.68,0.6010676658498777,0.6010676658498745,0.6381952069521215,0.9769999999999999,0.6010676658498774,0.6381952069521217,0.9418241617959547,Crescente
2201556,PI,2017,3947,Bela Vista do Piauí,33124000,3377664,560,5.5,3.7,0.7,0.4,8392.2,6031.54,0.685191366247598,0.6851913662475957,0.8134402365811585,0.9959999999999998,0.6851913662475989,0.8134402365811585,0.8423376855900527,Decrescente
2201572,PI,2017,3503,Belém do Piauí,26727000,4375778,503,5.3,4.6,0.3,1.0,7629.75,8699.36,0.65744808420906,0.6574480842084965,0.6907938538058329,0.9970000000000978,0.6574480842090602,0.6907938538058328,0.9517283348526351,Crescente
2201606,PI,2017,10037,Beneditinos,69202000,11301104,1544,6.1,4.9,0.0,0.2,6894.69,7319.37,0.7759698474510401,0.7759698474510623,0.8716373186377672,1.0,0.7759698474510406,0.8716373186377667,0.8902439476361105,Crescente
2201705,PI,2017,5413,Bertolínia,53321000,5065100,688,3.7,3.7,3.8,1.6,9850.54,7362.06,0.5222800617967042,0.5222800617967014,0.5856893858554747,0.9840000000000012,0.5222800617967042,0.5856893858554749,0.8917355759040211,Crescente
2201739,PI,2017,6106,Betânia do Piauí,43507000,6641713,1208,4.6,4.3,1.9,6.1,7125.29,5498.11,0.7452043436006804,0.7452043436006826,0.7456297830151645,0.9809999999999997,0.7456297830151646,0.7452043436006804,0.9994294227186532,Crescente
2201770,PI,2017,6663,Boa Hora,45712000,7031686,1197,4.8,3.7,1.5,2.6,6860.57,5874.42,0.7352263048980574,0.7352263048980573,0.7644821391384411,0.9849999999999912,0.7352263048980574,0.764482139138441,0.9617311736368955,Crescente
2201804,PI,2017,4428,Bocaina,48403000,3263433,401,5.1,4.4,0.9,3.5,10931.12,8138.24,0.5009862119198141,0.5009862119198107,0.526495669583813,0.9909999999999963,0.5009862119198144,0.5264956695838132,0.9515485897839127,Crescente
2201903,PI,2017,24711,Bom Jesus,873788000,22072811,3421,6.3,5.5,0.0,0.0,35360.28,6452.15,0.2649085450713348,0.26490854507133765,0.8962390477485292,1.0,0.2649085450713352,0.8962390477485284,0.2955779997946084,Crescente
2201919,PI,2017,5535,Bom Princípio do Piauí,49109000,6745431,1153,4.5,4.4,2.6,1.4,8872.45,5850.33,0.6424657504554382,0.6424657504554409,0.7421153301794138,0.9859999999999978,0.6424657504554381,0.7421153301794138,0.8657222460289503,Decrescente
2201929,PI,2017,5577,Bonfim do Piauí,36671000,4780492,829,3.9,3.8,2.6,5.0,6575.4,5766.58,0.7431622205119103,0.7431622205119114,0.7450189241306497,0.9740000000000018,0.74501892413065,0.74316222051191,0.9975078436820837,Crescente
2201945,PI,2017,6300,Boqueirão do Piauí,40198000,6780279,1057,5.2,4.4,0.8,6.2,6380.63,6414.64,0.7835179466501374,0.7835179466501215,0.8031559439284454,0.9920000000000042,0.7835179466501381,0.8031559439284452,0.9755489610370641,Crescente
2201960,PI,2017,8192,Brasileira,53639000,5380505,881,5.3,4.1,0.0,0.6,6547.73,6107.27,0.7942019416051261,0.7942019416051062,0.8858937058259413,1.0,0.7942019416051261,0.8858937058259417,0.8964980069078055,Crescente
2201988,PI,2017,3823,Brejo do Piauí,31788000,4539696,601,3.2,3.9,1.3,5.2,8314.94,7553.57,0.5893870657443798,0.5893870657443805,0.5904206793625815,0.9870000000000005,0.5893870657443796,0.5904206793625818,0.9982493607450919,Crescente
2202000,PI,2017,19464,Buriti dos Lopes,157173000,19072462,3138,4.4,4.0,2.8,5.1,8075.06,6077.9,0.6427746587426623,0.6427746587426612,0.6441203759392017,0.9720000000000004,0.6441203759392017,0.642774658742662,0.9979107675415838,Crescente
2202026,PI,2017,8108,Buriti dos Montes,51318000,8013780,1025,6.6,5.9,0.0,0.0,6329.3,7818.32,0.8748930899220212,0.8748930899220346,1.0,1.0,0.8748930899220219,1.0,0.8748930899220212,Decrescente
2202059,PI,2017,10406,Cabeceiras do Piauí,59083000,8900592,1283,5.5,4.7,0.4,0.4,5677.78,6937.33,0.8743734482023505,0.874373448202333,0.9730876995564938,0.9983691267244581,0.8743734482023506,0.9730876995564931,0.8985556477600791,Crescente
2202075,PI,2017,3497,Cajazeiras do Piauí,25414000,3090550,474,4.6,4.6,0.0,0.0,7267.37,6520.15,0.7465680676476785,0.7465680676476777,0.9215374212211322,1.0,0.7465680676476782,0.9215374212211329,0.8101332083274477,Crescente
2202083,PI,2017,7510,Cajueiro da Praia,81551000,6165312,1202,3.8,3.5,2.0,3.7,10858.99,5129.21,0.5026498188647801,0.5026498188647915,0.5478349070207101,0.9799999999999884,0.50264981886478,0.5478349070207095,0.9175206114527092,Crescente
2202091,PI,2017,5684,Caldeirão Grande do Piauí,45508000,5420300,810,5.9,4.3,0.5,2.6,8006.33,6691.73,0.7042709381154972,0.7042709381154943,0.7255769873515472,0.994999999999999,0.7042709381154973,0.725576987351547,0.9706357152894004,Crescente
2202133,PI,2017,5842,Campo Grande do Piauí,49787000,5130749,831,5.3,3.7,0.2,4.0,8522.25,6174.19,0.6511982431187078,0.6511982431187046,0.7229299632268014,0.9979999999999997,0.6511982431187079,0.7229299632268016,0.9007763908582255,Crescente
2202174,PI,2017,7154,Campo Largo do Piauí,41712000,10288241,1650,4.2,3.9,1.3,1.4,5830.58,6235.3,0.8165194040169897,0.8165194040170215,0.8582247596095888,0.9869999999999957,0.8165194040169892,0.85822475960959,0.9514050892547413,Crescente
2202208,PI,2017,46082,Campo Maior,544403000,32263383,4203,5.2,4.7,1.0,1.7,11813.79,7676.27,0.4976866974510939,0.49768669745108807,0.5611351883123314,0.99,0.49768669745109384,0.5611351883123314,0.8869283335232192,Decrescente
2202251,PI,2017,3892,Canavieira,31355000,4182884,573,3.6,3.0,1.4,5.1,8056.27,7299.97,0.5702653371037599,0.5702653371037598,0.57032711625228,0.9860000000000049,0.5703271162522798,0.5702653371037599,0.9998916776938013,Crescente
2202307,PI,2017,20831,Canto do Buriti,207518000,12228672,2161,4.6,4.0,2.7,2.7,9961.98,5658.8,0.5624571105055839,0.562457110505582,0.6191522379053318,0.9729999999999996,0.5624571105055838,0.6191522379053317,0.9084310385575695,Crescente
2202406,PI,2017,11229,Capitão de Campos,82581000,11923238,1585,5.3,4.0,0.1,6.7,7354.26,7522.55,0.6728719086313757,0.6728719086313633,0.717819891031101,0.9989999999999934,0.6728719086313756,0.7178198910311007,0.9373826457564997,Crescente
2202455,PI,2017,4033,Capitão Gervásio Oliveira,30153000,4635624,660,4.3,4.2,0.0,0.4,7476.57,7023.67,0.6869499090928366,0.6869499090928439,0.7833447126498763,1.0,0.6869499090928368,0.7833447126498763,0.8769445915694535,Decrescente
2202539,PI,2017,5769,Caraúbas do Piauí,44933000,5854663,998,4.3,2.9,1.9,3.2,7788.7,5866.4,0.6379256288955464,0.6379256288955367,0.6665234407232655,0.9809999999999983,0.6379256288955465,0.6665234407232655,0.9570940643937642,Decrescente
2202554,PI,2017,4982,Caridade do Piauí,32859000,7418022,886,4.8,3.9,0.8,5.6,6595.54,8372.49,0.6684841951349723,0.6684841951349598,0.6714368611234268,0.9920000000000065,0.6684841951349726,0.6714368611234273,0.9956024666511245,Crescente
2202604,PI,2017,19410,Castelo do Piauí,159381000,18431857,2791,7.3,5.4,0.0,0.0,8211.28,6604.03,0.8083721413829128,0.8083721413829184,0.9813604246085998,1.0,0.8083721413829117,0.9813604246085994,0.82372604510246,Crescente
2202653,PI,2017,5330,Caxingó,43692000,6908769,1026,4.4,3.8,2.4,3.4,8197.37,6733.69,0.6125829335229621,0.6125829335229632,0.6198298483499486,0.9759999999999961,0.6125829335229623,0.6198298483499488,0.9883082190277243,Crescente
2202703,PI,2017,27338,Cocal,211421000,22726376,4396,4.8,4.1,1.3,4.1,7733.59,5169.79,0.7017865401601212,0.7017865401601198,0.7221554794713528,0.9870000000000001,0.7017865401601209,0.7221554794713527,0.9717942466819715,Crescente
2202711,PI,2017,4812,Cocal de Telha,37510000,5378580,818,4.9,4.0,0.4,3.7,7795.1,6575.28,0.6546051915353421,0.6546051915353279,0.7125021911671899,0.9960000000000103,0.6546051915353425,0.7125021911671893,0.9187413030449725,Crescente
2202729,PI,2017,6054,Cocal dos Alves,44452000,6070106,942,5.8,6.0,1.2,3.7,7342.58,6443.85,0.8995477181918963,0.8995477181918948,0.9583611345135683,0.9880433759754674,0.899547718191896,0.9583611345135683,0.938631258923575,Decrescente
2202737,PI,2017,3953,Coivaras,29760000,4074792,715,4.7,4.4,2.9,3.2,7528.46,5699.01,0.7255851664005343,0.7255851664005546,0.7402640661843827,0.9710000000000019,0.7255851664005339,0.7402640661843828,0.9801707249421017,Crescente
2202752,PI,2017,6372,Colônia do Gurguéia,52309000,5963180,931,4.2,3.5,1.0,0.3,8209.2,6405.13,0.6117275052556879,0.6117275052556942,0.7643697497912405,0.9970000000000007,0.6117275052556889,0.7643697497912407,0.8003031326432773,Crescente
2202778,PI,2017,7536,Colônia do Piauí,51536000,7230637,1000,5.7,3.9,0.3,2.5,6838.64,7230.64,0.7481845262505679,0.7481845262505739,0.7628510952938693,0.9969999999999998,0.7481845262505681,0.7628510952938693,0.9807740080157432,Decrescente
2202802,PI,2017,4726,Conceição do Canindé,42541000,4806227,761,4.6,3.9,0.9,5.9,9001.48,6315.67,0.5801700120199675,0.5801700120198988,0.6246057112549894,0.9909999999999493,0.5801700120199675,0.6246057112549896,0.9288580004404068,Crescente
2202851,PI,2017,4608,Coronel José Dias,32213000,4543262,749,5.5,3.4,0.0,23.9,6990.67,6065.77,0.7658285062583525,0.765828506258356,0.8299749191757139,1.0,0.7658285062583519,0.8299749191757122,0.9227128297068686,Crescente
2202901,PI,2017,26205,Corrente,381064000,20377198,3943,3.5,2.6,3.9,7.2,14541.65,5167.94,0.3779056990745328,0.37790569907453897,0.3803172220466679,0.9609999999999993,0.3803172220466651,0.3779056990745321,0.9936591801992096,Crescente
2203008,PI,2017,8154,Cristalândia do Piauí,53740000,6412502,1340,3.1,3.2,7.9,8.9,6590.63,4785.45,0.7087831124944098,0.7087831124944256,0.7227741343835548,0.920999999999999,0.7227741343835542,0.7087831124944098,0.9806426084947303,Crescente
2203107,PI,2017,10253,Cristino Castro,99045000,12627194,1309,4.2,3.9,3.7,6.6,9660.1,9646.44,0.48846776711869855,0.48846776711870094,0.490818041304377,0.9630000000000056,0.49081804130437706,0.4884677671186991,0.9952115163097256,Crescente
2203206,PI,2017,11190,Curimatá,88835000,9606082,1548,3.5,2.8,2.6,12.9,7938.78,6205.48,0.5754433814423897,0.5754433814423902,0.5782728755573403,0.9740000000000258,0.5782728755573405,0.5754433814423894,0.9951069914662286,Crescente
2203230,PI,2017,4871,Currais,156454000,5446549,1028,4.0,2.9,4.6,11.2,32119.48,5298.2,0.18886768648037205,0.18886768648036747,0.1904955021995266,0.9540000000000027,0.1904955021995267,0.18886768648037205,0.9914548338393336,Crescente
2203255,PI,2017,4367,Curralinhos,26143000,4194282,623,4.0,3.3,1.8,3.9,5986.49,6732.39,0.7216445588398828,0.7216445588398797,0.7228992884284942,0.9820000000000054,0.7228992884284945,0.7216445588398821,0.9982643092769685,Crescente
2203271,PI,2017,5251,Curral Novo do Piauí,302333000,4953749,888,4.5,3.6,1.8,4.0,57576.27,5578.55,0.12833362861242462,0.1283336286124248,0.2129892909313692,0.9820000000000056,0.12833362861243325,0.21298929093136953,0.6025355925231805,Crescente
2203305,PI,2017,13595,Demerval Lobão,133283000,12427378,1638,5.1,4.6,1.3,2.3,9803.82,7586.92,0.5681531039117168,0.5681531039117181,0.5944130713801591,0.9870000000000034,0.5681531039117169,0.5944130713801591,0.955822022205081,Decrescente
2203404,PI,2017,6790,Dom Expedito Lopes,66929000,4608266,833,5.0,3.7,1.5,4.1,9857.0,5532.13,0.581961095172155,0.5819610951721526,0.5915050107094535,0.985000000000002,0.5819610951721549,0.5915050107094535,0.9838650301104779,Decrescente
2203420,PI,2017,4287,Domingos Mourão,31910000,4409534,723,7.1,5.9,0.0,1.0,7443.43,6098.94,0.9036736382351607,0.9036736382351951,1.0,1.0,0.9036736382351632,1.0,0.9036736382351607,Decrescente
2203453,PI,2017,9404,Dom Inocêncio,56718000,6599150,1160,5.8,4.5,0.0,0.2,6031.26,5688.92,0.900920535428663,0.9009205354286574,1.0,1.0,0.9009205354286668,1.0,0.900920535428663,Decrescente
2203503,PI,2017,14383,Elesbão Veloso,123746000,10305251,1442,3.8,4.2,1.2,2.4,8603.63,7146.5,0.6104499589953747,0.6104499589953771,0.6330324929659161,0.9880000000000004,0.6104499589953776,0.6330324929659161,0.9643264220692107,Decrescente
2203701,PI,2017,39078,Esperantina,338421000,28508457,5580,4.1,3.7,1.6,3.2,8660.14,5109.04,0.6200999557108595,0.6200999557108321,0.6535866849648789,0.9839999999999552,0.6200999557108593,0.6535866849648787,0.9487646703576605,Crescente
2203800,PI,2017,4393,Flores do Piauí,36028000,3786474,806,4.5,3.2,0.4,6.4,8201.23,4697.86,0.6600465981198876,0.6600465981198694,0.8093405285063924,0.9960000000000119,0.6600465981198875,0.8093405285063922,0.8155363223166137,Crescente
2203909,PI,2017,58969,Floriano,1019440000,34951892,4731,5.5,4.8,1.2,2.0,17287.73,7387.84,0.3911290316564927,0.39112903165652296,0.49806717578694004,0.9879999999999968,0.3911290316564931,0.49806717578693993,0.7852937327952071,Crescente
2204105,PI,2017,4288,Francisco Ayres,36426000,3889093,617,5.2,4.2,0.5,2.0,8494.87,6303.23,0.6469292626620282,0.646929262662082,0.7026757862740717,0.9949999999999842,0.6469292626620279,0.7026757862740715,0.9206653698604891,Crescente
2204154,PI,2017,3128,Francisco Macedo,23296000,3034602,407,4.7,3.7,0.4,5.6,7447.57,7456.02,0.6317016740978201,0.6317016740978205,0.669498897470265,0.9960000000000009,0.6317016740978202,0.6694988974702647,0.9435440095341999,Crescente
2204204,PI,2017,9154,Francisco Santos,62302000,6159025,931,5.6,4.8,0.9,3.7,6805.99,6615.49,0.7791699519394635,0.7791699519394213,0.7858705305067722,0.9910000000000063,0.7791699519394637,0.7858705305067722,0.9914736864315451,Decrescente
2204303,PI,2017,11432,Fronteiras,146169000,9113866,1267,5.8,4.7,1.0,0.4,12785.95,7193.26,0.4951428133122388,0.4951428133122683,0.6524729181719597,0.9959999999999982,0.49514281331223875,0.6524729181719598,0.7588710573604889,Crescente
2204352,PI,2017,5352,Geminiano,42711000,4357885,834,4.3,3.6,4.2,5.7,7980.38,5225.28,0.6409234242991984,0.6409234242992029,0.6425738045708997,0.9580000000000017,0.6425738045708997,0.6409234242991984,0.9974316097855818,Crescente
2204402,PI,2017,10522,Gilbués,185881000,10820628,1877,3.5,4.2,3.6,8.8,17665.94,5764.85,0.35681096409161217,0.35681096409161045,0.3676489805794512,0.9639999999999991,0.3568109640916117,0.36764898057945117,0.9705207492463129,Crescente
2204501,PI,2017,10335,Guadalupe,534632000,8509803,1336,4.5,4.1,0.1,0.9,51730.24,6369.61,0.13774351268503976,0.13774351268499901,0.3536039935147279,0.9989999999999937,0.13774351268504026,0.353603993514728,0.38954173372281964,Crescente
2204550,PI,2017,4489,Guaribas,30674000,6360229,912,4.3,3.0,1.6,8.6,6833.15,6973.94,0.6488216875929974,0.6488216875930038,0.6489856936286005,0.9840000000000017,0.6489856936286005,0.6488216875929974,0.9997472886733665,Crescente
2204600,PI,2017,3816,Hugo Napoleão,26749000,3268512,481,4.5,4.3,0.0,0.5,7009.7,6795.24,0.732922655948218,0.7329226559482152,0.824403777699662,1.0,0.7329226559482229,0.8244037776996622,0.8890335970964323,Crescente
2204659,PI,2017,9268,Ilha Grande,68249000,7789241,1421,4.2,3.6,1.5,3.0,7363.94,5481.52,0.6858304971682551,0.6858304971682593,0.71346388673151,0.9849999999999983,0.6858304971682552,0.7134638867315096,0.9612686919728373,Crescente
2204907,PI,2017,8428,Isaías Coelho,53763000,8137781,1234,4.6,4.0,1.0,0.6,6379.09,6594.64,0.7657622131059786,0.7657622131059785,0.8404528582006605,0.9940000000000005,0.7657622131059796,0.8404528582006611,0.9111304764260206,Crescente
2205003,PI,2017,11343,Itainópolis,79806000,10838987,2207,4.9,3.8,1.3,3.9,7035.7,4911.19,0.7642521167161136,0.764252116716104,0.7714177373469642,0.9869999999999978,0.7642521167161124,0.7714177373469671,0.9907111020606106,Crescente
2205102,PI,2017,10845,Itaueira,109043000,8157265,1513,4.4,3.4,1.4,8.0,10054.68,5391.45,0.5380314605516829,0.5380314605516844,0.5654854863124142,0.9860000000000007,0.538031460551683,0.5654854863124144,0.9514505209678118,Crescente
2205151,PI,2017,5656,Jacobina do Piauí,43091000,5796079,746,4.5,3.3,2.9,5.1,7618.64,7769.54,0.5970501598218564,0.5970501598218537,0.6002449185364486,0.9710000000000031,0.6002449185364486,0.5970501598218566,0.9946775747433534,Crescente
2205201,PI,2017,18782,Jaicós,160113000,13091998,2585,3.7,3.2,0.0,0.0,8524.81,5064.6,0.6314144976246945,0.6314144976247341,1.0,1.0,0.6314144976246945,1.0,0.6314144976246945,Decrescente
2205250,PI,2017,4430,Jardim do Mulato,29453000,4593777,610,4.1,3.4,2.3,4.7,6648.53,7530.78,0.6527264714727645,0.6527264714727716,0.6544764715126182,0.9770000000000043,0.6544764715126192,0.6527264714727645,0.9973261070244296,Crescente
2205276,PI,2017,4786,Jatobá do Piauí,40038000,6146262,910,5.0,4.6,0.7,3.7,8365.65,6754.13,0.654278078071451,0.6542780780714514,0.6919146613604474,0.9929999999999995,0.6542780780714511,0.6919146613604474,0.9456051657945864,Decrescente
2205359,PI,2017,2961,João Costa,25952000,4276819,433,4.1,4.9,0.0,1.1,8764.61,9877.18,0.590973243560331,0.5909732435600548,0.6255784012674348,1.0,0.5909732435603308,0.6255784012674347,0.944682940400447,Crescente
2205409,PI,2017,14123,Joaquim Pires,90565000,12170754,2234,5.3,4.5,1.1,4.8,6412.59,5447.97,0.8298585186308378,0.8298585186308434,0.8430928104893081,0.9890000000000004,0.8298585186308376,0.8430928104893084,0.9843026868527209,Crescente
2205458,PI,2017,5350,Joca Marques,34501000,6043926,1091,4.8,3.7,0.2,4.6,6448.79,5539.8,0.7778163785759914,0.7778163785759887,0.852768617290595,0.9980000000000017,0.7778163785759915,0.8527686172905952,0.9121071798435303,Crescente
2205508,PI,2017,38550,José de Freitas,319692000,32684230,5770,4.2,3.4,0.8,2.8,8292.92,5664.51,0.6108702745543412,0.6108702745543411,0.6816152276869377,0.9920000000000029,0.6108702745543412,0.6816152276869372,0.8962098405977964,Crescente
2205516,PI,2017,5391,Juazeiro do Piauí,41717000,5475668,826,5.8,4.4,0.8,2.0,7738.27,6629.14,0.7186068281222986,0.7186068281223039,0.7445007036475666,0.992000000000004,0.7186068281222984,0.7445007036475664,0.9652198105409371,Crescente
2205532,PI,2017,4683,Jurema,35274000,5876181,1010,3.1,2.8,1.2,5.1,7532.35,5818.0,0.6389492386598794,0.6389492386598783,0.6675374582266895,0.9880000000000004,0.6389492386598795,0.6675374582266893,0.9571736099383028,Crescente
2205540,PI,2017,2796,Lagoinha do Piauí,20212000,2823863,387,6.1,5.0,0.0,0.8,7228.9,7296.8,0.7516301357292297,0.7516301357292192,0.819008596958253,1.0,0.7516301357292294,0.8190085969582527,0.9177316801322198,Crescente
2205557,PI,2017,8395,Lagoa Alegre,58731000,7366869,1591,4.1,4.2,0.7,4.4,6995.95,4630.34,0.7855951366360684,0.7855951366360603,0.8805114627720074,0.9937375847194196,0.785595136636068,0.8805114627720073,0.892203190816931,Crescente
2205565,PI,2017,4582,Lagoa do Barro do Piauí,37309000,4691299,787,4.9,4.2,0.2,2.7,8142.51,5960.99,0.6647041478769692,0.6647041478769664,0.7771948719771138,0.9979999999999988,0.6647041478769696,0.7771948719771149,0.8552605940206754,Crescente
2205573,PI,2017,6646,Lagoa de São Francisco,39871000,6272500,1090,4.3,3.7,0.2,6.9,5999.25,5754.59,0.7833682499555656,0.7833682499555522,0.8671376494570087,0.9980000000000048,0.7833682499555653,0.8671376494570086,0.9033954994874246,Crescente
2205581,PI,2017,3996,Lagoa do Piauí,43751000,5003504,737,4.0,4.3,0.0,0.0,10948.7,6789.01,0.5265664138044773,0.5265664138044767,0.7807599214505843,1.0,0.5265664138044773,0.7807599214505835,0.6744280787699278,Crescente
2205599,PI,2017,5087,Lagoa do Sítio,45737000,3878245,694,4.1,3.1,1.2,5.6,8990.96,5588.25,0.5653315472751244,0.5653315472751337,0.6128259435460757,0.988000000000005,0.5653315472751242,0.6128259435460759,0.9224993707085437,Crescente
2205607,PI,2017,5217,Landri Sales,61797000,4686303,423,5.2,5.1,4.4,6.6,11845.31,11078.73,0.46110539468225603,0.4611053946822557,0.465824466549734,0.9560000000000003,0.4658244665497341,0.46110539468225603,0.9898694203367394,Crescente
2205706,PI,2017,29792,Luís Correia,286913000,24254860,4384,4.1,3.5,2.3,3.3,9630.54,5532.59,0.5481324962054978,0.5481324962055092,0.5894428247175726,0.9770000000000009,0.5481324962054981,0.5894428247175724,0.9299163094709509,Crescente
2205805,PI,2017,25082,Luzilândia,191741000,21155475,3592,3.8,3.4,3.5,9.6,7644.57,5889.61,0.6187169194176739,0.6187169194176646,0.6207958658206906,0.9650000000000082,0.6207958658206906,0.6187169194176739,0.9966511593947742,Crescente
2205854,PI,2017,8170,Madeiro,48645000,10203472,1434,4.7,3.8,0.8,4.2,5954.1,7115.39,0.7522361199111506,0.7522361199111387,0.754770263064216,0.9919999999999991,0.7522361199111505,0.754770263064216,0.9966424973570404,Decrescente
2205904,PI,2017,5266,Manoel Emídio,42411000,4047846,679,5.3,4.0,0.8,1.0,8053.74,5961.48,0.6928634962237583,0.6928634962237579,0.7905463814228811,0.9919999999999974,0.6928634962237606,0.790546381422881,0.8764362376521081,Crescente
2205953,PI,2017,8342,Marcolândia,62005000,9031307,1761,4.8,4.2,3.2,6.9,7432.87,5128.51,0.7218624747119589,0.7218624747119565,0.7245007699479135,0.9680000000000007,0.7245007699479133,0.7218624747119589,0.9963584645518814,Crescente
2206001,PI,2017,4478,Marcos Parente,39735000,3847521,667,4.0,3.4,0.7,3.9,8873.38,5768.4,0.5718980008056062,0.571898000805606,0.6557164314191191,0.9929999999999968,0.571898000805606,0.6557164314191191,0.8721727463316562,Decrescente
2206050,PI,2017,6338,Massapê do Piauí,38950000,5812317,971,4.4,3.0,2.4,9.1,6145.47,5985.91,0.7383758490360367,0.7383758490361146,0.7402323389243158,0.9759999999999919,0.740232338924316,0.7383758490360367,0.9974920173158377,Crescente
2206100,PI,2017,10759,Matias Olímpio,72096000,9643032,1620,4.1,3.5,1.8,3.0,6700.99,5952.49,0.7119767836751225,0.7119767836751172,0.7265017333155325,0.9820000000000015,0.7119767836751223,0.7265017333155324,0.9800069993307208,Crescente
2206209,PI,2017,33209,Miguel Alves,228090000,32535756,5896,3.6,3.1,1.3,3.5,6868.32,5518.28,0.7005890666921636,0.7005890666921687,0.7181501749602965,0.9869999999999987,0.7005890666921635,0.7181501749602963,0.9755467465156521,Crescente
2206407,PI,2017,10409,Monsenhor Gil,91040000,8887194,1597,5.8,4.5,0.5,3.4,8746.28,5564.93,0.6913916730881658,0.6913916730881714,0.7694748725982916,0.9950000000000008,0.6913916730881662,0.7694748725982912,0.8985240424466863,Crescente
2206506,PI,2017,7621,Monsenhor Hipólito,54391000,6755932,1149,4.6,4.4,1.3,4.9,7136.99,5879.84,0.7435587065040244,0.7435587065040219,0.747191718152537,0.9869999999999995,0.7435587065040248,0.7471917181525369,0.9951377784840879,Crescente
2206605,PI,2017,10448,Monte Alegre do Piauí,155127000,12723131,1923,3.7,4.0,4.1,3.6,14847.53,6616.29,0.3919855705434857,0.39198557054349537,0.42810523779091025,0.9639999999999995,0.3919855705434852,0.4281052377909103,0.9156289994632917,Crescente
2206670,PI,2017,6684,Morro do Chapéu do Piauí,44502000,7497702,1289,4.9,4.3,0.8,5.0,6657.99,5816.68,0.777220681298899,0.7772206812988977,0.8088722802049014,0.9919999999999993,0.7772206812988991,0.8088722802049011,0.9608694726218279,Crescente
2206696,PI,2017,8997,Murici dos Portelas,64738000,9617573,1505,4.3,2.6,2.3,9.1,7195.51,6390.41,0.6437000572652318,0.6437000572652305,0.6448738475568472,0.9769999999999992,0.6448738475568473,0.6437000572652318,0.998179814089124,Crescente
2206704,PI,2017,7231,Nazaré do Piauí,48553000,6656488,967,4.5,4.1,0.5,2.0,6714.56,6883.65,0.7308602380628455,0.7308602380628453,0.7567805324852255,0.9950000000000049,0.7308602380628475,0.7567805324852261,0.9657492584577206,Crescente
2206753,PI,2017,4786,Nossa Senhora de Nazaré,33373000,6191891,703,5.2,4.2,0.7,1.5,6973.05,8807.81,0.6665766765334953,0.6665766765334818,0.6919959453514156,0.9929999999999878,0.6665766765334952,0.6919959453514142,0.9632667373433645,Crescente
2206803,PI,2017,8547,Nossa Senhora dos Remédios,59819000,11974710,2018,3.6,3.2,0.0,0.0,6998.83,5933.95,0.7015044618906425,0.701504461890641,0.9085333554136128,1.0,0.7015044618906427,0.9085333554136112,0.7721284614490355,Crescente
2206951,PI,2017,2940,Novo Santo Antônio,22113000,3754873,496,4.8,3.3,0.0,0.9,7521.43,7570.31,0.64075826058086,0.640758260580835,0.7113261671752895,1.0,0.6407582605808589,0.7113261671752902,0.9007938835222975,Crescente
2207009,PI,2017,36432,Oeiras,401131000,28256645,4726,7.1,5.8,0.2,0.3,11010.4,5978.98,0.7101674255274203,0.7101674255274396,0.8504454666369865,0.9980173426323363,0.7101674255274204,0.8504454666369865,0.8350534553799391,Decrescente
2207108,PI,2017,2417,Olho D'Água do Piauí,20054000,3888103,406,5.3,4.4,0.4,1.3,8297.06,9576.61,0.5894018269667973,0.5894018269667977,0.6127749957596734,0.9960000000000014,0.5894018269667977,0.6127749957596738,0.9618568496518045,Crescente
2207306,PI,2017,4065,Paes Landim,35135000,4493950,739,4.0,4.2,1.8,6.4,8643.3,6081.12,0.6209368091888368,0.6209368091888332,0.6209972388529607,0.9820000000000009,0.6209972388529608,0.6209368091888368,0.9999026893191417,Crescente
2207355,PI,2017,3333,Pajeú do Piauí,27308000,2944223,421,6.8,5.6,0.0,1.0,8193.22,6993.4,0.7685726963433934,0.7685726963434197,0.8360239542496255,1.0,0.768572696343393,0.8360239542496252,0.9193189889316353,Crescente
2207405,PI,2017,4967,Palmeira do Piauí,71089000,4360249,757,4.6,4.1,4.0,7.2,14312.26,5759.91,0.40939418064249744,0.40939418064249755,0.41250468824603115,0.960000000000002,0.41250468824603087,0.40939418064249744,0.9924594612081633,Crescente
2207553,PI,2017,3886,Paquetá,33336000,4546213,441,4.2,3.5,1.1,2.7,8578.49,10308.87,0.5087886145568055,0.5087886145567924,0.5175182172486238,0.9889999999999959,0.5087886145568048,0.5175182172486238,0.9831317963293561,Decrescente
2207603,PI,2017,10613,Parnaguá,80971000,9065795,1608,3.5,2.7,3.5,12.2,7629.42,5637.93,0.6045916512951444,0.6045916512951414,0.6115468492670639,0.9650000000000015,0.6115468492670636,0.6045916512951444,0.9886268762887825,Crescente
2207702,PI,2017,150547,Parnaíba,2037877000,82662306,12855,4.6,3.8,2.8,4.8,13536.48,6430.36,0.4207898479688587,0.4207898479688499,0.42216822635209894,0.9720000000000169,0.42078984796885827,0.422168226352099,0.9967350020745269,Crescente
2207777,PI,2017,6288,Patos do Piauí,45467000,4838178,873,5.4,4.3,2.0,1.8,7230.76,5542.01,0.7679638502676351,0.767963850267644,0.8248543628555333,0.9819999999999997,0.7679638502676349,0.8248543628555324,0.9310296275927414,Crescente
2207801,PI,2017,20192,Paulistana,192247000,18505806,3159,4.8,3.7,1.8,7.3,9520.95,5858.12,0.5733113877222741,0.57331138772227,0.5739392794573469,0.9820000000000004,0.5733113877222742,0.5739392794573469,0.998905996230705,Decrescente
2207850,PI,2017,3623,Pavussu,27812000,3196317,529,3.9,3.4,2.8,3.7,7676.51,6042.19,0.6318412563700557,0.6318412563700639,0.6392021530264717,0.9719999999999985,0.6318412563700554,0.6392021530264718,0.9884842430183256,Crescente
2207900,PI,2017,38127,Pedro II,289648000,28022649,5632,4.5,3.9,0.0,0.3,7596.93,4975.61,0.7187982673010573,0.718798267301049,0.9518825542758058,1.0,0.7187982673010572,0.9518825542758057,0.755133355551327,Crescente
2207959,PI,2017,4302,Nova Santa Rita,32993000,4842489,773,4.2,3.6,0.7,1.9,7669.22,6264.54,0.6477281281322327,0.647728128132238,0.7098954655784057,0.9929999999999961,0.6477281281322329,0.7098954655784059,0.9124274763531268,Crescente
2208007,PI,2017,76928,Picos,1425827000,37230530,5865,4.4,3.6,4.0,6.1,18534.56,6347.92,0.3171208166472986,0.31712081664730085,0.31756124505731975,0.9599999999999964,0.3175612450573202,0.31712081664729863,0.9986130914370811,Crescente
2208106,PI,2017,11935,Pimenteiras,79991000,8108074,1355,3.8,3.4,1.6,4.2,6702.22,5983.82,0.6979429466386056,0.6979429466385972,0.6983746207500561,0.9839999999999991,0.6983746207500559,0.6979429466386057,0.9993818874589302,Crescente
2208205,PI,2017,18125,Pio IX,134289000,15343791,2106,4.8,3.9,0.3,3.0,7409.05,7285.75,0.653637927605324,0.6536379276053175,0.6964329073377686,0.9970000000000134,0.6536379276053234,0.6964329073377684,0.938551180908387,Crescente
2208304,PI,2017,28312,Piracuruca,260367000,16849224,2949,5.7,4.4,0.3,3.9,9196.35,5713.54,0.6555202066843996,0.6555202066844015,0.7598973586408856,0.9969999999999991,0.6555202066843997,0.7598973586408857,0.8626430915049241,Crescente
2208403,PI,2017,62733,Piripiri,657240000,42218422,7756,4.6,4.3,0.8,1.7,10476.78,5443.32,0.564253289921313,0.5642532899213127,0.7136244764190709,0.9919999999999993,0.564253289921313,0.7136244764190709,0.7906865705513711,Decrescente
2208502,PI,2017,12358,Porto,80877000,13143649,2068,3.8,2.9,0.0,1.1,6544.51,6355.73,0.7115671348658769,0.7115671348658882,0.8203064012462778,1.0,0.7115671348658762,0.8203064012462782,0.8674406706869588,Crescente
2208551,PI,2017,2664,Porto Alegre do Piauí,22698000,2818550,469,4.7,4.0,0.8,6.5,8520.27,6009.7,0.6173898524468464,0.6173898524468421,0.6731648234652855,0.9920000000000007,0.6173898524468462,0.6731648234652851,0.9171451491904711,Crescente
2208650,PI,2017,8842,Queimada Nova,68303000,6977503,1363,4.1,3.3,0.5,3.6,7724.84,5119.22,0.6556535162408558,0.6556535162408526,0.7749891510436391,0.9950000000000049,0.6556535162408555,0.7749891510436391,0.8460163801750257,Decrescente
2208700,PI,2017,8634,Redenção do Gurguéia,67413000,7207886,1376,3.6,3.3,1.9,8.9,7807.85,5238.29,0.6225995695573588,0.6225995695573588,0.6291770542710781,0.9809999999999909,0.6225995695573591,0.6291770542710778,0.9895458922586752,Crescente
2208809,PI,2017,17698,Regeneração,157687000,11398842,2333,4.3,3.6,0.6,4.0,8909.88,4885.92,0.6040820042693031,0.6040820042693061,0.7338824042973247,0.9940000000000008,0.6040820042693028,0.7338824042973245,0.8231318815276647,Crescente
2208858,PI,2017,4246,Riacho Frio,35147000,6947141,962,4.0,3.7,0.7,7.0,8277.67,7221.56,0.5822036494615082,0.5822036494615109,0.6187717535522347,0.9929999999999995,0.582203649461508,0.6187717535522348,0.9409021115123679,Crescente
2208874,PI,2017,4403,Ribeira do Piauí,111343000,5929926,634,4.5,2.9,0.3,4.1,25287.99,9353.2,0.23495885373610195,0.23495885373610198,0.3591385746616808,0.9969999999999993,0.23495885373610206,0.3591385746616808,0.65422895314835,Decrescente
2208908,PI,2017,7214,Ribeiro Gonçalves,346829000,6470919,988,4.9,4.3,2.9,4.8,48077.21,6549.51,0.15907264794238318,0.15907264794237566,0.24681980391248964,0.9709999999999989,0.15907264794237685,0.24681980391248984,0.6444889973204202,Crescente
2209005,PI,2017,6331,Rio Grande do Piauí,44690000,4138405,681,3.7,3.3,2.0,3.2,7058.92,6076.95,0.6702490252338665,0.6702490252338539,0.6906347789576052,0.9799999999999961,0.6702490252338671,0.6906347789576054,0.970482584507969,Crescente
2209104,PI,2017,6140,Santa Cruz do Piauí,48960000,4281084,674,4.1,3.4,2.3,2.9,7973.94,6351.76,0.6095422525853382,0.60954225258534,0.6441538007379436,0.9770000000000036,0.6095422525853378,0.6441538007379438,0.9462681922966932,Crescente
2209153,PI,2017,3952,Santa Cruz dos Milagres,32598000,3509806,565,5.1,4.9,0.0,0.5,8248.48,6212.05,0.7067203619240174,0.7067203619240167,0.8604235417568934,1.0,0.7067203619240161,0.8604235417568931,0.8213633491256754,Crescente
2209203,PI,2017,6156,Santa Filomena,213171000,6578529,1060,4.4,4.0,1.1,2.9,34628.17,6206.16,0.19197568098238071,0.1919756809823809,0.3449443824063352,0.9889999999999991,0.19197568098238085,0.34494438240633507,0.5565409694257277,Crescente
2209302,PI,2017,5761,Santa Luz,45876000,4566794,853,4.4,4.2,1.6,2.5,7963.2,5353.8,0.6940757633357568,0.694075763335767,0.7325126939445111,0.9839999999999999,0.6940757633357572,0.7325126939445114,0.947527283927634,Crescente
2209351,PI,2017,4559,Santana do Piauí,32726000,3748951,615,5.2,4.4,0.6,2.9,7178.33,6095.86,0.7400879100459171,0.7400879100459158,0.7818151596629923,0.9940000000000017,0.7400879100459169,0.7818151596629924,0.946627730223264,Crescente
2209377,PI,2017,5175,Santa Rosa do Piauí,35823000,4417190,786,4.9,4.5,0.2,0.3,6922.32,5619.83,0.7960318152758119,0.7960318152758233,0.9268235302432907,0.9980000000000003,0.7960318152758118,0.9268235302432917,0.858881749653954,Crescente
2209450,PI,2017,2125,Santo Antônio dos Milagres,12993000,2332204,321,4.2,3.1,1.5,2.5,6114.35,7265.43,0.7044816068273932,0.7044816068273938,0.7295481843820638,0.9849999999999994,0.7044816068273931,0.7295481843820634,0.9656409568397428,Crescente
2209500,PI,2017,3731,Santo Inácio do Piauí,27386000,3854637,515,6.0,5.3,0.0,2.6,7340.12,7484.73,0.7512385676064968,0.7512385676064968,0.8152057668625092,1.0,0.7512385676064969,0.8152057668625095,0.921532450019087,Crescente
2209559,PI,2017,4377,São Braz do Piauí,27904000,4117071,594,5.5,4.6,0.7,3.1,6375.14,6931.1,0.7904007173675691,0.7904007173675607,0.7974657697693562,0.9929999999999968,0.7904007173675697,0.7974657697693567,0.9911406198615516,Crescente
2209609,PI,2017,2901,São Félix do Piauí,24218000,3054504,383,5.6,4.7,0.0,1.5,8348.16,7975.21,0.6392278817579091,0.6392278817579076,0.7033619599612806,1.0,0.639227881757909,0.7033619599612801,0.9088178180592792,Crescente
2209658,PI,2017,5657,São Francisco de Assis do Piauí,39059000,5253201,1061,4.7,4.2,1.2,3.3,6904.54,4951.18,0.7849868783970156,0.7849868783970132,0.8057878167223556,0.9880000000000004,0.7849868783970153,0.8057878167223553,0.9741855884469061,Crescente
2209708,PI,2017,6324,São Francisco do Piauí,48066000,7890974,939,4.7,4.2,3.0,8.1,7600.57,8403.59,0.6182688744886308,0.6182688744886338,0.6203559070111763,0.9699999999999993,0.6203559070111762,0.618268874488631,0.996635749738242,Crescente
2209757,PI,2017,2988,São Gonçalo do Gurguéia,28734000,3849985,527,4.0,3.8,0.7,2.1,9616.47,7305.47,0.5369204220907047,0.5369204220907098,0.5852750859867037,0.9929999999999891,0.5369204220907047,0.5852750859867044,0.9173813048705484,Crescente
2209807,PI,2017,4931,São Gonçalo do Piauí,35346000,3245847,528,4.3,4.3,1.2,1.5,7168.12,6147.44,0.7377171287435703,0.7377171287435776,0.7823816910865422,0.9879999999999972,0.7377171287435708,0.7823816910865421,0.9429120557755596,Crescente
2209856,PI,2017,4534,São João da Canabrava,32463000,4530985,692,5.0,4.5,0.2,2.7,7159.9,6547.67,0.7355033850877419,0.7355033850877364,0.7956213516285502,0.9980000000000008,0.7355033850877415,0.7956213516285502,0.9244389728634691,Decrescente
2209872,PI,2017,5938,São João da Fronteira,44499000,6297168,1021,4.4,3.8,2.5,6.3,7493.94,6167.65,0.6597686671652642,0.6597686671652649,0.6610274549147269,0.9749999999999986,0.6610274549147268,0.6597686671652643,0.9980957103368344,Crescente
2209906,PI,2017,6050,São João da Serra,47054000,4855721,789,5.8,4.8,0.2,0.8,7777.52,6154.27,0.737173539326345,0.7371735393263378,0.8281229657243113,0.9980000000000017,0.7371735393263452,0.8281229657243129,0.8901740077713964,Crescente
2209955,PI,2017,4762,São João da Varjota,29829000,4213033,723,4.5,3.2,0.0,5.4,6263.96,5827.15,0.7558591700730517,0.7558591700730444,0.8590730780644568,1.0,0.755859170073052,0.8590730780644568,0.8798543329701913,Decrescente
2209971,PI,2017,7847,São João do Arraial,46382000,8336396,1629,4.5,3.6,2.1,5.2,5910.79,5117.49,0.8150355858135565,0.8150355858135542,0.8167821651454876,0.9789999999999978,0.8167821651454874,0.8150355858135564,0.9978616338523748,Crescente
2210102,PI,2017,3689,São José do Peixe,32442000,4195786,607,4.4,4.4,0.3,0.4,8794.25,6912.33,0.6252694796644878,0.6252694796644843,0.7303750446246455,0.9969999999999996,0.6252694796644878,0.7303750446246454,0.8560937072895561,Crescente
2210201,PI,2017,6602,São José do Piauí,51981000,4504916,757,4.0,3.9,1.3,5.6,7873.52,5951.01,0.6519720385713655,0.6519720385713683,0.6654151550810696,0.9869999999999978,0.6519720385713654,0.6654151550810701,0.9797973995526653,Crescente
2210300,PI,2017,6261,São Julião,43991000,5014680,709,4.5,3.8,2.8,7.4,7026.19,7072.89,0.6617509782937947,0.6617509782937794,0.6636554535086038,0.9719999999999799,0.6636554535086042,0.6617509782937945,0.9971303253748003,Crescente
2210359,PI,2017,4501,São Lourenço do Piauí,29905000,4507200,625,3.7,3.9,2.7,5.9,6644.08,7211.52,0.6956376000886692,0.6956376000886586,0.6978127337707816,0.9730000000000004,0.6978127337707816,0.6956376000886692,0.9968829263542404,Crescente
2210383,PI,2017,2413,São Miguel da Baixa Grande,20291000,2794132,357,4.5,3.5,2.5,1.2,8409.03,7826.7,0.5705745254135886,0.5705745254135853,0.6367980883101036,0.988,0.5705745254135886,0.6367980883101042,0.8960053993374019,Crescente
2210391,PI,2017,2991,São Miguel do Fidalgo,23516000,3559418,450,5.2,3.4,0.0,1.6,7862.25,7909.82,0.6349480866100137,0.6349480866100111,0.6756013795586485,1.0,0.6349480866100145,0.6756013795586483,0.9398265098641562,Crescente
2210409,PI,2017,17395,São Miguel do Tapuio,121266000,14242353,2543,5.9,4.6,0.1,0.0,6971.31,5600.61,0.829139587594234,0.8291395875942241,1.0,1.0,0.8291395875942346,1.0,0.829139587594234,Decrescente
2210508,PI,2017,14056,São Pedro do Piauí,102648000,11834944,2023,3.7,3.6,1.6,3.7,7302.79,5850.19,0.67601687501742,0.6760168750174208,0.6801291300002404,0.9839999999999987,0.6760168750174199,0.6801291300002399,0.993953714373594,Crescente
2210607,PI,2017,34109,São Raimundo Nonato,407818000,21462651,3630,3.8,3.1,3.3,7.1,11956.32,5912.58,0.43633391452024956,0.4363339145202499,0.43847481352303663,0.9670000000000014,0.4384748135230366,0.4363339145202497,0.9951173957163344,Crescente
2210623,PI,2017,3421,Sebastião Barros,35080000,4362256,789,4.3,3.2,1.2,0.8,10254.31,5528.84,0.5357121755315514,0.535712175531546,0.7587107872531802,0.9919999999999995,0.5357121755315516,0.7587107872531802,0.7060821917018366,Decrescente
2210631,PI,2017,4224,Sebastião Leal,123309000,5704758,721,6.3,3.8,1.2,4.8,29192.47,7912.29,0.2940309460729947,0.2940309460730168,0.3631022723072815,0.988000000000002,0.29403094607299335,0.3631022723072814,0.8097744588724743,Crescente
2210656,PI,2017,9880,Sigefredo Pacheco,61780000,8254846,1380,4.6,4.6,1.7,3.5,6253.04,5981.77,0.8353703926922446,0.8353703926922436,0.8358598521658377,0.9829999999999995,0.8358598521658379,0.8353703926922453,0.9994144239942558,Crescente
2210706,PI,2017,14398,Simões,464217000,14358496,2343,5.0,4.0,0.5,4.4,32241.77,6128.25,0.22874374990997132,0.22874374990997257,0.38481191412024335,0.9950000000000037,0.22874374990997406,0.38481191412024324,0.59443000987359,Crescente
2210805,PI,2017,12488,Simplício Mendes,132454000,9036658,1585,5.4,4.7,1.7,3.5,10606.5,5701.36,0.5837801167827525,0.5837801167827592,0.6095502332446182,0.9829999999999995,0.5837801167827522,0.6095502332446181,0.9577227354590744,Crescente
2210938,PI,2017,6612,Sussuapara,48243000,4349410,677,4.5,3.2,1.1,6.0,7296.28,6424.53,0.6575302484088893,0.6575302484088891,0.6672195216941501,0.9890000000000007,0.6575302484088892,0.6672195216941504,0.9854781328030412,Crescente
2210953,PI,2017,2870,Tamboril do Piauí,21916000,3288493,450,4.6,4.7,1.1,1.1,7636.24,7307.76,0.7000166334590863,0.7000166334590897,0.7410012555301867,0.9890000000000017,0.7000166334590863,0.7410012555301864,0.944690212377878,Crescente
2210979,PI,2017,2719,Tanque do Piauí,27097000,3088134,439,6.3,4.7,0.0,2.1,9965.8,7034.47,0.6221377110620541,0.6221377110621108,0.7177514467702347,1.0,0.622137711062054,0.7177514467702348,0.8667871222852604,Crescente
2211001,PI,2017,850198,Teresina,19117641000,448825383,58677,6.8,6.0,0.0,0.1,22486.1,7649.09,0.3973443551768626,0.3973443551771554,0.7302458922760037,1.0,0.3973443551768629,0.7302458922760037,0.5441240538011577,Decrescente
2211100,PI,2017,43761,União,338820000,36835077,5810,4.7,4.0,1.5,3.4,7742.51,6339.94,0.6630088839944744,0.6630088839944723,0.6700931222362639,0.9850000000000009,0.6630088839944744,0.6700931222362638,0.9894279794752292,Crescente
2211209,PI,2017,21188,Uruçuí,1261586000,20891182,3166,4.2,3.4,5.1,9.0,59542.48,6598.6,0.11319862044301636,0.11319862044301673,0.12275216550809606,0.9490000000000046,0.11319862044301515,0.12275216550809627,0.9221720853107915,Crescente
2211308,PI,2017,20588,Valença do Piauí,223659000,15504437,2426,4.3,4.1,1.7,1.6,10863.56,6390.95,0.5209010797452106,0.5209010797452122,0.6257698689163331,0.9839999999999971,0.5209010797452108,0.6257698689163331,0.8324163652162937,Decrescente
2211357,PI,2017,4873,Várzea Branca,34735000,5378319,918,3.9,3.3,1.2,5.2,7128.05,5858.74,0.6633179345544633,0.6633179345544624,0.6857167736916371,0.9880000000000075,0.6633179345544632,0.6857167736916373,0.9673351447761924,Crescente
2211407,PI,2017,4325,Várzea Grande,30919000,4053222,581,4.3,3.1,0.0,0.5,7148.9,6976.29,0.6543394934269781,0.6543394934269889,0.7675281719839235,1.0,0.6543394934269776,0.7675281719839235,0.8525283075090613,Decrescente
2211506,PI,2017,3029,Vera Mendes,24082000,4463704,525,5.1,3.4,3.1,11.1,7950.48,8502.29,0.5911436742412021,0.5911436742412011,0.5959100958583323,0.9690000000000005,0.5959100958583322,0.5911436742412021,0.9920014417438845,Crescente
2211605,PI,2017,2931,Vila Nova do Piauí,28812000,3063199,342,5.2,5.2,0.0,1.4,9830.09,8956.72,0.5771842837699395,0.5771842837699372,0.6392057243473628,1.0,0.5771842837699394,0.6392057243473624,0.9029710808038398,Crescente
2300101,CE,2017,11605,Abaiara,92951000,9217697,1100,5.8,4.5,0.3,1.5,8009.56,8379.72,0.6499110769128162,0.6499110769128198,0.6719448337190101,0.9969999999999958,0.6499110769128155,0.6719448337190107,0.9672089795166015,Crescente
2300150,CE,2017,16543,Acarape,150071000,10138409,1917,5.4,4.7,0.0,4.8,9071.57,5288.68,0.6650649785059807,0.6650649784942895,0.9055762850320577,1.0,0.6650649785059809,0.9055762850320576,0.7344107719013834,Crescente
2300200,CE,2017,62199,Acaraú,634060000,45443322,8619,6.3,5.1,0.1,0.8,10194.05,5272.46,0.6885381947416624,0.6885381947416211,0.8880244252887683,0.9990000000000006,0.6885381947416627,0.8880244252887669,0.775359522929522,Crescente
2300309,CE,2017,53572,Acopiara,396748000,52010595,5882,6.0,5.2,0.0,0.5,7405.88,8842.33,0.707745663974439,0.7077456639743093,0.7677016848004105,1.0,0.7077456639744389,0.7677016848004103,0.9219019288181464,Crescente
2300408,CE,2017,17194,Aiuaba,104668000,13645795,2071,6.1,4.8,0.1,2.4,6087.47,6588.99,0.8644774363802997,0.8644774363803799,0.9041777670294927,0.9990000000000043,0.8644774363802995,0.9041777670294919,0.9560923392535728,Crescente
2300507,CE,2017,11459,Alcântaras,69284000,9443200,1567,7.3,4.9,0.0,2.0,6046.25,6026.29,1.0,1.0,1.0,1.0,1.0,1.0,1.0,Constante
2300606,CE,2017,7479,Altaneira,53087000,7476647,1054,7.1,5.4,0.0,0.6,7098.14,7093.59,0.8411681517230696,0.8411681517230855,0.8748378485001171,1.0,0.8411681517230685,0.8748378485001168,0.9615132143233478,Crescente
2300705,CE,2017,16976,Alto Santo,145319000,11292375,1988,5.4,4.6,0.5,2.2,8560.26,5680.27,0.6751555775015026,0.675155577501501,0.7743165043215063,0.994999999999999,0.6751555775015023,0.7743165043215062,0.8719374748354443,Crescente
2300754,CE,2017,42901,Amontada,431415000,41488129,6824,5.7,5.0,1.1,2.8,10056.06,6079.74,0.630575483482478,0.6305754834824843,0.6638346998377166,0.9889999999999984,0.6305754834824783,0.6638346998377164,0.9498983461344078,Crescente
2300804,CE,2017,7278,Antonina do Norte,57873000,6260982,1140,5.7,4.4,0.3,7.3,7951.77,5492.09,0.7360462369809453,0.7360462369809434,0.8264008600460248,0.9969999999999991,0.7360462369809448,0.8264008600460251,0.8906648971056887,Crescente
2300903,CE,2017,14719,Apuiarés,114655000,17435743,1692,5.3,4.6,0.2,3.7,7789.59,10304.81,0.6045549738460863,0.6045549738460875,0.619808011345597,0.9980000000000021,0.6045549738460863,0.6198080113455969,0.9753907061214059,Crescente
2301000,CE,2017,79128,Aquiraz,2205947000,68447350,10068,5.6,4.3,0.3,2.9,27878.21,6798.51,0.2808758987882415,0.2808758987882403,0.44259753924594697,0.9970000000000011,0.28087589878824204,0.4425975392459469,0.63460790872622,Crescente
2301109,CE,2017,73629,Aracati,1275711000,67911043,8747,6.1,4.7,0.4,2.0,17326.2,7763.92,0.4114402227847856,0.41144022278474446,0.5076177535622326,0.9960000000000007,0.41144022278478504,0.5076177535622327,0.8105315858192184,Crescente
2301208,CE,2017,26269,Aracoiaba,205049000,20988911,3513,5.6,4.6,0.2,3.5,7805.74,5974.64,0.7206197671352597,0.7206197671352497,0.8195139791952125,0.9979999999999997,0.7206197671352597,0.8195139791952122,0.8793257777529677,Crescente
2301257,CE,2017,10823,Ararendá,78721000,11520518,1611,8.3,5.4,0.4,3.3,7273.49,7151.16,0.931719525227869,0.9317195252278685,0.9317312924570772,0.996,0.9317195252278688,0.9317312924570773,0.9999873705763631,Crescente
2301307,CE,2017,21398,Araripe,161910000,24313777,3696,6.0,5.0,0.4,1.3,7566.6,6578.4,0.7471089476026062,0.7471089476026046,0.8022694952779653,0.9960000000000004,0.7471089476026062,0.8022694952779645,0.931244366138778,Crescente
2301406,CE,2017,11244,Aratuba,148415000,12879647,1901,5.9,5.3,0.1,1.2,13199.48,6775.2,0.5365086029394689,0.5365086029394638,0.6997487511094073,0.9989999999999997,0.5365086029394691,0.6997487511094075,0.7667160564257793,Crescente
2301505,CE,2017,7777,Arneiroz,53342000,7412556,1083,5.4,4.4,0.3,2.6,6858.94,6844.47,0.7413393532765744,0.7413393532765772,0.7850798325953418,0.9969999999999964,0.7413393532765737,0.7850798325953414,0.9442853102286825,Crescente
2301604,CE,2017,23254,Assaré,219085000,17581958,2794,6.0,4.8,0.1,1.6,9421.39,6292.76,0.6508116447066776,0.6508116447066852,0.7632554071055823,0.9989999999999974,0.6508116447066774,0.7632554071055827,0.852678721497285,Crescente
2301703,CE,2017,24496,Aurora,194773000,16681883,2920,5.2,4.8,1.6,5.5,7951.22,5712.97,0.7200918843487684,0.7200918843487778,0.7204447113146062,0.9839999999999994,0.7204447113146062,0.7200918843487684,0.9995102650345035,Crescente
2301802,CE,2017,6228,Baixio,45673000,6018557,793,5.5,4.3,0.5,6.2,7333.49,7589.61,0.6845661844534126,0.68456618445344,0.706718156612464,0.9950000000000055,0.6845661844534121,0.7067181566124641,0.968655153469902,Crescente
2301851,CE,2017,18027,Banabuiú,165116000,15934925,2731,5.7,4.4,0.3,4.5,9159.37,5834.83,0.6537169803720653,0.6537169803720659,0.7521337253517799,0.9969999999999993,0.6537169803720649,0.7521337253517802,0.8691499374879325,Crescente
2301901,CE,2017,59811,Barbalha,926510000,78423585,7200,6.2,5.3,0.6,2.7,15490.63,10892.16,0.41133280836448505,0.4113328083644856,0.43866741308606455,0.9939999999999997,0.4113328083644852,0.43866741308606466,0.9376871773326445,Crescente
2301950,CE,2017,20978,Barreira,164954000,18121282,2965,5.9,4.6,0.2,4.0,7863.19,6111.73,0.733306474014914,0.7333064740149093,0.8061608541253078,0.9980000000000012,0.7333064740149139,0.8061608541253081,0.9096279858571878,Crescente
2302008,CE,2017,22440,Barro,179641000,14469313,2448,5.3,5.2,0.8,2.3,8005.39,5910.67,0.7666768860820204,0.7666768860820219,0.8004031532267258,0.9919999999999993,0.7666768860820197,0.8004031532267258,0.9578634004517071,Decrescente
2302057,CE,2017,14880,Barroquinha,102556000,13109605,2491,7.2,5.3,0.2,1.1,6892.2,5262.79,0.9744354990681177,0.974435499068122,1.0,1.0,0.974435499068118,1.0,0.9744354990681177,Decrescente
2302107,CE,2017,35351,Baturité,368450000,21441815,4085,5.0,4.0,0.7,4.0,10422.62,5248.91,0.5649094027604761,0.5649094027604875,0.6721512216447015,0.9930000000000112,0.5649094027604759,0.6721512216447013,0.8404498639133421,Crescente
2302206,CE,2017,53110,Beberibe,798724000,43538677,7266,6.3,5.3,0.2,1.1,15039.05,5992.11,0.5150953223707876,0.5150953223707968,0.7130069491225522,0.9979999999999997,0.5150953223707876,0.7130069491225522,0.7224267912180651,Decrescente
2302305,CE,2017,32378,Bela Cruz,239169000,23474611,3676,6.6,5.6,0.0,0.7,7386.77,6385.91,0.8398716837008984,0.8398716837008835,0.9225532233835568,1.0,0.8398716837008967,0.9225532233835565,0.910377485453451,Crescente
2302404,CE,2017,54049,Boa Viagem,404589000,35438089,7087,5.6,4.8,0.5,2.9,7485.6,5000.44,0.7854771155405634,0.7854771155405688,0.8997226459118092,0.9949999999999997,0.7854771155405638,0.8997226459118095,0.8730213906581561,Crescente
2302503,CE,2017,48830,Brejo Santo,591211000,48428836,5106,7.9,6.3,0.0,0.1,12107.54,9484.69,0.6169328364448252,0.6169328364448501,0.742180315728838,1.0,0.616932836444825,0.7421803157288379,0.8312438680605306,Crescente
2302602,CE,2017,62985,Camocim,663652000,61743536,8304,6.6,5.3,0.2,1.5,10536.67,7435.4,0.6206007458853644,0.6206007458853434,0.683613453264681,0.9979999999999972,0.6206007458853645,0.6836134532646813,0.9078240677119627,Crescente
2302701,CE,2017,27209,Campos Sales,225833000,29632430,3338,5.9,4.7,0.4,2.1,8299.94,8877.3,0.6258842150717417,0.6258842150717371,0.6412683321686228,0.9959999999999947,0.6258842150717414,0.6412683321686228,0.9760098599522988,Decrescente
2302800,CE,2017,77514,Canindé,713727000,82891439,9552,5.2,4.7,1.1,2.5,9207.72,8677.91,0.5786183811311473,0.5786183811311452,0.5894433744145571,0.9890000000000017,0.5786183811311472,0.5894433744145572,0.9816352278212283,Crescente
2302909,CE,2017,17668,Capistrano,148379000,15422790,2348,5.7,4.4,0.2,2.1,8398.18,6568.48,0.6746463337307993,0.6746463337307952,0.7379172746607097,0.9980000000000008,0.6746463337307992,0.7379172746607101,0.9142574064836713,Crescente
2303006,CE,2017,22320,Caridade,126878000,15113791,2609,5.5,4.6,1.1,2.7,5684.5,5792.94,0.9057954786531736,0.9057954786531759,0.912231511040804,0.9890000000000002,0.9057954786531714,0.9122315110408039,0.992944737920435,Crescente
2303105,CE,2017,18660,Cariré,141115000,14372306,2278,7.2,5.2,0.0,1.3,7562.43,6309.18,0.8504659970683208,0.850465997068335,0.8901252466331787,1.0,0.8504659970683218,0.8901252466331788,0.9554453154599698,Crescente
2303204,CE,2017,26892,Caririaçu,199735000,21984789,4093,5.4,4.7,0.1,1.2,7427.3,5371.31,0.7746390331427164,0.7746390331427131,0.9151047069285851,0.9989999999999997,0.7746390331427161,0.915104706928585,0.8465031676458957,Crescente
2303303,CE,2017,18804,Cariús,138687000,11477112,2030,5.9,4.4,0.2,0.9,7375.4,5653.75,0.7914520184346064,0.7914520184347452,0.8797461924824598,0.9979999999999957,0.7914520184346079,0.879746192482459,0.8996367647824589,Crescente
2303402,CE,2017,17631,Carnaubal,119644000,14401357,2458,5.7,4.8,0.2,1.6,6786.0,5858.97,0.8164866316780858,0.8164866316780884,0.8918807024549152,0.9980000000000001,0.816486631678086,0.8918807024549158,0.9154661934389811,Crescente
2303501,CE,2017,71079,Cascavel,896071000,54555560,8630,6.5,5.1,0.2,1.2,12606.69,6321.62,0.578150866849038,0.5781508668490157,0.7114282886560931,0.9980000000000006,0.5781508668490369,0.7114282886560934,0.812662184042724,Crescente
2303600,CE,2017,20451,Catarina,111491000,11092606,1388,5.6,4.2,0.0,2.1,5451.62,7991.79,0.8271241522588043,0.8271241522588773,0.9042116969687145,1.0,0.8271241522588042,0.9042116969687142,0.9147461319419568,Crescente
2303659,CE,2017,10365,Catunda,85801000,12361621,1288,8.2,5.8,0.1,0.3,8277.95,9597.53,0.7618313190562743,0.7618313190562838,0.8833273126234923,0.9990000000000001,0.7618313190562745,0.8833273126234927,0.8624564282900147,Crescente
2303709,CE,2017,362223,Caucaia,5862516000,206275748,38469,5.1,4.3,2.1,4.6,16184.83,5362.13,0.406847798031452,0.40684779803146054,0.4208877165784001,0.978999999999999,0.40684779803146265,0.42088771657839924,0.9666421280690124,Crescente
2303808,CE,2017,25063,Cedro,187814000,18214529,2909,5.5,4.5,0.7,2.3,7493.68,6261.44,0.7266444932307269,0.7266444932307351,0.7586081597793187,0.9929999999999984,0.7266444932307272,0.7586081597793187,0.9578653799902572,Decrescente
2303907,CE,2017,12952,Chaval,92311000,11220997,1909,5.9,4.6,0.5,2.0,7127.16,5877.94,0.7967697808923871,0.7967697808923955,0.8337816519531781,0.9949999999999981,0.7967697808923874,0.833781651953178,0.9556096359591403,Crescente
2303931,CE,2017,13384,Choró,83643000,10688355,1863,5.4,4.4,0.2,3.1,6249.48,5737.17,0.8354450504290202,0.8354450504290197,0.9064585929762263,0.9979999999999986,0.8354450504290202,0.9064585929762263,0.9216582609537151,Decrescente
2303956,CE,2017,19197,Chorozinho,268126000,18504631,2868,6.0,4.6,0.7,3.9,13967.08,6452.1,0.49649033332683884,0.4964903333268394,0.5589210220269174,0.9929999999999991,0.49649033332683906,0.5589210220269177,0.8883014124720613,Crescente
2304004,CE,2017,23107,Coreaú,150373000,21228150,2956,7.9,5.4,0.1,1.1,6507.68,7181.38,0.9518300118096583,0.9518300118096586,0.9518615047650993,0.9990000000000001,0.9518615047650996,0.9518300118096589,0.9999669143512124,Crescente
2304103,CE,2017,74426,Crateús,745345000,48444575,8384,5.7,4.6,0.4,2.4,10014.58,5778.22,0.6163296498293154,0.6163296498293119,0.7286646321190098,0.996,0.6163296498293152,0.7286646321190099,0.8458344520400063,Crescente
2304202,CE,2017,130604,Crato,1537775000,69897872,11748,5.3,4.2,1.6,3.7,11774.33,5949.77,0.5159164205007535,0.5159164205007427,0.5320878048041886,0.983999999999964,0.515916420500753,0.5320878048041879,0.9696076772340492,Crescente
2304236,CE,2017,17874,Croatá,131525000,15320641,2597,6.3,4.7,0.0,0.6,7358.45,5899.36,0.813538711989879,0.8135387119899156,0.9038934846287418,1.0,0.8135387119898784,0.9038934846287418,0.9000382521000532,Decrescente
2304251,CE,2017,23983,Cruz,229864000,20542183,3765,7.7,6.4,0.1,0.2,9584.46,5456.09,0.8783841001025209,0.8783841001025173,1.0,1.0,0.878384100102471,1.0,0.8783841001025209,Decrescente
2304269,CE,2017,9521,Deputado Irapuan Pinheiro,66828000,7830668,1137,8.6,5.1,0.0,0.0,7019.01,6887.13,1.0,1.0,1.0,1.0,1.0,1.0,1.0,Constante
2304277,CE,2017,7163,Ererê,52315000,6422206,829,6.4,4.3,0.4,2.7,7303.5,7746.93,0.7441061228946589,0.7441061228946689,0.7471818248297333,0.9959999999999823,0.7441061228946694,0.747181824829733,0.9958835964247722,Crescente
2304285,CE,2017,52667,Eusébio,2956704000,74427709,8976,6.6,5.2,0.0,0.7,56139.59,8291.86,0.18124550799727102,0.181245507997259,0.39435393446831135,1.0,0.1812455079972722,0.3943539344683111,0.45960111502788914,Crescente
2304301,CE,2017,18720,Farias Brito,194785000,14177046,2527,6.8,5.5,0.0,0.9,10405.18,5610.23,0.7177522332254018,0.7177522332253856,0.9355593926081026,1.0,0.7177522332254024,0.9355593926081024,0.7671904519332443,Crescente
2304350,CE,2017,24047,Forquilha,208815000,24226954,2695,7.6,5.5,0.0,0.0,8683.62,8989.59,0.7107802594578411,0.7107802594578406,0.7839930909264624,1.0,0.7107802594578402,0.7839930909264624,0.9066154634320769,Decrescente
2304400,CE,2017,2627482,Fortaleza,61592347000,1156169536,150986,6.0,4.9,0.7,2.3,23441.59,7657.46,0.3316062581838087,0.3316062581837973,0.43637136577482,0.9929999999999959,0.3316062581838082,0.4363713657748201,0.7599175477405795,Crescente
2304459,CE,2017,16272,Fortim,157617000,13870479,2164,6.9,5.0,0.0,0.5,9686.39,6409.65,0.7103987712035382,0.7103987712035288,0.8449563054538103,1.0,0.7103987712035384,0.84495630545381,0.8407520798628709,Crescente
2304509,CE,2017,13669,Frecheirinha,250155000,14050076,2002,7.9,6.1,0.1,2.0,18300.9,7018.02,0.5319229956134512,0.5319229956134037,0.7448161287885573,0.9989999999999846,0.531922995613458,0.744816128788558,0.7141668595155471,Crescente
2304608,CE,2017,6922,General Sampaio,53075000,7667997,1300,5.7,5.2,0.0,0.2,7667.58,5898.46,0.7878212661254769,0.7878212661254953,1.0,1.0,0.7878212661254769,1.0,0.7878212661254769,Decrescente
2304657,CE,2017,15307,Graça,96013000,22447467,2076,6.6,5.2,0.3,1.0,6272.49,10812.85,0.7710413198507221,0.7710413198507171,0.8401015692489099,0.9969999999999991,0.7710413198507218,0.8401015692489096,0.9177953572209955,Crescente
2304707,CE,2017,54365,Granja,367695000,48329409,8308,7.7,5.1,0.1,1.9,6763.45,5817.21,0.9985231542925636,0.9985231542925631,1.0,1.0,0.9985231542925641,1.0,0.9985231542925636,Decrescente
2304806,CE,2017,4425,Granjeiro,38618000,6779588,841,5.1,5.0,0.6,2.7,8727.23,8061.34,0.6312248966613215,0.6312248966613219,0.6560060446157554,0.9940000000000012,0.6312248966613211,0.6560060446157554,0.9622242079050521,Decrescente
2304905,CE,2017,11012,Groaíras,77900000,9226172,1311,7.8,5.9,0.0,0.0,7074.1,7037.51,0.9102693799000902,0.9102693799000786,1.0,1.0,0.9102693799000893,1.0,0.9102693799000902,Decrescente
2304954,CE,2017,26331,Guaiúba,209217000,21692315,3435,5.5,4.2,0.1,3.6,7945.65,6315.08,0.6936427462445066,0.6936427462445084,0.7699513954686826,0.9989999999999999,0.6936427462445063,0.7699513954686826,0.9008916021540222,Decrescente
2305001,CE,2017,39445,Guaraciaba do Norte,450310000,48458173,6098,6.2,4.8,0.2,2.0,11416.15,7946.57,0.5404739445007427,0.5404739445007397,0.6044954933236679,0.9980000000000001,0.5404739445007427,0.6044954933236676,0.8940909410739877,Crescente
2305100,CE,2017,3547,Guaramiranga,61763000,5734704,877,6.2,5.0,0.0,1.3,17412.74,6539.0,0.4420893758672508,0.4420893758672198,0.6673478905906551,1.0,0.4420893758672537,0.6673478905906549,0.6624571413209489,Crescente
2305209,CE,2017,20215,Hidrolândia,143185000,17003404,2506,6.2,4.6,0.9,4.5,7083.11,6785.08,0.7795817646541093,0.7795817646542118,0.779980208169066,0.9910000000000018,0.77958176465411,0.7799802081690653,0.9994891620187492,Crescente
2305233,CE,2017,65928,Horizonte,1597151000,54010118,9191,6.8,5.2,0.3,0.7,24225.69,5876.41,0.3929782985851806,0.39297829858512434,0.601257062484834,0.997,0.39297829858518235,0.6012570624848339,0.653594482468292,Crescente
2305266,CE,2017,13218,Ibaretama,95306000,12804993,1963,4.8,4.2,1.7,4.2,7210.32,6523.18,0.7045202044916067,0.7045202044916087,0.7051577903166998,0.9830000000000008,0.7051577903166999,0.7045202044916068,0.9990958253119394,Crescente
2305308,CE,2017,24825,Ibiapina,233072000,17196991,3209,6.3,5.0,0.1,2.9,9388.6,5358.99,0.715633924998767,0.7156339249987391,0.88041758493486,0.9990000000000072,0.7156339249987669,0.8804175849348606,0.8128346562406691,Crescente
2305332,CE,2017,12350,Ibicuitinga,92929000,11571677,2430,6.0,4.6,2.1,4.9,7524.62,4762.01,0.8188606051633663,0.8188606051633645,0.8211058895351019,0.9797549027543496,0.8211058895351026,0.8188606051633663,0.9972655361502683,Crescente
2305357,CE,2017,19685,Icapuí,278155000,19332479,2934,5.9,5.0,0.8,2.1,14130.3,6589.12,0.49241627910515884,0.4924162791051394,0.5813353005271799,0.9919999999999928,0.4924162791051592,0.5813353005271802,0.8470434853321561,Crescente
2305407,CE,2017,67486,Icó,559456000,46661659,8305,4.5,4.1,2.1,5.7,8289.96,5618.5,0.6475359200550463,0.6475359200550486,0.6479996358699446,0.9790000000000003,0.6479996358699447,0.6475359200550462,0.999284388772417,Crescente
2305506,CE,2017,102614,Iguatu,1502169000,53679507,9328,5.8,4.6,0.2,1.0,14639.03,5754.66,0.4845481559344633,0.48454815593445943,0.7008127000871095,0.997999999999984,0.48454815593446343,0.7008127000871093,0.6914089254864174,Crescente
2305605,CE,2017,25967,Independência,230528000,19291901,2733,6.9,5.5,0.0,0.8,8877.73,7058.87,0.7300366651034964,0.7300366651034912,0.8098846636649393,1.0,0.7300366651034961,0.8098846636649394,0.901408185456791,Crescente
2305654,CE,2017,11499,Ipaporanga,78959000,10319155,1682,7.0,5.1,0.0,0.6,6866.6,6135.05,0.8977867049507864,0.8977867049507864,0.9427463565034826,1.0,0.8977867049507856,0.9427463565034826,0.9523099174634359,Decrescente
2305704,CE,2017,12349,Ipaumirim,102851000,8417748,1478,4.2,4.0,2.5,5.7,8328.69,5695.36,0.635959709777246,0.6359597097772441,0.6369378939610078,0.9749999999999973,0.6369378939610082,0.635959709777246,0.9984642393033353,Crescente
2305803,CE,2017,41576,Ipu,378323000,29744994,4847,6.6,4.2,0.7,4.8,9099.55,6136.78,0.7171544301069039,0.7171544301069037,0.730733897320344,0.9929999999999995,0.7171544301069036,0.7307338973203437,0.9814166726584918,Crescente
2305902,CE,2017,37896,Ipueiras,248518000,31554659,5748,5.3,4.5,0.4,3.2,6557.9,5489.68,0.820673241156687,0.820673241156692,0.887146165450869,0.9960000000000004,0.8206732411566872,0.8871461654508688,0.9250710571911238,Crescente
2306009,CE,2017,14125,Iracema,141423000,14081408,1514,5.9,4.6,0.0,0.8,10012.25,9300.8,0.5488222410631693,0.5488222410631663,0.5980623705595185,1.0,0.5488222410631682,0.598062370559519,0.9176672335190016,Crescente
2306108,CE,2017,23858,Irauçuba,168328000,20834896,3793,6.3,5.1,0.0,1.0,7055.41,5492.99,0.8562220286004847,0.8562220286004885,0.968062288558348,1.0,0.8562220286004849,0.9680622885583484,0.8844699754553838,Crescente
2306207,CE,2017,7738,Itaiçaba,69654000,7558633,928,6.9,5.9,0.0,0.0,9001.55,8145.08,0.7121506495729673,0.7121506495729738,0.8546450004310118,1.0,0.7121506495729693,0.8546450004310123,0.833270713821315,Crescente
2306256,CE,2017,39310,Itaitinga,663650000,30590665,5844,5.6,4.5,0.4,2.1,16882.47,5234.54,0.4359997203176964,0.4359997203176906,0.646198141564689,0.9959999999999969,0.43599972031769696,0.646198141564689,0.6747152185581606,Decrescente
2306306,CE,2017,51945,Itapagé,550017000,32729770,6622,5.8,5.1,0.1,0.9,10588.45,4942.58,0.6616233279376336,0.6616233279375887,0.9173697800940726,0.9990000000000017,0.6616233279376331,0.9173697800940727,0.7212177055470333,Crescente
2306405,CE,2017,127465,Itapipoca,1560337000,93075545,17639,6.0,5.0,0.4,0.8,12241.3,5276.69,0.5865284085910222,0.5865284085910619,0.8072221868826793,0.9959999999999993,0.5865284085910222,0.8072221868826795,0.7266009509179503,Crescente
2306504,CE,2017,20014,Itapiúna,135105000,14762340,2486,5.2,4.4,0.7,3.8,6750.52,5938.19,0.7766839129291014,0.7766839129291081,0.8110417338107765,0.9930000000000013,0.7766839129291017,0.811041733810776,0.9576374193221343,Crescente
2306553,CE,2017,41230,Itarema,770373000,39879092,5858,6.3,4.8,0.2,2.1,18684.77,6807.63,0.4222520987695607,0.4222520987695834,0.5716482469237256,0.997999999999999,0.42225209876955977,0.5716482469237261,0.7386572092923803,Crescente
2306603,CE,2017,20675,Itatira,130468000,29818280,3828,7.2,5.7,0.0,0.1,6310.42,7789.52,0.8771669444397634,0.8771669444397618,1.0,1.0,0.8771669444397633,1.0,0.8771669444397634,Decrescente
2306702,CE,2017,17958,Jaguaretama,149931000,12466258,2119,5.7,4.4,0.7,3.0,8348.98,5883.09,0.6965027415705412,0.6965027415705463,0.7332443954111783,0.9929999999999995,0.6965027415705415,0.7332443954111779,0.9498916676750954,Crescente
2306801,CE,2017,11295,Jaguaribara,130346000,9734442,1596,5.7,4.8,0.2,3.2,11540.15,6099.27,0.5577491583957899,0.557749158395793,0.7128745379904994,0.9979999999999972,0.5577491583957896,0.7128745379904993,0.7823945570675203,Crescente
2306900,CE,2017,34448,Jaguaribe,511615000,28489624,4527,6.4,5.2,0.2,1.6,14851.81,6293.27,0.5141261891526575,0.5141261891527663,0.6794913187949971,0.9980000000000017,0.5141261891526576,0.679491318794997,0.7566339332552527,Crescente
2307007,CE,2017,33740,Jaguaruana,404008000,20409391,3302,6.3,4.7,0.1,1.6,11974.16,6180.92,0.5828119824521489,0.5828119824521941,0.7251647486555409,0.9989999999999926,0.5828119824521493,0.7251647486555411,0.8036959649964857,Crescente
2307106,CE,2017,27076,Jardim,194304000,22908397,4453,5.5,4.5,1.0,4.4,7176.24,5144.49,0.7882651293257776,0.7882651293257814,0.8212266227887445,0.9900000000000003,0.7882651293257777,0.8212266227887444,0.9598630968014221,Crescente
2307205,CE,2017,7847,Jati,90501000,9415285,1083,7.7,4.7,0.4,1.0,11533.2,8693.71,0.6251719512296107,0.6251719512296018,0.6383385178929413,0.9960000000000002,0.625171951229611,0.6383385178929415,0.9793736923368005,Crescente
2307254,CE,2017,19510,Jijoca de Jericoacoara,310187000,19802419,3206,8.2,6.7,0.0,0.5,15898.87,6176.67,0.6335850198093032,0.6335850198091878,1.0,1.0,0.6335850198093078,1.0,0.6335850198093032,Decrescente
2307304,CE,2017,270383,Juazeiro do Norte,4428414000,192556131,22591,5.0,4.3,1.1,4.9,16378.3,8523.58,0.35606166008019235,0.3560616600801924,0.4024353234804192,0.9889999999999995,0.35606166008019235,0.40243532348041916,0.884767413061137,Crescente
2307403,CE,2017,24597,Jucás,187388000,18700642,3137,6.2,4.8,0.0,0.4,7618.33,5961.31,0.7850282034432391,0.7850282034432421,0.917172231213357,1.0,0.7850282034432392,0.9171722312133563,0.8559223412212336,Crescente
2307502,CE,2017,31335,Lavras da Mangabeira,249151000,21695615,3841,4.6,4.1,1.9,2.3,7951.2,5648.43,0.6801740414819654,0.6801740414819548,0.7192739477829538,0.9810000000000008,0.6801740414819657,0.7192739477829523,0.9456397573949291,Crescente
2307601,CE,2017,58915,Limoeiro do Norte,916986000,28449128,5475,5.5,5.0,0.2,2.9,15564.56,5196.19,0.47974568817276947,0.4797456881726738,0.7420446822489337,0.9980000000000019,0.47974568817276975,0.7420446822489339,0.6465185987436659,Crescente
2307635,CE,2017,19800,Madalena,139510000,15012951,2456,5.2,4.9,1.4,4.4,7045.96,6112.77,0.7820020539169245,0.7820020539169222,0.7825388569285229,0.9860000000000023,0.7825388569285228,0.7820020539169246,0.9993140238253403,Crescente
2307650,CE,2017,224804,Maracanaú,8540212000,191040368,29072,5.8,4.9,0.6,1.7,37989.59,6571.28,0.22919456918009767,0.22919456918008255,0.4116886103907059,0.9939999999999972,0.2291945691800935,0.41168861039070576,0.5567182656877113,Crescente
2307700,CE,2017,126486,Maranguape,1368102000,66422549,11543,5.8,4.8,0.1,0.7,10816.23,5754.36,0.5986942206745328,0.5986942206745507,0.8051435251749877,0.9990000000000012,0.5986942206745332,0.8051435251749879,0.7435869530769862,Crescente
2307809,CE,2017,26981,Marco,312089000,24200237,4759,6.1,4.4,0.0,1.2,11566.99,5085.15,0.6199956620454787,0.6199956620454989,0.8522507646651042,1.0,0.6199956620454801,0.8522507646651044,0.7274803235748446,Crescente
2307908,CE,2017,11082,Martinópole,77394000,11849717,1884,7.3,5.8,0.0,0.7,6983.76,6289.66,0.9273217230843314,0.9273217230843309,0.9791047901220713,1.0,0.9273217230843319,0.9791047901220721,0.9471118234124012,Crescente
2308005,CE,2017,38210,Massapê,255896000,45613363,4821,6.5,4.8,0.2,0.7,6697.1,9461.39,0.7387563860719195,0.7387563860718769,0.819047613219423,0.9980000000000001,0.7387563860719191,0.8190476132194229,0.9019700126688563,Crescente
2308104,CE,2017,46548,Mauriti,371102000,34313877,5775,6.0,4.5,0.2,2.2,7972.46,5941.8,0.741590880144848,0.7415908801448399,0.808306302439182,0.9980000000000001,0.741590880144848,0.8083063024391822,0.9174626968848189,Crescente
2308203,CE,2017,14948,Meruoca,96490000,13404596,2107,7.9,5.8,0.0,0.6,6455.04,6361.93,1.0,1.0,1.0,1.0,1.0,1.0,1.0,Constante
2308302,CE,2017,28231,Milagres,222861000,18165537,3088,4.8,4.9,0.7,0.9,7894.19,5882.62,0.7387495852870184,0.7387495852870224,0.8392079926514394,0.9929999999999991,0.7387495852870192,0.8392079926514394,0.8802937909980728,Decrescente
2308351,CE,2017,13136,Milhã,126516000,10911614,1559,8.4,6.6,0.0,0.2,9631.24,6999.11,0.8444129988237906,0.8444129988234943,1.0,1.0,0.8444129988237914,1.0,0.8444129988237906,Decrescente
2308377,CE,2017,13583,Miraíma,86790000,13899376,2173,5.2,4.3,0.5,2.7,6389.6,6396.4,0.7864546843451179,0.7864546843451186,0.8159298348329389,0.9949999999999983,0.7864546843451169,0.8159298348329386,0.9638753858119969,Crescente
2308401,CE,2017,35409,Missão Velha,616402000,30154840,4826,4.9,4.4,0.3,2.3,17408.06,6248.41,0.3713573398706921,0.37135733987069314,0.5755985315558168,0.997,0.37135733987069225,0.5755985315558166,0.6451672815546107,Crescente
2308500,CE,2017,43735,Mombaça,318434000,32512226,5637,5.9,4.7,0.8,3.4,7280.99,5767.65,0.785274165328481,0.7852741653285504,0.8117127484500604,0.9920000000000011,0.7852741653284807,0.8117127484500601,0.967428646190339,Crescente
2308609,CE,2017,17038,Monsenhor Tabosa,126566000,21058149,1871,5.7,4.9,0.2,1.4,7428.45,11255.02,0.6314543534337158,0.6314543534337003,0.6726126587579507,0.9979999999999983,0.631454353433716,0.6726126587579508,0.9388083099710939,Crescente
2308708,CE,2017,61548,Morada Nova,842433000,39738335,7202,5.4,4.4,0.8,4.6,13687.41,5517.68,0.4787579351209626,0.4787579351209574,0.584198596118946,0.992,0.47875793512096276,0.5841985961189455,0.8195122999293974,Crescente
2308807,CE,2017,8636,Moraújo,62690000,8493327,1254,6.4,4.9,0.0,2.7,7259.15,6772.99,0.7854173385981306,0.7854173385981212,0.8385270786175263,1.0,0.7854173385981301,0.8385270786175263,0.9366630591024474,Decrescente
2308906,CE,2017,22222,Morrinhos,147899000,18681043,3127,6.4,5.8,0.0,0.8,6655.52,5974.11,0.9501346929907382,0.9501346929907117,1.0,1.0,0.9501346929907377,1.0,0.9501346929907382,Decrescente
2309003,CE,2017,14377,Mucambo,96768000,13158885,1891,6.8,5.2,0.2,1.6,6730.75,6958.69,0.8480089246324933,0.8480089246324908,0.8655939114317951,0.9979999999999997,0.8480089246325161,0.8655939114317946,0.9796844841824105,Crescente
2309102,CE,2017,12831,Mulungu,125254000,7713240,1311,5.4,4.3,2.1,2.9,9761.83,5883.48,0.6039422127014478,0.6039422127014473,0.6347634392699464,0.979000000000005,0.6039422127014473,0.6347634392699464,0.9514445466425308,Decrescente
2309201,CE,2017,15433,Nova Olinda,141025000,12023265,2029,7.0,5.4,0.0,0.1,9137.89,5925.71,0.7718264519095328,0.7718264519095772,1.0,1.0,0.7718264519095324,1.0,0.7718264519095328,Decrescente
2309300,CE,2017,32035,Nova Russas,272470000,19984596,3628,5.8,4.8,0.8,4.3,8505.38,5508.43,0.7096623908031472,0.7096623908031414,0.7679308504054063,0.9919999999999998,0.7096623908031472,0.7679308504054063,0.924122778019013,Decrescente
2309409,CE,2017,28353,Novo Oriente,212351000,20086428,3739,7.6,5.6,0.1,0.2,7489.54,5372.14,0.9753432939804427,0.9753432939804613,1.0,1.0,0.9753432939800756,1.0,0.9753432939804427,Decrescente
2309458,CE,2017,25394,Ocara,172265000,19086704,3555,5.8,4.7,0.3,1.4,6783.69,5368.97,0.8426639050732365,0.8426639050732483,0.9182677672249095,0.9969999999999984,0.8426639050732363,0.9182677672249097,0.9176668670619302,Crescente
2309508,CE,2017,21292,Orós,181332000,15337516,2645,5.9,4.5,0.3,2.3,8516.44,5798.68,0.7060913086290823,0.706091308629087,0.785780261497572,0.9970000000000011,0.7060913086290822,0.785780261497572,0.8985862119816865,Decrescente
2309607,CE,2017,70911,Pacajus,1064432000,41767867,8299,6.0,4.7,0.6,3.9,15010.82,5032.88,0.513503139520883,0.5135031395208772,0.6294063637309517,0.9939999999999999,0.5135031395208828,0.6294063637309519,0.8158531103450789,Crescente
2309706,CE,2017,82824,Pacatuba,1035916000,41735351,7289,5.6,4.8,0.2,1.4,12507.44,5725.8,0.5342048902068871,0.5342048902068857,0.7419425100414347,0.9980000000000006,0.5342048902068862,0.7419425100414345,0.7200084682801822,Crescente
2309805,CE,2017,11960,Pacoti,165597000,8777116,1423,5.1,4.5,0.1,1.1,13845.9,6168.04,0.45225562823303195,0.4522556282330341,0.687147325755708,0.9990000000000006,0.4522556282330319,0.687147325755708,0.6581639937776839,Decrescente
2309904,CE,2017,6202,Pacujá,47602000,6135080,869,6.9,5.0,0.5,2.1,7675.27,7059.93,0.7829387788299448,0.7829387788299439,0.7848735248862467,0.9949999999999997,0.7829387788299441,0.7848735248862465,0.9975349581875852,Crescente
2310001,CE,2017,9285,Palhano,76962000,6547156,1148,6.1,5.5,0.0,0.9,8288.85,5703.1,0.80413918857491,0.8041391885749218,0.9593013504370173,1.0,0.804139188574912,0.9593013504370178,0.8382550365519428,Crescente
2310100,CE,2017,13145,Palmácia,100907000,7533833,1342,5.5,5.1,0.1,1.2,7676.45,5613.88,0.78701932526408,0.787019325264118,0.9113574950450241,0.9989999999999997,0.7870193252640793,0.9113574950450246,0.8635681711546123,Crescente
2310209,CE,2017,33894,Paracuru,475887000,47017892,5034,5.6,4.9,0.1,0.7,14040.45,9340.07,0.42813863769581517,0.4281386376958126,0.5296433600455912,0.9989999999999983,0.42813863769581517,0.5296433600455911,0.8083526954042459,Crescente
2310258,CE,2017,32515,Paraipaba,357111000,25309818,4106,5.9,4.9,0.0,0.8,10982.96,6164.11,0.5900143154262488,0.590014315426245,0.781075787832479,1.0,0.590014315426249,0.781075787832479,0.7553867686304366,Decrescente
2310308,CE,2017,31137,Parambu,204761000,23391229,4486,6.1,5.1,0.6,2.4,6576.13,5214.27,0.894229943771913,0.8942299437721078,0.9512910648075422,0.9959996452861043,0.8942299437719153,0.9512910648075426,0.9400171796555522,Crescente
2310407,CE,2017,11578,Paramoti,95832000,21484651,1687,5.1,4.3,1.4,4.8,8277.08,12735.42,0.5226308665041723,0.5226308665041708,0.5427091353199014,0.986,0.5226308665041721,0.5427091353199015,0.9630036284465824,Crescente
2310506,CE,2017,42841,Pedra Branca,281948000,29993799,5016,7.3,5.0,0.4,1.4,6581.27,5979.63,0.9549805298515047,0.9549805298514948,0.9572121378569287,0.9960000000000004,0.9549805298515047,0.957212137856929,0.9976686379986569,Crescente
2310605,CE,2017,8956,Penaforte,107363000,10099604,1386,6.7,4.4,0.9,4.2,11987.83,7286.87,0.5779927064189725,0.5779927064189734,0.5882020359922514,0.9909999999999998,0.5779927064189732,0.5882020359922508,0.9826431583902008,Crescente
2310704,CE,2017,37077,Pentecoste,405039000,28888395,4635,6.6,4.6,0.5,2.3,10924.27,6232.66,0.6420046294252718,0.6420046294252715,0.6871905137945157,0.9950000000000001,0.6420046294252718,0.6871905137945158,0.9342454771097795,Crescente
2310803,CE,2017,16163,Pereiro,315992000,14996806,2543,6.2,4.8,0.2,1.7,19550.33,5897.29,0.41996165079472647,0.4199616507947027,0.6152937428361525,0.9979999999999881,0.41996165079472614,0.6152937428361525,0.682538471558224,Decrescente
2310852,CE,2017,20644,Pindoretama,221102000,18217942,2870,6.2,5.0,0.1,1.2,10710.23,6347.71,0.6142093871129632,0.6142093871129788,0.7509423320811812,0.998999999999995,0.6142093871129631,0.7509423320811811,0.8179181820935933,Crescente
2310902,CE,2017,16731,Piquet Carneiro,122367000,11425246,1754,6.9,5.3,0.0,1.3,7313.79,6513.82,0.8348551002584008,0.8348551002583998,0.8836015457791745,1.0,0.8348551002583944,0.8836015457791748,0.9448320956955907,Crescente
2310951,CE,2017,10784,Pires Ferreira,57106000,10397444,1371,7.5,6.1,0.0,1.2,5295.44,7583.84,1.0,1.0,1.0,1.0,1.0,1.0,1.0,Constante
2311009,CE,2017,12243,Poranga,77866000,12252038,1769,5.7,5.0,0.2,2.5,6360.04,6925.97,0.8256352052492718,0.8256352052492694,0.8627285359662111,0.9979999999999977,0.8256352052492717,0.8627285359662109,0.9570046321982422,Crescente
2311108,CE,2017,14921,Porteiras,136554000,14831464,2331,6.5,4.6,0.0,1.7,9151.8,6362.7,0.6960322177642495,0.6960322177642243,0.7927371230540389,1.0,0.6960322177642498,0.7927371230540384,0.8780113829951203,Crescente
2311207,CE,2017,10918,Potengi,94830000,9822369,1419,5.3,5.4,1.2,1.8,8685.66,6922.04,0.7121710375052427,0.7121710375052459,0.7455165591517817,0.9879999999999993,0.712171037505242,0.7455165591517808,0.9552719235579714,Crescente
2311231,CE,2017,6356,Potiretama,53937000,5105550,828,5.9,5.0,0.7,1.3,8486.0,6166.12,0.7001640707946789,0.7001640707943211,0.7794402481477625,0.9930000000000007,0.7001640707946786,0.7794402481477628,0.89829088561763,Crescente
2311264,CE,2017,20860,Quiterianópolis,166934000,17300713,2570,6.4,4.6,0.2,2.3,8002.59,6731.79,0.7382725467576654,0.7382725467576754,0.7694692170420137,0.9980000000000017,0.7382725467576654,0.7694692170420139,0.9594568962689967,Crescente
2311306,CE,2017,86605,Quixadá,937401000,47146956,9278,5.1,4.6,0.8,2.4,10823.87,5081.59,0.582832911415671,0.5828329114156697,0.7151638618901858,0.9920000000000002,0.5828329114156711,0.7151638618901858,0.8149641536349967,Decrescente
2311355,CE,2017,14860,Quixelô,127331000,11919413,2210,5.8,4.6,0.7,1.0,8568.71,5393.4,0.7143402219546059,0.7143402219546073,0.8375528872618111,0.9929999999999974,0.714340221954606,0.8375528872618109,0.8528896894976734,Crescente
2311405,CE,2017,78658,Quixeramobim,1037971000,55313543,9988,7.4,5.7,0.3,1.5,13196.0,5538.0,0.6705546779929027,0.6705546779928652,0.8368471626376145,0.9969999999999976,0.6705546779929006,0.8368471626376148,0.8012869110763509,Crescente
2311504,CE,2017,21876,Quixeré,382897000,16063665,2371,5.9,4.9,0.0,2.8,17503.06,6775.06,0.4149279921110177,0.4149279921110203,0.6411591073673717,1.0,0.41492799211101805,0.6411591073673717,0.6471529256048952,Decrescente
2311603,CE,2017,27441,Redenção,335447000,17038199,3861,5.8,4.5,0.1,1.1,12224.3,4412.9,0.5959837796798519,0.5959837796798406,0.8935644349908465,0.9990000000000094,0.5959837796798516,0.893564434990847,0.6669734787351481,Crescente
2311702,CE,2017,18769,Reriutaba,190648000,16361360,2444,7.5,4.9,0.7,3.6,10157.6,6694.5,0.736601898102143,0.736601898102142,0.7690904162015842,0.993,0.736601898102143,0.7690904162015842,0.9577572188977509,Decrescente
2311801,CE,2017,76475,Russas,1129464000,49182418,8880,6.7,5.9,0.1,0.4,14769.06,5538.56,0.5809231975549404,0.5809231975551126,0.8292089785144879,0.9989999999999999,0.5809231975549408,0.8292089785144878,0.7005751416194904,Crescente
2311900,CE,2017,15678,Saboeiro,129449000,13056116,2444,5.6,5.0,0.1,0.6,8256.73,5342.11,0.7502683446040395,0.750268344604044,0.9294795389336248,0.9989999999999999,0.7502683446040397,0.9294795389336256,0.8071918887690728,Crescente
2311959,CE,2017,16331,Salitre,118073000,15501081,3187,6.7,4.8,0.4,2.7,7229.99,4863.85,0.9170905399404395,0.9170905399404419,0.9594681227666549,0.9972361603739135,0.9170905399404398,0.9594681227666549,0.9558322138894846,Decrescente
2312007,CE,2017,32023,Santana do Acaraú,213896000,26144383,4242,5.7,4.5,0.8,3.5,6679.45,6163.22,0.8004041147647737,0.8004041147647631,0.8117031195954164,0.9919999999999976,0.8004041147647735,0.8117031195954165,0.9860798799981518,Crescente
2312106,CE,2017,17489,Santana do Cariri,132741000,22635667,2688,5.4,4.4,1.2,5.0,7589.97,8421.01,0.6413020914682885,0.6413020914682969,0.641556415321944,0.9879999999999968,0.641556415321944,0.6413020914682885,0.9996035830246857,Crescente
2312205,CE,2017,43360,Santa Quitéria,444169000,34139884,5476,5.7,4.9,0.3,2.2,10243.75,6234.46,0.6052840493409477,0.6052840493409234,0.7238176743093562,0.9969999999999987,0.6052840493409478,0.7238176743093557,0.8362382832368531,Crescente
2312304,CE,2017,46648,São Benedito,475176000,39499039,5924,5.2,4.5,0.4,1.3,10186.42,6667.63,0.5663951771660474,0.5663951771660497,0.6724650172288801,0.9959999999999989,0.5663951771660473,0.6724650172288799,0.842267125656693,Crescente
2312403,CE,2017,48265,São Gonçalo do Amarante,3083998000,65062612,7543,6.5,5.6,0.0,0.2,63897.19,8625.56,0.15898313973266984,0.15898313973266986,0.4949058562551528,1.0,0.1589831397326661,0.49490585625515265,0.3212391563431102,Crescente
2312502,CE,2017,7621,São João do Jaguaribe,94531000,4631865,782,6.5,4.9,0.0,3.0,12404.02,5923.1,0.5980981429519338,0.5980981429519652,0.7839839906165352,1.0,0.598098142951933,0.7839839906165353,0.7628958628116648,Crescente
2312601,CE,2017,12849,São Luís do Curu,96095000,8768862,1623,4.8,4.0,1.5,6.2,7478.79,5402.87,0.7009432321033559,0.7009432321033535,0.7068165270548284,0.9850000000000009,0.7009432321033556,0.7068165270548288,0.9916904957274478,Crescente
2312700,CE,2017,26447,Senador Pompeu,315027000,18419691,2684,5.6,4.1,0.3,1.4,11911.63,6862.78,0.5146934661025889,0.5146934661025804,0.6297347716549248,0.9970000000000455,0.514693466102588,0.629734771654925,0.8173178443838973,Crescente
2312809,CE,2017,7513,Senador Sá,49705000,6145363,1149,6.9,5.0,0.0,0.9,6615.87,5348.44,0.9552037327108187,0.9552037327108135,1.0,1.0,0.9552037327108188,1.0,0.9552037327108187,Decrescente
2312908,CE,2017,205529,Sobral,4456661000,142274817,21551,9.1,7.2,0.0,0.1,21683.85,6601.77,0.5543204380490249,0.5543204380490914,1.0,1.0,0.5543204380507432,1.0,0.5543204380490249,Decrescente
2313005,CE,2017,18158,Solonópole,183440000,12225673,1954,6.3,4.8,0.1,0.5,10102.43,6256.74,0.6425214477754446,0.6425214477754455,0.7781692847009292,0.9989999999999966,0.6425214477754446,0.7781692847009288,0.8256833833044213,Crescente
2313104,CE,2017,30489,Tabuleiro do Norte,330487000,17804743,2923,6.1,5.3,0.2,1.3,10839.55,6091.26,0.6351802307934216,0.6351802307934534,0.7735475682531947,0.9979999999999997,0.6351802307934212,0.7735475682531947,0.8211262718177361,Decrescente
2313203,CE,2017,25525,Tamboril,201168000,23883505,3765,5.9,4.5,0.5,4.1,7881.21,6343.56,0.7227540373800743,0.7227540373800645,0.7576671532895803,0.9949999999999941,0.7227540373800736,0.7576671532895808,0.9539202461688843,Crescente
2313252,CE,2017,8852,Tarrafas,71509000,8491895,1169,5.9,5.0,0.0,0.5,8078.29,7264.24,0.6953148860094801,0.6953148860094713,0.785904519135093,1.0,0.6953148860094802,0.785904519135093,0.8847320114340239,Decrescente
2313302,CE,2017,58119,Tauá,595586000,44492796,7060,6.4,5.1,0.2,1.9,10247.7,6302.1,0.6497813113737849,0.6497813113738411,0.747330323050443,0.9980000000000041,0.6497813113737841,0.7473303230504428,0.8694700205947969,Crescente
2313351,CE,2017,18902,Tejuçuoca,110241000,15871751,2775,5.2,5.0,0.7,1.0,5832.24,5719.55,0.936780324052526,0.9367803240525269,0.993088910597363,0.9984491285772323,0.9367803240525264,0.9930889105973634,0.9432995515870112,Crescente
2313401,CE,2017,74719,Tianguá,1248162000,64220770,10441,6.1,5.1,0.0,1.1,16704.75,6150.83,0.4570498334881002,0.4570498334881166,0.7149034062983499,1.0,0.4570498334881009,0.71490340629835,0.6393169055587911,Crescente
2313500,CE,2017,55207,Trairi,659097000,45004230,7983,5.7,5.1,0.0,0.9,11938.65,5637.51,0.5848858931574115,0.5848858931574483,0.8403243916895369,1.0,0.5848858931574118,0.8403243916895367,0.6960239390188988,Crescente
2313559,CE,2017,15935,Tururu,101257000,13376160,2694,6.2,4.8,0.6,2.2,6354.38,4965.17,0.93484186977558,0.934841869775582,0.9689374913053441,0.9969351783769973,0.9348418697755801,0.9689374913053445,0.9648113301056905,Crescente
2313609,CE,2017,34332,Ubajara,509131000,28857091,4842,6.6,5.3,0.0,0.0,14829.63,5959.75,0.5404725958029568,0.5404725958029629,0.9708385418850172,1.0,0.5404725958029574,0.9708385418850172,0.556706983175137,Decrescente
2313708,CE,2017,7671,Umari,49084000,6119945,905,4.3,4.7,1.1,2.5,6398.64,6762.37,0.804404634123922,0.804404634123879,0.8111684484727623,0.9890000000000004,0.8044046341239225,0.8111684484727626,0.9916616402406,Crescente
2313757,CE,2017,19679,Umirim,138782000,19724796,2685,5.8,4.4,0.3,2.1,7052.29,7346.29,0.7371425687008677,0.7371425687008777,0.7573576967287359,0.9969999999999982,0.7371425687008778,0.7573576967287344,0.9733083480696326,Crescente
2313807,CE,2017,21609,Uruburetama,453854000,16741283,3109,5.6,4.7,0.0,2.1,21003.01,5384.78,0.3685181794581854,0.36851817945820153,0.6751602297170431,1.0,0.3685181794581774,0.6751602297170431,0.5458232923651766,Decrescente
2313906,CE,2017,13677,Uruoca,148516000,11533022,1961,7.2,4.8,0.0,0.4,10858.81,5881.19,0.7198231608228625,0.7198231608229554,0.888663750138065,1.0,0.7198231608228627,0.888663750138065,0.8100062151865979,Decrescente
2313955,CE,2017,18239,Varjota,253742000,17811293,2144,7.1,4.9,0.3,3.1,13912.06,8307.51,0.5319325423300636,0.5319325423300612,0.5614407594951598,0.997,0.531932542330043,0.56144075949516,0.9474419755494247,Crescente
2314003,CE,2017,40440,Várzea Alegre,347549000,25771194,4439,5.6,4.4,0.3,0.9,8594.19,5805.63,0.6852363262157822,0.6852363262156985,0.8009381427440211,0.9970000000000172,0.6852363262157818,0.8009381427440204,0.8555421319655929,Crescente
2314102,CE,2017,60030,Viçosa do Ceará,413429000,48686992,9351,6.2,5.0,0.0,0.8,6887.04,5206.61,0.8771522699213217,0.8771522699213413,1.0,1.0,0.8771522699213216,1.0,0.8771522699213217,Decrescente
2400208,RN,2017,58183,Açu,894304000,31022204,4859,4.3,3.4,2.8,6.7,15370.54,6384.48,0.365720313376574,0.3657203133765753,0.3662983689336861,0.9720000000000015,0.3662983689336864,0.365720313376574,0.9984218997240014,Crescente
2400307,RN,2017,11211,Afonso Bezerra,95929000,12060864,902,3.6,3.0,3.5,9.1,8556.69,13371.25,0.4352308853761463,0.43523088537614557,0.44715511254936174,0.9650000000000051,0.43523088537614635,0.44715511254936174,0.9733331301855592,Decrescente
2400406,RN,2017,3260,Água Nova,25490000,3003020,425,5.0,3.8,2.2,8.5,7819.02,7065.93,0.6345493135178177,0.6345493135178347,0.6364473143374931,0.9779999999999985,0.6364473143374917,0.6345493135178177,0.9970178194220977,Crescente
2400505,RN,2017,13827,Alexandria,125198000,10388351,1282,4.6,4.3,3.2,3.6,9054.6,8103.24,0.570242848384815,0.5702428483848203,0.5704069395005033,0.9680000000000005,0.5704069395005029,0.5702428483848155,0.999712326228303,Crescente
2400802,RN,2017,11909,Angicos,125964000,6909475,674,3.6,2.9,3.2,3.6,10577.21,10251.45,0.42942208210415167,0.42942208210415744,0.42970097621238096,0.9680000000000053,0.429700976212381,0.4294220821041512,0.9993509577039187,Crescente
2400901,RN,2017,7237,Antônio Martins,52867000,4950132,598,4.1,3.5,3.8,12.1,7305.1,8277.81,0.5799957887496352,0.5799957887496343,0.5840875697166236,0.962000000000002,0.5840875697166236,0.5799957887496352,0.9929945761917626,Crescente
2401008,RN,2017,36323,Apodi,471344000,21351491,2109,5.4,4.0,1.3,7.8,12976.46,10123.99,0.4200916498800706,0.4200916498800686,0.4205778627636342,0.9869999999999937,0.42009164988007036,0.42057786276363424,0.9988439408570658,Crescente
2401107,RN,2017,27401,Areia Branca,562038000,23947935,2139,4.9,3.9,1.4,2.3,20511.59,11195.86,0.2814119542909191,0.2814119542909202,0.32270401451366293,0.9859999999998786,0.2814119542909189,0.32270401451366293,0.8720435496131841,Decrescente
2401305,RN,2017,9768,Campo Grande,83514000,7889144,1083,4.6,3.1,0.6,6.7,8549.75,7284.53,0.5728946340901074,0.5728946340900857,0.6097483890908452,0.9940000000000266,0.5728946340901067,0.6097483890908446,0.9395590777112378,Crescente
2401404,RN,2017,9309,Baía Formosa,134750000,5791130,907,3.9,3.6,0.5,4.9,14475.24,6384.93,0.38370342361174115,0.38370342361195,0.5159117452962582,0.9950000000018013,0.38370342361174126,0.5159117452962579,0.7437384923101578,Crescente
2401602,RN,2017,5527,Bento Fernandes,45790000,6197768,690,3.7,1.8,0.8,9.6,8284.78,8982.27,0.5106067740633704,0.5106067740633704,0.5426655498626307,0.9920000000000103,0.5106067740633704,0.5426655498626315,0.9409235102405605,Crescente
2401701,RN,2017,10254,Bom Jesus,80674000,8241575,1047,3.5,3.2,1.1,0.8,7867.56,7871.61,0.5879685759092346,0.5879685759092319,0.6700316684707115,0.9919999999999993,0.5879685759092346,0.6700316684707116,0.8775235613134843,Crescente
2401800,RN,2017,12720,Brejinho,151333000,9578885,1213,4.3,4.0,1.1,5.0,11897.25,7896.85,0.45068833032933603,0.4506883303293377,0.4756605773927419,0.9890000000000002,0.4506883303293361,0.4756605773927416,0.947499859668238,Crescente
2401859,RN,2017,6624,Caiçara do Norte,69413000,4585632,592,3.4,3.0,3.6,11.9,10479.02,7746.0,0.4407876854129474,0.44078768541294805,0.4452092883504767,0.9640000000000001,0.4452092883504767,0.4407876854129474,0.9900684845235113,Crescente
2402006,RN,2017,68222,Caicó,1145233000,30611995,3145,4.9,4.5,2.1,1.5,16786.86,9733.54,0.3521638873358251,0.35216388733582854,0.4270397268590851,0.9849999999999992,0.35216388733582527,0.4270397268590851,0.8246630586948469,Decrescente
2402105,RN,2017,11244,Campo Redondo,77545000,11431907,1056,4.2,3.6,0.8,5.0,6896.57,10825.67,0.5801667772149175,0.5801667772148978,0.6219906655146614,0.9920000000000004,0.5801667772149173,0.6219906655146614,0.9327580129114365,Decrescente
2402204,RN,2017,34267,Canguaretama,478722000,25971283,4435,4.0,2.9,2.8,7.9,13970.35,5855.98,0.38764569775126245,0.38764569775127217,0.38816566038346717,0.9719999999999956,0.3881656603834672,0.3876456977512625,0.9986604620519728,Crescente
2402303,RN,2017,20707,Caraúbas,304021000,13724818,1907,4.7,3.5,2.4,5.3,14682.04,7197.07,0.38829842793353536,0.3882984279335706,0.3886478897438514,0.9760000000000132,0.3886478897438513,0.3882984279335353,0.9991008266877601,Crescente
2402402,RN,2017,8188,Carnaúba dos Dantas,80776000,5090592,681,5.6,4.2,0.4,10.1,9865.17,7475.17,0.5712931146552738,0.5712931146552785,0.6106554952422577,0.9959999999999993,0.5712931146552734,0.6106554952422578,0.9355407739819517,Crescente
2402501,RN,2017,10715,Carnaubais,119906000,11357196,1042,4.3,3.5,3.0,1.9,11190.48,10899.42,0.4181272776482365,0.4181272776482361,0.4456542513009418,0.9810000000000122,0.4181272776482362,0.44565425130094183,0.9382324446084621,Crescente
2402600,RN,2017,73849,Ceará-Mirim,808680000,50436751,8088,4.1,3.0,2.8,6.9,10950.45,6236.0,0.4701535489191559,0.47015354891916294,0.471329303309021,0.9720000000000019,0.4713293033090212,0.4701535489191559,0.9975054502624585,Crescente
2402709,RN,2017,11344,Cerro Corá,144438000,11879630,1443,4.8,2.8,0.1,4.2,12732.55,8232.59,0.4279727269471646,0.427972726947166,0.5262284275853106,0.998999999999999,0.4279727269471652,0.5262284275853106,0.8132831761123033,Decrescente
2402808,RN,2017,5593,Coronel Ezequiel,42805000,4724558,648,4.1,2.7,2.2,13.0,7653.32,7290.98,0.574630480855885,0.5746304808558677,0.5755413531612077,0.977999999999993,0.5755413531612077,0.574630480855885,0.9984173642774413,Crescente
2402907,RN,2017,4980,Coronel João Pessoa,40150000,5418675,733,4.1,3.1,1.9,2.8,8062.25,7392.46,0.578096102734023,0.5780961027340221,0.6026457934037145,0.9810000000000015,0.5780961027340231,0.602645793403714,0.9592634828975807,Crescente
2403004,RN,2017,8147,Cruzeta,96955000,5408986,766,6.2,4.6,0.0,2.1,11900.7,7061.34,0.5454621431134714,0.5454621431134622,0.6796681865368236,1.0,0.5454621431134712,0.6796681865368236,0.8025418195499414,Decrescente
2403103,RN,2017,45228,Currais Novos,721961000,28588903,3367,5.6,3.9,0.5,2.8,15962.7,8490.91,0.3895608232586587,0.3895608232586582,0.4531935385111145,0.9949999999999992,0.38956082325865865,0.45319353851111444,0.8595904181213404,Crescente
2403202,RN,2017,7190,Doutor Severiano,53849000,5901484,778,5.5,4.4,0.0,2.4,7489.43,7585.46,0.6818010494080547,0.6818010494080566,0.7408985954416009,1.0,0.6818010494080549,0.7408985954416009,0.920235311016723,Decrescente
2403251,RN,2017,254709,Parnamirim,5023625000,123844486,17884,4.7,3.6,1.4,5.2,19723.0,6924.88,0.308912092892968,0.30891209289296584,0.3550737965402393,0.9859999999999975,0.3089120928929678,0.3550737965402393,0.8699940573000297,Decrescente
2403301,RN,2017,5666,Encanto,42127000,4249800,796,4.4,3.8,2.5,3.6,7435.05,5338.94,0.6975405845936574,0.6975405845936354,0.7092092925528238,0.974999999999999,0.6975405845936575,0.7092092925528238,0.983546876667162,Decrescente
2403400,RN,2017,6119,Equador,64753000,5402766,738,5.7,4.4,0.0,1.3,10582.28,7320.82,0.5568512830074448,0.5568512830074502,0.6671744138147185,1.0,0.5568512830074451,0.6671744138147185,0.8346412444438979,Decrescente
2403608,RN,2017,28331,Extremoz,387253000,26684775,3262,4.1,3.7,3.6,4.5,13668.88,8180.5,0.38856836684890406,0.3885683668488963,0.3897120334336534,0.9639999999999986,0.38856836684890417,0.3897120334336534,0.9970653547064667,Decrescente
2403707,RN,2017,6052,Felipe Guerra,76307000,5469475,819,5.2,3.9,0.0,3.8,12608.56,6678.24,0.4729083338172795,0.47290833381727837,0.6574213773926633,1.0,0.47290833381727926,0.6574213773926634,0.7193382358402103,Crescente
2403756,RN,2017,3072,Fernando Pedroza,31964000,3954784,231,4.2,3.8,2.2,5.7,10404.95,17120.28,0.384510807634521,0.3845108076345224,0.41101253603576227,0.9779999999999985,0.3845108076345207,0.41101253603576227,0.9355208756967565,Decrescente
2404200,RN,2017,26068,Goianinha,358844000,27898578,4301,4.8,3.7,1.1,5.4,13765.69,6486.53,0.4237463690334789,0.4237463690334761,0.4726308550942099,0.9889999999999993,0.4237463690334798,0.47263085509420955,0.8965694145148717,Crescente
2404309,RN,2017,13157,Governador Dix-Sept Rosado,205510000,10092609,1186,4.1,3.3,1.8,9.4,15619.82,8509.79,0.33243733841337836,0.33243733841337836,0.33982776234373197,0.9820000000000129,0.33243733841337847,0.33982776234373213,0.9782524421213171,Crescente
2404408,RN,2017,10386,Grossos,131996000,7096544,893,4.1,3.2,3.0,3.2,12709.03,7946.86,0.40518151445448636,0.4051815144544883,0.4362020777813706,0.9699999999999972,0.40518151445448625,0.43620207778137116,0.9288848794928664,Crescente
2404507,RN,2017,15309,Guamaré,1624965000,50179665,2498,4.4,3.0,2.0,3.8,106144.42,20087.94,0.06119521623216978,0.06119521623216643,0.09160851669435029,0.9799999999999821,0.06119521623216982,0.0916085166943503,0.6680079368203965,Crescente
2404606,RN,2017,13714,Ielmo Marinho,103448000,14311993,1945,4.8,3.4,0.9,5.3,7543.24,7358.35,0.635207802544651,0.6352078025446213,0.6413275520349514,0.9909999999999972,0.6352078025446508,0.6413275520349516,0.9904576850458362,Crescente
2405108,RN,2017,6942,Jandaíra,74772000,7699700,832,3.4,2.8,2.8,6.7,10770.96,9254.45,0.4265032715454036,0.42650327154541334,0.42879214529438636,0.9719999999999971,0.4287921452943863,0.4265032715454036,0.9946620436635765,Crescente
2405207,RN,2017,5386,Janduís,60901000,5040090,481,4.0,3.1,2.3,3.5,11307.28,10478.36,0.4078746791143665,0.4078746791143653,0.40921421225877047,0.9769999999999979,0.4078746791143666,0.40921421225877025,0.9967265722834745,Crescente
2405306,RN,2017,10096,Boa Saúde,65985000,7449268,1301,3.8,2.3,2.0,10.4,6535.76,5725.8,0.6854985919569697,0.6854985919569696,0.6858466556444929,0.9799999999999989,0.6858466556444928,0.6854985919569697,0.9994925050889166,Crescente
2405405,RN,2017,5247,Japi,39533000,4948682,636,3.8,3.1,0.4,9.6,7534.4,7780.95,0.5717196183087466,0.5717196183087477,0.644963805073408,0.9959999999999964,0.5717196183087466,0.6449638050734084,0.8864367485609136,Crescente
2405504,RN,2017,2663,Jardim de Angicos,25461000,3179928,473,3.9,2.9,2.7,23.9,9561.02,6722.89,0.4934396028679995,0.49343960286800304,0.49477478739794767,0.9730000000000006,0.49477478739794767,0.4934396028679995,0.9973014297333742,Crescente
2405603,RN,2017,14858,Jardim de Piranhas,128335000,10055619,1555,4.6,3.9,2.5,9.9,8637.43,6466.64,0.5864559082146072,0.5864559082146059,0.5884187396122309,0.974999999999999,0.5884187396122309,0.5864559082146072,0.9966642269093653,Crescente
2405702,RN,2017,12579,Jardim do Seridó,154907000,6547440,760,4.8,3.9,0.0,0.9,12314.73,8615.05,0.43905340590413117,0.4390534059041333,0.552435792902205,1.0,0.43905340590413133,0.5524357929022049,0.7947591585215309,Crescente
2405801,RN,2017,35087,João Câmara,1046611000,28389569,3738,3.8,3.4,1.5,6.5,29829.02,7594.86,0.19501606371407912,0.19501606371407898,0.25441155899214285,0.9850000000000125,0.19501606371407912,0.254411558992143,0.766537748861096,Crescente
2406106,RN,2017,18530,Jucurutu,214336000,13987020,1862,4.5,3.1,1.2,10.3,11566.97,7511.83,0.45113008818242756,0.4511300881824214,0.4722507159978024,0.9880000000000041,0.45113008818242745,0.4722507159978024,0.955276663221675,Decrescente
2406155,RN,2017,3910,Jundiá,32885000,5065528,496,3.5,3.1,6.3,6.3,8410.49,10212.76,0.48952499702712854,0.48952499702713276,0.49239644608513145,0.9369999999999967,0.4923964460851316,0.4895249970271284,0.994168420424573,Crescente
2406304,RN,2017,7579,Lagoa de Pedras,58249000,7544279,980,3.8,3.5,0.7,2.4,7685.58,7698.24,0.6018368195835352,0.601836819583534,0.6253775900149426,0.9930000000000009,0.6018368195835355,0.6253775900149424,0.962357508795854,Crescente
2406502,RN,2017,15590,Lagoa Nova,262202000,14530213,2176,5.0,3.7,1.1,5.9,16818.6,6677.49,0.3670290151660365,0.3670290151660403,0.42537183137606593,0.9889999999999975,0.36702901516603625,0.4253718313760661,0.8628427838738355,Crescente
2406601,RN,2017,8269,Lagoa Salgada,66345000,7826009,1449,3.7,3.3,3.0,8.1,8023.34,5400.97,0.6061017389832986,0.6061017389833012,0.6080396059205371,0.9700000000000083,0.6080396059205372,0.6061017389832986,0.9968129264633926,Crescente
2406700,RN,2017,11316,Lajes,120433000,7761971,1098,5.6,4.6,0.3,1.1,10642.72,7069.19,0.5553112954128697,0.5553112954131691,0.6550635530589353,0.9970000000000154,0.5553112954128695,0.6550635530589349,0.847721252113242,Crescente
2406809,RN,2017,4822,Lajes Pintadas,41041000,3725303,504,3.5,2.8,6.2,12.9,8511.2,7391.47,0.5095531090650361,0.5095531090650356,0.5223241354478617,0.9380000000000127,0.5223241354478618,0.5095531090650361,0.9755496146624065,Crescente
2407005,RN,2017,10211,Luís Gomes,68792000,7143412,984,4.5,3.3,1.5,4.1,6737.05,7259.57,0.6663516878295404,0.6663516878295425,0.6673081637631046,0.985000000000002,0.6673081637631053,0.6663516878295411,0.9985666653197071,Crescente
2407104,RN,2017,80031,Macaíba,1479503000,49516589,6442,4.4,3.5,1.0,3.3,18486.62,7686.52,0.31242391794198066,0.3124239179419801,0.3898524459187548,0.9900000000000324,0.31242391794198077,0.3898524459187544,0.8013901700826824,Crescente
2407203,RN,2017,31859,Macau,593501000,21501034,1826,3.9,3.0,5.4,13.7,18628.99,11774.94,0.25706037216197664,0.2570603721619695,0.261429661860449,0.9460000000000099,0.2614296618604494,0.25706037216197664,0.9832869397168684,Crescente
2407252,RN,2017,4002,Major Sales,34828000,3809679,630,4.7,3.9,0.3,4.7,8702.65,6047.11,0.607062595961776,0.6070625959617824,0.7162911871550243,0.9969999999999976,0.607062595961776,0.7162911871550247,0.8475081179944655,Crescente
2407302,RN,2017,8492,Marcelino Vieira,62169000,6557113,774,3.9,3.5,2.9,8.2,7320.89,8471.72,0.5857258521632123,0.5857258521632136,0.587714124690924,0.971000000000001,0.5877141246909242,0.5857258521632124,0.9966169393516664,Crescente
2407500,RN,2017,12223,Maxaranguape,109024000,5980466,1990,3.6,3.0,3.1,8.9,8919.58,3005.26,0.6164677909124213,0.6164677909124217,0.6181454070365096,0.9734637292392367,0.6181454070365097,0.6164677909124212,0.9972860493583039,Crescente
2407708,RN,2017,11503,Montanhas,88586000,8700605,1438,4.4,2.6,2.8,6.2,7701.12,6050.49,0.6349150242653616,0.6349150242653602,0.6372906358706947,0.9720000000000006,0.6372906358706945,0.6349150242653617,0.9962723262015495,Crescente
2407807,RN,2017,22462,Monte Alegre,208380000,17561983,2839,4.2,3.2,0.7,1.4,9277.0,6185.97,0.5567283515801218,0.5567283515801235,0.6744382967564815,0.9930000000000065,0.5567283515801216,0.674438296756482,0.8254696600972216,Crescente
2408003,RN,2017,295619,Mossoró,6167477000,109391677,12734,5.6,4.3,0.2,2.1,20862.92,8590.52,0.32303256837154654,0.3230325683715385,0.45110999845603766,0.9980000000000003,0.3230325683715463,0.4511099984560375,0.7160838143183547,Crescente
2408102,RN,2017,885180,Natal,23458658000,286990123,35750,4.8,3.5,1.1,3.6,26501.57,8027.7,0.2399136784167101,0.23991367841671254,0.31488036328098906,0.9890000000000091,0.23991367841671077,0.31488036328098906,0.7619201017073869,Decrescente
2408201,RN,2017,27372,Nísia Floresta,356995000,22372713,3821,4.1,2.8,5.0,14.1,13042.34,5855.2,0.4086357415903793,0.40863574159039195,0.4142496626267776,0.9499999999999951,0.4142496626267767,0.4086357415903793,0.9864479768050983,Crescente
2408300,RN,2017,37695,Nova Cruz,462046000,22502152,3565,3.7,3.0,4.4,6.6,12257.49,6311.96,0.4228590236365726,0.4228590236365715,0.42579802137125267,0.9559999999999982,0.42579802137125305,0.422859023636573,0.993097671696042,Crescente
2408409,RN,2017,4349,Olho-d'Água do Borges,34520000,3148053,338,4.5,2.9,0.6,9.5,7937.46,9313.77,0.5422447114396542,0.5422447114396726,0.5626051244814327,0.9940000000000014,0.5422447114396541,0.5626051244814327,0.9638104735349767,Decrescente
2408904,RN,2017,21669,Parelhas,322338000,13367503,1286,5.1,4.4,1.0,5.1,14875.54,10394.64,0.37131580201565645,0.3713158020156509,0.3926368287486097,0.9899999999999971,0.3713158020156564,0.3926368287486097,0.9456978429636709,Decrescente
2408953,RN,2017,10901,Rio do Fogo,170511000,12848227,2063,3.5,2.8,2.6,8.2,15641.78,6227.93,0.3451539338084469,0.3451539338084418,0.3453646430815148,0.9740000000000167,0.3453646430815148,0.3451539338084469,0.9993898933278523,Crescente
2409100,RN,2017,13099,Passa e Fica,107594000,10296544,1343,4.2,3.9,1.5,4.5,8213.91,7666.82,0.5935389957064117,0.5935389957064071,0.593848504811806,0.9850000000000056,0.5938485048118058,0.5935389957064118,0.9994788079739422,Crescente
2409209,RN,2017,3109,Passagem,30554000,4193050,477,4.0,3.4,3.1,4.9,9827.6,8790.46,0.47335999580672183,0.4733599958067261,0.4745544041969272,0.968999999999995,0.47455440419692696,0.4733599958067216,0.9974830949209572,Crescente
2409308,RN,2017,12844,Patu,129588000,6396408,974,4.5,4.4,2.5,6.5,10089.38,6567.15,0.5524285095610444,0.5524285095610428,0.5544159583250351,0.9749999999999984,0.5544159583250355,0.5524285095610443,0.9964152388939254,Crescente
2409506,RN,2017,3356,Pedra Grande,206954000,7361271,728,4.7,2.9,0.5,6.8,61666.87,10111.64,0.11549596566336148,0.1154959656633631,0.20822579656410586,0.9950000000000017,0.11549596566336158,0.2082257965641059,0.5546669412202444,Crescente
2409605,RN,2017,2532,Pedra Preta,24973000,3522299,430,3.6,3.0,1.2,5.4,9862.95,8191.39,0.47740052514224196,0.477400525142243,0.49318623580148135,0.9879999999999993,0.47740052514224157,0.4931862358014815,0.9679923941235182,Crescente
2409902,RN,2017,15083,Pendências,284538000,12995441,1347,3.9,3.3,2.8,3.2,18864.81,9647.69,0.2851507733291947,0.2851507733291955,0.3203509045883366,0.9720000000000063,0.28515077332919453,0.3203509045883362,0.8901200815887333,Crescente
2410009,RN,2017,3836,Pilões,35075000,2686715,326,4.7,3.4,2.3,7.1,9143.64,8241.46,0.5282315955127352,0.5282315955127327,0.5295072719060292,0.9770000000000018,0.529507271906029,0.5282315955127355,0.9975908236562985,Crescente
2410108,RN,2017,15418,Poço Branco,107190000,10216182,1835,3.9,2.8,2.2,9.1,6952.26,5567.4,0.6659712449327667,0.6659712449327668,0.6669341480014794,0.9780000000000006,0.6669341480014793,0.6659712449327667,0.9985562246713591,Crescente
2410207,RN,2017,7909,Portalegre,59757000,5142352,803,4.5,3.9,3.3,5.5,7555.57,6403.93,0.6576876612761192,0.6576876612761179,0.6599646912641864,0.9670000000000005,0.6599646912641866,0.6576876612761192,0.9965497699828373,Crescente
2410256,RN,2017,6789,Porto do Mangue,117667000,7005837,911,3.4,2.9,9.8,8.0,17332.01,7690.27,0.3030203856837774,0.3030203856837774,0.306605833028114,0.9199999999999997,0.306605833028114,0.3030203856837774,0.9883060041326487,Crescente
2410306,RN,2017,10099,Serra Caiada,77804000,9723038,1376,4.0,2.5,3.0,9.7,7704.13,7066.16,0.5735285653488855,0.5735285653488861,0.5766962954967381,0.9699999999999999,0.5766962954967383,0.5735285653488855,0.9945071085550775,Crescente
2410405,RN,2017,9568,Pureza,127852000,10982866,1305,3.8,3.7,2.2,7.7,13362.46,8415.99,0.38768913334868976,0.3876891333486894,0.3878477561692613,0.9779999999999974,0.3878477561692613,0.38768913334868976,0.9995910178206566,Crescente
2410603,RN,2017,3234,Rafael Godeiro,28890000,4669232,451,5.1,5.4,4.6,7.3,8933.21,10353.06,0.5857677839276088,0.5857677839276086,0.5959253287856648,0.9540000000000012,0.5959253287856648,0.5857677839276088,0.9829550039788467,Crescente
2410702,RN,2017,3566,Riacho da Cruz,30481000,3276788,308,5.4,3.4,0.0,0.0,8547.67,10638.92,0.553623096282414,0.5536230962824343,0.6885138344857773,1.0,0.5536230962824138,0.6885138344857772,0.8040842007131089,Crescente
2410900,RN,2017,8075,Riachuelo,64291000,5888308,738,3.5,2.7,1.8,6.0,7961.73,7978.74,0.5551305072134729,0.5551305072134441,0.5562711867803934,0.9819999999999997,0.5562711867803939,0.5551305072134726,0.9979494182081897,Crescente
2411056,RN,2017,4100,Tibau,79956000,4643353,391,4.4,3.1,1.8,17.6,19501.46,11875.58,0.2682832185526719,0.2682832185526764,0.2700865627563434,0.9820000000000041,0.268283218552672,0.27008656275634363,0.9933230880304905,Crescente
2411106,RN,2017,3669,Ruy Barbosa,29806000,3942333,465,5.4,4.0,0.0,0.8,8123.74,8478.14,0.6204692907380633,0.620469290738067,0.6695552580006038,1.0,0.6204692907380643,0.6695552580006034,0.9266886986906521,Crescente
2411403,RN,2017,13289,Santana do Matos,124274000,11231838,1139,4.1,2.9,1.8,3.3,9351.64,9861.14,0.47378364259086936,0.4737836425907882,0.4739700884599897,0.9820000000000193,0.47397008845999,0.4737836425908692,0.9996066294610992,Crescente
2411601,RN,2017,2846,São Bento do Norte,196460000,4138720,538,3.8,2.8,5.5,10.8,69030.22,7692.79,0.088280478230927,0.08828047823092539,0.08893635376429943,0.9450000000000026,0.08893635376429933,0.088280478230927,0.9926253381703657,Crescente
2411809,RN,2017,3617,São Fernando,48863000,3139356,345,4.5,4.5,0.8,3.9,13509.26,9099.58,0.4185203694592541,0.41852036945925425,0.4577705765494692,0.9919999999999993,0.4185203694592539,0.4577705765494688,0.9142579075613142,Crescente
2411908,RN,2017,4238,São Francisco do Oeste,38685000,3112456,533,4.6,3.2,3.8,10.8,9128.13,5839.5,0.5731283219996101,0.5731283219996732,0.5782588574111834,0.9620000000000014,0.5782588574111832,0.5731283219996101,0.9911276146559305,Crescente
2412005,RN,2017,101492,São Gonçalo do Amarante,1414685000,62739323,9121,4.1,2.8,3.8,8.7,13938.88,6878.56,0.3783627521031543,0.37836275210313447,0.3802134467363821,0.962000000000002,0.3802134467363821,0.3783627521031543,0.9951324850577656,Crescente
2412104,RN,2017,6260,São João do Sabugi,56257000,4491308,350,5.7,4.7,0.0,0.0,8986.74,12832.31,0.5267349065855649,0.5267349065855497,0.6675165732635402,1.0,0.5267349065855651,0.6675165732635402,0.7890963725594364,Decrescente
2412500,RN,2017,23610,São Miguel,218349000,15785217,2878,5.1,4.3,2.8,7.4,9248.16,5484.79,0.6126747138787778,0.6126747138787719,0.6153707447491443,0.9720000000000009,0.6153707447491443,0.6126747138787778,0.9956188510855102,Crescente
2412559,RN,2017,9606,São Miguel do Gostoso,419572000,10431518,1680,4.5,3.1,1.5,6.8,43678.12,6209.24,0.15977745221543116,0.15977745221541859,0.20757559578639959,0.9850000000000013,0.15977745221543158,0.2075755957863995,0.7697313916412704,Crescente
2412609,RN,2017,17572,São Paulo do Potengi,162670000,12421778,1663,4.2,2.7,0.5,7.7,9257.34,7469.5,0.514853646277712,0.5148536462780212,0.5844380162946666,0.9949999999998279,0.5148536462777118,0.5844380162946665,0.8809379813138798,Crescente
2412807,RN,2017,8343,São Rafael,70221000,4912945,731,3.8,3.0,1.5,3.6,8416.76,6720.85,0.5721008077815805,0.5721008077815748,0.5832393366301523,0.9849999999999992,0.5721008077815803,0.5832393366301519,0.9809023017670102,Crescente
2413201,RN,2017,4423,Senador Georgino Avelino,102989000,5410152,772,3.8,2.2,0.5,4.6,23284.87,7007.97,0.24889231430626535,0.24889231430626543,0.4017513631135273,0.9949999999999994,0.24889231430626485,0.4017513631135273,0.6195182820971117,Decrescente
2413300,RN,2017,5870,Serra de São Bento,45007000,4626487,515,4.6,4.1,1.0,7.1,7667.29,8983.47,0.5998405012716909,0.5998405012716873,0.6033024240946483,0.9899999999999998,0.5998405012716903,0.6033024240946491,0.9942617123938253,Crescente
2413409,RN,2017,8175,Serra Negra do Norte,73353000,6604139,874,5.0,4.0,1.3,5.4,8972.84,7556.22,0.5709087996124289,0.5709087996124205,0.5724715273026749,0.9870000000000008,0.5709087996124289,0.572471527302675,0.9972702088825113,Crescente
2413508,RN,2017,6422,Serrinha,54688000,8475334,1068,5.0,3.5,0.7,4.6,8515.73,7935.71,0.5842389556275434,0.5842389556276607,0.5993659174635279,0.992999999999998,0.5842389556275435,0.599365917463528,0.9747617250243379,Crescente
2413557,RN,2017,4841,Serrinha dos Pintos,37323000,4130524,473,4.5,4.2,0.6,5.2,7709.77,8732.61,0.6146386483977782,0.614638648397782,0.6291051502707712,0.9939999999999997,0.6146386483977787,0.6291051502707711,0.9770046360822725,Crescente
2413607,RN,2017,3150,Severiano Melo,41443000,5328419,671,4.9,4.6,4.2,3.0,13156.51,7941.01,0.4462979835030782,0.44629798350307726,0.47485034911010526,0.9699999999999999,0.446297983503078,0.47485034911010515,0.9398708126454246,Crescente
2413706,RN,2017,5528,Sítio Novo,42034000,4151979,714,4.2,4.0,1.3,2.5,7603.84,5815.1,0.6906679161392055,0.6906679161392072,0.7203941262934125,0.9870000000000008,0.6906679161392059,0.720394126293412,0.9587361847227227,Crescente
2414001,RN,2017,15866,Tangará,137350000,11803806,1615,4.1,3.1,1.4,7.0,8656.88,7308.86,0.5364275125673297,0.5364275125673182,0.5441180740633117,0.9859999999999844,0.5364275125673295,0.5441180740633115,0.9858660061803293,Crescente
2414100,RN,2017,10814,Tenente Ananias,83173000,6413037,802,4.2,3.8,2.5,19.1,7691.23,7996.31,0.5910492903475305,0.5910492903475284,0.5939084736905075,0.9750000000000008,0.5939084736905068,0.59104929034753,0.9951858182369243,Crescente
2414209,RN,2017,13895,Tibau do Sul,305228000,13599176,2047,4.2,3.6,1.9,7.9,21966.75,6643.47,0.2674143137544123,0.2674143137544106,0.29443776246259573,0.9810000000000059,0.2674143137544126,0.29443776246259573,0.9082201668625425,Decrescente
2414407,RN,2017,34043,Touros,676606000,26635656,4466,4.2,3.2,3.6,12.0,19875.04,5964.1,0.2933129932082572,0.29331299320825416,0.2948885452072524,0.9640000000000007,0.29488854520725255,0.2933129932082572,0.994657127160067,Crescente
2414753,RN,2017,4187,Venha-Ver,35657000,5192620,632,4.3,2.7,4.0,11.6,8516.12,8216.17,0.5229349716705765,0.5229349716705766,0.5274696115916835,0.9600000000000029,0.5274696115916837,0.5229349716705765,0.9914030309586492,Crescente
2414803,RN,2017,12371,Vera Cruz,106737000,9137654,1626,3.8,3.1,1.9,3.8,8628.0,5619.71,0.5873929326479119,0.5873929326479055,0.6089955852625496,0.980999999999999,0.587392932647912,0.6089955852625496,0.9645274068689277,Decrescente
2414902,RN,2017,1731,Viçosa,15769000,2289070,225,4.9,4.0,0.0,3.0,9109.76,10173.64,0.5168571074913981,0.5168571074910621,0.5553146789426688,1.0,0.5168571074913987,0.5553146789426686,0.9307463445329867,Crescente
2500106,PB,2017,10258,Água Branca,77222000,8106281,1554,6.1,5.1,0.5,1.1,7527.98,5216.4,0.825830658712642,0.8258306587124273,0.9191303566753574,0.995138651911063,0.825830658712642,0.9191303566753574,0.8984913322847965,Decrescente
2500205,PB,2017,5562,Aguiar,47394000,4403200,622,4.8,4.0,0.5,10.7,8521.04,7079.1,0.5914454397567772,0.5914454397567731,0.648501939691178,0.9950000000000012,0.5914454397567769,0.6485019396911779,0.9120179964896149,Crescente
2500304,PB,2017,28565,Alagoa Grande,266622000,19136518,2945,4.6,3.5,2.3,13.5,9333.87,6497.97,0.5515935115726033,0.5515935115726105,0.5525920085120557,0.9770000000000006,0.5525920085120558,0.5515935115726033,0.998193066631309,Crescente
2500403,PB,2017,20689,Alagoa Nova,225945000,9042986,1950,4.4,2.5,1.6,15.5,10921.02,4637.43,0.5203265692151262,0.5203265692151242,0.5503683467860546,0.9839999999999989,0.5203265692151261,0.5503683467860573,0.9454151428831961,Crescente
2500536,PB,2017,5499,Alcantil,42305000,5587591,748,5.0,4.0,0.7,6.6,7693.22,7470.04,0.6348944416278683,0.634894441627878,0.6582613686495434,0.9930000000000153,0.6348944416278687,0.6582613686495435,0.9645020532351556,Crescente
2500577,PB,2017,2501,Algodão de Jandaíra,25919000,3783565,529,4.6,3.2,2.0,5.8,10363.45,7152.3,0.5016031817737345,0.5016031817737254,0.5020183500019332,0.9800000000000006,0.5020183500019333,0.5016031817737345,0.9991730018868891,Crescente
2500601,PB,2017,19579,Alhandra,1110449000,16679370,2372,3.6,2.6,2.6,10.0,56716.33,7031.77,0.10796339859977576,0.1079633985997737,0.12020341605467215,0.9739999999999986,0.10796339859977513,0.12020341605467219,0.8981724658363348,Crescente
2500734,PB,2017,2246,Amparo,24393000,2939354,399,5.3,4.3,0.4,0.7,10860.64,7366.8,0.5273356673786721,0.5273356673786704,0.632569354376361,0.9960000000000139,0.5273356673786721,0.6325693543763605,0.8336408707288122,Crescente
2500775,PB,2017,8430,Aparecida,72219000,5549609,880,4.4,4.0,1.4,5.5,8566.9,6306.37,0.6096173808508438,0.609617380850842,0.6182543517181407,0.986,0.6096173808508437,0.6182543517181409,0.9860300686225749,Crescente
2500809,PB,2017,17003,Araçagi,167593000,12189673,1649,3.8,2.9,9.9,14.4,9856.67,7392.16,0.44970984223116994,0.44970984223114435,0.47137748231691473,0.9009999999999054,0.47137748231691484,0.44970984223116994,0.9540333577682922,Crescente
2500908,PB,2017,13538,Arara,98835000,7260670,1434,4.3,2.9,2.8,13.5,7300.56,5063.23,0.6803229741143341,0.6803229741142702,0.682920428755447,0.9720000000000015,0.6829204287554473,0.6803229741143341,0.9961965486288842,Crescente
2501005,PB,2017,20418,Araruna,165493000,13164242,2333,4.3,2.8,1.2,9.2,8105.25,5642.62,0.617117620135571,0.6171176201345018,0.6490307838300877,0.9880000000000089,0.617117620135571,0.6490307838300872,0.9508295068745594,Crescente
2501203,PB,2017,6975,Areial,52057000,5618582,1175,5.3,3.1,0.3,2.7,7463.37,4781.77,0.7712149370493474,0.7712149370493457,0.8799910941814013,0.9970000000000002,0.7712149370493477,0.879991094181401,0.8763894795625843,Crescente
2501500,PB,2017,21156,Bananeiras,232450000,15375837,2644,4.7,2.8,1.9,10.2,10987.43,5815.37,0.5096679030712824,0.5096679030712831,0.5108377265303045,0.9809999999999997,0.5096679030712822,0.5108377265303047,0.99770999008439,Crescente
2501534,PB,2017,4925,Baraúna,40503000,4528489,765,5.3,4.8,0.5,1.9,8223.96,5919.59,0.7044242434273219,0.704424243427316,0.7846094206956372,0.9950000000000006,0.7044242434273219,0.7846094206956368,0.8978024286310214,Crescente
2501575,PB,2017,8241,Barra de Santana,63431000,8174699,1288,5.4,3.3,0.8,5.3,7697.0,6346.82,0.6975520116773304,0.697552011677345,0.7135913057449904,0.9919999999999987,0.6975520116773306,0.7135913057449904,0.977523136929317,Decrescente
2501609,PB,2017,15421,Barra de Santa Rosa,127545000,10090899,1490,5.1,4.0,0.9,7.5,8270.86,6772.42,0.6302364969703959,0.6302364969703832,0.6507853305394502,0.9909999999999837,0.630236496970396,0.6507853305394501,0.9684245593673401,Crescente
2501708,PB,2017,5979,Barra de São Miguel,46564000,5364598,789,4.9,4.1,0.2,1.4,7787.92,6799.24,0.6625237215026517,0.6625237215026536,0.72671906401816,0.9979999999999992,0.6625237215026516,0.7267190640181608,0.9116641551130353,Crescente
2501807,PB,2017,97010,Bayeux,1356045000,38468552,6948,4.4,3.5,3.2,5.9,13978.4,5536.64,0.41077668224335573,0.4107766822433559,0.41139410283081335,0.9680000000000132,0.4113941028308133,0.41077668224335573,0.9984991992271909,Crescente
2501906,PB,2017,17685,Belém,170525000,9702911,1193,4.7,4.0,1.3,4.1,9642.35,8133.2,0.5264524071023335,0.5264524071023327,0.5272358948577168,0.9870000000000014,0.5264524071023337,0.5272358948577166,0.9985139711407648,Crescente
2502003,PB,2017,7347,Belém do Brejo do Cruz,64521000,6462461,755,4.8,3.9,2.7,13.0,8781.95,8559.55,0.537033512707229,0.5370335127072272,0.539923402605327,0.9730000000000075,0.539923402605327,0.537033512707229,0.9946475928175121,Crescente
2502052,PB,2017,3438,Bernardino Batista,31613000,6895575,643,5.3,3.9,0.5,4.2,9195.17,10724.07,0.5145191855784635,0.5145191855784607,0.5216519601735784,0.9950000000000118,0.5145191855784634,0.5216519601735774,0.9863265641851677,Crescente
2502102,PB,2017,5349,Boa Ventura,41912000,3941802,599,4.1,3.7,1.8,5.6,7835.48,6580.64,0.6235510154603163,0.6235510154603194,0.6239523861649192,0.9819999999999977,0.6239523861649193,0.6235510154603162,0.9993567286326608,Crescente
2502151,PB,2017,7083,Boa Vista,126851000,7050670,1080,5.9,4.1,3.8,0.9,17909.22,6528.4,0.4125003413811958,0.4125003413812045,0.5878031669426713,0.9909999999999994,0.4125003413811965,0.5878031669426713,0.7017661090986043,Decrescente
2502201,PB,2017,2567,Bom Jesus,26206000,3148464,512,4.2,4.0,3.7,4.4,10208.8,6149.34,0.5368856656519811,0.5368856656519858,0.539274211038613,0.9630000000000001,0.5368856656519813,0.5392742110386128,0.9955708147399973,Crescente
2502300,PB,2017,4972,Bom Sucesso,41481000,3233202,469,4.9,3.9,1.6,5.9,8342.92,6893.82,0.610296859675093,0.6102968596750945,0.6104560381150522,0.9839999999999959,0.6104560381150521,0.6102968596750927,0.9997392466778594,Crescente
2502508,PB,2017,17842,Boqueirão,185220000,12961153,1842,4.8,4.1,2.8,6.3,10381.12,7036.46,0.5151356621112871,0.5151356621112888,0.5161685867442595,0.9719999999999996,0.5161685867442596,0.5151356621112871,0.9979988618844716,Crescente
2502607,PB,2017,6173,Igaracy,51205000,4828838,759,4.4,3.3,1.4,3.1,8294.99,6362.11,0.6023850773980087,0.6023850773980045,0.6280575770434706,0.9859999999999931,0.6023850773980084,0.6280575770434706,0.9591239711392177,Decrescente
2502805,PB,2017,14107,Brejo do Cruz,122278000,9116698,1586,5.1,4.7,0.1,2.3,8667.9,5748.23,0.6730188200361996,0.6730188200361956,0.8276104527666468,0.9990000000000003,0.6730188200361995,0.8276104527666468,0.8132072496019623,Decrescente
2502904,PB,2017,6457,Brejo dos Santos,51655000,4245304,585,4.3,3.6,2.2,4.4,7999.85,7256.93,0.5941856761739599,0.5941856761739659,0.5951633592176777,0.978000000000004,0.5951633592176774,0.5941856761739606,0.9983572862331395,Crescente
2503001,PB,2017,21872,Caaporã,322159000,19129906,3456,3.8,3.4,2.3,5.0,14729.29,5535.27,0.3785418600095036,0.37854186000951145,0.3903654329724448,0.9769999999999934,0.3785418600095038,0.3903654329724451,0.9697115267791249,Crescente
2503100,PB,2017,5570,Cabaceiras,48285000,4552475,666,6.4,5.5,0.5,2.3,8668.76,6835.55,0.7298662837624651,0.7298662837624643,0.7689391726093452,0.994999999999999,0.7298662837624592,0.7689391726093442,0.9491859821443499,Crescente
2503209,PB,2017,68033,Cabedelo,2895697000,48031077,4422,4.9,4.1,1.8,1.6,42563.12,10861.84,0.15928443302090436,0.15928443302086767,0.27613707896974665,0.983999999999996,0.15928443302090423,0.27613707896974654,0.5768310203583903,Crescente
2503308,PB,2017,10265,Cachoeira dos Índios,109479000,6191719,1064,3.5,3.1,1.9,10.2,10665.27,5819.28,0.474675392770783,0.47467539277078313,0.489860462385382,0.9809999999999988,0.4746753927707831,0.48986046238538233,0.9690012344726596,Crescente
2503407,PB,2017,3749,Cacimba de Areia,33111000,3680247,492,4.7,4.2,1.9,2.9,8831.96,7480.18,0.5898713083461622,0.5898713083461439,0.6022276547382648,0.9810000000000001,0.5898713083461619,0.6022276547382646,0.9794822667227515,Crescente
2503506,PB,2017,17156,Cacimba de Dentro,123894000,11639618,2082,4.8,3.7,2.2,5.9,7221.61,5590.59,0.7105772577148631,0.7105772577148667,0.7118798298006569,0.9780000000000016,0.7118798298006571,0.7105772577148632,0.998170235998738,Crescente
2503555,PB,2017,7183,Cacimbas,47318000,7803674,1654,3.7,3.2,1.5,11.4,6587.5,4718.06,0.7194982539171811,0.719498253917175,0.7560038435210444,0.9849999999999992,0.7194982539171808,0.7560038435210441,0.9517124285587748,Crescente
2503605,PB,2017,7283,Caiçara,59333000,6014874,785,4.3,3.5,1.4,9.7,8146.78,7662.26,0.5592011169027487,0.5592011169027437,0.5679307702873292,0.9860000000000032,0.5592011169027483,0.5679307702873295,0.9846290184626482,Crescente
2503704,PB,2017,62187,Cajazeiras,1096133000,30950935,3913,4.6,4.0,3.7,7.7,17626.4,7909.77,0.32282573124700903,0.3228257312470085,0.32518733766672714,0.9630000000000004,0.32518733766672714,0.32282573124700903,0.9927377048667915,Crescente
2503753,PB,2017,3197,Cajazeirinhas,30468000,4680508,523,5.3,4.4,0.7,4.6,9530.18,8949.35,0.538559539447637,0.5385595394476322,0.5580712477581594,0.9929999999999991,0.5385595394476369,0.5580712477581592,0.965037244995324,Crescente
2503803,PB,2017,6025,Caldas Brandão,65966000,4959049,580,3.4,3.5,5.1,8.9,10948.71,8550.08,0.43535778240974504,0.43535778240973416,0.43838037938497104,0.9490000000000044,0.4383803793849711,0.43535778240974504,0.9931050815288162,Crescente
2503902,PB,2017,6020,Camalaú,59381000,5466600,1045,4.9,4.4,1.2,9.3,9863.95,5231.2,0.5941662431181359,0.594166243118139,0.6565743686535268,0.9879999999999993,0.5941662431181359,0.6565743686535267,0.9049488854349056,Crescente
2504009,PB,2017,410332,Campina Grande,8650089000,157424498,20014,5.2,3.8,1.5,5.6,21080.71,7865.72,0.3065809339971583,0.30658093399715164,0.33051991487899074,0.9849999999999832,0.30658093399715836,0.3305199148789908,0.9275717443815846,Crescente
2504033,PB,2017,6552,Capim,60048000,6583377,1097,3.5,4.3,2.7,4.5,9164.84,6001.26,0.6057155178369416,0.6057155178369326,0.6059309036213871,0.9729999999999983,0.6059309036213879,0.605715517836941,0.9996445373834569,Crescente
2504074,PB,2017,4171,Caraúbas,34691000,3716375,513,5.1,3.8,1.2,4.6,8317.19,7244.4,0.6166690678176245,0.6166690678176219,0.6176156239004299,0.9879999999999974,0.6166690678176244,0.61761562390043,0.9984674026268514,Crescente
2504108,PB,2017,2667,Carrapateira,25579000,3314301,381,5.5,4.4,0.0,3.7,9590.93,8698.95,0.5513142368085469,0.5513142368085514,0.6123049495732773,1.0,0.5513142368085472,0.6123049495732775,0.9003916058375233,Crescente
2504157,PB,2017,7476,Casserengue,59294000,7438363,1198,4.9,3.5,1.3,7.1,7931.25,6208.98,0.6513787364099886,0.6513787364100008,0.6563560441533213,0.987000000000003,0.6513787364099887,0.6563560441533214,0.9924167564423768,Crescente
2504207,PB,2017,4934,Catingueira,40217000,3942585,721,4.3,3.3,2.8,10.0,8150.99,5468.22,0.615065373677303,0.615065373677301,0.6173402084216913,0.9719999999999999,0.6173402084216911,0.615065373677303,0.9963151035468688,Crescente
2504306,PB,2017,30534,Catolé do Rocha,380058000,15362880,2287,4.5,3.2,4.9,11.5,12447.04,6717.48,0.4313447677967164,0.43134476779672987,0.43733122928713253,0.9510000000000067,0.4373312292871327,0.4313447677967164,0.9863113789056996,Crescente
2504355,PB,2017,4839,Caturité,56763000,5613376,660,4.8,4.1,1.0,2.5,11730.32,8505.12,0.4582788229960073,0.4582788229960051,0.48340653777473325,0.9899999999999962,0.45827882299600725,0.4834065377747332,0.9480194974308862,Crescente
2504405,PB,2017,18944,Conceição,161118000,12463983,1578,5.3,3.7,1.0,6.2,8504.96,7898.6,0.600321157364231,0.600321157364235,0.60364052653868,0.9899999999999978,0.6003211573642308,0.6036405265386798,0.9945010829649187,Crescente
2504504,PB,2017,6753,Condado,57481000,5936997,822,4.5,3.3,0.4,0.8,8511.92,7222.62,0.5823301802793672,0.5823301802793672,0.6786260263799623,0.9960000000000009,0.5823301802793672,0.6786260263799623,0.8581017491853767,Decrescente
2504603,PB,2017,24769,Conde,636152000,20651755,4158,4.2,2.6,1.7,5.1,25683.39,4966.75,0.2421991897117136,0.24219918971171325,0.3212491368172038,0.9829999999999984,0.24219918971171378,0.32124913681720313,0.7539294645623562,Crescente
2504702,PB,2017,4789,Congo,50494000,4502551,594,5.3,5.1,1.9,3.8,10543.75,7580.05,0.5767145335216372,0.5767145335216393,0.5926826069150934,0.981000000000002,0.5767145335216391,0.5926826069150924,0.9730579686207261,Crescente
2504801,PB,2017,15426,Coremas,141093000,8503748,1329,4.6,2.8,3.6,8.3,9146.44,6398.61,0.5601110708419391,0.5601110708419401,0.5631401424438377,0.9639999999999954,0.5631401424438458,0.5601110708419391,0.9946211051679722,Crescente
2505006,PB,2017,7274,Cubati,59221000,6605947,1209,4.3,4.0,1.0,2.8,8141.46,5463.98,0.6640823540113694,0.6640823540113714,0.7038235625645594,0.990000000000001,0.6640823540113693,0.7038235625645596,0.9435352684010992,Crescente
2505105,PB,2017,20348,Cuité,190743000,10047778,1600,5.8,3.6,0.4,4.4,9374.04,6279.86,0.636066909519439,0.6360669095194135,0.6904517077041193,0.9959999999999987,0.6360669095194389,0.6904517077041195,0.9212330166210756,Crescente
2505204,PB,2017,6790,Cuitegi,56891000,5663413,840,3.7,3.1,3.9,3.9,8378.65,6742.16,0.5716707460127226,0.5716707460127305,0.5726576119097198,0.9610000000000015,0.5716707460127226,0.5726576119097201,0.9982766912087205,Crescente
2505303,PB,2017,2517,Curral Velho,19978000,2854526,263,4.7,3.2,1.9,5.5,7937.23,10853.71,0.5268849492826457,0.5268849492826998,0.5348973878182212,0.9810000000000161,0.526884949282646,0.5348973878182208,0.9850206063479631,Crescente
2505600,PB,2017,6550,Diamante,53269000,3873814,619,3.8,3.9,8.6,11.9,8132.67,6258.18,0.6031198186851014,0.6031198186850935,0.6205694161405988,0.9140000000000624,0.6205694161405988,0.6031198186851014,0.9718813125467597,Crescente
2505709,PB,2017,10383,Dona Inês,81255000,8739184,1586,5.6,4.8,0.0,3.3,7825.77,5510.2,0.7407805360830046,0.7407805360830031,0.9167616255701715,1.0,0.7407805360830045,0.9167616255701713,0.8080405150273202,Crescente
2505907,PB,2017,3528,Emas,32011000,3149500,406,4.0,4.0,3.7,13.9,9073.41,7757.39,0.5420268789666689,0.5420268789666678,0.5476670341680874,0.9630000000000031,0.5476670341680873,0.5420268789666689,0.9897014885878864,Crescente
2506004,PB,2017,33266,Esperança,408056000,19648011,3732,5.4,4.2,0.6,4.5,12266.46,5264.74,0.5227285387615427,0.5227285387615385,0.6432055955241966,0.9940000000000018,0.522728538761543,0.6432055955241965,0.8126927725738018,Crescente
2506103,PB,2017,11313,Fagundes,87471000,10648978,1310,3.8,3.1,1.5,8.6,7731.9,8128.99,0.5545305699611117,0.5545305699611189,0.5546305286017076,0.9849999999999969,0.5545305699611123,0.554630528601707,0.999819774362497,Crescente
2506202,PB,2017,2990,Frei Martinho,26563000,2713727,352,5.5,3.9,0.5,1.3,8883.95,7709.45,0.6086114142535138,0.608611414253788,0.6553175330634873,0.9950000000000293,0.6086114142535161,0.6553175330634865,0.9287275000996371,Crescente
2506251,PB,2017,8435,Gado Bravo,64867000,8423257,1416,5.5,3.3,1.8,0.3,7690.22,5948.63,0.7322859309633535,0.7322859309633469,0.8572197663702941,0.997,0.7322859309633527,0.8572197663702941,0.8542569358427827,Decrescente
2506301,PB,2017,58881,Guarabira,947355000,27435005,3979,4.6,3.4,2.5,10.7,16089.32,6894.95,0.35907786523151886,0.3590778652315194,0.3595212251016411,0.9749999999999935,0.35952122510164114,0.35907786523151886,0.998766804741509,Crescente
2506509,PB,2017,3436,Gurjão,30537000,3123027,449,5.6,3.4,1.4,7.8,8887.37,6955.52,0.6251455413645899,0.6251455413645939,0.6252768817287674,0.9859999999999973,0.6251455413645897,0.6252768817287674,0.9997899484724041,Decrescente
2506608,PB,2017,5925,Ibiara,47407000,4188178,458,4.9,3.6,1.0,5.3,8001.18,9144.49,0.5708890103688754,0.5708890103688691,0.5710925098500426,0.9899999999999969,0.5708890103688754,0.5710925098500426,0.9996436663453692,Decrescente
2506707,PB,2017,11833,Imaculada,75523000,8638007,1503,3.9,3.4,0.7,8.1,6382.41,5747.18,0.7204217117181504,0.7204217117181513,0.7844545830936884,0.9930000000000042,0.7204217117181498,0.7844545830936884,0.9183727487154084,Decrescente
2506806,PB,2017,18163,Ingá,155991000,11373414,1806,3.7,2.9,4.5,12.7,8588.39,6297.57,0.5339948397365668,0.5339948397365515,0.5444506113337036,0.9549999999999891,0.5444506113337038,0.5339948397365668,0.98079573908178,Crescente
2506905,PB,2017,24475,Itabaiana,273668000,9878129,954,3.7,2.0,3.8,14.2,11181.53,10354.43,0.3822203766671038,0.3822203766671063,0.389411878745908,0.9620000000000032,0.38941187874590805,0.3822203766671038,0.9815324018826435,Crescente
2507002,PB,2017,24842,Itaporanga,273904000,10205049,1225,4.5,3.5,2.3,5.5,11025.84,8330.65,0.4547933191825997,0.4547933191825965,0.4557837666509482,0.9770000000000025,0.45578376665094844,0.4547933191825998,0.9978269356198747,Crescente
2507101,PB,2017,18715,Itapororoca,172236000,12597297,1876,4.1,2.4,6.1,18.4,9203.1,6714.98,0.5103794854715774,0.5103794854715783,0.5212493534186118,0.9390000000000006,0.5212493534186118,0.5103794854715774,0.9791465104450597,Crescente
2507200,PB,2017,10876,Itatuba,105331000,7379918,1118,3.9,3.6,2.0,6.3,9684.72,6601.0,0.5232553166302628,0.523255316630262,0.5234744105255066,0.9800000000000006,0.5234744105255063,0.5232553166302628,0.9995814620718063,Crescente
2507309,PB,2017,14378,Jacaraú,120942000,13131583,2087,4.4,3.4,1.9,7.4,8411.6,6292.09,0.5896994496512385,0.5896994496512379,0.5899109261127871,0.9809999999999985,0.5899109261127873,0.5896994496512385,0.9996415111973904,Crescente
2507408,PB,2017,7742,Jericó,62623000,5161753,531,4.0,3.5,6.1,17.1,8088.74,9720.82,0.5041701110485329,0.5041701110485334,0.5168920333087832,0.9390000000000032,0.5168920333087832,0.5041701110485324,0.9753876604001548,Crescente
2507507,PB,2017,811598,João Pessoa,19740717000,359600883,39401,4.9,4.0,2.7,4.1,24323.27,9126.69,0.2539232021605363,0.2539232021603573,0.27158826322326657,0.9730000000005234,0.2539232021605363,0.2715882632232664,0.9349564636811709,Crescente
2507606,PB,2017,7950,Juarez Távora,63093000,6945990,1060,4.2,2.6,3.5,12.1,7936.23,6552.82,0.5845576193360538,0.584557619336054,0.5892102719528909,0.9649999999999984,0.5892102719528909,0.5845576193360538,0.9921035785723554,Crescente
2507705,PB,2017,18213,Juazeirinho,154338000,12158121,2293,4.4,3.3,1.5,6.5,8474.06,5302.28,0.6163654175188492,0.6163654175188502,0.6296304223143996,0.9849999999999997,0.6163654175188505,0.6296304223143997,0.9789320777309477,Crescente
2507804,PB,2017,7165,Junco do Seridó,65187000,4701582,774,4.4,4.0,2.1,3.3,9097.98,6074.4,0.5931721417479326,0.5931721417479331,0.6110782272359558,0.9789999999999982,0.5931721417479326,0.6110782272359558,0.970697556073931,Decrescente
2507903,PB,2017,10770,Juripiranga,99769000,6863285,1168,4.5,4.1,0.3,1.6,9263.6,5876.1,0.6013393104807555,0.6013393104807535,0.7366473721527607,0.9969999999999996,0.6013393104807561,0.7366473721527604,0.8163190872770182,Crescente
2508000,PB,2017,9868,Juru,74008000,8049106,1214,5.0,4.6,0.9,5.4,7499.8,6630.24,0.7078667483017642,0.7078667483017673,0.7285730998027498,0.990999999999999,0.7078667483017642,0.7285730998027495,0.9715795827397533,Crescente
2508208,PB,2017,7670,Lagoa de Dentro,71622000,9578665,1097,4.6,3.2,2.3,11.1,9337.94,8731.69,0.5021690986074964,0.5021690986075045,0.5036467488910796,0.976999999999996,0.5036467488910795,0.5021690986074964,0.997066097841718,Crescente
2508307,PB,2017,27543,Lagoa Seca,259417000,15765785,2985,4.7,3.5,1.5,5.3,9418.62,5281.67,0.589105230762259,0.5891052307622686,0.6026608428179858,0.9850000000000013,0.589105230762259,0.6026608428179856,0.9775070635212634,Crescente
2508406,PB,2017,2725,Lastro,26081000,3968728,491,4.2,3.7,2.9,6.6,9571.01,8082.95,0.5064628833110227,0.5064628833110222,0.5078621785584833,0.9710000000000008,0.5078621785584834,0.5064628833110227,0.9972447342871007,Crescente
2508505,PB,2017,7386,Livramento,57242000,6794980,1190,5.3,4.4,1.9,9.7,7750.07,5710.07,0.7063902290782923,0.7063902290782902,0.7073132388579941,0.9810000000000013,0.7073132388579936,0.7063902290782923,0.9986950480649958,Crescente
2508554,PB,2017,4343,Logradouro,37488000,4380433,537,4.6,4.3,3.0,10.7,8631.82,8157.23,0.5760755653672075,0.5760755653672082,0.5805299868792334,0.9700000000000001,0.5805299868792334,0.5760755653672075,0.992326974294693,Crescente
2508604,PB,2017,13121,Lucena,187693000,9695476,1978,4.2,3.0,1.7,6.7,14304.78,4901.66,0.40314163703018063,0.4031416370301787,0.4489978062263691,0.9829999999999993,0.403141637030181,0.4489978062263689,0.897869948226274,Crescente
2508703,PB,2017,4009,Mãe d'Água,31494000,3442895,572,4.0,4.0,1.1,3.5,7855.82,6019.05,0.6642087609459819,0.6642087609459831,0.6815830483395086,0.9890000000000014,0.6642087609459817,0.6815830483395083,0.974508920907211,Crescente
2508802,PB,2017,5665,Malta,49597000,4771700,685,5.1,5.0,2.6,0.0,8754.99,6965.99,0.6646989836797215,0.6646989836797186,0.8537843386240037,1.0,0.6646989836797225,0.8537843386240045,0.7785326500026687,Crescente
2508901,PB,2017,45005,Mamanguape,625220000,22642345,4264,3.6,2.8,4.5,12.2,13892.23,5310.12,0.381219294425455,0.3812192944254583,0.38891899797119567,0.9550000000000036,0.38891899797119567,0.381219294425455,0.9802022951156761,Crescente
2509008,PB,2017,11120,Manaíra,72421000,8580622,1265,4.9,3.8,1.5,6.7,6512.68,6783.1,0.7225536992903169,0.7225536992903118,0.7230370814089115,0.9850000000000003,0.7230370814089108,0.7225536992903169,0.9993314559778141,Crescente
2509057,PB,2017,8586,Marcação,72367000,7485640,1084,2.8,2.9,5.2,19.2,8428.49,6905.57,0.5199823336539998,0.5199823336540013,0.5370652901641851,0.9479999999999996,0.5370652901641854,0.5199823336539998,0.9681920302372121,Crescente
2509107,PB,2017,21854,Mari,191180000,11320989,1806,4.1,3.0,1.9,8.7,8748.06,6268.54,0.5539806681289923,0.5539806681289974,0.554739367561988,0.9809999999999934,0.5539806681289925,0.5547393675619878,0.9986323317266446,Crescente
2509156,PB,2017,6614,Marizópolis,61344000,6471577,842,4.1,3.7,4.5,6.0,9274.87,7685.96,0.5257630482340573,0.525763048234057,0.5280382257714502,0.9550000000000011,0.5280382257714503,0.5257630482340573,0.995691263574585,Crescente
2509206,PB,2017,13853,Massaranduba,102104000,10843275,1551,4.7,3.2,1.4,3.6,7370.53,6991.15,0.6514106375384011,0.6514106375383889,0.6517998993356725,0.9859999999999945,0.6517998993356723,0.6514106375384012,0.9994027894179361,Crescente
2509305,PB,2017,8466,Mataraca,185237000,8920699,1254,3.7,2.4,1.8,20.8,21880.11,7113.8,0.25555168612297824,0.2555516861229927,0.29248593671641127,0.9820000000000082,0.2555516861229784,0.29248593671641115,0.8737229864516742,Crescente
2509339,PB,2017,4537,Matinhas,41686000,3817831,587,4.2,3.3,1.9,10.9,9188.01,6503.97,0.5335744015450453,0.5335744015450412,0.535701011049358,0.9809999999999999,0.5335744015450455,0.535701011049358,0.9960302305568792,Decrescente
2509370,PB,2017,2915,Mato Grosso,25504000,3114669,324,4.9,4.0,3.6,2.0,8749.23,9613.18,0.543167385387006,0.5431673853870054,0.5577552731475663,0.9799999999999991,0.5431673853870066,0.557755273147567,0.9738453611057106,Crescente
2509396,PB,2017,6587,Maturéia,50512000,6290173,1128,4.8,3.5,1.9,5.2,7668.44,5576.39,0.6830777560908833,0.6830777560908589,0.68367159825544,0.9809999999999969,0.6836715982554398,0.6830777560908833,0.999131392665613,Crescente
2509404,PB,2017,13286,Mogeiro,129981000,9447908,1721,4.3,3.2,3.5,8.4,9783.31,5489.78,0.5364207970117025,0.5364207970117026,0.5387169851936606,0.9649999999999991,0.5387169851936606,0.5364207970117025,0.99573767257193,Crescente
2509503,PB,2017,5691,Montadas,61437000,5346358,928,5.8,3.9,0.5,0.7,10795.47,5761.16,0.5932766067293825,0.5932766067293743,0.7713240637879776,0.994999999999999,0.5932766067293825,0.7713240637879775,0.7691664691696474,Crescente
2509701,PB,2017,33294,Monteiro,495876000,22155829,3434,5.9,4.8,0.3,1.4,14893.85,6451.9,0.4690258435035681,0.46902584350355475,0.6346626172702275,0.9970000000000024,0.4690258435035685,0.6346626172702275,0.7390160232233524,Decrescente
2509800,PB,2017,9922,Mulungu,76930000,5688536,743,3.9,3.6,4.2,4.0,7753.48,7656.17,0.5996733450085614,0.5996733450085658,0.6004720734866007,0.9600000000000014,0.6004720734866013,0.5996733450085595,0.9986698324313377,Crescente
2509909,PB,2017,10460,Natuba,80816000,9407564,1128,4.4,3.1,1.3,2.8,7726.2,8340.04,0.5779724439878565,0.5779724439878604,0.5853175268182127,0.9870000000000021,0.5779724439878562,0.5853175268182126,0.9874511141494702,Crescente
2510105,PB,2017,10639,Nova Floresta,82903000,5394889,790,4.4,3.4,0.9,6.9,7792.37,6828.97,0.6092748352626393,0.609274835262642,0.6340251069266546,0.9909999999999983,0.6092748352626394,0.6340251069266549,0.9609632625055043,Crescente
2510204,PB,2017,5944,Nova Olinda,47954000,4807231,682,3.9,3.2,0.4,7.8,8067.63,7048.73,0.5688036418936092,0.5688036418937228,0.6542881312680272,0.996,0.5688036418936088,0.6542881312680272,0.869347332942221,Decrescente
2510303,PB,2017,4910,Nova Palmeira,39415000,3530254,469,5.8,4.7,1.6,4.2,8027.49,7527.19,0.6660699610682445,0.6660699610682714,0.6669194021743965,0.9840000000000003,0.6669194021743966,0.6660699610682445,0.9987263211965606,Crescente
2510402,PB,2017,6512,Olho d'Água,56662000,5475576,768,5.0,3.2,3.4,4.6,8701.17,7129.66,0.5931737989231787,0.5931737989231802,0.5946205483782191,0.9659999999999997,0.5946205483782188,0.5931737989231787,0.9975669366640855,Crescente
2510501,PB,2017,3951,Olivedos,35220000,5126139,551,5.3,4.8,0.6,0.9,8914.2,9303.34,0.5904717489284802,0.5904717489284814,0.6229287049602633,0.9940000000000005,0.5904717489284812,0.6229287049602633,0.9478961945832091,Decrescente
2510709,PB,2017,2424,Passagem,24339000,3232251,372,5.1,3.5,0.0,0.7,10040.84,8688.85,0.5206883098768232,0.5206883098768235,0.5943195301490366,1.0,0.5206883098768242,0.5943195301490368,0.8761083616859285,Crescente
2510808,PB,2017,107790,Patos,1712176000,50127174,7035,4.7,3.4,2.0,5.6,15884.37,7125.4,0.3655301219727993,0.36553012197281776,0.36629665971856684,0.9799999999999874,0.3655301219727995,0.36629665971856684,0.9979073307784011,Decrescente
2510907,PB,2017,12308,Paulista,119574000,8259264,1448,5.2,4.3,1.1,4.1,9715.14,5703.91,0.5959717408860948,0.5959717408860941,0.6367231470539655,0.9889999999999967,0.5959717408860946,0.6367231470539656,0.9359982335235933,Crescente
2511004,PB,2017,3803,Pedra Branca,32502000,4168860,462,4.7,4.2,0.5,3.2,8546.41,9023.51,0.5715400340128012,0.5715400340128034,0.5899849726425427,0.995000000000001,0.571540034012801,0.5899849726425431,0.9687365958710328,Crescente
2511103,PB,2017,8122,Pedra Lavrada,68826000,6347299,944,5.4,4.7,1.3,1.2,8474.02,6723.83,0.6636112595391478,0.6636112595391732,0.726657517529714,0.9879999999999984,0.6636112595391481,0.7266575175297147,0.9132380021266508,Crescente
2511202,PB,2017,28499,Pedras de Fogo,425426000,25491633,3913,4.8,4.0,3.0,6.1,14927.75,6514.6,0.3933928236944564,0.39339282369445794,0.39497273472556255,0.9699999999999972,0.39497273472556255,0.3933928236944564,0.9959999491301497,Crescente
2511301,PB,2017,16091,Piancó,179588000,9076040,1360,4.2,3.1,2.2,7.4,11160.77,6673.56,0.46125278895510136,0.46125278895510646,0.4615009130537676,0.9780000000000011,0.46150091305376745,0.46125278895510147,0.9994623540460096,Crescente
2511400,PB,2017,18737,Picuí,176531000,14387598,2600,5.6,4.8,0.5,2.0,9421.52,5533.69,0.6532491447290695,0.6532491447290595,0.7719335318248126,0.9950000000000008,0.6532491447290691,0.7719335318248126,0.8462505096582874,Decrescente
2511509,PB,2017,11938,Pilar,92900000,7908616,922,3.5,3.0,3.3,3.7,7781.87,8577.67,0.5583788029711999,0.5583788029712092,0.5597794157728417,0.9669999999999969,0.5597794157728412,0.5583788029711992,0.9974979201410825,Crescente
2511608,PB,2017,6607,Pilões,87417000,6839907,1023,4.5,2.5,1.3,10.2,13230.97,6686.13,0.4194593351834371,0.4194593351831268,0.44669867963625404,0.9869999999999212,0.41945933518343725,0.44669867963625426,0.9390207634484214,Crescente
2511707,PB,2017,5080,Pilõezinhos,43675000,3522473,623,3.9,2.6,1.7,10.9,8597.44,5654.05,0.5632400233112915,0.5632400233112421,0.5836095595996552,0.982999999999992,0.563240023311292,0.583609559599655,0.9650973224250529,Crescente
2512002,PB,2017,18622,Pocinhos,233676000,14767351,2845,4.7,3.8,1.1,6.2,12548.38,5190.63,0.4720187475304918,0.4720187475304849,0.5558660428559387,0.9890000000000028,0.4720187475304919,0.5558660428559388,0.8491591699060178,Crescente
2512036,PB,2017,3770,Poço Dantas,33453000,6147333,814,4.4,3.5,1.5,7.3,8873.47,7552.01,0.5385052120743788,0.5385052120743802,0.5400722605141838,0.9850000000000272,0.538505212074379,0.5400722605141839,0.9970984467183835,Crescente
2512077,PB,2017,4318,Poço de José de Moura,40622000,6221523,591,4.7,4.4,1.4,5.6,9407.6,10527.11,0.5145920682733005,0.5145920682732976,0.5149537216176763,0.9860000000000004,0.5149537216176762,0.5145920682733005,0.9992976973867872,Crescente
2512101,PB,2017,32766,Pombal,381280000,18606127,2888,6.2,4.7,0.3,2.2,11636.45,6442.56,0.5741059819504354,0.5741059819504556,0.6640627228513004,0.997000000000002,0.5741059819504353,0.6640627228513003,0.8645357768094317,Crescente
2512309,PB,2017,23489,Princesa Isabel,212930000,10128466,1380,5.9,3.7,1.1,12.2,9065.09,7339.47,0.6255949816528138,0.6255949816528102,0.6261680216275375,0.9889999999999964,0.6255949816528136,0.6261680216275377,0.9990848463113235,Crescente
2512507,PB,2017,44214,Queimadas,465675000,26485899,4692,5.4,3.9,2.0,4.5,10532.3,5644.91,0.5727464494861011,0.572746449486102,0.572934953497684,0.9799999999999938,0.5727464494861013,0.5729349534976839,0.9996709853179108,Crescente
2512705,PB,2017,19579,Remígio,168974000,12565169,2190,4.7,3.6,0.7,6.1,8630.37,5737.52,0.6167061709443885,0.6167061709443868,0.6679030753443779,0.9930000000000007,0.6167061709443883,0.6679030753443781,0.9233468054124594,Crescente
2512721,PB,2017,6099,Pedro Régis,46843000,5358082,750,3.9,3.1,3.0,8.2,7680.44,7144.11,0.5781978667085387,0.5781978667085423,0.5817497874757883,0.969999999999998,0.5817497874757884,0.5781978667085386,0.9938944184532298,Crescente
2512754,PB,2017,4529,Riachão do Bacamarte,40960000,4365716,607,4.2,3.4,1.9,3.3,9043.94,7192.28,0.5362768246411111,0.5362768246411102,0.5544659191009592,0.9810000000000071,0.5362768246411115,0.5544659191009591,0.9671952885953011,Crescente
2512762,PB,2017,4519,Riachão do Poço,43856000,6307050,769,4.9,3.6,1.0,3.1,9704.8,8201.63,0.5257113623584669,0.5257113623584598,0.533714621140853,0.989999999999996,0.5257113623584668,0.5337146211408531,0.9850046102067084,Crescente
2512788,PB,2017,1985,Riacho de Santo Antônio,21693000,2651192,377,3.9,3.5,1.8,10.8,10928.46,7032.34,0.45833257275885964,0.4583325727588997,0.46607829871727907,0.9820000000000056,0.45833257275885964,0.46607829871727896,0.9833810628391476,Crescente
2512804,PB,2017,8609,Riacho dos Cavalos,70509000,7187415,781,5.0,4.3,1.7,5.4,8190.15,9202.84,0.5844022634591495,0.5844022634591486,0.58517142986846,0.9829999999999987,0.58517142986846,0.5844022634591496,0.9986855708087398,Crescente
2512903,PB,2017,24154,Rio Tinto,238589000,16847242,2370,3.9,3.5,3.0,12.4,9877.83,7108.54,0.49042222102633726,0.4904222210263421,0.49292801184617463,0.9700000000000034,0.4929280118461749,0.49042222102633726,0.9949165177072158,Crescente
2513158,PB,2017,6557,Santa Cecília,53031000,7789576,1129,4.3,2.8,1.7,5.3,8087.69,6899.54,0.5866076244869041,0.586607624486903,0.5870649079747381,0.9829999999999991,0.5870649079747382,0.5866076244869034,0.9992210682641353,Crescente
2513208,PB,2017,6585,Santa Cruz,55394000,3744257,488,6.2,3.6,1.1,9.3,8412.15,7672.66,0.6672178154408582,0.6672178154408638,0.6673446124841709,0.9890000000000002,0.6673446124841707,0.6672178154408582,0.9998099976519768,Crescente
2513307,PB,2017,5887,Santa Helena,49397000,5220693,637,6.0,4.9,2.6,2.1,8390.86,8195.75,0.6453753377346204,0.6453753377345741,0.6624997155932272,0.9789999999999962,0.6453753377346206,0.6624997155932271,0.9741518713811478,Crescente
2513356,PB,2017,3596,Santa Inês,29071000,3928614,423,4.4,3.1,3.0,6.2,8084.26,9287.5,0.531275715678171,0.5312757156781787,0.5344146936750503,0.9700000000000029,0.5344146936750498,0.5312757156781699,0.9941263254284921,Crescente
2513406,PB,2017,15401,Santa Luzia,198367000,6664372,886,5.2,3.1,0.3,3.4,12880.14,7521.86,0.45184156481639703,0.4518415648163988,0.5326940681453536,0.9969999999999998,0.4518415648163962,0.5326940681453537,0.8482196289317516,Crescente
2513505,PB,2017,5159,Santana de Mangueira,40149000,5338733,762,4.9,4.5,1.3,5.1,7782.32,7006.21,0.6721064173497329,0.6721064173497343,0.6721078661510699,0.9869999999999993,0.6721078661510699,0.6721064173497328,0.9999978443916372,Crescente
2513604,PB,2017,7024,Santana dos Garrotes,53616000,4975591,712,4.1,3.8,4.5,8.7,7633.26,6988.19,0.620569603749961,0.6205696037499636,0.624251980338215,0.9549999999999998,0.6242519803382152,0.620569603749961,0.9941011375145995,Crescente
2513653,PB,2017,2690,Joca Claudino,26687000,4122561,384,5.5,3.6,0.0,4.0,9920.82,10735.84,0.5008415919526692,0.5008415919526674,0.5271948059508026,1.0,0.5008415919526691,0.5271948059508026,0.9500123792938266,Decrescente
2513703,PB,2017,136851,Santa Rita,2222754000,67115504,9431,3.8,3.0,6.5,12.8,16242.15,7116.48,0.31516669486196025,0.31516669486195764,0.3246112751780051,0.9350000000000015,0.3246112751780051,0.31516669486196025,0.9709049529753218,Crescente
2513802,PB,2017,4573,Santa Teresinha,44622000,4512086,508,5.2,3.9,0.0,1.4,9757.71,8882.06,0.5301104294966731,0.5301104294966811,0.5750938079088281,1.0,0.5301104294966731,0.5750938079088286,0.9217807985522835,Crescente
2513851,PB,2017,2519,Santo André,24161000,3040817,372,4.5,3.7,3.1,4.2,9591.5,8174.24,0.5103579568346533,0.5103579568346538,0.510841763972011,0.9690000000000041,0.510841763972011,0.5103579568346532,0.9990529217235572,Crescente
2513901,PB,2017,34215,São Bento,425782000,24387931,3676,4.4,3.6,4.1,12.6,12444.31,6634.37,0.42941901613642375,0.4294190161364511,0.43358231839249456,0.958999999999989,0.43358231839249467,0.42941901613642375,0.9903978965943393,Crescente
2513927,PB,2017,4540,São Bentinho,40297000,4534081,491,5.5,4.3,0.7,2.9,8875.99,9234.38,0.5680878396134529,0.568087839613411,0.5732318823851971,0.9929999999999984,0.5680878396134525,0.573231882385198,0.9910262444748537,Crescente
2513943,PB,2017,2601,São Domingos do Cariri,23775000,2693449,329,6.2,4.0,2.5,9.0,9140.72,8186.78,0.6145110679232283,0.614511067923242,0.618077869549638,0.9749999999999999,0.6180778695496382,0.6145110679232283,0.9942292034675039,Crescente
2513968,PB,2017,3120,São Domingos,28149000,3860833,431,4.4,3.9,0.9,4.3,9022.12,8957.85,0.5318174611235046,0.5318174611235048,0.540281017544018,0.9910000000000004,0.5318174611235045,0.5402810175440178,0.984334899532494,Crescente
2513984,PB,2017,3363,São Francisco,31962000,3947514,448,6.0,4.5,0.5,0.4,9504.01,8811.42,0.5848025072532202,0.5848025072532272,0.6398040617045664,0.9960000000000004,0.5848025072532197,0.6398040617045665,0.9140337522947088,Crescente
2514008,PB,2017,4296,São João do Cariri,42852000,4015970,454,3.9,4.1,3.4,1.3,9974.86,8845.75,0.5153501837012338,0.5153501837012413,0.5482012054635846,0.9870000000000146,0.5153501837012325,0.548201205463586,0.9400748822969652,Crescente
2514107,PB,2017,4423,São João do Tigre,34027000,5561433,736,4.5,4.4,0.2,3.5,7693.19,7556.29,0.6619157148003835,0.6619157148003846,0.7097455359408827,0.998000000000001,0.6619157148003831,0.7097455359408827,0.9326099021149981,Decrescente
2514206,PB,2017,7679,São José da Lagoa Tapada,57795000,5007876,926,4.8,3.9,2.9,13.9,7526.37,5408.07,0.6911560722484569,0.6911560722484638,0.6947233716228451,0.971000000000006,0.6947233716228455,0.6911560722484569,0.9948651513392227,Crescente
2514305,PB,2017,6279,São José de Caiana,46278000,6326588,758,5.7,4.2,1.8,7.8,7370.28,8346.42,0.6676475419204512,0.6676475419204746,0.6698018125235886,0.9819999999999971,0.6698018125235886,0.6676475419204512,0.9967837193586848,Crescente
2514404,PB,2017,4635,São José de Espinharas,48505000,4260259,467,3.6,3.5,1.5,2.7,10464.94,9122.61,0.45913770822226474,0.4591377082222641,0.4778828204347275,0.9849999999999988,0.45913770822226435,0.47788282043472763,0.9607746681594236,Crescente
2514453,PB,2017,5969,São José dos Ramos,46981000,6447933,816,3.6,2.6,2.2,12.4,7870.83,7901.88,0.5384081000559668,0.5384081000559661,0.5391371588278715,0.9780000000000021,0.5391371588278716,0.5384081000559668,0.9986477304337736,Crescente
2514503,PB,2017,20163,São José de Piranhas,175932000,11571592,1545,5.7,4.1,1.3,3.5,8725.49,7489.7,0.6265045018651094,0.6265045018651394,0.6265540267340706,0.9869999999999629,0.6265540267340712,0.6265045018651086,0.9999209567461895,Crescente
2514602,PB,2017,3566,São José do Bonfim,27324000,4065868,551,4.1,4.3,0.7,2.0,7662.37,7379.07,0.6660221599126298,0.6660221599126361,0.6898417181890301,0.993,0.6660221599126305,0.6898417181890302,0.965470980301204,Crescente
2514651,PB,2017,1806,São José do Brejo do Cruz,23009000,3216985,326,5.1,3.8,1.1,11.1,12740.31,9868.05,0.41595242555357015,0.4159524255535806,0.4220037611102121,0.9890000000000017,0.41595242555357015,0.42200376111021226,0.9856604700850958,Crescente
2514701,PB,2017,4145,São José do Sabugi,59405000,5675764,490,5.5,4.5,0.4,1.0,14331.72,11583.19,0.38639954839723434,0.386399548397219,0.42779899357190126,0.995999999999981,0.3863995483972342,0.42779899357190115,0.903226875713281,Crescente
2514909,PB,2017,7721,São Mamede,69263000,7113438,964,5.6,4.0,0.4,3.9,8970.73,7379.09,0.6127747719569866,0.612774771956847,0.6427096522740037,0.9959999999999763,0.6127747719569848,0.6427096522740027,0.9534239446831039,Crescente
2515104,PB,2017,11845,São Sebastião de Lagoa de Roça,86631000,6441799,1114,4.5,2.2,1.2,7.1,7313.72,5782.58,0.6763011926335315,0.6763011926335326,0.6907740561212851,0.9880000000000004,0.6763011926335311,0.690774056121285,0.9790483395265029,Crescente
2515203,PB,2017,3496,São Sebastião do Umbuzeiro,31038000,3792865,468,4.7,3.9,1.1,3.6,8878.15,8104.41,0.5550446517205575,0.5550446517205464,0.558941922712899,0.9889999999999943,0.5550446517205578,0.5589419227128988,0.9930274133430078,Crescente
2515302,PB,2017,52697,Sapé,529919000,24400071,4108,4.5,3.6,1.3,5.2,10055.96,5939.65,0.5343793991808846,0.5343793991808846,0.5571191895176124,0.9869999999999941,0.534379399180885,0.5571191895176122,0.9591832577936917,Crescente
2515500,PB,2017,13707,Serra Branca,117769000,5647134,1178,4.5,3.4,1.1,3.8,8591.89,4793.83,0.6368052906406073,0.6368052906406111,0.678832978228613,0.9889999999999964,0.6368052906406075,0.6788329782286125,0.9380883237321863,Crescente
2515609,PB,2017,3121,Serra da Raiz,31487000,3866432,255,4.1,3.7,0.6,5.7,10088.75,15162.48,0.40467571606363983,0.4046757160636395,0.42726501398394057,0.9939999999999997,0.4046757160636397,0.4272650139839405,0.9471304759786633,Crescente
2515708,PB,2017,3100,Serra Grande,48355000,3174086,502,6.0,5.0,1.4,5.0,15598.39,6322.88,0.4683944050713023,0.4683944050712991,0.5166788908516703,0.9860000000000002,0.4683944050713039,0.5166788908516705,0.9065483675929202,Crescente
2515807,PB,2017,7020,Serra Redonda,59669000,5049722,706,3.6,3.1,4.0,10.3,8499.86,7152.58,0.5288521565032039,0.5288521565032023,0.533821825782825,0.9599999999999973,0.533821825782825,0.5288521565032039,0.9906903969834255,Crescente
2515930,PB,2017,5044,Sertãozinho,46042000,4802614,594,4.5,3.9,0.6,6.9,9128.07,8085.21,0.5376880953059845,0.5376880953059839,0.5747534493357607,0.9940000000000008,0.5376880953059845,0.574753449335761,0.9355108628358605,Crescente
2515971,PB,2017,7795,Sobrado,86885000,10250031,1212,5.2,3.6,1.3,2.6,11146.25,8457.12,0.4883282332959411,0.4883282332959418,0.5090584839770518,0.9869999999999993,0.48832823329594116,0.5090584839770518,0.9592772710138249,Decrescente
2516102,PB,2017,14987,Soledade,170487000,8435540,1335,3.9,3.5,1.3,3.9,11375.66,6318.76,0.4653410324565791,0.46534103245657793,0.49853287062646345,0.9869999999999896,0.4653410324565794,0.4985328706264637,0.9334209635401272,Crescente
2516151,PB,2017,3567,Sossêgo,31231000,3578625,547,4.6,4.1,1.3,3.7,8755.54,6542.28,0.6052139473073445,0.6052139473073446,0.6128998294142831,0.9870000000000005,0.6052139473073442,0.6128998294142833,0.9874598070711104,Crescente
2516201,PB,2017,69554,Sousa,1085629000,22516718,3733,5.1,4.1,1.4,7.6,15608.43,6031.8,0.4027714635707363,0.40277146357075766,0.4489790787260706,0.9860000000000358,0.4027714635707363,0.44897907872607073,0.8970829213547246,Crescente
2516300,PB,2017,16957,Sumé,174663000,12011098,1836,4.8,4.1,0.4,7.9,10300.35,6541.99,0.5303233406719042,0.5303233406719303,0.6393706309463311,0.9959999999999973,0.5303233406719045,0.6393706309463314,0.829445887883486,Crescente
2516409,PB,2017,10967,Tacima,74792000,8285368,991,4.6,4.1,0.5,2.3,6819.73,8360.61,0.6776053915889771,0.67760539158897,0.6847080375307719,0.9949999999999999,0.6776053915889773,0.6847080375307725,0.9896267524952552,Crescente
2516607,PB,2017,14661,Tavares,108713000,12637084,1679,5.4,4.4,1.4,7.8,7415.11,7526.55,0.6722613755104871,0.6722613755104913,0.6725833586587576,0.9859999999999991,0.6725833586587576,0.6722613755104871,0.9995212739891267,Crescente
2516706,PB,2017,15191,Teixeira,135528000,10321063,1600,4.7,3.7,0.7,2.4,8921.6,6450.66,0.5897367575872635,0.58973675758733,0.6393615497859529,0.9930000000000261,0.5897367575872633,0.639361549785952,0.9223838339742154,Crescente
2516805,PB,2017,9482,Triunfo,74713000,6117562,945,4.5,3.6,2.0,6.8,7879.46,6473.61,0.6193573703500903,0.619357370350089,0.6200985096077113,0.9799999999999953,0.6200985096077112,0.6193573703500902,0.9988048040010774,Crescente
2516904,PB,2017,15382,Uiraúna,162924000,7591466,922,4.2,3.2,5.0,9.3,10591.86,8233.69,0.44661134348855525,0.44661134348855147,0.451166512273484,0.9499999999999978,0.451166512273484,0.44661134348855525,0.9899035751523874,Crescente
2517100,PB,2017,2820,Várzea,29715000,2716668,332,6.6,5.5,1.1,0.0,10537.23,8182.73,0.6081635157723925,0.6081635157723889,0.7776060722254552,1.0,0.6081635157723919,0.777606072225455,0.782097179400709,Crescente
2517209,PB,2017,5358,Vieirópolis,41396000,5471153,518,5.6,5.0,1.2,4.0,7726.02,10562.07,0.6242925276139076,0.6242925276139141,0.6250845289655306,0.9879999999999987,0.6250845289655317,0.6242925276139066,0.998732969198688,Crescente
2517407,PB,2017,2245,Zabelê,22411000,3617130,385,5.0,4.5,0.0,1.9,9982.63,9395.14,0.525326160003581,0.5253261600035778,0.5820821721053184,1.0,0.5253261600035811,0.5820821721053184,0.9024948455362273,Decrescente
2600104,PE,2017,37017,Afogados da Ingazeira,405079000,26370061,4581,5.5,5.3,0.9,1.9,10943.05,5756.4,0.642333694889991,0.6423336948899702,0.7211730873128537,0.991,0.6423336948899915,0.7211730873128539,0.890678959309721,Crescente
2600203,PE,2017,19411,Afrânio,166121000,16994990,2736,4.6,3.8,0.3,2.3,8558.09,6211.62,0.6092941295724587,0.6092941295724149,0.7024736188229974,0.9969999999999993,0.6092941295724587,0.7024736188229964,0.8673551764026924,Crescente
2600302,PE,2017,24644,Agrestina,248233000,17433422,3103,4.4,3.7,1.2,1.8,10072.76,5618.25,0.5437841540797516,0.5437841540797558,0.672278684844089,0.9879999999999898,0.5437841540797516,0.6722786848440889,0.8088671652677235,Crescente
2600401,PE,2017,36371,Água Preta,239859000,20652286,3865,4.6,3.5,2.6,8.5,6594.79,5343.41,0.7465203867567862,0.7465203867567859,0.7484447770087546,0.9739999999999991,0.7484447770087539,0.7465203867567862,0.9974288146419307,Crescente
2600500,PE,2017,43087,Águas Belas,334358000,28719894,6811,5.2,4.1,1.1,5.3,7760.07,4216.69,0.7599409142540472,0.7599409142540366,0.8122237809741693,0.9905967486112794,0.7599409142540471,0.812223780974169,0.9356299729891991,Crescente
2600609,PE,2017,14517,Alagoinha,124657000,11515409,2051,4.8,3.6,1.5,6.6,8586.97,5614.53,0.6266203267996251,0.6266203267996295,0.6311796555192353,0.9849999999999988,0.6266203267996256,0.6311796555192354,0.9927764960740703,Crescente
2600708,PE,2017,38267,Aliança,313640000,26531766,4094,3.3,2.8,1.8,8.8,8196.1,6480.65,0.5689491658209603,0.5689491658209618,0.5714940087461841,0.9820000000000029,0.5689491658209607,0.571494008746184,0.9955470348135286,Crescente
2600807,PE,2017,22896,Altinho,153946000,11378045,1873,4.8,3.8,1.0,5.1,6723.71,6074.77,0.7313680232893836,0.7313680232893895,0.7438188928779386,0.9900000000000687,0.7313680232893841,0.7438188928779383,0.9832608855357506,Crescente
2600906,PE,2017,22726,Amaraji,209645000,11792125,2772,4.5,2.9,1.8,12.4,9224.9,4254.01,0.612160850730761,0.6121608507307615,0.6255459177166135,0.9820000000000001,0.6121608507307613,0.6255459177166132,0.9786025827892681,Crescente
2601003,PE,2017,11045,Angelim,113953000,9456540,1622,4.4,4.1,0.7,1.7,10317.16,5830.17,0.5525784124258055,0.5525784124258043,0.6718408302147437,0.9930000000000007,0.5525784124258059,0.6718408302147437,0.8224841176282517,Decrescente
2601052,PE,2017,20268,Araçoiaba,139010000,13722067,2682,4.6,3.6,0.1,0.8,6858.59,5116.36,0.7592291390668606,0.7592291390668576,0.9224613834469634,0.9989999999999986,0.7592291390668615,0.9224613834469638,0.82304707025225,Crescente
2601102,PE,2017,83757,Araripina,987505000,57217495,9191,4.3,3.3,1.7,10.6,11790.12,6225.38,0.45450263320883605,0.45450263320883527,0.4664786902056756,0.982999999999998,0.45450263320883616,0.4664786902056755,0.9743266793354286,Crescente
2601300,PE,2017,14224,Barra de Guabiraba,101790000,7615119,1809,6.4,4.2,0.4,8.2,7156.21,4209.57,0.938042766504069,0.9380427665040535,1.0,1.0,0.9380427665040691,1.0,0.938042766504069,Decrescente
2601409,PE,2017,42438,Barreiros,429669000,29309742,5006,4.4,3.1,1.1,7.1,10124.63,5854.92,0.5258651781807117,0.5258651781806999,0.5673753747019176,0.9890000000000032,0.5258651781807119,0.5673753747019168,0.9268382126330136,Crescente
2601508,PE,2017,11992,Belém de Maria,76805000,11045999,1537,4.9,4.4,0.1,0.7,6404.69,7186.73,0.7733170035488325,0.7733170035488273,0.8326066989132576,0.9989999999999994,0.7733170035488338,0.832606698913257,0.9287902734366518,Crescente
2601706,PE,2017,75986,Belo Jardim,1805502000,51778611,7554,4.3,3.7,3.9,7.8,23760.98,6854.46,0.24930002099116882,0.24930002099116577,0.2510302711844587,0.960999999999964,0.25103027118445853,0.24930002099116882,0.9931074041982033,Crescente
2601805,PE,2017,12637,Betânia,89777000,10777425,1923,4.7,4.3,2.1,2.5,7104.3,5604.49,0.7564314288824455,0.7564314288824453,0.7848786003522377,0.9789999999999992,0.756431428882446,0.7848786003522378,0.9637559598936375,Crescente
2601904,PE,2017,60549,Bezerros,711513000,31841911,5449,5.5,4.2,0.7,3.1,11751.03,5843.62,0.5317788674911499,0.5317788674911462,0.6161423280306249,0.9929999999999998,0.5317788674911501,0.6161423280306251,0.8630779664024613,Crescente
2602001,PE,2017,37816,Bodocó,247355000,28006154,4878,4.0,3.1,2.3,4.6,6541.01,5741.32,0.708739849200317,0.7087398492003183,0.7113132539319534,0.9769999999999988,0.7113132539319539,0.7087398492003165,0.996382178010305,Crescente
2602100,PE,2017,48214,Bom Conselho,481173000,30828332,6768,4.6,3.7,0.4,7.9,9979.94,4555.01,0.5774644642544823,0.5774644642544856,0.7587877388922468,0.9960000000000012,0.5774644642544824,0.7587877388922466,0.7610355764281614,Crescente
2602209,PE,2017,39025,Bom Jardim,339995000,29597178,4632,5.1,4.4,1.4,2.8,8712.24,6389.72,0.6332993541311837,0.6332993541311872,0.6566335150348148,0.9859999999999987,0.6332993541311831,0.6566335150348144,0.9644639507893623,Crescente
2602308,PE,2017,38044,Bonito,402865000,27718054,5340,7.2,5.5,0.9,1.3,10589.45,5190.65,0.7686449389995417,0.7686449389996165,0.8767969989011204,0.9912134736420388,0.7686449389995405,0.8767969989011203,0.8766509693382568,Crescente
2602407,PE,2017,8973,Brejão,168368000,8731447,1721,5.2,4.0,1.1,3.3,18763.85,5073.47,0.3778089634115516,0.3778089634115593,0.4975375322831735,0.9889999999999962,0.37780896341155173,0.4975375322831737,0.7593577145382504,Crescente
2602506,PE,2017,7465,Brejinho,51751000,7963071,1263,6.1,5.9,0.3,1.4,6932.48,6304.89,0.9226662515268135,0.9226662515270846,0.9725723584013739,0.9970000000000007,0.9226662515268116,0.9725723584013739,0.9486864844106905,Decrescente
2602605,PE,2017,50138,Brejo da Madre de Deus,353158000,38544237,6565,4.5,3.9,1.9,4.9,7043.72,5871.17,0.7121406943904233,0.7121406943904243,0.7128226442864982,0.9809999999999999,0.7128226442864984,0.7121406943904234,0.9990433105604304,Crescente
2602704,PE,2017,13085,Buenos Aires,91098000,9592406,1539,4.9,3.8,0.9,3.9,6962.02,6232.88,0.7177270153189352,0.7177270153189365,0.7311429049765495,0.9910000000000042,0.7177270153189351,0.7311429049765494,0.9816507969012643,Crescente
2602803,PE,2017,57696,Buíque,411031000,40305880,7878,4.5,4.0,1.8,4.2,7124.08,5116.26,0.7408909790206493,0.7408909790206414,0.7410137769328838,0.9819999999999988,0.7410137769328838,0.7408909790206496,0.9998342839012483,Crescente
2602902,PE,2017,204653,Cabo de Santo Agostinho,10031202000,170015328,23458,4.8,4.2,2.0,3.4,49015.66,7247.65,0.15094660444868394,0.15094660444868474,0.2513188514038644,0.9800000000000004,0.15094660444868574,0.25131885140386473,0.6006179146749153,Crescente
2603009,PE,2017,33856,Cabrobó,404210000,23198057,4014,5.2,4.9,0.5,0.9,11939.09,5779.29,0.5579503642824221,0.5579503642824123,0.7508643956192219,0.9949999999999992,0.5579503642824212,0.7508643956192217,0.7430774019086259,Crescente
2603108,PE,2017,20209,Cachoeirinha,202167000,11348676,1747,5.1,4.6,1.2,4.3,10003.81,6496.09,0.5742694830672398,0.5742694830672429,0.6025621152406604,0.9880000000000004,0.5742694830672398,0.6025621152406604,0.9530461151509324,Decrescente
2603207,PE,2017,28500,Caetés,417640000,22912882,4211,4.9,3.5,0.3,4.0,14654.04,5441.2,0.42328520258049096,0.42328520258044355,0.6181978096484547,0.997000000000006,0.4232852025804911,0.6181978096484547,0.6847083505863552,Decrescente
2603306,PE,2017,11055,Calçado,90310000,9534485,1580,3.9,3.2,1.0,5.3,8169.15,6034.48,0.5959535808308692,0.5959535808308697,0.6452573043948123,0.9899999999999969,0.595953580830869,0.6452573043948128,0.9235905998612676,Crescente
2603504,PE,2017,18583,Camocim de São Félix,160771000,15964386,2326,4.6,3.7,0.6,5.7,8651.51,6863.45,0.5800714767052776,0.580071476705279,0.6277362425673224,0.9939999999999986,0.5800714767052778,0.6277362425673223,0.924068800509104,Crescente
2603702,PE,2017,24762,Canhotinho,192954000,15308793,3128,4.8,4.0,1.8,7.2,7792.34,4894.12,0.6967158853512208,0.6967158853512164,0.698583832911735,0.9819999999999992,0.6967158853512206,0.6985838329117348,0.997326093916705,Crescente
2603801,PE,2017,19991,Capoeiras,198956000,14521970,2644,5.0,3.5,0.1,1.6,9952.28,5492.42,0.5863427595229002,0.5863427595227804,0.7747419004974668,0.9990000000000088,0.5863427595229003,0.7747419004974668,0.7568233487131723,Decrescente
2603900,PE,2017,19440,Carnaíba,144904000,17440374,3044,6.2,5.5,0.3,2.2,7453.91,5729.43,0.857432095906036,0.8574320959060379,0.9197918170590502,0.997,0.8574320959060361,0.9197918170590502,0.9322023527536876,Decrescente
2603926,PE,2017,12805,Carnaubeira da Penha,77107000,7865942,827,4.6,4.5,2.0,1.5,6021.63,9511.42,0.7402896277651854,0.7402896277651613,0.8121236473864846,0.9849999999999999,0.7402896277651851,0.8121236473864853,0.9115479276431981,Crescente
2604007,PE,2017,82685,Carpina,1318644000,49951401,5377,4.7,3.8,1.3,5.9,15947.8,9289.83,0.34454557165699173,0.34454557165699295,0.3597893094011244,0.9870000000000123,0.3445455716569918,0.3597893094011245,0.95763148780183,Crescente
2604106,PE,2017,356128,Caruaru,6874476000,168446898,31186,5.2,4.0,1.2,5.6,19303.39,5401.36,0.36401215585131086,0.36401215585130653,0.43046588118455986,0.9880000000000007,0.3640121558513042,0.4304658811845596,0.8456237108725526,Crescente
2604155,PE,2017,14274,Casinhas,90218000,13112995,1967,5.2,4.4,0.2,1.3,6320.44,6666.49,0.7965570481949152,0.7965570481949118,0.8367014151348966,0.9979999999999943,0.796557048194915,0.836701415134895,0.9520206776111295,Crescente
2604205,PE,2017,42343,Catende,289144000,28057062,4504,4.1,3.3,4.2,9.0,6828.61,6229.37,0.6555824902399379,0.6555824902399364,0.6593733531597087,0.9580000000000058,0.6593733531597089,0.6555824902399379,0.9942508096488809,Crescente
2604304,PE,2017,11695,Cedro,87530000,8567373,1488,4.9,4.4,0.8,6.5,7484.4,5757.64,0.7204951362389012,0.7204951362389043,0.7663951212301571,0.9920000000000004,0.720495136238901,0.766395121230157,0.9401092416695178,Crescente
2604403,PE,2017,13396,Chã de Alegria,137538000,11233466,2152,4.1,3.7,1.0,5.1,10267.09,5220.01,0.5330579963338672,0.5330579963338685,0.6191980834924357,0.9899999999999987,0.5330579963338677,0.6191980834924358,0.860884441578507,Crescente
2604502,PE,2017,21525,Chã Grande,207865000,17061289,3601,4.2,3.1,5.3,14.0,9656.91,4737.93,0.5473086629942806,0.5473086629942873,0.5558562230173923,0.9470000000000001,0.5558562230173918,0.5473086629942806,0.984622714167501,Crescente
2604601,PE,2017,26186,Condado,214311000,17126232,2920,4.3,3.3,0.2,6.7,8184.18,5865.15,0.6113660016094856,0.611366001609488,0.7387009381870461,0.9980000000000017,0.6113660016094855,0.7387009381870465,0.8276231557386786,Crescente
2604700,PE,2017,18098,Correntes,151074000,16454022,2306,4.1,3.5,2.8,7.2,8347.55,7135.31,0.5647244575485689,0.5647244575485674,0.5661434828835812,0.971999999999999,0.5661434828835812,0.5647244575485689,0.9974935235008189,Crescente
2604809,PE,2017,12560,Cortês,105235000,12098041,2141,4.7,3.3,1.2,6.6,8378.58,5650.65,0.6311198245816981,0.6311198245817551,0.6524517785919612,0.9879999999999995,0.6311198245816985,0.652451778591961,0.9673049339273793,Crescente
2604908,PE,2017,11559,Cumaru,97608000,10374842,1899,4.7,3.7,1.3,4.5,8444.33,5463.32,0.635965255178782,0.6359652551787812,0.6517964770437,0.9869999999999989,0.6359652551787818,0.6517964770437003,0.9757114031411731,Crescente
2605004,PE,2017,23977,Cupira,265406000,14912639,2645,4.7,3.8,1.5,3.9,11069.19,5638.05,0.5147331913825643,0.514733191382563,0.5358852016067029,0.9850000000000031,0.5147331913825642,0.5358852016067029,0.9605288405786908,Decrescente
2605103,PE,2017,36753,Custódia,428276000,24768498,3551,4.7,3.6,0.6,5.3,11652.82,6975.08,0.47010546161265204,0.4701054616126565,0.5348099030812726,0.994000000000002,0.47010546161265315,0.5348099030812726,0.8790141298883395,Decrescente
2605152,PE,2017,18692,Dormentes,214781000,14949486,2613,6.2,5.1,0.0,1.3,11490.53,5721.2,0.6137066580844599,0.6137066580842656,0.8399027817220167,1.0,0.6137066580844602,0.8399027817220169,0.7306877312945713,Crescente
2605202,PE,2017,68281,Escada,871233000,36911136,7043,4.0,3.4,1.1,6.7,12759.52,5240.83,0.42972234877286397,0.4297223487728631,0.5347924882952939,0.9890000000000028,0.4297223487728642,0.534792488295294,0.8035310109583779,Crescente
2605301,PE,2017,31790,Exu,238194000,20995468,4468,5.1,3.9,0.7,2.5,7492.73,4699.08,0.7586037534057689,0.7586037534058034,0.8332629810936414,0.9930000000000013,0.7586037534057688,0.833262981093642,0.9104013626167772,Crescente
2605400,PE,2017,21958,Feira Nova,190754000,14790199,2893,5.2,4.3,0.5,2.2,8687.22,5112.41,0.672254611087766,0.6722546110877614,0.7985178299472765,0.994999999999999,0.6722546110877656,0.7985178299472765,0.8418780218497472,Decrescente
2605509,PE,2017,12057,Ferreiros,106839000,8242967,1472,4.3,3.9,0.6,3.5,8861.16,5599.84,0.6093747669261256,0.609374766926127,0.7043341899922742,0.9940000000000017,0.6093747669261251,0.7043341899922738,0.8651784558872683,Crescente
2605608,PE,2017,22567,Flores,183259000,15391898,2485,5.1,4.6,0.5,1.5,8120.66,6193.92,0.6914899545801616,0.6914899545801625,0.7550763587169167,0.9950000000000006,0.6914899545801614,0.7550763587169168,0.9157881141388058,Crescente
2605707,PE,2017,32483,Floresta,412537000,30882207,3339,4.7,3.7,1.1,3.8,12700.09,9248.94,0.4104451026863619,0.4104451026863599,0.4223683252959738,0.9889999999999967,0.41044510268636214,0.4223683252959741,0.9717705568918865,Crescente
2605806,PE,2017,15328,Frei Miguelinho,108779000,10872320,1728,4.7,3.9,1.4,5.9,7096.75,6291.85,0.6931116231131333,0.6931116231131347,0.6941281679177822,0.9859999999999812,0.6931116231131332,0.6941281679177823,0.9985355084959334,Crescente
2605905,PE,2017,30709,Gameleira,205405000,17748880,2855,3.5,3.0,2.9,10.3,6688.76,6216.77,0.6557437670612944,0.6557437670612954,0.6589709980732504,0.9709999999999955,0.6589709980732502,0.6557437670612944,0.9951026205684438,Crescente
2606002,PE,2017,138642,Garanhuns,2342216000,91711209,13789,4.7,3.7,1.7,5.4,16893.99,6651.04,0.35285036875451925,0.35285036875451903,0.3702748134905342,0.9829999999999997,0.3528503687545193,0.3702748134905341,0.9529418580438759,Crescente
2606101,PE,2017,30425,Glória do Goitá,479264000,19421884,3214,4.2,3.3,1.6,5.0,15752.31,6042.9,0.3609513953411379,0.3609513953411396,0.3977100093651029,0.9840000000000085,0.36095139534113774,0.3977100093651024,0.9075743301441022,Crescente
2606200,PE,2017,79249,Goiana,9154029000,49774328,7074,4.0,2.9,1.0,5.6,115509.71,7036.24,0.06687343440541033,0.06687343440540783,0.12378399543632886,0.9899999999991947,0.06687343440541046,0.12378399543632886,0.540242978663653,Decrescente
2606408,PE,2017,83241,Gravatá,1068764000,47065277,6890,4.2,3.8,2.2,4.6,12839.39,6830.95,0.42767024429156864,0.4276702442915685,0.43093181790109164,0.9779999999999972,0.4276702442915686,0.43093181790109186,0.9924313465053267,Crescente
2606507,PE,2017,19100,Iati,148614000,17205856,3132,4.6,3.3,0.1,1.5,7780.84,5493.57,0.677244948139109,0.6772449481391455,0.8244837936958249,0.9990000000000023,0.677244948139109,0.8244837936958251,0.8214169318032266,Crescente
2606705,PE,2017,7735,Ibirajuba,60412000,7277895,1092,5.1,3.9,0.5,6.7,7810.21,6664.74,0.6597559375953249,0.6597559375953268,0.6995692661395181,0.9949999999999988,0.6597559375953252,0.6995692661395178,0.9430887969623111,Crescente
2606804,PE,2017,115398,Igarassu,2479515000,52273761,9534,4.6,4.1,1.4,2.9,21486.64,5482.88,0.3011755128550163,0.30117551285501476,0.46410243573453797,0.9859999999999989,0.3011755128550161,0.46410243573453724,0.6489418922750186,Crescente
2606903,PE,2017,12175,Iguaraci,87799000,8694357,1538,5.2,4.7,0.2,1.9,7211.42,5653.03,0.7791751473412796,0.7791751473412742,0.8824508235308371,0.9979999999999997,0.7791751473412794,0.8824508235308373,0.8829672164888079,Crescente
2607000,PE,2017,22801,Inajá,155264000,12370049,2734,4.1,2.7,1.4,24.3,6809.53,4524.52,0.7261650373969051,0.7261650373970102,0.7657378889930686,0.9861191078480476,0.7261650373970538,0.7657378889930639,0.948320630120313,Crescente
2607109,PE,2017,4542,Ingazeira,34026000,4823827,682,5.5,4.4,0.2,4.4,7491.41,7073.06,0.6950160714918013,0.6950160714917998,0.7482291754206006,0.9979999999999963,0.6950160714918016,0.7482291754206004,0.9288812763831527,Crescente
2607208,PE,2017,94533,Ipojuca,10892224000,202811216,13937,4.5,3.3,0.6,1.5,115221.39,14552.0,0.06161704793613433,0.06161704793613122,0.13962408140491392,0.9939999999999939,0.06161704793613416,0.13962408140491395,0.4413067381796632,Crescente
2607307,PE,2017,30447,Ipubi,269160000,23689091,4753,4.8,4.5,0.8,3.6,8840.28,4984.03,0.664471914974972,0.6644719149749728,0.7721592246664162,0.9919999999999984,0.6644719149749728,0.7721592246664163,0.8605374302975315,Crescente
2607406,PE,2017,4858,Itacuruba,53413000,7065592,824,4.4,4.0,0.7,4.6,10994.85,8574.75,0.4706991814720835,0.4706991814720851,0.5049116105736796,0.993,0.4706991814720835,0.50491161057368,0.9322407558369988,Crescente
2607505,PE,2017,26314,Itaíba,204578000,20968272,3914,4.1,3.9,0.4,1.9,7774.49,5357.25,0.6877807293756398,0.6877807293756395,0.8004431109788052,0.9959999999999991,0.6877807293756397,0.8004431109788053,0.8592499828433797,Crescente
2607653,PE,2017,36320,Itambé,494818000,20723410,3397,4.3,3.3,1.2,3.7,13623.84,6100.5,0.4126722696563284,0.41267226965632403,0.4790362007934985,0.9879999999999965,0.41267226965632825,0.4790362007934985,0.861463640895528,Decrescente
2607703,PE,2017,13638,Itapetim,102328000,10347738,1982,5.3,4.2,0.6,3.7,7503.15,5220.86,0.7475910598068803,0.7475910598068498,0.8119712777485166,0.9940000000000042,0.7475910598068802,0.8119712777485167,0.9207112126919641,Crescente
2607752,PE,2017,26338,Itapissuma,1398744000,19779155,2515,5.1,5.4,1.0,0.5,53107.45,7864.48,0.17291686819858115,0.17291686819860022,0.43898640680890944,0.9950000000000003,0.17291686819857846,0.43898640680890944,0.39390027918074416,Decrescente
2607802,PE,2017,16859,Itaquitinga,129665000,11477533,2013,3.6,3.2,2.7,4.7,7691.14,5701.71,0.6316547945721466,0.6316547945721457,0.6331099012226666,0.9729999999999979,0.6331099012226663,0.6316547945721469,0.9977016523549703,Crescente
2607901,PE,2017,695956,Jaboatão dos Guararapes,13540091000,295788535,47445,5.2,4.5,0.4,1.1,19455.38,6234.35,0.3525269206169955,0.35252692061698915,0.5771233017414927,0.9960000000000004,0.35252692061699487,0.5771233017414931,0.6108346683511675,Crescente
2607950,PE,2017,11634,Jaqueira,101857000,11355762,1923,4.4,3.5,3.9,10.4,8755.11,5905.23,0.5752588976600616,0.5752588976600649,0.5807071085932612,0.9610000000000233,0.5807071085932612,0.5752588976600616,0.9906179710002212,Crescente
2608008,PE,2017,17026,Jataúba,119044000,16159975,2408,3.9,3.4,3.8,11.7,6991.89,6710.95,0.6314601742214825,0.6314601742214838,0.6349074066318218,0.9620000000000039,0.6349074066318218,0.6314601742214825,0.9945704958324131,Crescente
2608107,PE,2017,33485,João Alfredo,272380000,23688257,3585,4.8,4.6,0.6,0.3,8134.39,6607.6,0.6839477183394564,0.6839477183394542,0.7945004573164527,0.9969999999999984,0.6839477183394567,0.794500457316452,0.8608525168753142,Crescente
2608206,PE,2017,15989,Joaquim Nabuco,125465000,14619294,2371,4.3,3.4,2.1,5.7,7846.96,6165.88,0.6186449676246325,0.6186449676246325,0.6196612123255448,0.9790000000000013,0.6196612123255447,0.6186449676246326,0.9983599994953719,Crescente
2608255,PE,2017,11334,Jucati,103835000,12992281,2077,5.5,4.4,0.1,4.0,9161.37,6255.31,0.6286368671776896,0.6286368671777021,0.7480679529726174,0.9990000000000012,0.6286368671776895,0.7480679529726169,0.8403472768478568,Crescente
2608305,PE,2017,14712,Jupi,153355000,14747754,2513,5.6,5.0,0.2,4.6,10423.8,5868.58,0.6227533961477523,0.6227533961477472,0.7712170907452874,0.9979999999999983,0.6227533961477522,0.7712170907452874,0.8074942887299565,Decrescente
2608404,PE,2017,15284,Jurema,118749000,19927333,2218,4.8,3.8,0.3,2.1,7769.5,8984.37,0.5886477601984292,0.5886477601984255,0.6099663665998446,0.9969999999999221,0.5886477601984295,0.6099663665998452,0.965049537861813,Crescente
2608453,PE,2017,17847,Lagoa do Carro,228047000,13721226,2000,4.5,3.0,0.0,4.2,12777.89,6860.61,0.4327756609938265,0.4327756609939966,0.6277973468949227,1.0,0.43277566099382625,0.6277973468949234,0.6893556704792225,Crescente
2608503,PE,2017,21338,Lagoa de Itaenga,309511000,17350831,2520,4.5,3.3,0.8,10.7,14505.16,6885.25,0.38886239404877504,0.3888623940487704,0.4671513493585768,0.9919999999999998,0.3888623940487752,0.4671513493585766,0.8324120107599035,Crescente
2608602,PE,2017,13033,Lagoa do Ouro,112483000,13471905,2374,4.5,3.3,1.4,9.0,8630.63,5674.77,0.6019801856325675,0.6019801856325626,0.6178090635946708,0.9860000000000004,0.6019801856325677,0.6178090635946707,0.9743790130400414,Crescente
2608701,PE,2017,16218,Lagoa dos Gatos,128980000,12414471,1990,4.6,4.9,1.1,4.1,7952.89,6238.43,0.7133953102060019,0.7133953102060017,0.7312433791607265,0.9890000000000002,0.7133953102060017,0.731243379160727,0.9755921633434693,Crescente
2608800,PE,2017,39888,Lajedo,451077000,36497880,5920,4.7,3.9,2.3,8.3,11308.59,6165.18,0.4907976421719915,0.4907976421721166,0.49135904890098425,0.9770000000000179,0.49135904890098403,0.4907976421719915,0.9988574409482263,Crescente
2608909,PE,2017,56140,Limoeiro,743385000,32814149,4440,5.4,5.1,0.4,0.7,13241.63,7390.57,0.501426909115654,0.5014269091156583,0.6318887006332234,0.996,0.501426909115654,0.6318887006332234,0.7935367551487595,Decrescente
2609006,PE,2017,25214,Macaparana,242580000,16652864,2641,4.5,3.7,0.3,0.7,9620.85,6305.51,0.5557319536144867,0.5557319536144844,0.7105865940025589,0.9969999999999964,0.555731953614487,0.7105865940025586,0.7820749199392938,Crescente
2609105,PE,2017,15820,Machados,200850000,9584828,1495,4.7,3.8,1.9,3.0,12695.95,6411.26,0.4518317238724711,0.45183172387248316,0.5028636507701477,0.9810000000000059,0.4518317238724712,0.5028636507701482,0.8985173678401293,Crescente
2609154,PE,2017,21047,Manari,118784000,17488159,3652,3.9,2.9,1.8,2.7,5643.75,4788.65,0.8462622221136596,0.8462622221136619,0.8967260822609009,0.9849036531450451,0.8462622221136602,0.8967260822609013,0.9437243310465471,Crescente
2609204,PE,2017,11433,Maraial,85685000,10926638,1869,4.0,3.4,2.9,10.1,7494.53,5846.25,0.6286022635064594,0.6286022635064563,0.629854443469842,0.9710000000000005,0.6298544434698418,0.6286022635064594,0.9980119534340596,Crescente
2609303,PE,2017,15270,Mirandiba,155980000,11123470,1849,4.0,3.3,0.7,2.3,10214.8,6015.94,0.5158402089761533,0.515840208976156,0.6257432324769042,0.9930000000000035,0.515840208976154,0.6257432324769039,0.8243640237774248,Crescente
2609402,PE,2017,62119,Moreno,682721000,35344768,5627,4.0,3.2,2.1,4.5,10990.53,6281.28,0.4717627545344759,0.47176275453447586,0.4780423590541309,0.9789999999999867,0.47176275453447597,0.478042359054131,0.9868639161347961,Crescente
2609501,PE,2017,32280,Nazaré da Mata,520236000,17326062,1991,4.5,3.4,0.2,3.4,16116.36,8702.19,0.3431183525010306,0.3431183525010314,0.45498594035756623,0.997999999999993,0.3431183525010301,0.45498594035756623,0.754129572072885,Decrescente
2609600,PE,2017,390771,Olinda,5437636000,117195115,17382,4.5,3.7,3.1,4.1,13915.15,6742.33,0.4050501060009183,0.40505010600091557,0.42174064256279475,0.9690000000000007,0.4050501060009183,0.42174064256279475,0.9604246428315446,Decrescente
2609709,PE,2017,23768,Orobó,333792000,21736667,3041,6.3,5.3,0.5,2.5,14043.76,7147.87,0.5126257548766497,0.5126257548766476,0.5957029784299677,0.9950000000000008,0.5126257548766514,0.5957029784299677,0.8605391838525368,Decrescente
2609808,PE,2017,14794,Orocó,151483000,14160563,2320,3.8,3.5,1.1,5.0,10239.49,6103.69,0.5073554397648987,0.5073554397648988,0.5545614174352724,0.9889999999999964,0.5073554397648989,0.5545614174352725,0.9148769168098797,Crescente
2609907,PE,2017,68776,Ouricuri,612240000,45020982,8546,3.8,3.1,3.9,9.0,8901.94,5268.08,0.5567036857098006,0.5567036857098019,0.5609863016501314,0.9610000000000017,0.5609863016501314,0.5567036857098006,0.9923659170861505,Crescente
2610004,PE,2017,62832,Palmares,833618000,32566021,6345,4.8,3.8,0.7,4.8,13267.41,5132.55,0.4579933300592927,0.4579933300593096,0.5870360000294691,0.9929999999999142,0.45799333005929327,0.5870360000294688,0.7801792905993866,Crescente
2610103,PE,2017,7761,Palmeirina,72513000,6915377,1333,3.5,3.2,0.3,6.3,9343.25,5187.83,0.5554899358311471,0.5554899358311471,0.7366319966093949,0.9969999999999982,0.5554899358311471,0.7366319966093949,0.7540942266803273,Decrescente
2610301,PE,2017,11449,Paranatama,242841000,12575225,2366,5.0,4.7,1.5,2.5,21210.67,5314.97,0.35003414533979826,0.35003414533980615,0.5314842659025122,0.9849999999999994,0.3500341453397991,0.5314842659025117,0.658597380574204,Crescente
2610400,PE,2017,21383,Parnamirim,163905000,16614700,2704,4.7,3.6,0.4,1.9,7665.2,6144.49,0.6676213601587944,0.667621360158795,0.7335098450067747,0.9960000000000007,0.6676213601587944,0.7335098450067749,0.910173687106583,Crescente
2610509,PE,2017,28889,Passira,219998000,20291759,3722,5.1,4.6,0.3,2.4,7615.29,5451.84,0.7449958626966877,0.7449958626966869,0.8604302376616831,0.9969999999999989,0.7449958626966878,0.8604302376616831,0.8658410991241993,Decrescente
2610608,PE,2017,55942,Paudalho,758366000,36914071,6817,4.1,3.5,1.3,5.0,13556.29,5415.0,0.4124132915457615,0.41241329154578976,0.48743879180636523,0.987000000000003,0.4124132915457617,0.48743879180636523,0.846082212737784,Decrescente
2610707,PE,2017,328353,Paulista,4018623000,80034099,13580,4.7,3.9,2.6,4.7,12238.73,5893.53,0.4691126899733558,0.46911268997293376,0.4711057261718052,0.9739999999993519,0.4691126899733555,0.47110572617180524,0.9957694502789326,Crescente
2610905,PE,2017,66881,Pesqueira,691904000,33218582,5172,4.6,3.7,2.1,6.4,10345.3,6422.77,0.5156827348242979,0.5156827348242994,0.5160002146564637,0.9790000000000039,0.5160002146564636,0.5156827348242979,0.9993847292633838,Crescente
2611002,PE,2017,36108,Petrolândia,1078866000,30994177,5693,5.4,4.1,0.5,2.0,29878.86,5444.26,0.26873565662322274,0.26873565662314053,0.4600160282895647,0.9950000000000008,0.2687356566232223,0.46001602828956467,0.5841875936854588,Crescente
2611101,PE,2017,343219,Petrolina,5988818000,222340785,32531,5.8,4.9,0.1,0.4,17448.97,6834.74,0.41153844614318014,0.4115384461431946,0.6261187254447745,0.9990000000000017,0.4115384461431802,0.6261187254447744,0.6572849995036268,Crescente
2611200,PE,2017,11268,Poção,85549000,10536922,1899,4.9,4.7,0.3,5.2,7592.21,5548.67,0.7469566664537485,0.7469566664537509,0.8606657581095819,0.9969999999999996,0.7469566664537488,0.8606657581095811,0.8678824031461517,Crescente
2611309,PE,2017,26960,Pombos,363983000,18431682,3291,4.2,2.9,2.3,11.3,13500.85,5600.63,0.41158849552277493,0.4115884955227749,0.41238470409147804,0.976999999999999,0.4115884955227745,0.41238470409147854,0.9980692577566445,Crescente
2611408,PE,2017,14798,Primavera,168864000,11114803,1680,3.9,3.3,1.0,4.8,11411.27,6615.95,0.4533644458850386,0.45336444588503977,0.5113243549518963,0.9899999999999971,0.45336444588503877,0.5113243549518967,0.886647470425479,Crescente
2611507,PE,2017,25831,Quipapá,175507000,19038142,3453,4.7,3.7,0.6,7.4,6794.43,5513.51,0.7382092806344234,0.7382092806344188,0.7923420772757453,0.994000000000002,0.7382092806344234,0.7923420772757455,0.9316800177677765,Crescente
2611533,PE,2017,6802,Quixaba,49179000,9474939,1701,5.9,5.0,0.8,2.8,7230.08,5570.22,0.8028876722156739,0.8028876722156713,0.8485431619615401,0.9919999999999995,0.802887672215675,0.84854316196154,0.946195442032287,Crescente
2611606,PE,2017,1633697,Recife,51839333000,733255545,64840,5.0,4.1,0.5,1.3,31731.3,11308.69,0.20126118446988148,0.20126118446988,0.3141662715493356,0.9950000000000148,0.20126118446988123,0.3141662715493355,0.6406199604984526,Crescente
2611705,PE,2017,20392,Riacho das Almas,166293000,17314036,2754,4.5,3.6,0.6,3.7,8154.82,6286.87,0.6171760956129158,0.6171760956129141,0.6693187165943232,0.9940000000000018,0.6171760956129158,0.6693187165943232,0.9220959765674516,Decrescente
2611804,PE,2017,47088,Ribeirão,387435000,25871921,3969,4.4,3.1,3.8,12.1,8227.89,6518.5,0.5839853174951536,0.583985317495145,0.5895669760971731,0.9620000000000072,0.5895669760971733,0.5839853174951536,0.9905326132088179,Crescente
2611903,PE,2017,23379,Rio Formoso,259964000,21067939,3418,3.9,3.5,0.9,6.0,11119.55,6163.82,0.47211975499958553,0.4721197549995799,0.5496266118880222,0.9910000000000377,0.47211975499958525,0.5496266118880222,0.8589827071469613,Decrescente
2612000,PE,2017,10065,Sairé,144528000,10019287,1444,5.1,4.2,2.6,4.0,14359.46,6938.56,0.4176452797576432,0.4176452797576427,0.429531988453437,0.9740000000000008,0.4176452797576431,0.42953198845343665,0.9723263714570065,Crescente
2612109,PE,2017,10747,Salgadinho,62142000,6400386,888,5.2,3.7,0.5,5.4,5782.26,7207.64,0.787338995911885,0.7873389959119238,0.8019949680547908,0.994999999999992,0.7873389959118849,0.8019949680547905,0.9817256058620253,Crescente
2612208,PE,2017,60453,Salgueiro,792338000,37327225,5544,5.3,4.3,0.2,1.0,13106.68,6732.9,0.4672026798077315,0.46720267980773483,0.6372500008495358,0.998000000000001,0.4672026798077316,0.6372500008495359,0.733154459293669,Crescente
2612307,PE,2017,15779,Saloá,143490000,15407258,2568,5.6,4.2,1.8,5.6,9093.73,5999.71,0.6413085480619293,0.6413085480619308,0.6420680670313356,0.982000000000005,0.6420680670313361,0.6413085480619293,0.9988170740636301,Crescente
2612406,PE,2017,25979,Sanharó,193910000,16810899,2463,5.0,3.2,0.6,14.1,7464.11,6825.38,0.6670156868504623,0.6670156868504626,0.6959086875597522,0.9940000000000018,0.6670156868504622,0.6959086875597523,0.9584816208997117,Crescente
2612455,PE,2017,15202,Santa Cruz,100486000,14185253,2208,4.9,4.0,1.0,3.2,6610.05,6424.48,0.7413408256928322,0.7413408256928289,0.7451737713044908,0.9900000000000078,0.7413408256928327,0.745173771304491,0.9948563063284572,Crescente
2612471,PE,2017,12501,Santa Cruz da Baixa Verde,83542000,8921463,1451,4.9,4.4,1.6,5.6,6682.83,6148.49,0.7682076697926956,0.7682076697926945,0.7686201091198995,0.9840000000000008,0.7686201091198995,0.7682076697926956,0.9994634028926511,Crescente
2612505,PE,2017,105761,Santa Cruz do Capibaribe,1428003000,53279241,8667,5.3,4.5,0.4,1.2,13502.17,6147.37,0.4667615087108242,0.4667615087108233,0.6561700633039421,0.9960000000000004,0.4667615087108241,0.6561700633039419,0.7113422797141804,Crescente
2612554,PE,2017,14355,Santa Filomena,91193000,13212507,2310,4.7,3.9,1.0,6.1,6352.7,5719.7,0.7710038801866572,0.7710038801866321,0.7919534066183058,0.9899999999999932,0.7710038801866571,0.7919534066183057,0.9735470215083681,Crescente
2612703,PE,2017,14013,Santa Maria do Cambucá,101705000,12582433,2032,5.2,3.3,1.6,7.1,7257.9,6192.14,0.713933759269378,0.7139337592693832,0.7141610095247141,0.9840000000000029,0.7141610095247146,0.7139337592693781,0.9996817940880204,Crescente
2612802,PE,2017,11734,Santa Terezinha,81836000,7656379,1577,4.8,3.9,0.1,3.1,6974.26,4855.03,0.7680443240583177,0.7680443240583127,0.9300132602935823,0.9990000000000003,0.7680443240583175,0.9300132602935819,0.8258423367166453,Crescente
2612901,PE,2017,15683,São Benedito do Sul,96157000,9621071,1636,4.4,3.5,3.7,5.3,6131.29,5880.85,0.7502199459734081,0.7502199459734078,0.7534350408945631,0.9630000000000256,0.7534350408945635,0.750219945973408,0.9957327510048674,Crescente
2613008,PE,2017,58824,São Bento do Una,953021000,38332872,7342,5.6,4.7,0.1,0.5,16201.23,5221.04,0.44981949745554967,0.4498194974555478,0.7489672798522834,0.9989999999999954,0.4498194974555499,0.7489672798522842,0.600586313389106,Crescente
2613107,PE,2017,37023,São Caitano,350467000,26852232,4460,4.8,4.0,0.2,0.3,9466.2,6020.68,0.5878305328817972,0.587830532881797,0.7778255119935019,0.9980000000000023,0.5878305328817963,0.7778255119935019,0.7557357322662721,Decrescente
2613206,PE,2017,22628,São João,202370000,15630239,3390,5.1,3.9,0.2,4.5,8943.34,4610.69,0.6632513802519969,0.6632513802519932,0.868594401608015,0.9980000000000006,0.6632513802519959,0.8685944016080147,0.7635915900725703,Crescente
2613305,PE,2017,21257,São Joaquim do Monte,168133000,16818590,3040,4.5,3.8,2.4,5.0,7909.54,5532.43,0.6540643502023826,0.6540643502024631,0.6550595734620533,0.9759999999999515,0.6550595734620533,0.6540643502023825,0.9984807133580067,Crescente
2613404,PE,2017,20963,São José da Coroa Grande,251044000,15480903,3310,4.2,3.4,1.9,10.6,11975.58,4677.01,0.4702596738894296,0.47025967388943213,0.487502096663935,0.9810000000000043,0.4702596738894295,0.4875020966639347,0.9646310797584289,Crescente
2613503,PE,2017,33804,São José do Belmonte,256606000,25142169,4243,5.3,4.3,0.4,1.7,7591.0,5925.56,0.7211066529781749,0.7211066529781776,0.7840129340489945,0.9960000000000007,0.7211066529781747,0.7840129340489934,0.9197637202922873,Crescente
2613602,PE,2017,33704,São José do Egito,362827000,21018095,3965,5.8,4.8,0.6,4.3,10765.1,5300.91,0.6169259926525258,0.6169259926525219,0.7290890166120741,0.9940000000000003,0.6169259926525262,0.7290890166120743,0.8461600416355924,Crescente
2613701,PE,2017,112099,São Lourenço da Mata,1107233000,49339660,9368,4.2,3.3,2.8,7.1,9877.28,5266.83,0.5346805016372451,0.5346805016372451,0.5358650531648281,0.9720000000000006,0.5358650531648281,0.5346805016372452,0.997789459266681,Crescente
2613800,PE,2017,17904,São Vicente Ferrer,235668000,14350841,2210,4.4,3.4,0.6,5.8,13162.87,6493.59,0.42110970641523954,0.42110970641524204,0.5256097524966341,0.9940000000000003,0.42110970641523926,0.5256097524966343,0.8011832056292301,Crescente
2613909,PE,2017,85568,Serra Talhada,1336854000,50114501,8256,5.1,4.5,0.5,2.8,15623.29,6070.07,0.4152565618737423,0.4152565618737426,0.5782370866153548,0.9949999999999986,0.41525656187374227,0.578237086615355,0.7181423874148224,Crescente
2614006,PE,2017,19080,Serrita,136759000,16223496,2840,5.1,3.8,0.5,2.7,7167.66,5712.5,0.7407456300548844,0.7407456300548715,0.7823115115793418,0.9950000000000008,0.7407456300548855,0.7823115115793419,0.9468678641318423,Crescente
2614105,PE,2017,35670,Sertânia,278580000,16765779,3751,4.7,3.6,1.0,6.6,7809.92,4469.68,0.7067759899050725,0.7067759899050942,0.7606444580304892,0.9900000000000001,0.706775989905073,0.7606444580304891,0.9291804895747265,Crescente
2614204,PE,2017,45263,Sirinhaém,482254000,29113186,5014,4.4,3.3,1.8,5.0,10654.49,5806.38,0.5080758597033107,0.5080758597033024,0.5097004779999487,0.9820000000000405,0.5080758597033109,0.5097004779999486,0.9968126019755505,Crescente
2614303,PE,2017,11238,Moreilândia,81056000,8150593,1421,4.6,3.2,2.1,12.7,7212.67,5735.81,0.6866280701082801,0.6866280701082433,0.6875348109232378,0.9789999999999994,0.6875348109232371,0.6866280701082801,0.9986811710468302,Crescente
2614402,PE,2017,5978,Solidão,41238000,4629934,925,5.7,4.6,0.9,2.3,6898.29,5005.33,0.838761592264574,0.8387615922645507,0.8789237693590578,0.9911083568436083,0.838761592264574,0.878923769359058,0.9543052782338889,Crescente
2614501,PE,2017,64373,Surubim,771621000,40165411,6009,5.0,4.3,1.9,2.6,11986.72,6684.21,0.48411470769627746,0.48411470769627873,0.5377260156682833,0.9809999999999953,0.4841147076962771,0.5377260156682833,0.9002999549772983,Decrescente
2614600,PE,2017,28301,Tabira,249010000,17228992,3290,5.5,3.9,0.3,5.2,8798.63,5236.78,0.6787244555055275,0.6787244555048553,0.7829635397362825,0.997000000000038,0.6787244555055276,0.7829635397362825,0.8668659791414236,Decrescente
2614808,PE,2017,25368,Tacaratu,170629000,21819315,2743,5.2,5.0,0.0,1.2,6726.15,7954.54,0.7645776904595993,0.7645776904596309,0.8003781165592725,1.0,0.7645776904596007,0.8003781165592725,0.9552706085299099,Decrescente
2614857,PE,2017,23100,Tamandaré,285437000,21060378,3357,4.7,3.9,0.7,4.8,12356.58,6273.57,0.46079457436202853,0.46079457436204824,0.5585711922495262,0.9930000000000117,0.4607945743620284,0.5585711922495262,0.8249522724333075,Decrescente
2615003,PE,2017,28358,Taquaritinga do Norte,264907000,18683458,3013,5.4,4.5,0.6,1.5,9341.53,6200.95,0.6199544483211863,0.6199544483211877,0.7037413771682975,0.9939999999999999,0.6199544483211865,0.7037413771682977,0.8809407382236758,Crescente
2615201,PE,2017,10437,Terra Nova,67358000,8022877,1438,5.5,4.9,0.9,6.3,6453.77,5579.19,0.8565860482872321,0.8565860482872457,0.8797758833279067,0.9909999999999995,0.8565860482872321,0.879775883327906,0.9736412017195163,Crescente
2615300,PE,2017,53083,Timbaúba,646914000,27582930,4804,5.0,4.7,0.3,1.0,12186.84,5741.66,0.5283754023719797,0.5283754023719266,0.7369475115363024,0.9969999999999892,0.5283754023719793,0.7369475115363026,0.7169783384850356,Crescente
2615409,PE,2017,44189,Toritama,624256000,29695621,5162,4.4,3.6,3.0,6.8,14126.95,5752.74,0.4032663249557339,0.4032663249557319,0.40412084588431985,0.9699999999999946,0.4041208458843197,0.4032663249557339,0.9978854816887358,Crescente
2615508,PE,2017,13689,Tracunhaém,101545000,8229104,1271,4.7,4.5,1.4,1.6,7418.0,6474.51,0.7233227006900378,0.7233227006900339,0.7628793768016446,0.986,0.7233227006900372,0.7628793768016451,0.9481481905075907,Crescente
2615607,PE,2017,30155,Trindade,281806000,24821339,4452,5.3,5.2,0.8,1.8,9345.25,5575.32,0.7088338532316364,0.7088338532316167,0.7779035244291572,0.9919999999999995,0.7088338532316354,0.7779035244291583,0.9112104920102969,Crescente
2615706,PE,2017,15221,Triunfo,138856000,10960908,1916,6.2,5.2,0.6,2.2,9122.66,5720.72,0.7209475200714471,0.7209475200714862,0.7888332056111462,0.9939999999999992,0.7209475200714479,0.7888332056111462,0.9139416481750349,Decrescente
2615805,PE,2017,26990,Tupanatinga,184072000,21414195,4177,3.9,2.9,1.7,6.6,6820.01,5126.69,0.7028525149803756,0.7028525149803696,0.7041946657468678,0.9829999999999999,0.702852514980375,0.7041946657468684,0.9980940628610574,Crescente
2615904,PE,2017,8169,Tuparetama,75771000,7824338,1184,5.7,4.2,0.0,3.6,9275.43,6608.39,0.6261315009456874,0.6261315009457981,0.7354515086615354,1.0,0.6261315009456871,0.7354515086615352,0.8513566068892809,Crescente
2616001,PE,2017,18258,Venturosa,207678000,11522257,2296,4.7,4.7,0.4,1.9,11374.63,5018.4,0.5764903568642002,0.5764903568642006,0.7843048690833884,0.9960000000000012,0.576490356864201,0.7843048690833885,0.7350335049404201,Crescente
2616100,PE,2017,9490,Verdejante,64763000,8359902,1419,4.1,3.8,0.9,2.5,6824.34,5891.4,0.7301607850452914,0.7301607850452904,0.7575266202936529,0.991,0.7301607850452912,0.7575266202936523,0.9638747543449321,Crescente
2616183,PE,2017,7641,Vertente do Lério,67084000,6473467,1103,5.1,4.2,0.5,2.0,8779.48,5868.96,0.6383193512285353,0.6383193512285348,0.7267831884049181,0.9949999999999986,0.6383193512285354,0.7267831884049177,0.8782802924066865,Crescente
2616308,PE,2017,32429,Vicência,357346000,27288191,3520,4.5,3.5,0.9,5.8,11019.33,7752.33,0.46604561431288005,0.46604561431288166,0.4951370080509713,0.9910000000000007,0.4660456143128798,0.49513700805097144,0.9412457698272143,Crescente
2616407,PE,2017,137578,Vitória de Santo Antão,3691415000,87062766,13418,4.2,3.4,2.9,8.8,26831.43,6488.51,0.22445618074816817,0.22445618074816806,0.22474642308348577,0.9710000000000035,0.22474642308348575,0.22445618074816817,0.9987085786223624,Crescente
2616506,PE,2017,14651,Xexéu,104721000,17971138,2543,4.8,3.8,0.2,4.6,7147.7,7066.9,0.6697268126776865,0.669726812677685,0.7226884595946955,0.9980000000000061,0.6697268126776865,0.7226884595946953,0.926715798192334,Crescente
2700102,AL,2017,20467,Água Branca,136648000,20689452,3621,4.7,4.2,1.4,4.1,6676.5,5713.74,0.773214672535872,0.7732146725358701,0.7733633311467617,0.9859999999999993,0.7733633311467617,0.7732146725358716,0.9998077764940454,Crescente
2700300,AL,2017,234185,Arapiraca,4104162000,104243245,23183,5.0,3.8,2.5,8.7,17525.3,4496.54,0.3940844716564339,0.39408447165643884,0.41919752153000656,0.9750000000000018,0.39408447165643407,0.41919752153000617,0.9400925611823422,Crescente
2700508,AL,2017,16064,Barra de Santo Antônio,160796000,12807302,2295,4.2,2.5,3.6,15.1,10009.71,5580.52,0.5172259403917698,0.5172259403917705,0.5208827923235881,0.9639999999999993,0.5208827923235881,0.5172259403917698,0.9929795109654025,Crescente
2700607,AL,2017,8401,Barra de São Miguel,171264000,9285614,1452,5.2,3.1,1.1,17.8,20386.14,6395.05,0.3340971679902226,0.33409716799022066,0.39311430117277596,0.989,0.334097167990223,0.393114301172775,0.8498728410376121,Crescente
2700706,AL,2017,18757,Batalha,174238000,15770729,2187,4.8,4.0,3.4,8.2,9289.23,7211.12,0.5470288562608772,0.5470288562608714,0.5501404491279298,0.9660000000000019,0.5501404491279299,0.5470288562608772,0.9943440027505974,Crescente
2700904,AL,2017,6797,Belo Monte,83338000,7631752,1134,3.8,3.3,0.9,7.7,12261.0,6729.94,0.4196196885299849,0.41961968852999165,0.5011573902663444,0.9909999999999954,0.4196196885299847,0.5011573902663448,0.837301208522485,Crescente
2701001,AL,2017,27590,Boca da Mata,268988000,21554341,3396,5.0,4.3,0.0,1.7,9749.47,6346.98,0.579487309746912,0.5794873097469136,0.7527745987789374,1.0,0.579487309746912,0.7527745987789379,0.7698018911462851,Crescente
2701100,AL,2017,10675,Branquinha,395000000,12798653,1964,5.4,4.1,0.8,5.9,37002.34,6516.63,0.21836973506334986,0.21836973506333499,0.30001252669934053,0.9919999999999957,0.21836973506334906,0.30001252669934036,0.7278687242356067,Crescente
2701209,AL,2017,10897,Cacimbinhas,88262000,12897415,1746,5.0,4.4,0.7,1.3,8099.66,7386.84,0.6490662667577894,0.6490662667577884,0.6878928594793446,0.9929999999999987,0.6490662667577891,0.6878928594793452,0.9435572092564787,Crescente
2701308,AL,2017,21526,Cajueiro,171715000,20504158,3556,4.6,4.0,0.2,1.1,7977.1,5766.07,0.6730201416586953,0.6730201416586992,0.8013825916864641,0.9980000000000026,0.6730201416586954,0.8013825916864631,0.8398237603868618,Crescente
2701357,AL,2017,7024,Campestre,63955000,7446389,1112,4.1,3.5,2.4,9.7,9105.21,6696.39,0.5324685996136591,0.5324685996136629,0.5329111151394337,0.9759999999999959,0.5329111151394339,0.5324685996136591,0.9991696260160406,Crescente
2701407,AL,2017,57548,Campo Alegre,496451000,41620031,6114,6.2,5.2,0.1,0.8,8626.73,6807.33,0.6954295362680527,0.6954295362680473,0.7833111870362447,0.9990000000000001,0.6954295362680529,0.7833111870362445,0.8878074867018009,Crescente
2701506,AL,2017,9692,Campo Grande,83662000,12111359,1860,4.0,2.9,3.9,17.0,8632.07,6511.48,0.5384839170501562,0.5384839170501559,0.5436103687307222,0.9609999999999966,0.5436103687307224,0.5384839170501562,0.9905696212297499,Crescente
2701605,AL,2017,17983,Canapi,108273000,18740488,3174,4.8,3.8,1.3,9.6,6020.85,5904.38,0.7868635615020737,0.7868635615020794,0.7917257541518288,0.987000000000008,0.7868635615020737,0.7917257541518287,0.9938587413327689,Crescente
2701704,AL,2017,17354,Capela,179071000,20488908,2913,4.3,3.3,1.4,11.6,10318.72,7033.61,0.48715134087553563,0.48715134087553275,0.5018312673839127,0.985999999999982,0.48715134087553513,0.5018312673839126,0.9707472860650858,Crescente
2701902,AL,2017,7427,Chã Preta,108854000,7712962,1376,4.2,3.5,2.1,8.5,14656.52,5605.35,0.3853082407739346,0.38530824077393444,0.3920087431079145,0.9789999999999924,0.38530824077393444,0.3920087431079147,0.982907263034857,Crescente
2702009,AL,2017,10888,Coité do Nóia,102268000,9901797,1733,4.6,4.1,1.1,5.3,9392.73,5713.67,0.5870205439960344,0.5870205439960335,0.631431036032983,0.9890000000000017,0.5870205439960346,0.6314310360329828,0.929666916095919,Crescente
2702108,AL,2017,21926,Colônia Leopoldina,252184000,16993403,3323,4.5,3.8,0.7,5.8,11501.6,5113.87,0.49739348573361325,0.4973934857335673,0.6344923862330631,0.9929999999999788,0.49739348573361286,0.6344923862330629,0.7839234899044314,Crescente
2702207,AL,2017,5918,Coqueiro Seco,67040000,5432543,1012,4.4,3.8,1.4,7.1,11328.15,5368.13,0.4909760159946574,0.49097601599465873,0.5407345625441431,0.9860000000000007,0.49097601599465684,0.5407345625441434,0.9079797187082458,Crescente
2702306,AL,2017,57498,Coruripe,1376189000,53951719,8523,8.5,6.3,0.2,1.1,23934.55,6330.13,0.486868147660505,0.48686814766050857,0.8627106439006277,0.9979999999999999,0.4868681476604987,0.8627106439006277,0.5643469813461413,Decrescente
2702355,AL,2017,24510,Craíbas,196579000,21906265,4153,4.2,3.2,3.4,12.6,8020.36,5274.8,0.6192259444386023,0.6192259444386047,0.6233067003324918,0.966,0.6233067003324916,0.6192259444386023,0.9934530530608565,Crescente
2702405,AL,2017,52597,Delmiro Gouveia,475706000,34841774,7369,4.2,3.6,2.5,9.2,9044.36,4728.15,0.5845226681880028,0.5845226681880049,0.58519690709441,0.9750000000000036,0.58519690709441,0.5845226681880028,0.9988478426693079,Crescente
2702504,AL,2017,11214,Dois Riachos,77918000,13597577,1775,5.0,4.2,2.7,6.4,6948.28,7660.61,0.6819100979125371,0.6819100979125381,0.6839904857951313,0.9730000000000006,0.6839904857951306,0.6819100979125371,0.996958454940823,Crescente
2702553,AL,2017,18435,Estrela de Alagoas,104607000,19920592,2217,4.6,3.6,0.5,2.8,5674.37,8985.38,0.7132510946960786,0.7132510946960802,0.7952137786491207,0.9950000000000042,0.7132510946960778,0.7952137786491207,0.8969300002670009,Decrescente
2702603,AL,2017,22481,Feira Grande,284595000,21015355,3468,4.5,2.7,2.6,15.7,12659.36,6059.79,0.4408053716133372,0.4408053716133361,0.4416393628328623,0.9739999999999994,0.4416393628328631,0.4408053716133372,0.9981116012527155,Crescente
2702702,AL,2017,4806,Feliz Deserto,108823000,4909834,705,5.2,5.0,1.8,5.7,22643.15,6964.3,0.33555334171139295,0.3355533417113937,0.41530102893221477,0.9819999999999977,0.3355533417113966,0.41530102893221504,0.8079761867533485,Crescente
2702900,AL,2017,41279,Girau do Ponciano,322917000,39485909,6095,4.1,4.1,2.7,7.9,7822.79,6478.41,0.6472175853789947,0.6472175853789907,0.6489551897135887,0.9729999999999992,0.6489551897135887,0.6472175853789947,0.9973224586810672,Crescente
2703007,AL,2017,15840,Ibateguara,140477000,12947731,2495,4.6,3.7,5.0,8.1,8868.5,5189.47,0.6024107194359661,0.6024107194359697,0.6089527051196392,0.9500000000000004,0.6089527051196394,0.6024107194359661,0.9892569888783271,Crescente
2703106,AL,2017,26022,Igaci,181926000,20249394,3683,4.6,3.4,1.2,4.5,6991.24,5498.07,0.7203780480518405,0.7203780480518186,0.7297474935778864,0.9880000000000128,0.7203780480518399,0.7297474935778846,0.9871607020119955,Crescente
2703205,AL,2017,24793,Igreja Nova,384927000,20317137,3672,4.7,3.8,0.8,5.5,15525.63,5532.99,0.39251023694418613,0.39251023694418224,0.5101591318364721,0.9920000000000027,0.3925102369441861,0.5101591318364723,0.7693878487114928,Crescente
2703304,AL,2017,18652,Inhapi,112130000,13568649,2893,4.9,3.2,1.1,6.6,6011.69,4690.17,0.8617379271086757,0.8617379271086728,0.8788500947749358,0.9891576903973632,0.8617379271086754,0.8788500947749357,0.9805289118497025,Crescente
2703403,AL,2017,5356,Jacaré dos Homens,52055000,6336222,1107,4.8,4.4,0.7,4.2,9719.01,5723.78,0.5919509415204887,0.5919509415204876,0.6910579027715432,0.993,0.5919509415204885,0.6910579027715427,0.8565866031578857,Crescente
2703502,AL,2017,7135,Jacuípe,171513000,10538204,1061,5.1,4.3,0.1,4.2,24038.26,9932.33,0.2593248303700924,0.25932483037009296,0.4060322843371412,0.998999999999999,0.25932483037009235,0.4060322843371411,0.6386803226582025,Crescente
2703700,AL,2017,5676,Jaramataia,53735000,5950384,963,5.0,4.5,1.3,0.8,9467.05,6179.01,0.6115394554373602,0.6115394554373597,0.7468540487600541,0.9919999999999961,0.6115394554373604,0.7468540487600543,0.8188205666858919,Crescente
2703759,AL,2017,11782,Jequiá da Praia,249216000,12435118,1707,7.2,5.3,0.4,1.7,21152.27,7284.78,0.43377436355940585,0.4337743635594055,0.5649738710633089,0.9959999999999998,0.4337743635594101,0.5649738710633085,0.7677777429653888,Crescente
2703809,AL,2017,24280,Joaquim Gomes,315272000,18219028,3580,4.4,3.9,1.7,5.0,12984.84,5089.11,0.4485586293299311,0.44855862932993035,0.4887620814789088,0.9829999999999995,0.4485586293299312,0.48876208147890876,0.9177443306826727,Crescente
2703908,AL,2017,4231,Jundiá,45591000,5349087,883,4.8,3.3,1.0,14.1,10775.47,6057.86,0.5202210053601868,0.5202210053602764,0.5603478025380305,0.9900000000000012,0.5202210053601862,0.5603478025380314,0.928389480611695,Crescente
2704104,AL,2017,18175,Lagoa da Canoa,157570000,16158767,2840,4.3,3.4,2.5,10.3,8669.6,5689.71,0.5826778174711258,0.5826778174711255,0.5838935899570719,0.9749999999999982,0.583893589957072,0.5826778174711258,0.997917818405858,Crescente
2704203,AL,2017,28953,Limoeiro de Anadia,458698000,29542008,3954,5.1,4.6,1.3,4.3,15842.85,7471.42,0.3976859800410186,0.39768598004102074,0.43694469253159685,0.9870000000000012,0.39768598004101907,0.4369446925315961,0.9101517579647925,Crescente
2704302,AL,2017,1029129,Maceió,21841866000,315786204,34996,5.0,3.8,3.7,6.8,21223.64,9023.49,0.28367547801825926,0.2836754780182636,0.28584429463862127,0.9629999999999963,0.28584429463862154,0.28367547801825926,0.9924125943353044,Crescente
2704500,AL,2017,32940,Maragogi,673421000,22766049,4716,4.0,3.4,2.6,5.1,20443.87,4827.41,0.29134200827606327,0.2913420082760626,0.33128152011129514,0.9739999999999965,0.29134200827606277,0.3312815201112947,0.8794393607533132,Crescente
2704609,AL,2017,9418,Maravilha,66399000,12086179,1771,4.6,4.3,0.6,1.5,7050.22,6824.49,0.7248478382904302,0.7248478382904409,0.76044620197311,0.994000000000002,0.72484783829043,0.7604462019731106,0.9531875317539708,Crescente
2704708,AL,2017,52260,Marechal Deodoro,1922611000,41128054,7523,4.8,3.8,1.6,4.7,36789.34,5466.98,0.20095297252686212,0.20095297252686942,0.2676249141643795,0.9839999999997698,0.20095297252686367,0.26762491416437917,0.7508754300933044,Crescente
2704807,AL,2017,13514,Maribondo,137631000,8075612,1440,4.4,3.8,3.5,8.2,10184.33,5608.06,0.525840365463711,0.5258403654637113,0.5279693837738971,0.9650000000000007,0.5279693837738971,0.525840365463711,0.9959675345282941,Crescente
2704906,AL,2017,3579,Mar Vermelho,31844000,3705864,573,5.5,4.6,0.9,3.2,8897.46,6467.48,0.6352481187312832,0.6352481187312862,0.669723295356313,0.9910000000000007,0.6352481187312836,0.6697232953563128,0.9485232530149813,Crescente
2705002,AL,2017,25589,Mata Grande,189505000,22510244,3765,4.9,3.6,2.2,8.4,7405.72,5978.82,0.6877649733585337,0.6877649733585308,0.6894051587075678,0.9779999999999979,0.6894051587075681,0.6877649733585337,0.9976208687615437,Crescente
2705101,AL,2017,25012,Matriz de Camaragibe,298468000,18862076,3494,4.5,4.0,2.3,6.3,11932.99,5398.42,0.47958019135572827,0.47958019135572827,0.47966942706602467,0.9769999999999996,0.47966942706602433,0.47958019135572827,0.9998139641485132,Crescente
2705200,AL,2017,17988,Messias,179613000,17734826,3018,5.8,3.8,0.4,6.0,9985.16,5876.35,0.6186998657891436,0.6186998657891494,0.6945100528763711,0.9959999999999993,0.6186998657891434,0.6945100528763712,0.8908436432658485,Crescente
2705309,AL,2017,5413,Minador do Negrão,48424000,6084933,936,4.3,3.9,0.8,7.3,8945.87,6501.0,0.5755322739152813,0.5758422256827406,0.626988597020501,0.9920000000000024,0.5758422256827295,0.6269885970205026,0.9179310064812275,Crescente
2705507,AL,2017,28579,Murici,290405000,24057350,4896,5.1,4.3,0.3,3.0,10161.48,4913.67,0.592769937886791,0.5927699378867903,0.7921362897592554,0.9970000000000002,0.5927699378867913,0.7921362897592558,0.7483181184224554,Crescente
2705606,AL,2017,12821,Novo Lino,145829000,11242683,1879,3.6,3.7,1.3,8.2,11374.23,5983.33,0.47311741686979264,0.4731174168697921,0.5156436449989859,0.9869999999999993,0.47311741686979275,0.5156436449989844,0.9175278730929054,Crescente
2705705,AL,2017,21767,Olho d'Água das Flores,191882000,15018831,2993,4.4,3.5,1.3,7.5,8815.27,5017.99,0.6052653924752491,0.6052653924752499,0.6384270452804117,0.9870000000000073,0.6052653924752487,0.6384270452804125,0.9480572556405451,Crescente
2705804,AL,2017,9459,Olho d'Água do Casado,70044000,7709525,1615,4.2,3.4,2.1,11.3,7405.01,4773.7,0.6788800672042772,0.6788800672042723,0.679041238690523,0.9789999999999994,0.6788800672042775,0.6790412386905227,0.9997626484562901,Crescente
2705903,AL,2017,5195,Olho d'Água Grande,39928000,6411544,1153,4.8,3.7,1.7,3.8,7685.85,5560.75,0.6861028936059907,0.6861028936059751,0.6885326068493606,0.982999999999987,0.686102893605992,0.6885326068493614,0.9964711718527204,Crescente
2706000,AL,2017,11772,Olivença,68838000,12114396,2004,4.0,3.3,2.5,12.1,5847.6,6045.11,0.7306825955195442,0.730682595519549,0.731774424866485,0.975000000000001,0.731774424866485,0.7306825955195442,0.9985079700658573,Crescente
2706109,AL,2017,11635,Ouro Branco,76940000,10796239,2222,4.3,3.1,1.7,9.6,6612.81,4858.79,0.7427311007046243,0.742731100704627,0.7481935076161773,0.9830000000000019,0.7427311007046242,0.7481935076161772,0.9926992056788133,Crescente
2706208,AL,2017,5066,Palestina,33400000,5458692,924,5.3,4.1,0.6,4.0,6592.97,5907.68,0.7882831555623807,0.7882831555623718,0.8175209923543334,0.9940000000000005,0.7882831555623807,0.8175209923543335,0.9642359804024698,Crescente
2706307,AL,2017,74208,Palmeira dos Índios,778477000,49244998,7098,4.9,3.9,1.1,2.2,10490.47,6937.87,0.5248815972334487,0.5248815972334482,0.5763653544288089,0.9890000000000073,0.5248815972334486,0.5763653544288082,0.910675135485231,Crescente
2706406,AL,2017,24792,Pão de Açúcar,186195000,18271924,3614,4.4,3.7,0.7,2.4,7510.29,5055.87,0.698576632628703,0.6985766326286926,0.7822074552721209,0.992999999999914,0.6985766326287025,0.7822074552721209,0.8930835776624966,Decrescente
2706422,AL,2017,10684,Pariconha,72060000,8714120,1729,5.5,4.2,0.8,1.9,6744.66,5039.98,0.8368010970984766,0.8368010970984903,0.8946450544728225,0.9920000000000007,0.8368010970984766,0.8946450544728219,0.9353442383824153,Crescente
2706448,AL,2017,13252,Paripueira,151348000,12385443,2287,4.7,3.9,2.2,3.7,11420.77,5415.59,0.5070908227759345,0.5070908227759295,0.53918942462523,0.9779999999999816,0.5070908227759342,0.5391894246252303,0.9404687844691947,Crescente
2706505,AL,2017,15461,Passo de Camaragibe,266555000,14842219,2682,3.6,3.3,2.7,10.4,17240.48,5534.01,0.3219758200466281,0.3219758200466279,0.3221260022132226,0.972999999999991,0.32212600221322274,0.32197582004662834,0.9995337781937422,Crescente
2706802,AL,2017,18074,Piaçabuçu,293761000,15201309,2698,5.2,3.5,1.0,3.1,16253.24,5634.29,0.4068999344366973,0.40689993443669964,0.5124262613032406,0.9899999999999998,0.4068999344366968,0.5124262613032412,0.7940653420100662,Crescente
2706901,AL,2017,35552,Pilar,433111000,28467925,4329,4.3,3.5,3.1,7.5,12182.47,6576.1,0.4361445021696158,0.4361445021696134,0.43749515317469284,0.9690000000000014,0.43749515317469306,0.4361445021696158,0.9969127635008617,Crescente
2707008,AL,2017,2953,Pindoba,32628000,3956659,406,6.1,4.7,0.4,2.3,11049.1,9745.47,0.5113083504069403,0.511308350406935,0.5328307874197667,0.9960000000000002,0.5113083504069403,0.5328307874197667,0.9596073696922642,Decrescente
2707107,AL,2017,25298,Piranhas,220225000,24363161,4070,4.6,3.8,1.1,4.0,8705.23,5986.03,0.6019351797081135,0.6019351797081185,0.6300492721792047,0.9889999999999882,0.6019351797081129,0.6300492721792049,0.9553779462773592,Crescente
2707206,AL,2017,14575,Poço das Trincheiras,92554000,16300701,2599,4.2,3.9,0.7,1.6,6350.19,6271.91,0.7673319443117574,0.7673319443117872,0.80429975839903,0.9930000000000038,0.7673319443117568,0.8042997583990315,0.9540372681935682,Crescente
2707305,AL,2017,27501,Porto Calvo,343267000,23215780,4379,4.6,3.3,1.9,7.9,12481.98,5301.62,0.4650334306644633,0.4650334306644601,0.47237696819409764,0.9809999999999997,0.46503343066446284,0.4723769681940974,0.9844540737078932,Crescente
2707404,AL,2017,7965,Porto de Pedras,273575000,10667725,1467,4.5,2.7,3.3,10.6,34347.14,7271.8,0.18907469130838808,0.18907469130838464,0.19425425638324983,0.9670000000000016,0.1890746913083873,0.19425425638325058,0.9733361565851981,Crescente
2707503,AL,2017,20327,Porto Real do Colégio,193465000,14881790,2531,4.5,2.8,2.8,14.3,9517.64,5879.81,0.5512178030831828,0.5512178030831828,0.5532637784048393,0.9720000000000009,0.5532637784048383,0.5512178030831828,0.9963019893918315,Crescente
2707701,AL,2017,76019,Rio Largo,1018571000,47145352,10186,4.8,4.0,3.1,9.4,13398.9,4628.45,0.4586297957322713,0.45862979573226387,0.46018128624904026,0.969,0.46018128624904064,0.4586297957322713,0.9966285232295836,Crescente
2707800,AL,2017,6774,Roteiro,146753000,9928509,1547,6.3,4.8,0.5,4.0,21664.16,6417.91,0.3870123977155227,0.3870123977155176,0.49786119659476874,0.9950000000000006,0.38701239771552337,0.49786119659476846,0.7773499930554524,Crescente
2707909,AL,2017,7386,Santa Luzia do Norte,153707000,5667852,1089,3.8,3.6,2.1,9.7,20810.59,5204.64,0.28330817363158506,0.28330817363158545,0.3162961371906743,0.9789999999999975,0.28330817363158517,0.3162961371906744,0.8957054491651824,Crescente
2708006,AL,2017,48232,Santana do Ipanema,513570000,27775370,5353,3.9,3.5,0.8,5.9,10647.91,5188.75,0.5050050414995814,0.505005041499571,0.6278474869500699,0.9920000000000092,0.5050050414995811,0.6278474869500702,0.8043434942342014,Crescente
2708105,AL,2017,10899,Santana do Mundaú,807102000,5151352,1912,5.0,4.7,0.0,0.4,74052.85,2694.22,0.16289099074307964,0.1628909907429805,0.8239273068165955,1.0,0.16289099074415417,0.8239273068165965,0.19770068232407648,Crescente
2708204,AL,2017,7058,São Brás,115090000,6768911,1150,4.1,2.9,1.7,4.2,16306.32,5886.01,0.34995372121205404,0.3499537212120502,0.3986598715083531,0.9829999999999952,0.34995372121205387,0.39865987150835286,0.8778252997674021,Crescente
2708303,AL,2017,24226,São José da Laje,302139000,16911831,3363,5.5,4.5,0.1,3.6,12471.68,5028.79,0.5351600563256563,0.5351600563256548,0.8080332881268598,0.9990000000000006,0.5351600563256562,0.8080332881268604,0.6622995168506438,Crescente
2708402,AL,2017,32626,São José da Tapera,232181000,29148605,6194,5.3,4.4,0.8,3.1,7116.44,4705.94,0.8004584470075877,0.8004584470075848,0.8689823706053723,0.992729801656174,0.8004584470075886,0.8689823706053726,0.9211446331758748,Crescente
2708501,AL,2017,34961,São Luís do Quitunde,416398000,526205,5333,4.6,3.7,1.4,9.3,11910.36,98.67,1.0,1.0,1.0,1.0,1.0,1.0,1.0,Constante
2708600,AL,2017,61827,São Miguel dos Campos,977489000,46564121,6826,5.3,4.2,1.3,1.9,15810.07,6821.58,0.4012397512948494,0.4012397512948567,0.5243613282616884,0.9869999999999904,0.40123975129484946,0.5243613282616881,0.7651970686415803,Crescente
2708709,AL,2017,8022,São Miguel dos Milagres,140978000,12593518,1511,5.4,3.4,2.7,13.1,17573.92,8334.56,0.3528280892748792,0.3528280892748795,0.3538376173446432,0.973,0.3538376173446432,0.3528280892748792,0.9971469170594693,Crescente
2708808,AL,2017,34551,São Sebastião,381078000,38317399,5972,4.4,3.0,1.6,11.6,11029.43,6416.18,0.48039638979418176,0.4803963897941426,0.49150331816212317,0.9840000000000033,0.4803963897941819,0.49150331816212306,0.9774021294312447,Crescente
2708907,AL,2017,13949,Satuba,207667000,11782240,2047,4.4,4.3,1.8,7.2,14887.59,5755.86,0.4169124352355764,0.41691243523557764,0.4433390537207474,0.9820000000000022,0.41691243523557947,0.4433390537207467,0.9403918552552857,Crescente
2708956,AL,2017,14036,Senador Rui Palmeira,82293000,14609315,2745,4.7,4.3,0.1,0.9,5863.0,5322.15,0.8909785179930572,0.8909785179930418,0.9789508764677696,0.9992384788173031,0.8909785179930579,0.9789508764677698,0.9101360848747259,Crescente
2709004,AL,2017,6270,Tanque d'Arca,49596000,6196746,823,4.4,3.6,1.0,1.3,7910.05,7529.46,0.604303954674958,0.6043039546749647,0.6622215950771431,0.9899999999999882,0.6043039546749582,0.6622215950771423,0.9125403930757677,Crescente
2709103,AL,2017,20205,Taquarana,272048000,22080370,3305,5.6,4.1,0.5,3.7,13464.39,6680.9,0.4699251143734118,0.4699251143734271,0.5548344817756903,0.9949999999999932,0.4699251143734117,0.5548344817756904,0.8469645088918503,Crescente
2709152,AL,2017,44666,Teotônio Vilela,470147000,78343626,6373,6.9,5.8,0.1,0.0,10525.84,12293.05,0.5319357403182765,0.531935740318277,0.6163212811450559,1.0,0.531935740318275,0.6163212811450559,0.8630818967178928,Decrescente
2709202,AL,2017,28070,Traipu,205488000,22642002,3872,3.9,3.1,3.5,8.7,7320.56,5847.62,0.6308080326020605,0.6308080326020614,0.6354828251376476,0.9649999999999962,0.6354828251376474,0.6308080326020605,0.9926437153756681,Crescente
2709301,AL,2017,66477,União dos Palmares,935273000,46802861,8727,5.2,4.1,1.3,5.1,14069.12,5363.0,0.4565068145585266,0.45650681455852005,0.5119282662627495,0.986999999999998,0.4565068145585263,0.5119282662627496,0.8917398093509892,Crescente
2800100,SE,2017,2390,Amparo de São Francisco,28365000,3053362,357,5.0,4.0,0.5,1.5,11868.2,8552.83,0.45924754625837,0.45924754625836983,0.5201945035361011,0.9950000000000062,0.45924754625837005,0.5201945035361003,0.8828381367672382,Crescente
2800209,SE,2017,21589,Aquidabã,216458000,14588427,2039,4.0,3.8,3.1,7.3,10026.31,7154.7,0.5080188958314743,0.5080188958314704,0.5093503435403421,0.9689999999999972,0.5093503435403425,0.5080188958314743,0.9973859883953089,Crescente
2800308,SE,2017,650106,Aracaju,16376457000,158523323,18484,4.6,3.7,2.5,4.6,25190.44,8576.25,0.24047912812633435,0.240479128126334,0.2533181946218527,0.9750000000000055,0.24047912812633415,0.253318194621852,0.9493164456083221,Crescente
2800605,SE,2017,29807,Barra dos Coqueiros,385636000,23592031,2091,4.3,3.2,0.8,4.8,12937.77,11282.65,0.3656357669771358,0.36563576697713635,0.38788800230900394,0.9919999999999644,0.36563576697713585,0.3878880023090039,0.9426323186089646,Crescente
2800670,SE,2017,26961,Boquim,299585000,21199672,2875,4.1,2.7,0.8,6.0,11111.79,7373.8,0.4499272003256499,0.44992720032569455,0.509870063426365,0.9920000000000205,0.44992720032565026,0.5098700634263652,0.8824350213897743,Crescente
2801009,SE,2017,18111,Campo do Brito,211710000,15148842,1532,4.2,2.9,3.0,10.9,11689.58,9888.28,0.39542855146026357,0.39542855146024164,0.39693650450611606,0.9700000000000032,0.39693650450611656,0.39542855146026357,0.9962010220054496,Crescente
2801207,SE,2017,29372,Canindé de São Francisco,1633105000,34897416,5463,4.1,3.4,1.7,7.7,55600.74,6387.96,0.11780537209114575,0.11780537209114716,0.16172396817092305,0.9830000000000025,0.11780537209114657,0.16172396817092308,0.7284348351299385,Crescente
2801306,SE,2017,34050,Capela,327035000,28356968,3646,3.5,3.1,3.6,8.0,9604.55,7777.56,0.4808533900777507,0.48085339007774325,0.484783005655071,0.9639999999999979,0.4847830056550709,0.4808533900777506,0.9918940731595771,Crescente
2801405,SE,2017,21842,Carira,264092000,19501576,3129,4.1,1.9,2.1,15.0,12091.02,6232.53,0.43436068338932976,0.4343606833893301,0.4368037473474054,0.9789999999999978,0.43436068338932965,0.43680374734740557,0.9944069528411518,Crescente
2801603,SE,2017,5933,Cedro de São João,52112000,3946556,532,4.1,3.9,2.4,0.0,8783.41,7418.34,0.5854496888892804,0.5854496888892816,0.7329304249204704,1.0,0.5854496888892808,0.7329304249204704,0.7987793506495613,Decrescente
2801702,SE,2017,18270,Cristinápolis,198380000,20692913,2936,4.2,3.3,1.1,6.2,10858.24,7047.99,0.46744102503952184,0.4674410250395233,0.5056598596483184,0.9890000000000009,0.4674410250395218,0.5056598596483182,0.9244178989501414,Crescente
2801900,SE,2017,4012,Cumbe,41641000,3802720,439,3.5,3.8,2.8,2.9,10379.11,8662.23,0.4832768487681978,0.48327684876820504,0.49563479684059664,0.9720000000000004,0.48327684876819793,0.49563479684059647,0.9750664236022691,Crescente
2802007,SE,2017,5058,Divina Pastora,103059000,10653082,816,3.9,2.9,0.5,4.5,20375.44,13055.25,0.24922854102169195,0.2492285410216948,0.2997092143667467,0.9949999999999974,0.24922854102169176,0.29970921436674675,0.8315678299991044,Crescente
2802106,SE,2017,69278,Estância,1634349000,53659819,7039,3.8,2.8,2.2,6.5,23591.17,7623.22,0.23885380353235086,0.23885380353232055,0.24802832281160694,0.9779999999999456,0.2388538035323511,0.24802832281160753,0.9630101950645987,Crescente
2802304,SE,2017,15349,Frei Paulo,240185000,11174799,1319,3.1,3.1,4.1,6.8,15648.25,8472.18,0.32713312994501575,0.3271331299450154,0.32982163195107783,0.9590000000000016,0.3298216319510781,0.32713312994501575,0.9918486183269482,Crescente
2802502,SE,2017,3315,General Maynard,31130000,3469682,328,3.6,2.6,1.4,7.6,9390.65,10578.3,0.44887333880636254,0.4488733388063567,0.44902556952587624,0.9860000000000045,0.4490255695258767,0.44887333880636215,0.9996609753879396,Crescente
2802601,SE,2017,5870,Gracho Cardoso,66975000,5354457,752,5.0,3.3,1.7,12.7,11409.71,7120.29,0.48736656049319543,0.4873665604931953,0.4877703435615843,0.9830000000000005,0.48736656049319554,0.48777034356158416,0.9991721861041397,Crescente
2802809,SE,2017,17810,Indiaroba,165986000,19248121,2971,3.9,2.7,1.3,8.4,9319.82,6478.67,0.5199257668306463,0.5199257668306349,0.5569293470240457,0.9869999999999995,0.5199257668306466,0.5569293470240457,0.9335578554243402,Decrescente
2802908,SE,2017,95196,Itabaiana,1805324000,49047291,7123,4.4,3.7,1.6,4.2,18964.28,6885.76,0.31033523287754927,0.3103352328775453,0.3516190572310799,0.9840000000000029,0.3103352328775486,0.35161905723107983,0.8825893434825992,Crescente
2803005,SE,2017,41961,Itabaianinha,429878000,37855842,6241,4.9,4.3,1.9,4.0,10244.7,6065.67,0.5551803331038175,0.5551803331038166,0.5644313997378382,0.9809999999999999,0.5551803331038178,0.5644313997378383,0.9836099362326095,Crescente
2803104,SE,2017,4988,Itabi,55934000,4923665,569,4.1,4.0,0.6,10.0,11213.71,8653.19,0.4582692932497582,0.45826929325039617,0.5038826704028678,0.99400000000176,0.4582692932497583,0.5038826704028678,0.9094761938991859,Decrescente
2803203,SE,2017,34101,Itaporanga d'Ajuda,1033213000,37090856,4071,4.2,3.0,1.5,3.1,30298.61,9110.99,0.19702483687670674,0.19702483687670894,0.2800097605138894,0.9849999999999974,0.1970248368767066,0.2800097605138894,0.7036356036843711,Decrescente
2803302,SE,2017,18656,Japaratuba,295500000,22456823,2276,4.8,3.8,1.4,2.8,15839.41,9866.79,0.34850943489958436,0.34850943489958747,0.3743237019667236,0.9859999999998652,0.34850943489958464,0.3743237019667235,0.9310375834297715,Crescente
2803401,SE,2017,13238,Japoatã,151970000,12907149,1975,3.8,3.2,2.5,5.7,11479.83,6535.27,0.44705299074108446,0.4470529907410861,0.4481458292703764,0.9749999999999923,0.4481458292703765,0.4470529907410843,0.9975614220686352,Crescente
2803500,SE,2017,104099,Lagarto,1505374000,74128778,9988,3.9,3.3,1.6,4.7,14460.98,7421.78,0.36615788088162843,0.3661578808816286,0.38636563980512867,0.9840000000000021,0.36615788088162865,0.38636563980512784,0.9476978363456636,Crescente
2803708,SE,2017,6920,Macambira,71170000,6246577,766,4.5,3.1,1.6,6.5,10284.68,8154.8,0.48060287801718626,0.4806028780171683,0.4808450102799359,0.9840000000000072,0.48060287801718593,0.48084501027993626,0.9994964442646318,Crescente
2804003,SE,2017,17297,Maruim,273455000,16078268,2114,3.6,2.7,3.1,8.1,15809.39,7605.61,0.32996353078701707,0.3299635307869947,0.3311375738809073,0.9689999999999939,0.33113757388090725,0.32996353078701707,0.9964545156258453,Crescente
2804201,SE,2017,15177,Monte Alegre de Sergipe,142194000,12225233,1734,3.5,2.8,3.3,9.8,9369.05,7050.31,0.4979209874899474,0.49792098748995806,0.5008186576637734,0.9669999999999718,0.5008186576637733,0.49792098748994745,0.9942141329411666,Crescente
2804300,SE,2017,7683,Muribeca,82173000,6797271,978,3.7,2.9,6.9,13.9,10695.43,6950.17,0.43355328740509547,0.43355328740509447,0.4516368589140428,0.9310000000000007,0.45163685891404287,0.43355328740509547,0.9599599298595134,Crescente
2804458,SE,2017,8869,Nossa Senhora Aparecida,135445000,7352084,1034,4.0,2.8,1.8,10.2,15271.73,7110.33,0.34800470124865485,0.3480047012486901,0.3669838072147198,0.9819999999999741,0.3480047012486547,0.36698380721472007,0.9482835329708147,Crescente
2804508,SE,2017,36613,Nossa Senhora da Glória,554396000,29851507,4089,4.0,2.9,1.6,10.3,15142.05,7300.44,0.3487423479128103,0.348742347912825,0.37698317203914466,0.984000000000032,0.34874234791281045,0.3769831720391452,0.9250873083443577,Crescente
2804607,SE,2017,26624,Nossa Senhora das Dores,287979000,21131259,3098,3.7,3.0,1.7,7.8,10816.52,6820.94,0.45948169890307683,0.4594816989030771,0.471203149971755,0.9830000000000074,0.45948169890307666,0.47120314997175505,0.9751244212408581,Crescente
2804805,SE,2017,181928,Nossa Senhora do Socorro,2597777000,73917855,10757,4.6,3.6,1.1,3.0,14279.15,6871.61,0.401800405292661,0.4018004052926153,0.46706951621365295,0.9890000000000062,0.40180040529266103,0.4670695162136529,0.8602582513838567,Crescente
2805000,SE,2017,3254,Pedra Mole,36483000,3963708,420,3.7,3.5,1.2,3.0,11211.74,9437.4,0.431804744621853,0.4318047446218505,0.44466349072230404,0.9880000000000007,0.4318047446218533,0.44466349072230404,0.9710820735933064,Decrescente
2805109,SE,2017,9594,Pedrinhas,84121000,9108597,1014,3.4,2.8,4.0,12.4,8768.08,8982.84,0.47619260371264066,0.4761926037126423,0.48083064141025517,0.9600000000000272,0.4808306414102554,0.4761926037126409,0.9903541136978888,Crescente
2805505,SE,2017,23740,Poço Verde,283163000,15973602,2134,4.4,3.3,1.6,6.3,11927.67,7485.29,0.43764259554605583,0.4376425955460528,0.4423582359030388,0.9840000000000029,0.4376425955460558,0.442358235903039,0.9893397704072213,Crescente
2805604,SE,2017,28735,Porto da Folha,267813000,21651092,3598,3.2,2.6,4.9,11.4,9320.1,6017.54,0.5111118730176653,0.5111118730176674,0.5191412192249616,0.951000000000004,0.5191412192249617,0.5111118730176653,0.9845334064991342,Crescente
2805802,SE,2017,20014,Riachão do Dantas,252680000,18979843,2851,3.5,3.4,1.6,9.3,12625.16,6657.26,0.4088728172142922,0.4088728172142915,0.43833959688081037,0.9840000000000035,0.40887281721429164,0.4383395968808104,0.9327763681944287,Crescente
2805901,SE,2017,10196,Riachuelo,171828000,10318896,1253,3.8,3.3,2.4,6.2,16852.49,8235.35,0.31322125616315954,0.31322125616316054,0.31359834460302227,0.9760000000000062,0.3135983446030221,0.3132212561631596,0.9987975432703892,Crescente
2806008,SE,2017,18641,Ribeirópolis,332427000,13008846,1366,4.2,3.6,1.0,3.2,17833.11,9523.31,0.3037229174772197,0.30372291747721747,0.34879275901052176,0.9900000000000021,0.30372291747721963,0.34879275901052187,0.870783322276646,Crescente
2806305,SE,2017,14034,Santa Luzia do Itanhy,153912000,19041577,2604,3.9,3.3,2.4,8.6,10967.08,7312.43,0.4439599491978793,0.4439599491978786,0.44438427233961614,0.9759999999999988,0.4443842723396159,0.4439599491978793,0.9990451436557309,Crescente
2806404,SE,2017,7751,Santana do São Francisco,82235000,5736514,880,3.6,3.0,1.1,5.6,10609.6,6518.77,0.47885732268288306,0.4788573226828832,0.5289571576384858,0.9889999999999998,0.47885732268288334,0.5289571576384859,0.9052856469902552,Crescente
2806503,SE,2017,3938,Santa Rosa de Lima,41479000,5073359,705,3.5,3.7,1.3,0.7,10533.01,7196.25,0.501644196217274,0.501644196217273,0.6258772067962938,0.9929999999999993,0.5016441962172742,0.6258772067962941,0.8015057758454938,Crescente
2806701,SE,2017,89232,São Cristóvão,909982000,29645880,4527,3.8,3.6,4.5,3.9,10197.93,6548.68,0.5094632594424708,0.5094632594424677,0.5182757998446208,0.9610000000000024,0.5094632594424705,0.5182757998446206,0.9829964269896608,Crescente
2806800,SE,2017,11133,São Domingos,101384000,8612517,1262,4.7,2.7,2.0,8.2,9106.62,6824.5,0.5604453790532973,0.5604453790532938,0.5607933971297464,0.9799999999999951,0.5607933971297465,0.5604453790532973,0.9993794183771949,Crescente
2806909,SE,2017,3983,São Francisco,39325000,4451069,587,4.2,3.2,7.9,14.7,9873.21,7582.74,0.46975921084764083,0.46975921084763783,0.48435971851870896,0.9210000000000015,0.48435971851870924,0.46975921084764083,0.9698560654141098,Crescente
2807006,SE,2017,3943,São Miguel do Aleixo,41005000,4053749,589,3.4,3.3,5.3,3.5,10399.44,6882.43,0.4869610676967469,0.4869610676967479,0.5121127398208772,0.9650000000000003,0.48696106769674663,0.5121127398208772,0.9508864549377786,Decrescente
2807105,SE,2017,40838,Simão Dias,558023000,28748311,3665,4.1,3.3,1.1,4.4,13664.31,7844.01,0.38050849533849157,0.3805084953384921,0.4215648780778251,0.9889999999999995,0.38050849533849157,0.4215648780778251,0.9026095747669137,Decrescente
2807204,SE,2017,8851,Siriri,121438000,9644286,985,3.7,2.8,1.4,3.0,13720.26,9791.15,0.36402842422160103,0.36402842422157894,0.3891368114964509,0.9859999999999872,0.36402842422160075,0.38913681149645096,0.9354767101619249,Crescente
2807303,SE,2017,3221,Telha,33587000,1163424,394,4.6,3.6,3.6,3.1,10427.51,2952.85,0.6025110712108572,0.6025110712108603,0.852627903717489,0.987529693321023,0.6025110712108565,0.8526279037174882,0.7066518332133945,Crescente
2807402,SE,2017,52156,Tobias Barreto,545127000,38745720,5609,4.7,4.0,2.1,5.5,10451.86,6907.78,0.5114497150525018,0.5114497150524994,0.5118043090817941,0.9789999999999978,0.5118043090817942,0.5114497150525019,0.9993071687303132,Crescente
2807600,SE,2017,25114,Umbaúba,324411000,22279626,3246,4.2,2.5,3.1,13.7,12917.54,6863.72,0.4064558619635619,0.4064558619635621,0.4082082296609793,0.9689999999999993,0.40820822966097925,0.4064558619635619,0.9957071720507136,Crescente
2900108,BA,2017,9199,Abaíra,58457000,6283433,853,5.6,4.4,0.0,0.0,6354.71,7366.28,0.7796498268258141,0.779649826825825,0.9378751371796662,1.0,0.7796498268258139,0.9378751371796662,0.8312938427713739,Decrescente
2900207,BA,2017,20189,Abaré,137405000,16147951,3252,4.9,4.2,0.6,2.7,6805.93,4965.54,0.7958925278652222,0.7958925278652242,0.8705130846036943,0.9940000000000003,0.795892527865222,0.8705130846036939,0.9142797988241114,Crescente
2900306,BA,2017,15727,Acajutiba,120754000,12643767,2166,3.9,2.6,5.5,8.6,7678.13,5837.38,0.6044800398260042,0.6044800398259882,0.6143228716509505,0.9449999999999973,0.61432287165095,0.6044800398260042,0.9839777545665941,Crescente
2900355,BA,2017,17349,Adustina,120435000,13351997,2115,5.1,3.2,2.0,4.9,6941.9,6313.0,0.7263656826837964,0.7263656826837946,0.7278895932198938,0.9800000000000004,0.7278895932198933,0.7263656826837969,0.997906398785898,Crescente
2900405,BA,2017,17508,Água Fria,136430000,16539516,2380,3.7,3.2,5.0,9.5,7792.44,6949.38,0.5690543017188738,0.5690543017188717,0.5756835623901913,0.9500000000000016,0.5756835623901911,0.5690543017188738,0.9884845406323688,Crescente
2900504,BA,2017,11212,Érico Cardoso,60644000,9269643,1299,4.2,3.6,1.4,3.2,5408.85,7135.98,0.7909805754642716,0.7909805754642921,0.8153484113606699,0.9859999999999975,0.7909805754642717,0.8153484113606699,0.9701135912490063,Decrescente
2900603,BA,2017,4725,Aiquara,41212000,5201855,646,3.8,2.7,1.8,10.5,8722.12,8052.41,0.5057748455612159,0.5057748455612018,0.506968782683572,0.9819999999999988,0.5057748455612154,0.5069687826835723,0.9976449494265974,Crescente
2900702,BA,2017,155979,Alagoinhas,3504871000,72746003,8881,4.2,3.1,6.5,9.8,22470.15,8191.2,0.24818855633081272,0.24818855633080744,0.2529709883282,0.9350000000000277,0.25297098832819837,0.24818855633081272,0.981094938874245,Crescente
2900801,BA,2017,23376,Alcobaça,264462000,25088993,4107,4.8,3.2,3.7,9.6,11313.4,6108.84,0.493853723634912,0.49385372363490115,0.49783678327792835,0.9629999999999973,0.4978367832779287,0.493853723634912,0.9919992660711197,Crescente
2900900,BA,2017,5985,Almadina,51855000,4907830,783,3.4,3.1,6.5,7.9,8664.16,6267.98,0.5453991694526953,0.5453991694526916,0.5539280928326273,0.9350000000000033,0.5539280928326273,0.5453991694526953,0.9846028329483749,Crescente
2901007,BA,2017,38259,Amargosa,339840000,20259741,2955,5.0,4.3,0.5,5.6,8882.62,6856.09,0.6005195750778995,0.6005195750778966,0.6627854458893566,0.9950000000000006,0.6005195750778994,0.6627854458893565,0.906054257531401,Crescente
2901106,BA,2017,26409,Amélia Rodrigues,289840000,19217483,2697,4.3,3.4,2.3,2.9,10975.05,7125.5,0.4725899829653367,0.47258998296533666,0.5120942674662633,0.9769999999999971,0.47258998296533633,0.5120942674662631,0.9228573975327128,Crescente
2901155,BA,2017,16798,América Dourada,111238000,15958222,2657,4.9,3.9,0.1,0.0,6622.1,6006.11,0.7653925974856743,0.7653925974856771,0.9211327239879886,1.0,0.7653925974856741,0.9211327239879891,0.8309254220954753,Crescente
2901205,BA,2017,19568,Anagé,167087000,19829828,3224,4.6,3.2,1.9,9.1,8538.79,6150.69,0.5982171562354469,0.598217156235489,0.5982387671653802,0.9810000000000003,0.5982171562354467,0.5982387671653797,0.9999638757447371,Crescente
2901304,BA,2017,13737,Andaraí,97793000,13859066,2349,5.7,4.0,0.2,2.2,7118.95,5899.99,0.7814700927783694,0.7814700927783674,0.828768799763851,0.9979999999999966,0.7814700927783697,0.8287687997638514,0.9429289483400451,Crescente
2901353,BA,2017,15490,Andorinha,190567000,16377872,2066,4.0,2.6,2.2,14.1,12302.58,7927.33,0.39880380819905237,0.39880380819896794,0.39886762265100223,0.9779999999999947,0.39880380819905226,0.3988676226510024,0.9998400109501852,Crescente
2901403,BA,2017,14690,Angical,135830000,13911011,2141,4.6,3.5,2.5,7.8,9246.43,6497.44,0.5559472732268926,0.5559472732268912,0.5570174969109624,0.9750000000000003,0.557017496910962,0.5559472732268926,0.9980786533816176,Crescente
2901502,BA,2017,11481,Anguera,65959000,8325099,1217,5.0,3.1,0.3,2.7,5745.06,6840.67,0.7966294255339758,0.7966294255339761,0.8235177160566386,0.9969999999999998,0.7966294255339765,0.8235177160566385,0.9673494692361742,Crescente
2901601,BA,2017,19569,Antas,112806000,10683808,1469,4.0,3.5,2.0,7.8,5764.53,7272.84,0.7249731503854997,0.724973150385505,0.7262789679396432,0.9799999999999859,0.7262789679396433,0.7249731503854995,0.998202044101803,Crescente
2901809,BA,2017,12072,Antônio Gonçalves,68775000,9565207,1498,5.1,3.5,4.0,7.6,5697.07,6385.32,0.8123399676169092,0.8123399676169102,0.8190518533862235,0.9599999999999993,0.8190518533862229,0.8123399676169092,0.9918052981119996,Crescente
2901908,BA,2017,18334,Aporá,136532000,27890934,2520,3.4,3.2,2.8,6.4,7446.93,11067.83,0.522696383396201,0.5226963833961917,0.5441928311398114,0.9719999999999979,0.5226963833962007,0.5441928311398117,0.9604984731265456,Crescente
2901957,BA,2017,7730,Apuarema,56187000,8306511,1189,3.9,3.2,3.2,12.5,7268.69,6986.13,0.5916207551506688,0.5916207551506673,0.593717661859005,0.9680000000000015,0.593717661859005,0.5916207551506688,0.9964681752909784,Crescente
2902005,BA,2017,13962,Aracatu,106032000,12797201,1925,4.5,3.8,0.2,5.8,7594.33,6647.9,0.6448100716955151,0.644810071695512,0.7236080498601073,0.9979999999999983,0.6448100716955152,0.7236080498601072,0.8911040608519681,Crescente
2902054,BA,2017,12608,Araças,139078000,14346003,1860,4.0,3.6,1.4,5.9,11030.93,7712.9,0.45808407545940183,0.4580840754594039,0.46905096694323295,0.9860000000000009,0.4580840754594015,0.4690509669432326,0.9766189769199253,Crescente
2902203,BA,2017,11703,Aramari,89651000,7530035,1191,4.0,2.7,2.5,4.6,7660.51,6322.45,0.6162351580171564,0.6162351580170966,0.6180730364838519,0.9750000000000176,0.6180730364838509,0.6162351580171574,0.9970264380450069,Crescente
2902252,BA,2017,11661,Arataca,77260000,11317798,1598,3.4,2.7,3.4,9.9,6625.5,7082.48,0.6329510467655352,0.6329510467655731,0.6380864436400101,0.9659999999999461,0.6380864436400098,0.6329510467655352,0.9919518790507761,Crescente
2902302,BA,2017,9171,Aratuípe,64423000,6762296,1090,3.8,3.1,5.2,15.3,7024.64,6203.94,0.6097425943868159,0.6097425943868247,0.6294801256617782,0.9480000000000038,0.6294801256617782,0.6097425943868159,0.9686447109760421,Crescente
2902401,BA,2017,12706,Aurelino Leal,104857000,13011310,2050,3.8,3.0,3.6,8.7,8252.56,6346.98,0.5651222616815532,0.5651222616815542,0.5694568630413974,0.9640000000000065,0.5694568630413973,0.5651222616815532,0.992388183124717,Crescente
2902500,BA,2017,14323,Baianópolis,144540000,12830762,2269,5.1,2.9,0.5,5.0,10091.46,5654.81,0.5755602022182408,0.5755602022182447,0.6667127606463884,0.9949999999999961,0.5755602022182408,0.6667127606463883,0.8632806152685997,Crescente
2902609,BA,2017,21403,Baixa Grande,141312000,16189901,3185,4.5,3.1,2.3,9.0,6602.44,5083.17,0.7490810528909052,0.7490810528909336,0.7500611135213332,0.9770000000000006,0.7500611135213331,0.7490810528909053,0.9986933589640091,Crescente
2902658,BA,2017,13765,Banzaê,90796000,13661048,1731,5.6,3.7,1.3,6.9,6596.15,7892.0,0.72468923023055,0.7246892302305441,0.7252421831144586,0.9870000000000025,0.725242183114459,0.72468923023055,0.9992375610564541,Crescente
2902708,BA,2017,54915,Barra,369636000,53386681,9957,4.2,3.2,1.6,5.7,6731.06,5361.72,0.7117751597386129,0.7117751597385836,0.7118261473195017,0.9839999999999954,0.7118261473195014,0.7117751597386132,0.999928370739006,Crescente
2902807,BA,2017,22082,Barra da Estiva,235246000,21224114,3532,5.5,4.6,0.6,2.0,10653.29,6009.09,0.5713904270213638,0.5713904270213596,0.6781500242690869,0.9939999999999997,0.571390427021364,0.6781500242690872,0.8425723019581264,Crescente
2902906,BA,2017,34121,Barra do Choça,361459000,36964281,5815,4.1,3.6,3.6,11.1,10593.45,6356.71,0.4819449325952219,0.48194493259521937,0.48567784808264636,0.9640000000000003,0.48567784808264614,0.4819449325952219,0.992314009168503,Crescente
2903003,BA,2017,14560,Barra do Mendes,94250000,10238632,1972,5.9,4.1,0.2,3.4,6473.21,5192.0,0.8820616617521284,0.8820616617521345,0.9401557137731507,0.9979999999999992,0.8820616617521291,0.9401557137731504,0.9382080530172263,Crescente
2903201,BA,2017,157638,Barreiras,3895977000,111104107,17089,5.0,4.1,1.4,3.8,24714.71,6501.5,0.2777348348855952,0.27773483488558076,0.3544694620103561,0.9860000000001051,0.27773483488559303,0.3544694620103559,0.7835226011020406,Crescente
2903235,BA,2017,15217,Barro Alto,84639000,11147562,1863,5.1,3.9,0.6,5.4,5562.13,5983.66,0.8576132931560371,0.8576132931560434,0.8762105942397359,0.9940000000000014,0.857613293156037,0.8762105942397357,0.9787753067516431,Crescente
2903276,BA,2017,16296,Barrocas,220882000,14507474,2348,4.4,3.8,1.4,5.8,13554.37,6178.65,0.41453776728069214,0.41453776728066655,0.46070430108106963,0.985999999999783,0.4145377672806918,0.46070430108107013,0.8997913983176519,Crescente
2903300,BA,2017,6251,Barro Preto,60302000,8441570,990,5.2,3.7,1.4,5.6,9646.78,8526.84,0.5328496084421687,0.5328496084421215,0.5328775216021696,0.9860000000000004,0.5328775216021697,0.5328496084421687,0.9999476180569279,Crescente
2903409,BA,2017,24013,Belmonte,265802000,23162510,3762,4.0,3.0,3.6,10.4,11069.09,6156.97,0.4572638363336146,0.4572638363336162,0.4599618662327845,0.9639999999999971,0.4599618662327842,0.4572638363336146,0.9941342313412468,Crescente
2903508,BA,2017,18247,Belo Campo,128827000,19882037,2628,4.9,3.6,2.7,10.5,7060.17,7565.46,0.6521434743914105,0.6521434743914153,0.6560020882332593,0.9730000000000021,0.6560020882332593,0.6521434743914105,0.9941179854286123,Crescente
2903706,BA,2017,14069,Boa Nova,93088000,13197240,2458,4.6,3.6,0.5,5.1,6616.53,5369.1,0.754597217713897,0.754597217713897,0.8163753118289703,0.994999999999999,0.7545972177138967,0.8163753118289704,0.9243263567382158,Crescente
2903805,BA,2017,19502,Boa Vista do Tupim,118379000,19356755,3389,5.1,3.7,0.1,4.2,6070.1,5711.64,0.8271932344532598,0.8271932344532638,0.8883344267505797,0.998999999999999,0.8271932344532603,0.8883344267505796,0.931173226595566,Crescente
2903904,BA,2017,70618,Bom Jesus da Lapa,995798000,61754173,9867,4.8,3.8,0.1,0.0,14101.19,6258.66,0.42881427238471426,0.4288142723847231,0.779817972714549,1.0,0.4288142723847133,0.779817972714549,0.5498902146253571,Decrescente
2903953,BA,2017,10477,Bom Jesus da Serra,54024000,9174003,1703,4.7,3.4,2.6,8.8,5156.44,5386.97,0.8859688256838997,0.8859688256839002,0.8890677693298475,0.9740000000000001,0.8890677693298475,0.8859688256839,0.9965143898442256,Crescente
2904001,BA,2017,14760,Boninal,88725000,10433082,1841,5.2,3.0,0.8,4.5,6011.18,5667.07,0.8406058928717135,0.8406058928717143,0.848805945007529,0.9920000000000004,0.8406058928717136,0.8488059450075295,0.9903393087854223,Crescente
2904050,BA,2017,17131,Bonito,152287000,19095621,2659,5.0,3.9,0.6,6.1,8889.56,7181.5,0.5839839521534509,0.5839839521534559,0.6211401635447488,0.9940000000000005,0.583983952153451,0.6211401635447488,0.9401806330164624,Decrescente
2904100,BA,2017,22464,Boquira,150799000,19244458,2893,5.2,4.2,1.1,6.7,6712.92,6652.08,0.735760644629986,0.7357606446299819,0.7397593662809,0.9890000000000062,0.7357606446299866,0.7397593662808996,0.994594564350003,Crescente
2904209,BA,2017,10898,Botuporã,92702000,16116060,1527,6.1,4.2,0.6,3.2,8506.33,10554.07,0.5852527343072247,0.5852527343072291,0.5852616531881366,0.9939999999999972,0.5852616531881369,0.5852527343072246,0.999984760865737,Crescente
2904308,BA,2017,15122,Brejões,110905000,14349880,2227,5.1,3.3,0.8,4.3,7334.02,6443.59,0.6986824210027992,0.6986824210027984,0.7134105887322135,0.9919999999999991,0.6986824210027995,0.7134105887322136,0.9793552717578983,Crescente
2904506,BA,2017,10974,Brotas de Macaúbas,76426000,12089459,1764,4.4,3.1,3.7,7.7,6964.28,6853.43,0.6487390042586137,0.6487390042586172,0.6533601807569425,0.9629999999999982,0.6533601807569424,0.6487390042586137,0.9929270613140597,Crescente
2904605,BA,2017,69677,Brumado,1704612000,48770341,7432,6.1,4.9,1.0,2.8,24464.49,6562.21,0.34061717345824244,0.340617173458107,0.4428259601405212,0.9900000000000045,0.3406171734581248,0.4428259601405209,0.7691897136070228,Crescente
2904704,BA,2017,19256,Buerarema,185102000,10783092,1906,3.9,2.8,7.3,10.5,9612.69,5657.45,0.5071412078267021,0.5071412078266965,0.515974688168713,0.9270000000000004,0.5159746881687134,0.5071412078267021,0.9828800122475728,Crescente
2904753,BA,2017,21786,Buritirama,123130000,19764567,3699,4.5,3.5,0.4,3.3,5651.79,5343.22,0.8362635652992182,0.8362635652992183,0.898984418995251,0.9959999999999942,0.8362635652992181,0.8989844189952513,0.9302314340818802,Crescente
2904803,BA,2017,7841,Caatiba,60596000,7617626,981,5.0,3.9,1.8,11.7,7728.1,7765.16,0.6195541620694106,0.6195541620694096,0.6205072290171219,0.9819999999999979,0.6205072290171219,0.6195541620694106,0.998464051822215,Crescente
2904852,BA,2017,19312,Cabaceiras do Paraguaçu,115610000,20055793,2874,3.8,3.0,1.6,5.0,5986.43,6978.36,0.7061185453599526,0.7061185453599595,0.707830683010243,0.9839999999999957,0.7078306830102429,0.7061185453599529,0.997581148018324,Crescente
2904902,BA,2017,35139,Cachoeira,492647000,18866484,3193,3.8,2.4,2.2,9.9,14019.95,5908.7,0.3800406489703958,0.38004064897048945,0.3883176717607729,0.9780000000000072,0.38004064897039586,0.38831767176077286,0.9786849185800737,Crescente
2905008,BA,2017,23817,Caculé,246418000,14748613,2592,6.4,4.3,0.2,2.2,10346.31,5690.05,0.6673503215930054,0.66735032159306,0.7715478478520744,0.9980000000000021,0.6673503215930056,0.7715478478520744,0.8649500137300022,Decrescente
2905107,BA,2017,10058,Caém,70911000,11964405,1788,4.6,3.1,2.2,10.9,7050.21,6691.5,0.6619741744544604,0.6619741744543618,0.6636357029330748,0.9779999999999779,0.6636357029330748,0.6619741744544604,0.997496324457423,Crescente
2905156,BA,2017,16106,Caetanos,81335000,9768709,1785,4.5,3.4,1.7,7.2,5049.98,5472.67,0.8800794968764416,0.8800794968764344,0.8811772249680575,0.9829999999999999,0.8811772249680576,0.880079496876441,0.998754248225542,Crescente
2905206,BA,2017,52853,Caetité,870782000,42099834,5516,5.1,4.0,0.9,1.5,16475.55,7632.31,0.37170396194538463,0.371703961945366,0.4981371616045084,0.9910000000000022,0.3717039619453847,0.4981371616045086,0.7461879791263109,Crescente
2905305,BA,2017,19006,Cafarnaum,159466000,17699251,2910,4.9,3.4,0.6,5.9,8390.3,6082.22,0.632636136420631,0.632636136420571,0.6790398260159983,0.9940000000000005,0.6326361364206311,0.6790398260159981,0.9316627864559537,Crescente
2905602,BA,2017,33310,Camacan,265190000,24329453,3750,3.7,2.9,4.2,8.5,7961.27,6487.85,0.57573551455092,0.5757355145509181,0.581921013346457,0.9580000000000017,0.5819210133464569,0.57573551455092,0.9893705526116577,Crescente
2905701,BA,2017,296893,Camaçari,22974401000,210092571,27150,4.8,3.9,3.5,4.9,77382.76,7738.22,0.10075467929516484,0.1007546792951537,0.14282485740621442,0.9650000000000298,0.1007546792951659,0.14282485740621417,0.7054421836991865,Crescente
2905800,BA,2017,36644,Camamu,310791000,26051150,5898,4.1,3.3,3.2,8.8,8481.36,4416.95,0.6157450432667796,0.615745043266779,0.6176075688817696,0.9679999999999999,0.6176075688817696,0.6157450432667796,0.9969842895248803,Crescente
2905909,BA,2017,30048,Campo Alegre de Lourdes,202946000,27792344,4604,4.1,3.5,3.9,12.5,6754.06,6036.56,0.6729494566886749,0.6729494566886766,0.6804657563886872,0.9609999999999937,0.6804657563886868,0.6729494566886749,0.9889541837639234,Crescente
2906006,BA,2017,73448,Campo Formoso,1105291000,63476833,9818,4.4,2.9,4.7,12.8,15048.62,6465.35,0.37088571482098265,0.3708857148210115,0.3753834258854827,0.9529999999999973,0.3753834258854828,0.37088571482098265,0.988018354689234,Crescente
2906105,BA,2017,10151,Canápolis,64380000,9325281,1645,4.3,3.0,1.5,8.6,6342.23,5668.86,0.7315605198884082,0.7315605198883849,0.7348651686543384,0.9849999999999934,0.731560519888408,0.7348651686543385,0.9955030542922839,Crescente
2906204,BA,2017,26862,Canarana,183162000,22352850,3497,4.4,3.4,2.6,6.5,6818.63,6392.01,0.6780103982533615,0.6780103982533593,0.6805229480017143,0.9740000000000008,0.6805229480017141,0.6780103982533613,0.9963079132662158,Crescente
2906303,BA,2017,33002,Canavieiras,312312000,22701799,4597,4.0,2.8,4.0,12.5,9463.43,4938.39,0.5413106211539577,0.5413106211539778,0.5460617181345634,0.9600000000000005,0.5460617181345634,0.5413106211539577,0.9912993406737315,Crescente
2906402,BA,2017,8837,Candeal,53553000,6439859,1045,3.8,2.6,1.4,9.8,6060.09,6162.54,0.7103722937829516,0.710372293782955,0.7227604994125855,0.9860000000000062,0.7103722937829514,0.7227604994125856,0.9828598745508337,Crescente
2906501,BA,2017,89707,Candeias,3848284000,92931728,8112,4.7,2.8,3.9,7.1,42898.37,11456.08,0.14983576835433873,0.14983576835433812,0.15156515263724943,0.9610000000000013,0.14983576835433823,0.15156515263724932,0.9885898291736641,Crescente
2906600,BA,2017,14792,Candiba,111709000,11066988,1890,4.9,4.1,2.6,5.2,7551.99,5855.55,0.6892888589331878,0.68928885893319,0.6907439353689442,0.974000000000002,0.690743935368944,0.6892888589331877,0.9978934647685627,Crescente
2906709,BA,2017,26674,Cândido Sales,185623000,26226208,4544,4.3,3.2,3.4,16.6,6958.95,5771.61,0.6739613149432128,0.6739613149432124,0.6790664439659263,0.9659999999999995,0.6790664439659265,0.6739613149432128,0.9924821362208708,Crescente
2906808,BA,2017,36191,Cansanção,254039000,33493452,6097,3.5,3.0,3.1,10.5,7019.4,5493.43,0.6553466012741761,0.655346601274176,0.6585284546147226,0.9689999999999998,0.6585284546147225,0.6553466012741761,0.9951682371228618,Crescente
2906824,BA,2017,17316,Canudos,129679000,15888647,2064,4.2,2.9,3.1,9.6,7488.97,7697.99,0.5798869212370671,0.5798869212370446,0.5827324700087989,0.968999999999997,0.5827324700087991,0.5798869212370671,0.9951168865333884,Crescente
2906857,BA,2017,12199,Capela do Alto Alegre,88386000,8248703,1352,4.9,2.9,1.7,17.7,7245.35,6101.11,0.6951873945989597,0.6951873945989591,0.6953060675138941,0.9829999999999967,0.6953060675138947,0.6951873945989597,0.9998293227680887,Crescente
2906873,BA,2017,31392,Capim Grosso,397627000,22645353,3737,4.4,3.4,2.5,10.5,12666.51,6059.77,0.43578866983341485,0.43578866983341497,0.43632268553594494,0.9749999999999969,0.436322685535945,0.43578866983341485,0.9987760991572691,Crescente
2906899,BA,2017,9773,Caraíbas,67441000,8171409,1558,4.1,3.4,1.9,8.0,6900.75,5244.81,0.6949169260309233,0.6949169260309237,0.6950176911919081,0.9809999999999988,0.695017691191908,0.6949169260309233,0.9998550178473701,Crescente
2907004,BA,2017,9544,Cardeal da Silva,78542000,9368072,1556,3.8,3.0,3.3,3.6,8229.46,6020.61,0.5992489493943324,0.5992489493943285,0.6183945339213675,0.9669999999999983,0.5992489493943339,0.618394533921367,0.9690398548550729,Crescente
2907202,BA,2017,73382,Casa Nova,667332000,56288662,10061,4.2,3.1,2.3,10.2,9093.95,5594.74,0.559123265998269,0.5591232659982813,0.5594901785626203,0.9770000000000045,0.5594901785626203,0.559123265998269,0.9993442019566923,Crescente
2907301,BA,2017,27238,Castro Alves,372224000,21018385,3334,4.4,3.5,1.5,3.7,13665.61,6304.25,0.41327129681684127,0.4132712968168396,0.45072629614978454,0.9850000000000287,0.4132712968168414,0.4507262961497852,0.9169007895636595,Crescente
2907400,BA,2017,3669,Catolândia,75552000,4429869,530,5.1,4.0,1.0,3.1,20591.99,8358.24,0.3034879731320687,0.3034879731320702,0.36888790425245965,0.9899999999999987,0.3034879731320687,0.3688879042524598,0.8227105568752059,Crescente
2907509,BA,2017,56459,Catu,535360000,25554208,4479,4.8,3.3,0.8,5.3,9482.28,5705.34,0.5824863019064846,0.5824863019063499,0.6360545903718252,0.9920000000000085,0.5824863019064843,0.6360545903718252,0.9157803602454538,Decrescente
2907558,BA,2017,9764,Caturama,56997000,6707984,1116,4.6,3.9,0.8,3.3,5837.46,6010.74,0.8164387395817394,0.8164387395817809,0.8289840719548165,0.9920000000000129,0.8164387395817383,0.8289840719548184,0.984866618313312,Crescente
2907608,BA,2017,17969,Central,179660000,14079863,2213,4.5,4.0,3.0,9.7,9998.33,6362.34,0.5323176760369163,0.5323176760369045,0.535176701037396,0.9700000000000031,0.5351767010373963,0.5323176760369163,0.9946577924731443,Crescente
2907707,BA,2017,11591,Chorrochó,72864000,11565573,1742,4.6,3.8,0.9,3.4,6286.26,6639.25,0.743821211103186,0.7438212111032009,0.7479018764743043,0.9909999999999972,0.7438212111031849,0.747901876474305,0.9945438492675603,Crescente
2907905,BA,2017,17739,Cipó,130416000,15134074,2600,3.7,3.1,4.0,10.8,7351.94,5820.8,0.6200130818460818,0.6200130818460846,0.6255384768361647,0.9600000000000097,0.625538476836165,0.6200130818460818,0.9911669782200624,Crescente
2908002,BA,2017,19022,Coaraci,156321000,15294375,2478,4.2,3.4,9.5,17.7,8217.91,6172.06,0.5633369216060438,0.5633369216060432,0.5858308193431709,0.9050000000000004,0.5858308193431709,0.5633369216060438,0.9616034237284629,Crescente
2908101,BA,2017,19498,Cocos,289495000,18352653,3064,4.9,3.8,3.3,3.1,14847.42,5989.77,0.4121440994264482,0.41214409942643554,0.4923891742412462,0.9690000000000031,0.412144099426448,0.4923891742412465,0.837029165114256,Crescente
2908200,BA,2017,23024,Conceição da Feira,242877000,16261996,2223,4.6,2.6,1.9,5.5,10548.86,7315.34,0.49264177164618256,0.4926417716461828,0.49294374750583275,0.9809999999999994,0.4929437475058324,0.49264177164618245,0.9993874030025168,Crescente
2908309,BA,2017,18229,Conceição do Almeida,154463000,8091341,1288,4.3,3.2,4.1,11.4,8473.48,6282.1,0.5710499281718141,0.5710499281717902,0.577198916580856,0.9589999999999897,0.5771989165808554,0.5710499281718141,0.9893468469319614,Crescente
2908507,BA,2017,33876,Conceição do Jacuípe,2282042000,18835111,2897,4.5,3.4,1.8,6.8,67364.56,6501.59,0.10985698514607042,0.10985698514606877,0.13759908504653048,0.9819999999999964,0.10985698514606955,0.13759908504652998,0.7983845612703108,Crescente
2908606,BA,2017,26371,Conde,305365000,32672304,4247,4.0,3.4,0.4,0.9,11579.58,7693.03,0.4486910149015006,0.4486910149014991,0.5687043835641084,0.9959999999999969,0.4486910149015005,0.5687043835641085,0.7889705581123255,Crescente
2908705,BA,2017,18191,Condeúba,139360000,16336803,2525,6.1,4.3,0.7,3.9,7660.93,6470.02,0.7459657712617628,0.7459657712617518,0.7497167115934822,0.9930000000000049,0.7459657712617624,0.7497167115934821,0.9949968564476214,Crescente
2908804,BA,2017,4299,Contendas do Sincorá,38275000,5255208,735,5.2,3.5,1.9,3.6,8903.23,7149.94,0.5979132105693694,0.5979132105693667,0.5989689653825249,0.9809999999999999,0.5979132105693696,0.5989689653825248,0.9982373797739568,Crescente
2908903,BA,2017,23896,Coração de Maria,178282000,17950201,2548,3.7,2.3,2.0,9.6,7460.75,7044.82,0.5899642509125693,0.5899642509126318,0.5906861447812668,0.9800000000000211,0.5906861447812657,0.5899642509125693,0.9987778723522205,Crescente
2909000,BA,2017,8904,Cordeiros,55287000,7122598,1056,6.3,4.8,0.4,5.4,6209.23,6744.88,0.8587911126690864,0.8587911126691027,0.8687569094114655,0.9960000000000004,0.8587911126690861,0.8687569094114651,0.9885286705240359,Crescente
2909109,BA,2017,14933,Coribe,117288000,13968420,2176,5.1,4.2,1.5,3.6,7854.28,6419.31,0.6676299494686138,0.6676299494686146,0.6701694011002417,0.9850000000000005,0.6676299494686136,0.6701694011002421,0.9962107317531077,Crescente
2909208,BA,2017,16814,Coronel João Sá,131249000,18533662,2850,4.6,2.5,1.9,9.0,7805.94,6503.04,0.6259622432005455,0.625962243200552,0.6261815080707209,0.9809999999999969,0.6261815080707213,0.6259622432005455,0.9996498381581868,Crescente
2909307,BA,2017,33361,Correntina,1265388000,38194207,5116,4.4,3.6,3.5,8.8,37930.16,7465.64,0.16993517957136522,0.1699351795713681,0.17399381289140256,0.9650000000000027,0.16993517957136503,0.17399381289140298,0.9766736917101155,Crescente
2909406,BA,2017,14414,Cotegipe,126998000,16717159,2364,4.5,3.5,1.1,5.3,8810.74,7071.56,0.5614189361805089,0.5614189361805056,0.5753026506773098,0.9889999999999984,0.561418936180509,0.5753026506773091,0.9758671118924005,Crescente
2909505,BA,2017,5576,Cravolândia,36765000,5743852,914,4.7,3.8,4.7,8.2,6593.44,6284.3,0.7118370353515671,0.7118370353515637,0.7188593846770276,0.9529999999999995,0.7188593846770274,0.7118370353515671,0.9902312615302149,Crescente
2909604,BA,2017,21835,Crisópolis,148694000,18257593,3269,5.1,3.9,1.9,2.6,6809.89,5585.07,0.7732226869903228,0.7732226869903606,0.8007371168582803,0.980999999999999,0.7732226869903228,0.8007371168582805,0.9656386231027839,Crescente
2909703,BA,2017,14403,Cristópolis,109521000,11859398,2136,4.9,4.0,1.0,5.3,7604.04,5552.15,0.6967392900212409,0.6967392900212546,0.7290661424167435,0.9900000000000141,0.6967392900212406,0.7290661424167438,0.9556599181957017,Crescente
2909802,BA,2017,64932,Cruz das Almas,937418000,36292353,5762,4.7,3.2,2.6,4.8,14436.92,6298.57,0.40544545493725437,0.4054454549370658,0.408487492624617,0.9739999999999902,0.40544545493725503,0.40848749262461476,0.9925529233029464,Crescente
2909901,BA,2017,35524,Curaçá,271429000,27559166,5288,4.9,3.5,2.0,10.7,7640.72,5211.64,0.7017029470854036,0.7017029470854169,0.702269037891745,0.9800000000000014,0.7022690378917451,0.7017029470854036,0.9991939117691407,Crescente
2910008,BA,2017,11716,Dário Meira,82032000,10743809,1694,3.9,3.8,5.0,8.7,7001.71,6342.27,0.6778513876489191,0.6778513876489195,0.682563054646083,0.9499999999999991,0.6825630546460832,0.6778513876489191,0.993097096356018,Crescente
2910057,BA,2017,80657,Dias d'Ávila,3039730000,57663552,8966,4.5,3.2,1.4,4.7,37687.12,6431.36,0.1796842861068629,0.17968428610685214,0.2530564510363624,0.9860000000000002,0.17968428610686368,0.2530564510363623,0.7100561371622317,Crescente
2910107,BA,2017,12604,Dom Basílio,102012000,8873862,1648,5.3,3.9,0.3,4.3,8093.62,5384.63,0.7015516729403966,0.7015516729403909,0.7925789889830056,0.9969999999999993,0.701551672940396,0.7925789889830058,0.8851504805099485,Crescente
2910305,BA,2017,8461,Elísio Medrado,55131000,6106176,882,4.6,4.6,1.0,5.0,6515.9,6923.1,0.7729691061129581,0.7729691061129546,0.7742273241249445,0.9899999999999993,0.7729691061129583,0.7742273241249441,0.9983748726339405,Crescente
2910404,BA,2017,19376,Encruzilhada,180907000,20648160,3501,4.5,3.3,4.3,11.9,9336.65,5897.79,0.5544361048041508,0.5544361048041497,0.5607301431413175,0.9570000000000013,0.5607301431413172,0.5544361048041508,0.9887752809187209,Crescente
2910503,BA,2017,43223,Entre Rios,486313000,35544120,5196,3.9,3.1,5.6,10.8,11251.26,6840.67,0.43204908821493665,0.43204908821488736,0.4372316403744,0.9439999999999908,0.43723164037440004,0.43204908821493665,0.9881468958764614,Crescente
2910602,BA,2017,37845,Esplanada,561103000,32792143,5172,3.7,2.9,3.6,9.4,14826.34,6340.32,0.3556108167764489,0.3556108167764502,0.35735683812723995,0.9639999999999938,0.35735683812723945,0.3556108167764489,0.9951140676083289,Crescente
2910701,BA,2017,61924,Euclides da Cunha,534066000,73585130,9365,4.1,2.8,3.9,6.9,8624.54,7857.46,0.5212379120985174,0.5212379120984955,0.5257434097243793,0.9610000000000022,0.5257434097243797,0.5212379120985173,0.9914302347066531,Crescente
2910727,BA,2017,115290,Eunápolis,2626181000,92072825,14299,4.4,3.4,3.5,7.4,22778.91,6439.11,0.26447256772326916,0.26447256772326927,0.26574884179868496,0.9649999999999982,0.26574884179868535,0.26447256772326916,0.9951974425672845,Crescente
2910750,BA,2017,18443,Fátima,179899000,19366086,2487,5.4,3.9,0.6,3.1,9754.32,7786.93,0.5588059197504741,0.5588059197504743,0.5808967688979142,0.9939999999999977,0.5588059197504751,0.5808967688979133,0.9619711275217606,Crescente
2910800,BA,2017,627477,Feira de Santana,13691186000,269506705,31414,4.4,3.6,3.3,6.1,21819.42,8579.19,0.2632043156398133,0.2632043156398148,0.26375005544485325,0.9669999999999933,0.2637500554448531,0.2632043156398133,0.9979308447760532,Crescente
2910859,BA,2017,17176,Filadélfia,120361000,15964580,2532,4.1,3.4,1.8,5.8,7007.51,6305.13,0.6612801493636858,0.6612801493636828,0.6617897578604705,0.9820000000000276,0.6617897578604707,0.6612801493636858,0.9992299540892985,Crescente
2910909,BA,2017,5822,Firmino Alves,42994000,5864813,926,4.5,3.4,4.8,14.6,7384.75,6333.49,0.6384691613215021,0.6384691613215034,0.6480748260909452,0.9519999999999997,0.6480748260909452,0.6384691613215021,0.9851781547705185,Crescente
2911006,BA,2017,11244,Floresta Azul,76386000,6951944,1211,4.2,3.8,3.4,5.7,6793.49,5740.66,0.7233000876360762,0.723300087636079,0.7260735005441901,0.9659999999999962,0.72607350054419,0.7233000876360761,0.996180258739597,Crescente
2911105,BA,2017,25912,Formosa do Rio Preto,1744783000,35278975,3543,4.5,3.5,1.7,6.2,67334.94,9957.37,0.10301071684288664,0.10301071684288689,0.1289338026650945,0.9829999999999984,0.10301071684288715,0.12893380266509455,0.7989426722366744,Crescente
2911204,BA,2017,33234,Gandu,322577000,20613524,3453,5.3,3.8,1.8,2.4,9706.23,5969.74,0.6001786728140663,0.6001786728140791,0.649268121769782,0.9820000000000011,0.600178672814066,0.6492681217697823,0.9243926394816565,Crescente
2911303,BA,2017,11639,Gentio do Ouro,143487000,10950720,1744,5.4,3.5,1.0,3.2,12328.12,6279.08,0.4982229180766208,0.49822291807662,0.5459311340581715,0.9899999999999991,0.4982229180766207,0.5459311340581715,0.9126112928806379,Decrescente
2911501,BA,2017,7848,Gongogi,58781000,6796218,941,4.5,2.9,3.2,6.8,7489.93,7222.34,0.6162093069095882,0.6162093069095886,0.619678373184762,0.9680000000000003,0.6196783731847625,0.6162093069095884,0.9944018277459886,Crescente
2911600,BA,2017,21495,Governador Mangabeira,193684000,17260653,3095,4.7,3.2,1.5,3.5,9010.65,5576.95,0.6052196799323187,0.6052196799325222,0.6285366455471654,0.9850000000000212,0.6052196799323183,0.6285366455471658,0.9629027745955078,Crescente
2911659,BA,2017,8081,Guajeru,51552000,6479789,1039,4.6,4.2,0.5,2.1,6379.41,6236.56,0.7879354602957154,0.7879354602957095,0.8183565470363746,0.9950000000000017,0.7879354602957146,0.8183565470363752,0.9628266104171498,Crescente
2911709,BA,2017,86808,Guanambi,1273286000,58684542,8982,4.9,4.3,1.0,2.6,14667.84,6533.57,0.41169602066580724,0.41169602066580496,0.5130337007872873,0.9899999999999987,0.4116960206658071,0.5130337007872876,0.8024736387376306,Crescente
2911808,BA,2017,22154,Guaratinga,210870000,20551946,3108,4.2,3.5,4.0,6.5,9518.37,6612.6,0.5216450722964046,0.5216450722964041,0.5239807380435002,0.9599999999999942,0.5239807380435004,0.5216450722964046,0.9955424587632423,Crescente
2911857,BA,2017,13718,Heliópolis,91439000,12236027,1721,4.9,3.6,1.8,6.3,6665.62,7109.84,0.6998991342352227,0.6998991342352192,0.7011446193849241,0.9820000000000018,0.7011446193849241,0.6998991342352222,0.9982236401517364,Crescente
2911907,BA,2017,25884,Iaçu,200974000,24249824,4081,4.8,4.0,1.6,5.0,7764.41,5942.13,0.667394087277712,0.6673940872777155,0.6674806604767749,0.9839999999999989,0.6674806604767747,0.6673940872777119,0.9998702985656527,Crescente
2912004,BA,2017,10183,Ibiassucê,82949000,8071297,1304,6.0,4.1,0.9,5.6,8145.83,6189.64,0.7180318396863008,0.7180318396863037,0.7204207114647664,0.990999999999999,0.7180318396863009,0.7204207114647663,0.9966840601048123,Crescente
2912202,BA,2017,19786,Ibicoara,255743000,18476665,3405,4.4,3.3,4.0,9.8,12925.45,5426.33,0.43531382967166393,0.4353138296716621,0.43899961685638994,0.9599999999999997,0.43899961685638983,0.43531382967166393,0.9916041220921344,Crescente
2912301,BA,2017,16796,Ibicuí,147248000,12472472,2020,4.9,3.9,3.9,9.2,8766.85,6174.49,0.6005479077989907,0.6005479077989955,0.6065753558675284,0.961000000000018,0.6065753558675271,0.6005479077989907,0.990063150422725,Crescente
2912400,BA,2017,18678,Ibipeba,123459000,10347108,2132,4.8,4.2,1.3,4.8,6609.86,4853.24,0.8097441459341055,0.8097441459341064,0.8249048510760019,0.9872119741606895,0.8097441459341054,0.824904851076002,0.9816212680503444,Crescente
2912509,BA,2017,15413,Ibipitanga,100853000,12547909,1887,5.0,3.8,0.9,5.1,6543.37,6649.66,0.7367174535286464,0.7367174535286458,0.740526760674003,0.9909999999999983,0.736717453528647,0.7405267606740031,0.9948559493759691,Crescente
2912707,BA,2017,24293,Ibirapitanga,168246000,27125781,4619,4.4,3.4,3.6,15.9,6925.7,5872.65,0.6795599240071616,0.6795599240071595,0.6855397925268287,0.964000000000001,0.6855397925268291,0.6795599240071616,0.9912771387090077,Crescente
2912905,BA,2017,17221,Ibirataia,155396000,17888421,3024,4.2,2.6,4.6,11.9,9023.63,5915.48,0.5474420288232773,0.547442028823276,0.5544896620092507,0.9539999999999992,0.5544896620092505,0.5474420288232773,0.9872898745119332,Crescente
2913002,BA,2017,16855,Ibitiara,97182000,15338334,1832,5.7,4.1,0.2,2.2,5765.77,8372.45,0.7908204970684984,0.7908204970685171,0.8383863226215377,0.9979999999999877,0.7908204970684989,0.8383863226215378,0.9432650267906252,Crescente
2913101,BA,2017,17948,Ibititá,117230000,28331250,2487,4.3,3.7,2.0,6.7,6531.65,11391.74,0.5900160793664603,0.590016079366597,0.6385018101444244,0.9800000000000157,0.5900160793664602,0.6385018101444248,0.9240632837563968,Crescente
2913200,BA,2017,27862,Ibotirama,343107000,25413177,3704,4.7,3.4,2.1,6.7,12314.51,6861.01,0.4489561817154503,0.4489561817154417,0.4490387246357433,0.9790000000000173,0.449038724635743,0.4489561817154504,0.9998161786149737,Crescente
2913408,BA,2017,16283,Igaporã,181274000,12940612,1796,4.7,3.9,1.5,5.2,11132.72,7205.24,0.4812700916722423,0.4812700916722775,0.48911175539522234,0.9849999999999837,0.48127009167224216,0.48911175539522267,0.9839675419032943,Crescente
2913457,BA,2017,14187,Igrapiúna,156210000,17312726,2580,4.2,3.4,2.4,8.8,11010.78,6710.36,0.4634521077893133,0.4634521077893146,0.4638535304662984,0.9759999999999999,0.4638535304662987,0.4634521077893133,0.999134591739376,Crescente
2913507,BA,2017,27939,Iguaí,184290000,26327763,3433,4.2,3.3,2.9,5.0,6596.16,7669.03,0.6438931070854816,0.643893107085481,0.6458287085978438,0.971000000000006,0.6458287085978438,0.6438931070854821,0.9970029181320159,Crescente
2913606,BA,2017,176341,Ilhéus,3837058000,92434866,14650,4.6,3.3,3.7,8.3,21759.31,6309.55,0.28329188047562776,0.2832918804756204,0.28439019842675495,0.9630000000000097,0.2843901984267557,0.28329188047562776,0.9961379894342243,Crescente
2913705,BA,2017,40453,Inhambupe,454614000,31887082,5001,3.7,3.0,3.0,8.2,11238.08,6376.14,0.4490483802744945,0.449048380274496,0.45072967238520467,0.9700000000000024,0.45072967238520484,0.44904838027449434,0.99626984373624,Crescente
2913804,BA,2017,15499,Ipecaetá,77678000,13866508,1981,3.7,2.5,3.2,15.3,5011.81,6999.75,0.7331915621432087,0.733191562143169,0.7438382014639724,0.9680000000000034,0.7438382014639724,0.7331915621432087,0.9856868882240658,Crescente
2913903,BA,2017,47704,Ipiaú,430254000,31355037,5171,4.4,3.6,2.3,6.5,9019.24,6063.63,0.5669718674782378,0.5669718674782399,0.5678214113548027,0.9769999999999975,0.5678214113548024,0.5669718674782376,0.9985038537477163,Crescente
2914000,BA,2017,62631,Ipirá,651828000,46640056,8037,4.4,3.2,3.0,7.7,10407.43,5803.17,0.5121111978676395,0.5121111978676339,0.513541943443994,0.9700000000000003,0.5135419434439938,0.5121111978676395,0.9972139654908041,Crescente
2914109,BA,2017,10157,Ipupiara,77847000,7854377,1247,5.4,3.7,4.2,4.6,7664.37,6298.62,0.6993042141713117,0.6993042141712702,0.7011003450124162,0.9580000000000017,0.7011003450124162,0.6993042141713117,0.9974381258633203,Crescente
2914208,BA,2017,7521,Irajuba,58920000,7881908,938,4.8,2.6,3.9,12.6,7834.06,8402.89,0.5777137959567314,0.5777137959567376,0.5844313179656742,0.9609999999999999,0.5844313179656742,0.5777137959567314,0.9885058828942886,Crescente
2914406,BA,2017,25536,Iraquara,373866000,21464318,3612,5.6,4.1,0.5,2.9,14640.74,5942.5,0.4623673418030776,0.4623673418030717,0.5872962209242639,0.9949999999999941,0.4623673418030776,0.5872962209242638,0.7872813161906982,Crescente
2914505,BA,2017,29879,Irará,242698000,25911601,4020,4.6,3.7,1.2,5.1,8122.69,6445.67,0.6175012119736815,0.6175012119736779,0.6289767138482204,0.9879999999999974,0.6175012119736815,0.6289767138482202,0.9817552834280155,Crescente
2914604,BA,2017,74483,Irecê,1082817000,47937864,6704,5.5,4.0,0.7,5.5,14537.77,7150.64,0.43047378242180595,0.43047378242177764,0.49310246131929686,0.993000000000007,0.4304737824218057,0.49310246131929675,0.8729905368350267,Crescente
2914653,BA,2017,31422,Itabela,338434000,26263875,4793,4.3,3.2,3.0,7.9,10770.61,5479.63,0.49947953164363135,0.499479531643625,0.5007194492221112,0.9700000000000017,0.5007194492221111,0.49947953164363135,0.9975237279470448,Crescente
2914703,BA,2017,66806,Itaberaba,867669000,48075596,8452,4.7,3.2,2.0,5.6,12987.89,5688.07,0.44912355217439603,0.4491235521745525,0.4502211168390053,0.9800000000000358,0.4491235521743959,0.45022111683900506,0.9975621652926561,Crescente
2914802,BA,2017,221046,Itabuna,3987299000,95506292,12376,4.0,2.6,2.0,8.0,18038.32,7717.06,0.29981132133496613,0.2998113213350158,0.30949366949018897,0.9800000000000023,0.29981132133496563,0.309493669490189,0.9687155211569528,Crescente
2914901,BA,2017,28382,Itacaré,265003000,22830023,3676,4.3,3.2,2.7,6.2,9337.01,6210.56,0.5431266689613913,0.5431266689613903,0.5446693492233724,0.9730000000000946,0.5446693492233718,0.5431266689613914,0.997167675647288,Crescente
2915007,BA,2017,16586,Itaeté,90536000,13493464,2246,5.1,4.0,0.2,3.8,5458.58,6007.78,0.870625204510171,0.8706252045101779,0.9161416480314709,0.9980000000000003,0.8706252045101733,0.9161416480314712,0.9503172422964267,Crescente
2915106,BA,2017,13199,Itagi,98407000,10747582,1800,4.9,2.7,2.5,4.7,7455.64,5970.88,0.6899305275526864,0.6899305275526855,0.6916711709260303,0.9749999999999996,0.6916711709260284,0.6899305275526875,0.9974834235594734,Crescente
2915205,BA,2017,15577,Itagibá,130458000,15019702,2498,4.9,4.3,2.2,5.0,8375.04,6012.69,0.647500625048169,0.6475006250481714,0.6482500996366137,0.9779999999999998,0.6482500996366137,0.6475006250481686,0.9988438496363288,Crescente
2915304,BA,2017,7291,Itagimirim,107979000,8331992,1071,3.7,3.0,5.1,5.6,14809.9,7779.64,0.35230097799082877,0.35230097799083837,0.35332363369428726,0.949000000000002,0.35332363369428765,0.35230097799082866,0.9971056119491193,Crescente
2915403,BA,2017,7218,Itaju do Colônia,66203000,6962026,1264,3.7,2.8,4.1,16.3,9171.93,5507.93,0.5272857802716571,0.527285780271659,0.5371431689055711,0.9590000000000012,0.5371431689055706,0.5272857802716571,0.9816484892584626,Crescente
2915502,BA,2017,21642,Itajuípe,246315000,15702942,2405,4.1,3.3,3.8,8.9,11381.34,6529.29,0.44783743059107944,0.4478374305910794,0.4502132275741092,0.9619999999999995,0.4502132275741091,0.44783743059107944,0.9947229516204327,Crescente
2915601,BA,2017,67356,Itamaraju,875626000,47940099,8341,5.2,4.0,2.8,7.5,12999.97,5747.52,0.47273739695400824,0.472737396954009,0.4741306735411668,0.9719999999999954,0.4741306735411668,0.47273739695400824,0.9970614080359904,Crescente
2915809,BA,2017,24901,Itambé,222899000,20045296,3495,3.6,2.8,6.4,11.4,8951.41,5735.42,0.5294603562509881,0.5294603562509844,0.5415812523803527,0.9360000000000019,0.5415812523803528,0.5294603562509881,0.9776194318468541,Crescente
2915908,BA,2017,6730,Itanagra,53937000,9609142,1101,4.0,2.1,2.1,7.7,8014.41,8727.65,0.5301833141343237,0.5301833141343241,0.5318789853101176,0.978999999999999,0.5318789853101175,0.5301833141343236,0.9968119229700245,Crescente
2916005,BA,2017,20501,Itanhém,222610000,17563373,2474,5.1,4.1,2.3,8.5,10858.49,7099.18,0.5097807120436129,0.5097807120435691,0.511003374228166,0.9769999999999407,0.5110033742281659,0.5097807120436129,0.9976073305065747,Crescente
2916104,BA,2017,22866,Itaparica,224893000,17771765,2846,4.3,3.0,3.8,5.8,9835.26,6244.47,0.5217337569901805,0.5217337569901721,0.5238470404037764,0.9619999999999995,0.5238470404037763,0.5217337569901809,0.9959658387838424,Crescente
2916203,BA,2017,9830,Itapé,84478000,10677217,1357,4.5,3.5,3.2,5.7,8593.9,7868.25,0.5479359128821717,0.5479359128821717,0.5510640999638854,0.9679999999999912,0.5510640999638856,0.5479359128821716,0.994323369854943,Crescente
2916401,BA,2017,77533,Itapetinga,1082166000,42303282,8180,4.5,3.7,1.7,5.0,13957.49,5171.55,0.42281554126425275,0.42281554126425414,0.4540111328920837,0.9830000000000061,0.42281554126425464,0.45401113289208417,0.9312889280288947,Crescente
2916500,BA,2017,36211,Itapicuru,319204000,29826267,5818,4.1,2.3,2.2,12.1,8815.11,5126.55,0.578538486251658,0.5785384862516703,0.5788898050558848,0.9779999999999849,0.5785384862516588,0.5788898050558834,0.9993931162698696,Crescente
2916708,BA,2017,8592,Itaquara,62513000,6205880,953,5.4,3.2,0.8,5.2,7275.72,6511.94,0.7191296163500324,0.7191296163500343,0.7281105703724674,0.992,0.7191296163500317,0.7281105703724684,0.9876653981031469,Crescente
2916807,BA,2017,20314,Itarantim,251652000,16706092,2990,4.5,2.6,5.1,27.3,12388.11,5587.32,0.4504557080402448,0.45045570804024543,0.45691860974767756,0.9490000000000004,0.45691860974767734,0.4504557080402448,0.9858554640376724,Crescente
2916856,BA,2017,14957,Itatim,313093000,19648090,2149,7.1,4.4,1.5,7.1,20932.87,9142.9,0.3996849867273044,0.3996849867273059,0.4611526168257267,0.9849999999999999,0.3996849867273049,0.4611526168257269,0.8667087036792173,Crescente
2916906,BA,2017,13254,Itiruçu,89704000,7659767,1176,4.1,2.9,2.5,7.8,6768.07,6513.41,0.6536623196399981,0.6536623196400101,0.6557336171844221,0.9750000000000015,0.6557336171844221,0.653662319639998,0.996841251553767,Crescente
2917003,BA,2017,37567,Itiúba,260109000,40912102,5686,4.0,3.1,1.4,7.0,6923.87,7195.23,0.6280589139329616,0.6280589139329622,0.6281329483146281,0.9860000000000002,0.6281329483146283,0.6280589139329615,0.9998821358092024,Crescente
2917102,BA,2017,21241,Itororó,221570000,13392735,2453,4.3,3.1,3.9,13.9,10431.24,5459.74,0.5090102175153481,0.5090102175153423,0.5133495142523444,0.9610000000000005,0.5133495142523442,0.5090102175153481,0.991547090984753,Crescente
2917201,BA,2017,19577,Ituaçu,161879000,17149002,3020,5.2,3.0,1.1,6.4,8268.84,5678.48,0.6711074633503827,0.6711074633503953,0.6872559309468463,0.9890000000000021,0.6711074633503834,0.6872559309468461,0.9765029781929775,Crescente
2917300,BA,2017,29428,Ituberá,292327000,23236230,4001,4.6,3.5,2.6,5.2,9933.63,5807.61,0.5460428151932153,0.5460428151931462,0.5469687216211093,0.9739999999999742,0.546968721621109,0.5460428151932153,0.998307204066167,Crescente
2917334,BA,2017,11399,Iuiú,89126000,9625677,1539,4.6,3.4,1.0,5.0,7818.76,6254.5,0.640503180319256,0.6405031803192616,0.6602758676613828,0.9900000000000218,0.6405031803192569,0.6602758676613824,0.9700538997250358,Crescente
2917359,BA,2017,9056,Jaborandi,415456000,9322991,1260,5.8,3.8,0.2,4.9,45876.33,7399.2,0.19212543374018545,0.19212543374018926,0.3332394977910968,0.997999999999999,0.19212543374018637,0.33323949779109674,0.5765386006571952,Crescente
2917409,BA,2017,15459,Jacaraci,94715000,13063786,1675,6.6,5.5,0.2,3.5,6126.85,7799.28,0.8505194658041016,0.8505194658041013,0.8634998428670936,0.9979999999999994,0.8505194658041029,0.8634998428670936,0.9849677134625839,Decrescente
2917508,BA,2017,83635,Jacobina,1274029000,50338432,8670,4.9,3.4,2.3,10.2,15233.2,5806.05,0.40159236246039637,0.4015923624603873,0.402032956053233,0.9769999999999894,0.4020329560532327,0.40159236246039637,0.9989040858810134,Crescente
2917607,BA,2017,56033,Jaguaquara,515513000,37290039,6675,4.1,3.2,6.1,14.6,9200.17,5586.52,0.5371357531135701,0.5371357531135733,0.548218883090697,0.9390000000000017,0.5482188830906974,0.5371357531135701,0.9797833852153296,Crescente
2917706,BA,2017,34499,Jaguarari,566552000,24456043,3416,4.5,3.5,2.1,4.3,16422.27,7159.26,0.3502172931734318,0.35021729317343453,0.3647414966467762,0.9789999999996378,0.3502172931734317,0.3647414966467763,0.9601794596807011,Crescente
2917805,BA,2017,19036,Jaguaripe,158019000,22125414,3349,4.3,2.7,1.5,15.1,8301.06,6606.57,0.578019527130998,0.5780195271309985,0.5845462023295935,0.9850000000000009,0.5780195271309976,0.5845462023295939,0.9888346290291773,Crescente
2917904,BA,2017,11120,Jandaíra,146054000,15211765,1957,4.4,2.8,1.1,7.4,13134.35,7773.0,0.4028313187340213,0.40283131873402067,0.43353357132118525,0.9889999999999987,0.40283131873402095,0.4335335713211853,0.929181372290041,Crescente
2918001,BA,2017,162209,Jequié,2558823000,126787961,11085,4.4,3.4,3.2,8.7,15774.85,11437.8,0.3149416647156222,0.31494166471562773,0.316221950002233,0.9680000000000036,0.31622195000223324,0.3149416647156222,0.9959513079765595,Crescente
2918100,BA,2017,41605,Jeremoabo,334582000,43826158,5995,3.7,3.0,3.3,6.2,8041.87,7310.45,0.5622409234541341,0.5622409234541343,0.5667713201710095,0.9669999999999933,0.5667713201710094,0.5622409234541341,0.9920066584958667,Crescente
2918308,BA,2017,12692,Jitaúna,125533000,12378452,2271,4.1,3.7,2.0,5.9,9890.72,5450.66,0.542276596645208,0.542276596645208,0.5422918442661274,0.9799999999999993,0.5422918442661274,0.542276596645208,0.9999718829979085,Crescente
2918357,BA,2017,25646,João Dourado,208885000,23020547,3740,4.7,3.9,1.4,4.6,8144.93,6155.23,0.6326996075335879,0.6326996075335718,0.6378410552797239,0.9859999999999762,0.6326996075335877,0.6378410552797239,0.9919392963128075,Decrescente
2918407,BA,2017,221773,Juazeiro,3704682000,138985819,22880,5.4,4.3,0.5,2.3,16704.84,6074.56,0.405341911818731,0.4053419118187421,0.5655152836993657,0.99500000000001,0.40534191181873114,0.5655152836993658,0.7167656180168163,Crescente
2918456,BA,2017,9924,Jucuruçu,95037000,10482546,1615,4.6,3.3,3.8,10.0,9576.48,6490.74,0.5377083866010959,0.5377083866011162,0.5426323276113698,0.9620000000000031,0.5426323276113704,0.5377083866010959,0.9909258244307914,Crescente
2918555,BA,2017,6275,Jussari,52723000,6645075,871,4.0,1.9,1.7,10.0,8402.07,7629.25,0.5295848206801256,0.529584820680125,0.5336174164333389,0.9829999999999995,0.5295848206801257,0.5336174164333392,0.9924429082915491,Crescente
2918605,BA,2017,7066,Jussiape,56360000,5315302,798,5.1,4.0,0.0,5.1,7976.22,6660.78,0.6532135493396016,0.6532135493396035,0.7416751174842147,1.0,0.6532135493396017,0.7416751174842142,0.8807273345711294,Crescente
2918753,BA,2017,16029,Lagoa Real,88261000,9285733,1694,4.8,3.2,0.8,11.0,5506.33,5481.54,0.8577737707850687,0.85777377078507,0.8781335015105654,0.9919999999999995,0.857773770785068,0.8781335015105658,0.9768147659889141,Crescente
2918803,BA,2017,24306,Laje,216175000,19544706,2952,4.3,3.3,1.4,4.3,8893.89,6620.84,0.5576369735654595,0.5576369735654556,0.5622888287748485,0.986000000000003,0.5576369735654597,0.5622888287748486,0.9917269293442574,Crescente
2919009,BA,2017,4017,Lajedinho,60694000,4338719,647,4.2,2.9,0.0,6.3,15109.29,6705.9,0.3671963510804925,0.36719635108047927,0.6072551337636182,1.0,0.3671963510804927,0.6072551337636178,0.6046821684399762,Crescente
2919058,BA,2017,8886,Lajedo do Tabocal,65281000,7921306,1135,4.6,3.5,1.2,6.8,7346.5,6979.12,0.6420601309787292,0.6420601309787306,0.6451735504481307,0.9879999999999998,0.6420601309787286,0.6451735504481309,0.9951742915263048,Crescente
2919108,BA,2017,9007,Lamarão,48746000,6966939,1531,4.2,3.8,0.7,4.3,5412.01,4550.58,0.9193106481773593,0.9193106481773616,0.9721272514568929,0.997850871398073,0.9193106481773594,0.9721272514568927,0.9456690436356153,Crescente
2919157,BA,2017,28244,Lapão,191783000,25494698,3926,4.6,3.8,0.6,2.7,6790.22,6493.81,0.7120938598555704,0.7120938598555681,0.7398836032310726,0.9939999999999992,0.7120938598555706,0.7398836032310729,0.9624403848738581,Crescente
2919207,BA,2017,197636,Lauro de Freitas,6322986000,149350627,18171,4.5,3.5,1.6,4.1,31993.09,8219.17,0.19582619177846355,0.19582619177846522,0.25416202704142093,0.9840000000000058,0.19582619177846364,0.2541620270414212,0.7704777698619379,Crescente
2919306,BA,2017,11636,Lençóis,112033000,10638223,1576,4.7,3.6,0.8,3.6,9628.14,6750.14,0.5479186726813305,0.5479186726813253,0.5806210948745676,0.9919999999999995,0.5479186726813304,0.5806210948745675,0.9436768273114469,Crescente
2919405,BA,2017,12969,Licínio de Almeida,104540000,9712125,1424,6.8,6.0,0.1,0.2,8060.76,6820.31,0.8320678098773332,0.8320678098773092,0.9415753819836816,0.9990000000000014,0.8320678098773315,0.941575381983681,0.8836974986796688,Crescente
2919504,BA,2017,46739,Livramento de Nossa Senhora,419255000,29122702,5235,5.8,4.0,1.0,6.5,8970.13,5563.08,0.6773281600979396,0.6773281600979375,0.697522596105008,0.9899999999999987,0.6773281600979401,0.6975225961050078,0.9710483414876667,Crescente
2919553,BA,2017,83557,Luís Eduardo Magalhães,4799497000,94307115,12861,5.5,4.8,0.6,3.1,57439.8,7332.8,0.15084291683333179,0.15084291683338266,0.3173526094022345,0.9939999999999948,0.15084291683333573,0.3173526094022348,0.47531645357339136,Crescente
2919702,BA,2017,19110,Macarani,154552000,14862773,2556,5.1,3.3,7.4,8.0,8087.49,5814.86,0.6579651821207525,0.6579651821207546,0.6681452912738619,0.9259999999999992,0.6681452912738619,0.6579651821207525,0.9847636295786798,Crescente
2919801,BA,2017,50987,Macaúbas,329009000,34619440,5860,5.4,4.3,0.9,5.2,6452.8,5907.75,0.8045993405212437,0.8045993405212335,0.8178129165857728,0.9909999999999985,0.8045993405212439,0.8178129165857726,0.9838427887398826,Crescente
2919900,BA,2017,8266,Macururé,42152000,7226778,1235,4.2,3.6,3.3,5.5,5099.44,5851.64,0.8618687671797045,0.8618687671797336,0.8658840649298197,0.9670000000000024,0.8658840649298196,0.8618687671797045,0.9953627767125607,Crescente
2920007,BA,2017,10274,Maiquinique,93910000,10156733,1654,4.5,2.7,4.3,21.3,9140.55,6140.71,0.5569201203782211,0.5569201203782211,0.563364013994744,0.9569999999999999,0.563364013994744,0.5569201203782211,0.9885617585496276,Crescente
2920106,BA,2017,19695,Mairi,135049000,17364197,2462,4.6,3.4,3.4,8.8,6857.02,7052.88,0.6614121539527289,0.6614121539527219,0.6653613401801893,0.9660000000000014,0.6653613401801893,0.6614121539527289,0.994064599205011,Crescente
2920205,BA,2017,17526,Malhada,132195000,18215859,2943,3.9,3.4,0.9,5.7,7542.79,6189.55,0.6311808015835366,0.6311808015835314,0.6756025791554252,0.9910000000000116,0.6311808015835368,0.6756025791554261,0.9342486560258244,Crescente
2920304,BA,2017,8856,Malhada de Pedras,60726000,7936182,1067,5.7,4.8,1.1,3.1,6857.05,7437.85,0.7493570286927763,0.7493570286927718,0.7497415289818978,0.9890000000000011,0.7497415289818976,0.7493570286927765,0.9994871562074951,Crescente
2920502,BA,2017,23018,Maracás,453068000,20987183,3577,4.8,3.5,2.3,6.6,19683.2,5867.26,0.3239940169731897,0.32399401697319963,0.325327467965815,0.9769999999999908,0.32399401697318964,0.325327467965815,0.9959012037902516,Decrescente
2920601,BA,2017,46260,Maragogipe,334400000,20039176,4976,4.0,2.9,2.4,4.1,7228.71,4027.17,0.7242688127815015,0.7242688127815096,0.7532971802795178,0.9786827788938788,0.7242688127815017,0.7532971802795184,0.9614649194793945,Crescente
2920908,BA,2017,14728,Mascote,150540000,13772047,2247,4.0,3.0,5.6,9.9,10221.35,6129.08,0.48375342157058376,0.4837534215705731,0.4892543904351867,0.9440000000000012,0.48925439043518687,0.48375342157058376,0.9887564241177071,Crescente
2921005,BA,2017,46998,Mata de São João,1054080000,68468858,7329,5.7,4.6,0.7,0.9,22428.19,9342.18,0.30495942398449505,0.3049594239844928,0.4341889904881772,0.9929999999999982,0.30495942398449505,0.4341889904881772,0.7023656303252096,Decrescente
2921054,BA,2017,12488,Matina,72167000,10726952,1774,5.2,3.2,0.9,7.5,5778.91,6046.76,0.8373481004552271,0.8373481004552262,0.8435131599463783,0.9909999999999994,0.8373481004552263,0.8435131599463779,0.9926912112532505,Crescente
2921104,BA,2017,23586,Medeiros Neto,327340000,17866831,3382,5.0,3.5,1.5,4.4,13878.57,5282.92,0.44850578227900145,0.44850578227903964,0.4923853312453225,0.9850000000000033,0.44850578227900123,0.4923853312453228,0.9108837201641597,Crescente
2921203,BA,2017,27520,Miguel Calmon,216881000,18204509,3113,4.6,3.2,1.4,11.5,7880.85,5847.9,0.6440725064433666,0.6440725064433435,0.6510419876104426,0.985999999999997,0.6440725064433664,0.6510419876104425,0.9892948822046692,Crescente
2921302,BA,2017,11585,Milagres,89641000,9897727,1711,4.2,3.3,3.3,6.6,7737.68,5784.76,0.6259789484369089,0.6259789484369069,0.6291944514732397,0.9669999999999979,0.6291944514732398,0.6259789484369088,0.9948894923837904,Crescente
2921450,BA,2017,9578,Mirante,56827000,7905136,1420,5.1,4.0,0.6,7.0,5933.08,5567.0,0.8406255656704438,0.8406255656704383,0.87808841575471,0.993999999999997,0.8406255656704436,0.8780884157547102,0.9573359021573389,Crescente
2921500,BA,2017,51953,Monte Santo,326180000,48746373,9044,4.0,3.0,3.3,11.7,6278.37,5389.91,0.714626497209136,0.7146264972091456,0.7178376447264584,0.9669999999999938,0.7178376447264588,0.714626497209136,0.9955266381738087,Crescente
2921609,BA,2017,8950,Morpará,61972000,6530646,1402,4.1,3.5,2.1,4.5,6924.25,4658.09,0.7317016268923625,0.7317016268923598,0.7319229499833592,0.9789999999999994,0.7319229499833592,0.7317016268923625,0.9996976142215493,Crescente
2921708,BA,2017,36856,Morro do Chapéu,384671000,25533130,4230,4.4,3.4,1.4,8.7,10437.13,6036.2,0.508910443099915,0.5089104430999162,0.5310022395067843,0.986,0.508910443099915,0.5310022395067844,0.9583960391063717,Crescente
2921807,BA,2017,12529,Mortugaba,86153000,8618775,1525,6.1,3.9,0.3,5.0,6876.29,5651.66,0.8399106400732432,0.8399106400732398,0.8765673769879182,0.9970000000000011,0.8399106400732437,0.8765673769879181,0.9581814953681761,Crescente
2921906,BA,2017,9957,Mucugê,389807000,12238447,1879,5.1,4.1,2.0,1.3,39149.04,6513.28,0.19691505820761773,0.19691505820767347,0.38568427989568127,0.9870000000000005,0.19691505820761765,0.3856842798956813,0.5105602392217767,Crescente
2922003,BA,2017,42072,Mucuri,1960345000,51597225,5442,4.5,3.2,2.0,6.2,46595.0,9481.3,0.1405297912674314,0.1405297912674319,0.15886344489585374,0.9800000000000064,0.14052979126743104,0.1588634448958537,0.8845948881415648,Crescente
2922052,BA,2017,11988,Mulungu do Morro,91831000,15007340,2199,4.3,3.5,1.5,5.1,7660.24,6824.62,0.6156825105766268,0.6156825105766265,0.6158342780723564,0.9849999999999912,0.6158342780723562,0.6156825105766266,0.9997535578951458,Crescente
2922102,BA,2017,27364,Mundo Novo,157975000,15883522,2576,4.8,5.0,0.6,0.9,5773.1,6165.96,0.9224405944130981,0.9224405944131053,0.9683009623949899,0.9969150168347766,0.9224405944130976,0.9683009623949896,0.9526383120920783,Crescente
2922201,BA,2017,7678,Muniz Ferreira,47811000,6334161,929,4.4,4.0,4.2,6.0,6227.01,6818.26,0.7458064299596051,0.7458064299596033,0.7501733447705554,0.9579999999999995,0.7501733447705586,0.7458064299596051,0.9941787923532714,Crescente
2922250,BA,2017,11644,Muquém de São Francisco,130114000,15507715,2249,4.8,4.0,1.5,5.6,11174.34,6895.38,0.48982270093899977,0.48982270093899904,0.5003235396294625,0.9850000000000024,0.48982270093899943,0.5003235396294623,0.9790119035809516,Crescente
2922300,BA,2017,30631,Muritiba,258897000,20318222,2779,3.8,3.2,2.8,5.0,8452.12,7311.34,0.5485769301534966,0.5485769301534975,0.5513867550803078,0.9719999999999938,0.5513867550803078,0.5485769301534965,0.9949040761300081,Crescente
2922409,BA,2017,22998,Mutuípe,202010000,17317895,2531,4.2,3.8,1.9,2.1,8783.81,6842.31,0.5841554185080426,0.5841554185078807,0.6194699843253075,0.9809999999998866,0.5841554185080425,0.619469984325307,0.9429922890360417,Crescente
2922508,BA,2017,29546,Nazaré,259903000,15662026,2491,5.1,2.9,1.8,16.5,8796.55,6287.45,0.6150923278860377,0.6150923278860378,0.6153326043610193,0.9820000000000018,0.6153326043610193,0.6150923278860377,0.9996095177254078,Crescente
2922607,BA,2017,14368,Nilo Peçanha,122441000,15746209,2477,4.4,3.2,4.5,5.6,8521.78,6356.97,0.582871891188627,0.5828718911886017,0.5855424356563563,0.9549999999999862,0.5855424356563562,0.5828718911886271,0.9954391956840228,Crescente
2922656,BA,2017,13597,Nordestina,161267000,12745587,2362,4.1,3.4,3.0,10.3,11860.48,5396.1,0.45286041382315834,0.45286041382315867,0.4542968353342743,0.9699999999999984,0.45429683533427395,0.45286041382315834,0.9968381432592216,Crescente
2922706,BA,2017,17141,Nova Canaã,122112000,13034407,2244,3.8,3.0,6.4,12.1,7123.97,5808.56,0.6225223150989802,0.6225223150989666,0.6363458046306402,0.9359999999999868,0.6363458046306402,0.6225223150989802,0.9782767648799324,Crescente
2922755,BA,2017,6986,Nova Ibiá,62450000,6987705,909,4.5,2.6,3.6,13.7,8939.31,7687.24,0.5301585435569552,0.5301585435569548,0.5349077555237924,0.9640000000000032,0.5349077555237927,0.5301585435569552,0.9911214374482443,Crescente
2922805,BA,2017,8428,Nova Itarana,48713000,7748172,1296,5.4,4.1,2.6,8.2,5779.9,5978.53,0.8518323825617673,0.8518323825617474,0.8569255308177111,0.9739999999999994,0.8569255308177113,0.8518323825617673,0.9940564867391876,Crescente
2922904,BA,2017,25460,Nova Soure,203634000,26066189,4273,4.2,2.4,1.7,8.8,7998.19,6100.21,0.6019882165934576,0.6019882165934569,0.6050402857392229,0.9830000000000005,0.6019882165934572,0.6050402857392233,0.9949555935072384,Crescente
2923001,BA,2017,44052,Nova Viçosa,480836000,36489703,6548,5.0,3.4,1.9,6.1,10915.19,5572.65,0.5346059543870522,0.5346059543870554,0.5348803694089836,0.9810000000000005,0.5346059543870528,0.5348803694089832,0.9994869600052163,Crescente
2923035,BA,2017,12514,Novo Horizonte,75733000,8630415,1500,6.4,5.1,0.5,0.9,6051.86,5753.61,0.9404095228655804,0.9404095228655825,0.9916376839142107,0.997820527934633,0.9404095228655803,0.9916376839142108,0.9483398403674803,Crescente
2923050,BA,2017,16037,Novo Triunfo,52754000,10104631,1676,4.0,3.0,1.4,15.5,3289.52,6029.02,1.0,1.0,1.0,1.0,1.0,1.0,1.0,Constante
2923100,BA,2017,29227,Olindina,195964000,21016756,3761,4.3,3.4,1.9,3.8,6704.9,5588.08,0.7161771197344112,0.7161771197344132,0.7163604254929624,0.9810000000000052,0.7161771197344112,0.7163604254929619,0.9997441151799737,Crescente
2923209,BA,2017,22805,Oliveira dos Brejinhos,167915000,17106405,3268,4.3,2.7,2.8,11.2,7363.08,5234.52,0.669770450516166,0.6697704505161676,0.6723879313935861,0.9720000000000018,0.6723879313935862,0.669770450516166,0.9961071864094956,Crescente
2923308,BA,2017,8916,Ouriçangas,51388000,6517790,1121,4.3,3.2,3.8,4.0,5763.57,5814.26,0.7805835718408336,0.7805835718408257,0.782191473322418,0.962000000000001,0.7821914733224182,0.7805835718408336,0.9979443633222506,Crescente
2923357,BA,2017,18025,Ourolândia,148013000,15183164,2841,4.1,3.2,3.2,8.4,8211.54,5344.3,0.6035288129730657,0.6035288129730609,0.6058587765579202,0.9680000000000024,0.6058587765579199,0.6035288129730657,0.9961542793881905,Crescente
2923407,BA,2017,22553,Palmas de Monte Alto,161674000,16544006,2876,4.2,3.3,1.2,3.9,7168.63,5752.44,0.6706384084401587,0.6706384084401584,0.6894019654837161,0.9880000000000022,0.6706384084401587,0.6894019654837162,0.9727828495087157,Crescente
2923506,BA,2017,9250,Palmeiras,74805000,8070232,1469,5.2,3.5,1.9,9.5,8087.03,5493.69,0.6857726888584814,0.6857726888584785,0.6863508238958678,0.9809999999999992,0.6863508238958677,0.6857726888584814,0.9991576683275403,Crescente
2923605,BA,2017,22286,Paramirim,201829000,13057710,2142,5.1,4.1,2.1,3.0,9056.31,6096.04,0.6144448907986857,0.6144448907986276,0.6399198593324612,0.9789999999999816,0.614444890798686,0.6399198593324611,0.9601903767131872,Crescente
2923704,BA,2017,32967,Paratinga,211280000,30329601,5188,4.4,3.6,1.4,3.7,6408.83,5846.11,0.7438047598416933,0.7438047598416943,0.7440329511619936,0.9859999999999995,0.7440329511619932,0.7438047598416933,0.9996933048194384,Crescente
2923902,BA,2017,10673,Pau Brasil,97476000,8671521,1326,5.3,3.8,0.9,0.4,9132.95,6539.61,0.6186932521107401,0.6186932521107128,0.7441494588597533,0.9960000000000085,0.6186932521107399,0.7441494588597535,0.831409933508186,Crescente
2924009,BA,2017,120706,Paulo Afonso,2891595000,81778968,12971,5.3,4.6,1.2,1.9,23955.69,6304.75,0.30495632405736034,0.3049563240572533,0.48434654412748096,0.9880000000000143,0.3049563240573597,0.48434654412748096,0.6296242385846264,Decrescente
2924108,BA,2017,7527,Pedrão,40049000,7827749,942,3.7,3.0,9.4,6.2,5320.71,8309.71,0.7223881854471479,0.7223881854471494,0.7648107414236067,0.9413191269832727,0.7223881854471471,0.7648107414236069,0.9445319558437502,Crescente
2924306,BA,2017,18267,Piatã,116457000,16694284,3069,5.9,5.0,0.9,6.1,6375.27,5439.65,0.8800798269631237,0.8800798269631047,0.9059082172374506,0.9915199997741326,0.8800798269631234,0.9059082172374511,0.9714889546392569,Crescente
2924405,BA,2017,35740,Pilão Arcado,221011000,38203268,6546,3.5,2.7,7.7,15.2,6183.86,5836.12,0.668977678184126,0.668977678184131,0.6996968620383278,0.9230000000000036,0.6996968620383271,0.668977678184126,0.9560964390140153,Crescente
2924504,BA,2017,16889,Pindaí,185436000,14323631,1922,4.8,3.3,0.7,3.7,10979.69,7452.46,0.4896547975692348,0.48965479756922115,0.5240232989710618,0.9930000000000213,0.4896547975692349,0.5240232989710619,0.9344141730543074,Crescente
2924603,BA,2017,21171,Pindobaçu,132100000,27505881,3034,4.5,3.6,4.5,9.2,6239.67,9065.88,0.6394925557488125,0.639492555748813,0.6407217502175725,0.9550000000000024,0.6407217502175726,0.6394925557488125,0.9980815471484422,Crescente
2924652,BA,2017,11012,Pintadas,78522000,8075122,1386,5.1,4.1,0.4,2.8,7130.58,5826.21,0.7385362954066643,0.7385362954066753,0.7995060334325211,0.9960000000000059,0.7385362954066644,0.7995060334325219,0.9237407405619,Crescente
2924678,BA,2017,10411,Piraí do Norte,76555000,9000072,1349,4.4,2.9,5.2,8.9,7353.28,6671.66,0.6266479920732911,0.6266479920732904,0.6337705647908473,0.9480000000000002,0.6337705647908476,0.6266479920732911,0.9887615911605067,Crescente
2924702,BA,2017,11849,Piripá,69105000,7414017,1246,5.8,4.7,0.7,2.0,5832.14,5950.25,0.8985295813755811,0.8985295813755855,0.9234518026860444,0.9929999999999991,0.898529581375579,0.9234518026860438,0.9730118873145605,Crescente
2924801,BA,2017,25211,Piritiba,147224000,17787910,2523,3.9,2.6,1.6,8.1,5839.67,7050.3,0.7013659141191803,0.7013659141191839,0.7023672271001741,0.9839999999999999,0.702367227100174,0.7013659141191803,0.9985743739992996,Crescente
2924900,BA,2017,9582,Planaltino,61291000,7908960,1213,5.2,3.6,0.8,6.6,6396.47,6520.16,0.7653624507175882,0.7653624507175945,0.7722365771893377,0.9919999999999987,0.7653624507175883,0.7722365771893379,0.9910984189627888,Crescente
2925006,BA,2017,26915,Planalto,225321000,22661756,3705,4.8,3.5,2.1,12.1,8371.58,6116.53,0.6207266543235873,0.6207266543235755,0.6215706383186007,0.9789999999999992,0.6215706383186014,0.6207266543235873,0.9986421752525241,Crescente
2925105,BA,2017,48861,Poções,445411000,39971680,7215,4.7,3.7,1.6,6.2,9115.88,5540.08,0.5956192978155299,0.5956192978155341,0.5995054032446396,0.9840000000000001,0.5956192978155297,0.5995054032446399,0.993517814171353,Crescente
2925204,BA,2017,39718,Pojuca,865966000,24023305,4101,5.2,3.4,1.4,10.9,21802.86,5857.91,0.32567268078847034,0.325672680788468,0.3684378332624772,0.9860000000000017,0.3256726807884675,0.36843783326247737,0.8839284443312293,Crescente
2925253,BA,2017,15830,Ponto Novo,112457000,15671209,2595,3.6,2.4,9.3,12.3,7104.04,6039.0,0.6078219766049494,0.6078219766050037,0.6300010154122886,0.9069999999999961,0.6300010154122889,0.6078219766049494,0.9647952332381169,Crescente
2925303,BA,2017,149324,Porto Seguro,2826237000,108126372,21812,4.5,3.4,2.6,6.3,18926.88,4957.2,0.3275741267223561,0.3275741267223575,0.3277281191122992,0.974000000000005,0.32772811911229993,0.3275741267223561,0.9995301215215825,Crescente
2925402,BA,2017,8438,Potiraguá,82165000,9452543,1697,4.2,3.4,6.5,7.8,9737.5,5570.15,0.5288473312270857,0.5288473312270408,0.5339513755111406,0.9350000000000155,0.5339513755111408,0.5288473312270857,0.9904409942213017,Crescente
2925501,BA,2017,29326,Prado,436022000,27230692,4846,4.0,3.3,3.6,16.5,14868.1,5619.21,0.3686990990586213,0.36869909905862075,0.37080244883771557,0.9640000000000005,0.37080244883771624,0.3686990990586213,0.9943275731169327,Crescente
2925600,BA,2017,15734,Presidente Dutra,101169000,11461017,1712,5.1,3.7,0.3,4.6,6429.96,6694.52,0.7527418900338012,0.7527418900337953,0.7862831327781213,0.9970000000000053,0.7527418900338015,0.7862831327781226,0.9573420294216269,Crescente
2925758,BA,2017,28082,Presidente Tancredo Neves,236218000,26808986,4697,4.8,3.1,1.5,8.3,8411.72,5707.68,0.6328723603681723,0.6328723603681803,0.6373031508037709,0.9850000000000013,0.6328723603681722,0.637303150803771,0.9930475937079388,Crescente
2925907,BA,2017,28632,Quijingue,186047000,24904791,4608,4.1,3.4,1.0,5.7,6497.87,5404.69,0.7299514691763663,0.7299514691763669,0.7689158404150968,0.9899999999999995,0.7299514691763672,0.7689158404150973,0.9493255709003269,Crescente
2925931,BA,2017,9411,Quixabeira,60394000,7092485,1257,4.6,3.6,4.1,7.5,6417.38,5642.39,0.7460210038081844,0.7460210038081834,0.7519083518793318,0.9590000000000022,0.7519083518793319,0.7460210038081845,0.9921701254462296,Crescente
2925956,BA,2017,23562,Rafael Jambeiro,244793000,22442804,3688,4.3,3.4,2.6,7.9,10389.31,6085.36,0.5021071086001945,0.5021071086002011,0.5029242103693837,0.9740000000000005,0.5029242103693838,0.5021071086001946,0.9983752984001524,Crescente
2926004,BA,2017,42672,Remanso,331483000,35808010,6022,4.0,3.2,4.0,6.7,7768.16,5946.2,0.6075360788048255,0.6075360788048247,0.6136810000265169,0.9600000000000022,0.6136810000265167,0.6075360788048256,0.9899867826746699,Crescente
2926103,BA,2017,14730,Retirolândia,123560000,10845916,1499,4.6,2.8,2.6,6.9,8388.32,7235.43,0.5777660743795265,0.5777660743795257,0.5796383600544198,0.9739999999999994,0.57963836005442,0.5777660743795265,0.9967699072319549,Crescente
2926202,BA,2017,23313,Riachão das Neves,664470000,24144895,3605,4.2,3.0,1.4,11.0,28502.12,6697.61,0.21367287419736686,0.21367287419736483,0.2804843851402661,0.9859999999999987,0.21367287419736647,0.2804843851402659,0.7617995350811141,Crescente
2926301,BA,2017,34784,Riachão do Jacuípe,307107000,17842372,2957,3.9,3.3,3.0,5.3,8828.97,6033.94,0.5584132314099464,0.5584132314099463,0.5606409050660375,0.969999999999998,0.5606409050660373,0.5584132314099466,0.9960265588258697,Crescente
2926400,BA,2017,36439,Riacho de Santana,246843000,25259193,4240,6.1,4.3,0.8,5.0,6774.14,5957.36,0.8319004177548787,0.8319004177548738,0.8333013076294458,0.9920000000000004,0.8319004177548783,0.8333013076294459,0.9983188675431792,Crescente
2926509,BA,2017,15443,Ribeira do Amparo,136605000,17307390,2336,4.0,2.7,4.4,8.0,8845.76,7408.99,0.5153052356290679,0.5153052356290706,0.521465148804301,0.9560000000000037,0.5214651488043014,0.5153052356290679,0.9881872965252665,Crescente
2926608,BA,2017,54965,Ribeira do Pombal,538868000,61936576,7284,5.5,4.0,1.1,4.7,9803.84,8503.1,0.5443536215268396,0.5443536215267957,0.5457518433321334,0.9889999999999934,0.5443536215268397,0.5457518433321337,0.9974379897706679,Crescente
2926657,BA,2017,7437,Ribeirão do Largo,78289000,293,1721,3.8,2.9,3.1,8.5,10526.96,0.17,1.0,1.0,1.0,1.0,1.0,1.0,1.0,Constante
2926905,BA,2017,12130,Rio do Pires,81202000,8092658,1272,4.3,3.2,0.6,4.4,6694.31,6362.15,0.6879947258984594,0.6879947258984472,0.7377785495631068,0.9939999999999939,0.6879947258984598,0.7377785495631068,0.9325219963441224,Decrescente
2927002,BA,2017,41767,Rio Real,844604000,32325777,5521,4.8,3.0,1.7,14.7,20221.8,5855.06,0.31786021276861093,0.3178602127686121,0.35317009372380215,0.9830000000000019,0.31786021276861137,0.3531700937238015,0.9000201840906568,Crescente
2927101,BA,2017,9405,Rodelas,85594000,9089312,1499,5.2,4.1,1.5,6.9,9100.9,6063.58,0.6138049464271614,0.6138049464271343,0.6157413187771892,0.9849999999999977,0.6138049464271612,0.6157413187771892,0.9968552177822446,Decrescente
2927200,BA,2017,32009,Ruy Barbosa,303198000,24830261,4040,4.4,3.0,1.4,4.4,9472.27,6146.1,0.5492232348443558,0.549223234844342,0.5613538364838999,0.9860000000000043,0.5492232348443555,0.5613538364838985,0.9783904538436479,Crescente
2927309,BA,2017,15772,Salinas da Margarida,156957000,13635945,2099,4.4,3.3,2.8,2.2,9951.62,6496.4,0.5279560761305652,0.5279560761305668,0.5973190982469909,0.9779999999999983,0.5279560761305655,0.597319098246991,0.8838761018691819,Crescente
2927408,BA,2017,2953986,Salvador,62823699000,1089937435,98822,5.3,3.9,1.5,2.8,21267.43,11029.3,0.28500361939462077,0.2850036193946219,0.31082966630786196,0.9849999999999972,0.28500361939462077,0.3108296663078621,0.9169125417788734,Crescente
2927606,BA,2017,14976,Santa Brígida,100182000,14029912,2489,5.1,3.8,2.3,9.5,6689.5,5636.77,0.7670501613902717,0.7670501613902999,0.7696136397663955,0.9769999999999996,0.769613639766395,0.7670501613902717,0.9966691359876341,Crescente
2927705,BA,2017,28552,Santa Cruz Cabrália,394886000,31008527,4883,4.3,3.3,2.5,10.6,13830.41,6350.3,0.39794692079497507,0.39794692079497174,0.39831858600831505,0.9749999999999992,0.3983185860083152,0.39794692079497507,0.999066914709995,Crescente
2927804,BA,2017,6698,Santa Cruz da Vitória,53775000,5636246,806,4.3,3.8,3.2,4.0,8028.52,6992.86,0.613473336544196,0.6134733365441978,0.6139089476257298,0.9680000000000007,0.61390894762573,0.6134733365441962,0.9992904304730881,Crescente
2927903,BA,2017,11161,Santa Inês,69557000,6182753,1081,4.3,4.0,2.8,7.0,6232.15,5719.48,0.7844304618049303,0.7844304618049295,0.7865199197222004,0.9719999999999996,0.7865199197222004,0.7844304618049303,0.9973434138603786,Crescente
2928000,BA,2017,38422,Santaluz,346034000,29606500,4917,4.5,3.4,1.0,8.9,9006.14,6021.25,0.5753731573388123,0.5753731573388154,0.6115216289559663,0.9900000000000021,0.5753731573388119,0.6115216289559664,0.9408876646295091,Crescente
2928109,BA,2017,41769,Santa Maria da Vitória,433652000,30507907,5340,5.0,3.4,2.6,7.1,10382.15,5713.09,0.5504988421248078,0.5504988421248093,0.5521924662163539,0.9739999999999996,0.5521924662163541,0.5504988421248078,0.9969329098182906,Crescente
2928208,BA,2017,27492,Santana,234048000,20175755,3939,4.6,3.5,0.3,5.1,8513.31,5122.05,0.6370249798106857,0.6370249798106759,0.7729254073601471,0.9969999999999989,0.6370249798106865,0.7729254073601471,0.824173941941414,Decrescente
2928307,BA,2017,9263,Santanópolis,50457000,7929652,1371,3.5,2.6,3.9,9.8,5447.16,5783.85,0.7703658822606134,0.7703658822606232,0.7783661987181939,0.9610000000000037,0.7783661987181933,0.7703658822606134,0.9897216548319347,Crescente
2928406,BA,2017,29146,Santa Rita de Cássia,216671000,22476711,3746,4.0,3.6,1.7,2.7,7433.99,6000.19,0.6669685368768967,0.6669685368768943,0.6955986042856814,0.9829999999999995,0.6669685368768976,0.6955986042856811,0.9588411086043146,Crescente
2928505,BA,2017,10682,Santa Teresinha,69749000,8427628,1283,4.6,4.1,1.5,0.2,6529.58,6568.69,0.7639342111268282,0.7639342111268265,0.8605935185224262,0.9980000000000017,0.7639342111268298,0.8605935185224267,0.8876829707461025,Crescente
2928604,BA,2017,61961,Santo Amaro,782865000,44298131,6259,4.5,2.9,1.7,4.0,12634.8,7077.51,0.4321542996496977,0.43215429964969704,0.44502137273500625,0.9830000000000012,0.4321542996496981,0.44502137273500686,0.9710866176915723,Crescente
2928703,BA,2017,103342,Santo Antônio de Jesus,2105992000,54417880,7433,4.8,3.6,2.6,3.9,20378.86,7321.12,0.30232496906031503,0.3023249690603105,0.34155496099598853,0.973999999999998,0.3023249690603152,0.3415549609959881,0.8851429596534707,Crescente
2928802,BA,2017,53898,Santo Estêvão,725868000,36181430,6323,4.4,2.5,1.7,4.6,13467.44,5722.19,0.42400435354539007,0.42400435354539007,0.4397439824835887,0.9829999999999999,0.42400435354538946,0.4397439824835893,0.9642072897750544,Crescente
2928901,BA,2017,33661,São Desidério,2355894000,37536266,5101,4.9,3.6,0.9,5.0,69988.83,7358.61,0.11306657321337474,0.11306657321338402,0.18710589447846537,0.9910000000000029,0.11306657321337724,0.18710589447846535,0.6042918825648645,Crescente
2928950,BA,2017,9404,São Domingos,69663000,6957615,1000,4.3,3.4,5.9,13.5,7407.81,6957.61,0.6000545103213956,0.6000545103213994,0.612096360931827,0.9410000000000007,0.6120963609318281,0.6000545103213956,0.9803268710957546,Crescente
2929008,BA,2017,15310,São Félix,134340000,8706585,1310,4.0,3.8,3.0,6.6,8774.66,6646.25,0.5740683738122865,0.5740683738122861,0.5756047096246455,0.9700000000000008,0.5756047096246449,0.5740683738122865,0.9973309186205914,Crescente
2929206,BA,2017,40220,São Francisco do Conde,10121957000,116447081,5596,5.0,2.6,1.8,4.7,251664.77,20808.99,0.03465504387669613,0.03465504387669856,0.04761596787444974,0.9820000000000059,0.03465504387669601,0.04761596787444977,0.7278029918045977,Crescente
2929255,BA,2017,19613,São Gabriel,109667000,16359731,2762,5.0,4.1,1.2,5.5,5591.55,5923.15,0.8547297415248545,0.8547297415248558,0.8548398339357247,0.9880000000000011,0.8548398339357248,0.8547297415248546,0.9998712128208118,Crescente
2929354,BA,2017,6045,São José da Vitória,49082000,6504622,972,3.7,2.5,0.7,8.9,8119.44,6692.0,0.5701495041803074,0.5701495041803107,0.6430988246087042,0.9930000000000077,0.5701495041803074,0.6430988246087045,0.8865659248051292,Crescente
2929370,BA,2017,10784,São José do Jacuípe,80171000,9726701,1542,4.2,3.0,2.5,7.8,7434.25,6307.85,0.62697712617637,0.626977126176375,0.6286461027258269,0.974999999999999,0.6286461027258267,0.6269771261763699,0.9973451254334988,Crescente
2929404,BA,2017,12092,São Miguel das Matas,108561000,9732431,1464,4.9,2.9,2.4,6.8,8977.92,6647.84,0.583303088139797,0.5833030881397957,0.5844935525245178,0.9759999999999952,0.5844935525245175,0.583303088139797,0.9979632548903593,Crescente
2929503,BA,2017,45827,São Sebastião do Passé,549275000,36882112,4660,4.9,3.4,0.2,1.8,11985.84,7914.62,0.4605607024751211,0.46056070247512915,0.5489389864144085,0.9980000000000151,0.4605607024751211,0.5489389864144087,0.8390016265440321,Crescente
2929602,BA,2017,18114,Sapeaçu,158765000,13491532,2131,4.7,2.4,1.6,13.0,8764.77,6331.08,0.5897403995226594,0.5897403995226609,0.5924118559467846,0.9839999999999997,0.5897403995226596,0.5924118559467845,0.9954905419307389,Crescente
2929701,BA,2017,20429,Sátiro Dias,147553000,18581798,2633,4.3,3.5,2.8,7.4,7222.72,7057.27,0.628127542299057,0.6281275422990582,0.6299096905556835,0.9719999999999969,0.6299096905556837,0.628127542299057,0.997170787680605,Crescente
2929750,BA,2017,12380,Saubara,126943000,10277640,1501,4.2,3.5,2.4,4.9,10253.88,6847.2,0.4936598268137093,0.4936598268136504,0.4941851474579608,0.9760000000000337,0.4941851474579608,0.4936598268137093,0.998936996291868,Crescente
2929800,BA,2017,13385,Saúde,79667000,7323393,1586,4.1,3.2,1.4,7.2,5951.96,4617.52,0.8001533415359458,0.8001533415359483,0.8196348070772403,0.9864492281608214,0.8001533415359454,0.8196348070772406,0.9762315297336333,Crescente
2929909,BA,2017,45568,Seabra,471511000,37618434,5878,5.8,4.8,0.4,1.6,10347.41,6399.87,0.5936515183128005,0.5936515183127976,0.6963506815245107,0.9959999999999991,0.5936515183128005,0.6963506815245105,0.8525180402109,Crescente
2930006,BA,2017,11696,Sebastião Laranjeiras,75501000,8294011,1229,6.4,5.0,1.1,2.0,6455.28,6748.59,0.8481716357741619,0.8481716357741619,0.8554115488025855,0.9889999999999957,0.8481716357741618,0.8554115488025859,0.9915363393929412,Crescente
2930105,BA,2017,81218,Senhor do Bonfim,815857000,41280045,6234,4.0,2.6,3.7,12.9,10045.27,6621.76,0.48156703810527296,0.4815670381052345,0.48539723980799815,0.9630000000000161,0.4853972398079982,0.48156703810527296,0.9921091399196249,Crescente
2930204,BA,2017,41891,Sento Sé,468144000,35421822,5846,4.1,3.3,2.0,7.6,11175.29,6059.16,0.4663658160662451,0.4663658160662455,0.46824637090763005,0.980000000000009,0.4663658160662453,0.4682463709076302,0.9959838346686174,Crescente
2930303,BA,2017,18320,Serra Dourada,140485000,13196809,2173,4.9,3.7,0.3,3.7,7668.4,6073.08,0.6786005169183218,0.6786005169183319,0.7376649738330556,0.9970000000000071,0.6786005169183218,0.7376649738330553,0.9199305118042639,Crescente
2930402,BA,2017,16036,Serra Preta,106931000,12644319,2299,4.3,3.2,2.1,5.2,6668.18,5499.92,0.7182557419277097,0.7182557419277029,0.7196651968097726,0.9790000000000052,0.7196651968097725,0.7182557419277102,0.9980415130698123,Crescente
2930501,BA,2017,83088,Serrinha,854555000,56380644,9142,3.8,3.0,5.4,8.2,10284.94,6167.21,0.47960647453662597,0.47960647453662203,0.48671432110160884,0.9460000000000028,0.486714321101609,0.47960647453662597,0.9853962658240767,Crescente
2930709,BA,2017,136050,Simões Filho,5320185000,95276348,12165,4.4,2.8,2.5,7.3,39104.63,7832.01,0.16425582108189013,0.1642558210818894,0.16811738236214044,0.9749999999999989,0.1642558210818899,0.16811738236214047,0.9770305650373966,Crescente
2930758,BA,2017,13437,Sítio do Mato,90210000,13622598,2535,4.6,2.7,1.0,6.6,6713.55,5373.81,0.7430231510076398,0.7430231510076383,0.768766513382333,0.9900000000000005,0.7430231510076395,0.7687665133823331,0.9665134186693038,Crescente
2930774,BA,2017,23713,Sobradinho,491476000,18737566,2857,5.1,4.6,1.1,2.4,20726.02,6558.48,0.33527977598298864,0.33527977598298814,0.4731386310505116,0.9890000000000017,0.3352797759829887,0.4731386310505115,0.7086290443850792,Crescente
2930808,BA,2017,17503,Souto Soares,103221000,16350643,2624,5.9,4.5,0.2,1.4,5897.33,6231.19,0.8878314311620017,0.8878314311620176,0.9167220927142584,0.9980000000000021,0.8878314311620019,0.9167220927142599,0.9684848202286515,Crescente
2930907,BA,2017,13057,Tabocas do Brejo Velho,135322000,11995783,1900,4.5,3.2,0.3,6.6,10363.94,6313.57,0.5145109632896584,0.514510963289659,0.6304114426916275,0.9969999999999998,0.5145109632896581,0.6304114426916275,0.8161510538147654,Decrescente
2931053,BA,2017,17884,Tanque Novo,155308000,15810013,2611,5.2,4.4,4.2,5.3,8684.19,6055.16,0.6337256790226213,0.633725679022621,0.635195567178283,0.9580000000000015,0.635195567178283,0.6337256790226213,0.9976859281902875,Crescente
2931301,BA,2017,17845,Tapiramutá,108349000,14769955,2367,5.3,4.5,0.0,0.6,6071.67,6239.95,0.8475420041855534,0.8475420041855539,0.9351140246720324,1.0,0.8475420041855555,0.9351140246720325,0.9063515056175179,Crescente
2931350,BA,2017,161690,Teixeira de Freitas,2320206000,105874913,17896,5.0,3.7,1.2,3.2,14349.72,5916.12,0.429177852705862,0.4291778527058627,0.5063117316954471,0.9880000000000007,0.4291778527058618,0.5063117316954471,0.8476553590190518,Decrescente
2931400,BA,2017,7936,Teodoro Sampaio,125312000,6548230,1078,4.1,2.7,1.8,6.3,15790.32,6074.42,0.35467937031794994,0.3546793703179456,0.3765211793563717,0.9819999999999941,0.354679370317949,0.3765211793563716,0.9419904902142335,Crescente
2931509,BA,2017,23378,Teofilândia,150207000,23994189,3871,4.5,3.1,2.7,8.3,6425.14,6198.45,0.7167884050921364,0.716788405092118,0.7193998303079677,0.9729999999999966,0.7193998303079676,0.7167884050921364,0.996369994673597,Crescente
2931608,BA,2017,15357,Teolândia,148500000,19944609,2563,4.1,3.9,2.1,6.9,9669.86,7781.74,0.5190228507922169,0.5190228507922161,0.5195040780392821,0.9789999999999996,0.5195040780392821,0.5190228507922169,0.9990736795582404,Crescente
2931707,BA,2017,13536,Terra Nova,121524000,9876354,1474,3.7,3.6,3.0,3.0,8977.84,6700.38,0.5621839341229862,0.5621839341229836,0.5841192921907277,0.9700000000000001,0.5621839341229861,0.5841192921907276,0.9624471261932244,Crescente
2931806,BA,2017,17700,Tremedal,112229000,16070780,2514,4.7,3.7,3.5,8.4,6340.62,6392.51,0.72834699798469,0.7283469979846923,0.7329133689283772,0.9650000000000001,0.7329133689283772,0.72834699798469,0.9937695624922713,Crescente
2931905,BA,2017,52540,Tucano,444610000,46722608,7281,5.1,3.2,1.9,9.3,8462.31,6417.06,0.6279638095660719,0.6279638095660691,0.6286384402411487,0.9810000000000008,0.6286384402411485,0.6279638095660719,0.9989268383352155,Crescente
2932002,BA,2017,25773,Uauá,179987000,19746506,3394,5.2,4.0,0.9,5.7,6983.55,5818.06,0.7509147821755073,0.7509147821755094,0.7690706389421623,0.9909999999999985,0.7509147821755074,0.7690706389421625,0.9763924718389615,Crescente
2932101,BA,2017,20800,Ubaíra,173384000,17640885,2737,4.5,3.3,1.6,6.4,8335.77,6445.34,0.5975584519856714,0.5975584519856606,0.5980310009546399,0.9840000000000008,0.5975584519856717,0.5980310009546395,0.9992098252963237,Crescente
2932309,BA,2017,27527,Ubatã,182100000,14730540,2173,4.0,3.1,3.4,15.0,6615.32,6778.9,0.6356895235968897,0.635689523596889,0.6408130977522696,0.9659999999999985,0.6408130977522696,0.6356895235968896,0.9920045732939113,Crescente
2932408,BA,2017,14474,Uibaí,89850000,9796924,1564,4.6,3.6,3.0,4.7,6207.68,6264.02,0.7446957284787609,0.7446957284787645,0.7478770702442503,0.9699999999999778,0.7478770702442504,0.7446957284787609,0.9957461702035464,Crescente
2932457,BA,2017,19522,Umburanas,117997000,13086043,2243,4.0,3.3,1.3,5.1,6044.31,5834.17,0.7460440360307706,0.7460440360307719,0.7460505667187145,0.9870000000000066,0.7460505667187147,0.7460440360307706,0.9999912463199745,Crescente
2932705,BA,2017,21711,Uruçuca,211900000,21432681,3368,3.6,3.0,6.4,8.1,9760.03,6363.62,0.4959288273061326,0.49592882730613064,0.5036226834819768,0.936,0.5036226834819767,0.4959288273061326,0.984722975298392,Crescente
2932804,BA,2017,19780,Utinga,156171000,16179130,2400,4.7,3.5,0.4,5.8,7895.4,6741.3,0.6280270942407433,0.6280270942407425,0.6763224426044578,0.9960000000000007,0.6280270942407433,0.6763224426044575,0.9285912379637538,Crescente
2932903,BA,2017,98749,Valença,1438202000,63164143,9739,4.2,3.2,3.8,8.1,14564.22,6485.69,0.3743383561968095,0.37433835619681527,0.37609815570297644,0.961999999999999,0.37609815570297644,0.3743383561968095,0.9953209036537878,Crescente
2933000,BA,2017,28743,Valente,224142000,21159145,3102,5.1,3.8,0.7,5.9,7798.14,6821.13,0.6558993519847539,0.6558993519847536,0.6786161983807617,0.9930000000000031,0.6558993519847539,0.6786161983807617,0.9665247507350809,Decrescente
2933059,BA,2017,14662,Várzea da Roça,89762000,10914337,1818,3.6,2.7,1.8,12.8,6122.08,6003.49,0.6986596417857561,0.6986596417857523,0.7051773828331572,0.9819999999999937,0.698659641785756,0.7051773828331571,0.9907573027637173,Crescente
2933109,BA,2017,9449,Várzea do Poço,75632000,6849266,999,4.2,3.2,1.6,8.7,8004.23,6856.12,0.5810171926972714,0.581017192697272,0.5832787149877006,0.9840000000000031,0.5810171926972714,0.5832787149877007,0.9961227416116549,Crescente
2933174,BA,2017,9375,Varzedo,104602000,5849207,1117,4.3,3.6,0.6,4.1,11157.55,5236.53,0.4987006306585303,0.4987006306585282,0.6361849090264627,0.9940000000000029,0.49870063065852976,0.636184909026463,0.7838925815164005,Crescente
2933208,BA,2017,43640,Vera Cruz,514302000,35170453,4512,4.3,3.1,2.0,8.3,11785.11,7794.87,0.4297232884484538,0.42972328844845,0.42975317544109537,0.9800000000000155,0.42972328844845376,0.4297531754410952,0.9999304554466389,Crescente
2933257,BA,2017,6620,Vereda,71690000,7323445,1052,5.6,4.0,1.9,8.1,10829.31,6961.45,0.5422025947920234,0.5422025947920236,0.5430966273336214,0.9809999999999999,0.5430966273336212,0.5422025947920234,0.9983538241693981,Crescente
2933307,BA,2017,348718,Vitória da Conquista,6511654000,203563875,30241,4.7,3.6,2.7,5.4,18673.12,6731.39,0.3236462503582252,0.3236462503582255,0.32395278884773854,0.9730000000000084,0.32364625035822475,0.32395278884773904,0.9990537556703751,Crescente
2933406,BA,2017,9753,Wagner,69046000,6502531,1168,5.9,3.6,0.8,10.1,7079.46,5567.24,0.8095045310126159,0.8095045310126114,0.8187068435486634,0.9920000000000009,0.809504531012616,0.8187068435486636,0.988759941841746,Crescente
2933455,BA,2017,12935,Wanderley,122287000,14063047,1953,5.3,3.5,1.3,9.1,9453.96,7200.74,0.5748882055135388,0.5748882055135374,0.5765907788713974,0.9870000000000001,0.5748882055135385,0.5765907788713974,0.9970471720668319,Decrescente
2933505,BA,2017,22365,Wenceslau Guimarães,241394000,26408042,3682,4.0,3.4,6.3,12.4,10793.38,7172.2,0.4452914684676607,0.4452914684676617,0.45354392494427387,0.936999999999996,0.45354392494427376,0.4452914684676607,0.9818045044311262,Crescente
2933604,BA,2017,48365,Xique-Xique,369520000,54790398,8248,4.6,3.1,2.1,9.9,7640.24,6642.87,0.6297879766788829,0.6297879766789274,0.6308377242796845,0.9790000000000003,0.6308377242796844,0.6297879766788829,0.9983359466937392,Crescente
3100203,MG,2017,23611,Abaeté,426035000,10025216,956,6.7,3.8,0.0,0.0,18043.92,10486.63,0.39147363777610233,0.3914736377761001,0.5457807004491819,1.0,0.3914736377761022,0.5457807004491819,0.7172727754094572,Decrescente
3101102,MG,2017,25711,Aimorés,433956000,12932064,1275,6.3,5.0,0.1,1.1,16878.22,10142.8,0.39083089764094187,0.3908308976409252,0.47286554747300513,0.999000000000031,0.3908308976409419,0.472865547473005,0.8265159086542535,Crescente
3101300,MG,2017,2752,Alagoa,35474000,2283391,310,6.4,4.5,0.6,0.0,12890.26,7365.78,0.5273564572924792,0.5273564572924813,0.75364249614091,1.0,0.5273564572924786,0.7536424961409101,0.6997435256011337,Crescente
3101508,MG,2017,35866,Além Paraíba,922643000,14942246,1775,6.0,5.3,0.1,0.0,25724.73,8418.17,0.30951027627362954,0.30951027627362165,0.6438210755018522,1.0,0.3095102762736291,0.6438210755018522,0.4807395844138363,Decrescente
3101607,MG,2017,79707,Alfenas,2664279000,49099492,3135,6.4,6.1,0.1,0.0,33425.91,15661.72,0.25041401367353583,0.2504140136735029,0.41617854399339466,1.0,0.2504140136735386,0.41617854399339466,0.6016985192718398,Decrescente
3101805,MG,2017,7515,Alpercata,78748000,5632985,712,4.7,4.5,0.0,1.0,10478.78,7911.5,0.533488960094111,0.5334889600941074,0.6353285035304739,1.0,0.5334889600941107,0.6353285035304739,0.8397056910394417,Decrescente
3102001,MG,2017,14551,Alterosa,218667000,8850588,984,7.0,6.5,0.0,0.0,15027.63,8994.5,0.5504077898410323,0.5504077898410655,1.0,1.0,0.5504077898410474,1.0,0.5504077898410323,Decrescente
3102803,MG,2017,12507,Andrelândia,218663000,7176741,1056,6.7,5.0,0.0,2.5,17483.25,6796.16,0.4699951207713168,0.46999512077121297,0.6553945795068582,1.0,0.46999512077131533,0.6553945795068583,0.71711780272116,Crescente
3103207,MG,2017,2368,Araçaí,58139000,2883530,316,6.1,4.2,0.0,0.6,24551.94,9125.09,0.30918350059258976,0.30918350059258687,0.45291449984195703,1.0,0.30918350059258937,0.45291449984195703,0.682653129234057,Decrescente
3103504,MG,2017,117445,Araguari,4092132000,52706456,3941,6.4,5.0,0.0,0.4,34842.96,13373.88,0.2263235628164258,0.2263235628159918,0.34628563014775937,1.0,0.2263235628164262,0.3462856301477596,0.653574803897736,Crescente
3103603,MG,2017,2873,Arantina,47658000,3049861,372,5.2,3.9,0.0,2.5,16588.24,8198.55,0.36608731302133934,0.36608731302137326,0.5249791416478191,1.0,0.36608731302133934,0.5249791416478191,0.6973368729893807,Decrescente
3103751,MG,2017,6774,Araporã,1189697000,11535096,906,6.0,4.6,0.2,2.3,175626.96,12731.89,0.06237907991105258,0.06237907991106029,0.1564524759706303,0.9980000000000003,0.06237907991105202,0.15645247597063025,0.3987094453063341,Crescente
3104007,MG,2017,104283,Araxá,5143098000,69019949,4398,6.4,4.7,0.1,1.3,49318.66,15693.49,0.16927860846364026,0.16927860846372159,0.2428028442885155,0.9989999999999937,0.16927860846364012,0.24280284428851528,0.6971854426157028,Crescente
3104106,MG,2017,10578,Arceburgo,267797000,7183339,796,6.6,5.5,0.0,0.0,25316.41,9024.3,0.32922652690310816,0.3292265269031111,0.6603319380753322,1.0,0.3292265269031081,0.6603319380753322,0.49857731834492797,Decrescente
3104403,MG,2017,2859,Argirita,32166000,2915896,315,5.7,4.2,1.9,6.6,11250.79,9256.81,0.4899419487586664,0.48994194875868247,0.4910998678176962,0.9809999999999978,0.49109986781769627,0.4899419487586664,0.9976421922812253,Crescente
3104809,MG,2017,5023,Augusto de Lima,64556000,3947869,591,5.1,5.4,0.0,0.4,12852.08,6679.98,0.5592852954719816,0.5592852954720098,0.7972761205572362,1.0,0.5592852954719844,0.797276120557236,0.701495104457767,Crescente
3104908,MG,2017,19315,Baependi,262742000,8526194,1084,6.3,4.8,0.4,4.1,13603.0,7865.49,0.49021545729946725,0.4902154572994641,0.5473124015771058,0.9960000000000007,0.4902154572994675,0.5473124015771057,0.895677598181384,Crescente
3105400,MG,2017,31968,Barão de Cocais,727509000,19403566,2741,6.4,4.9,0.1,1.3,22757.41,7079.01,0.3692313291746929,0.3692313291748299,0.5444923475439565,0.9989999999999961,0.3692313291746919,0.544492347543957,0.6781203277515028,Crescente
3105509,MG,2017,5648,Barão de Monte Alto,49247000,4295567,410,5.6,5.2,0.0,0.0,8719.37,10476.99,0.6014061858532616,0.6014061858532611,0.6967537896555707,1.0,0.6014061858532613,0.6967537896555707,0.8631545242840477,Decrescente
3105608,MG,2017,136689,Barbacena,2683997000,40973161,4579,6.3,4.7,0.0,0.3,19635.79,8948.06,0.3724586547681685,0.3724586547682389,0.5352546574037873,1.0,0.372458654768168,0.5352546574037873,0.6958531786995583,Decrescente
3106200,MG,2017,2523794,Belo Horizonte,88971069000,1398244190,112681,6.3,4.9,0.2,1.1,35252.9,12408.87,0.22623608250105742,0.22623608250107663,0.31841531727178335,0.998000000000005,0.2262360825010572,0.3184153172717837,0.7105062797841275,Crescente
3106309,MG,2017,26158,Belo Oriente,2066255000,25884714,2721,5.8,4.4,0.5,0.6,78991.32,9512.94,0.11658948102554595,0.11658948102552179,0.2406456928549031,0.995000000000004,0.11658948102554001,0.24064569285490306,0.48448604935490525,Crescente
3106705,MG,2017,427146,Betim,23091961000,340136860,39817,6.0,5.2,0.2,1.0,54061.05,8542.5,0.1692418672695784,0.16924186726953808,0.36742088224171204,0.9979999999996155,0.16924186726958168,0.3674208822417114,0.460621253307646,Crescente
3106903,MG,2017,14545,Bicas,246920000,7905682,1049,6.3,2.9,0.8,2.9,16976.28,7536.4,0.4347676123192836,0.43476761231928707,0.4738515813189688,0.9919999999999993,0.4347676123192925,0.4738515813189684,0.9175185426396706,Crescente
3107208,MG,2017,5185,Bocaina de Minas,55182000,3101593,411,6.5,5.5,1.4,3.7,10642.62,7546.45,0.620667376312453,0.6206673763124518,0.6583718991781963,0.9859999999999993,0.6206673763124534,0.6583718991781962,0.9427306619361983,Crescente
3107307,MG,2017,50168,Bocaiúva,797379000,20714088,1421,5.3,3.9,0.1,1.4,15894.18,14577.12,0.327709898960943,0.32770989896095143,0.3521509838779625,0.998999999999999,0.3277098989609428,0.3521509838779626,0.930594869712221,Crescente
3107802,MG,2017,15459,Bom Jesus do Galho,139737000,5932726,699,6.0,4.7,0.3,5.3,9039.2,8487.45,0.605024949812236,0.6050249498122423,0.6363292880477296,0.9969999999999984,0.6050249498122356,0.6363292880477299,0.9508048131313649,Crescente
3108206,MG,2017,5764,Bonfinópolis de Minas,200682000,4994977,548,6.4,4.8,0.0,1.1,34816.45,9114.92,0.25264886852524293,0.2526488685251404,0.408676759954999,1.0,0.25264886852524243,0.40867675995499925,0.6182119789563347,Crescente
3108305,MG,2017,19055,Borda da Mata,308608000,12487183,1268,7.0,5.5,0.0,0.6,16195.64,9847.94,0.4483109847863631,0.4483109847864269,0.5589537572725146,1.0,0.4483109847863629,0.5589537572725146,0.8020537995378243,Decrescente
3108404,MG,2017,15322,Botelhos,234446000,7684145,809,6.7,5.3,0.0,1.2,15301.27,9498.33,0.4522994590902531,0.4522994590903024,0.5535935898471743,1.0,0.45229945909025315,0.5535935898471741,0.8170243792293826,Crescente
3109006,MG,2017,38863,Brumadinho,1989457000,43597396,4055,6.4,5.4,0.0,0.8,51191.54,10751.52,0.1807283958449325,0.18072839584490277,0.36592468154403274,1.0,0.1807283958449319,0.36592468154403285,0.49389506901349844,Crescente
3109303,MG,2017,24689,Buritis,699203000,22775196,2710,5.7,4.0,0.1,3.6,28320.43,8404.13,0.2677311677405958,0.26773116774058664,0.4152143764592499,0.9989999999999979,0.26773116774059535,0.41521437645924986,0.6448022585915243,Crescente
3109451,MG,2017,6940,Cabeceira Grande,181397000,7320191,917,6.1,4.1,0.0,1.7,26137.9,7982.76,0.307990073765405,0.3079900737654425,0.4680143413246247,1.0,0.30799007376540544,0.4680143413246248,0.6580782821605385,Crescente
3109600,MG,2017,3710,Cachoeira da Prata,38436000,3150290,426,6.8,5.1,0.0,0.0,10360.11,7395.05,0.6327125773305474,0.6327125773305192,0.8268145273736496,1.0,0.6327125773305475,0.8268145273736496,0.7652412438135783,Decrescente
3109808,MG,2017,2691,Cachoeira Dourada,74794000,3894964,332,6.4,5.7,0.0,0.0,27794.13,11731.82,0.28951051824607227,0.2895105182460774,0.5138133545753197,1.0,0.28951051824607227,0.51381335457532,0.5634546390592754,Crescente
3109907,MG,2017,11399,Caetanópolis,252736000,5376186,734,7.2,5.1,0.0,0.7,22171.77,7324.5,0.4190164799632841,0.41901647996331665,0.5953665951869549,1.0,0.419016479963283,0.5953665951869548,0.7037957509720646,Crescente
3110202,MG,2017,4108,Cajuri,68113000,3666351,454,6.9,4.6,0.4,1.2,16580.57,8075.66,0.4710765623062866,0.4710765623062442,0.5329203157530372,0.996,0.47107656230628636,0.5329203157530372,0.8839530946397437,Decrescente
3110509,MG,2017,22057,Camanducaia,605826000,17074881,1919,5.9,5.2,0.1,0.8,27466.38,8897.8,0.28538721614798845,0.28538721614799584,0.4555680724092003,0.9989999999999999,0.28538721614798856,0.4555680724092004,0.6264425306162544,Crescente
3111002,MG,2017,21440,Campestre,351420000,12913547,1677,7.3,5.4,0.2,3.1,16390.86,7700.39,0.5112208715804379,0.5112208715804378,0.5956406552977749,0.9979999999999997,0.5112208715804378,0.5956406552977748,0.8582706150654987,Crescente
3111507,MG,2017,15387,Campos Altos,324597000,8961474,1022,5.6,3.9,1.4,7.8,21095.54,8768.57,0.3182915323196403,0.31829153231964247,0.3327988841971209,0.9859999999999995,0.3182915323196362,0.33279888419712206,0.9564080513296201,Crescente
3111606,MG,2017,29057,Campos Gerais,477305000,10730214,813,6.2,4.4,0.0,5.4,16426.51,13198.3,0.3581108638062369,0.3581108638062376,0.3885497551276607,1.0,0.35811086380623713,0.38854975512766066,0.921660248347286,Crescente
3113008,MG,2017,23781,Caraí,152314000,13582453,1529,5.1,3.1,0.8,3.6,6404.86,8883.23,0.6814064507540695,0.6814064507540687,0.7018892089134056,0.9920000000000002,0.6814064507540689,0.7018892089134057,0.9708176762098317,Crescente
3113206,MG,2017,25376,Carandaí,498590000,14809314,2077,6.9,5.4,0.0,0.0,19648.09,7130.15,0.4404804389800952,0.44048043897810013,0.8496051976466126,1.0,0.44048043898009853,0.8496051976466129,0.5184530887996168,Crescente
3113800,MG,2017,2629,Carmésia,27820000,2438998,310,5.5,4.6,1.2,2.8,10581.97,7867.74,0.5317303181299379,0.5317303181299334,0.5513300163011059,0.9880000000000018,0.5317303181299379,0.5513300163011058,0.9644501521925776,Crescente
3114501,MG,2017,18995,Carmópolis de Minas,365497000,10573605,1313,7.1,5.0,0.0,1.0,19241.75,8053.01,0.44138066610764365,0.4413806661076957,0.5738403818692385,1.0,0.44138066610764226,0.5738403818692382,0.7691697553070106,Crescente
3114709,MG,2017,3581,Carvalhópolis,50796000,3024307,460,7.1,5.6,0.0,2.9,14184.86,6574.58,0.5781125435940971,0.5781125435941016,0.790627272711334,1.0,0.578112543594098,0.7906272727113342,0.7312074393937228,Crescente
3114907,MG,2017,2309,Casa Grande,60398000,2483610,279,7.1,4.6,0.0,4.0,26157.64,8901.83,0.3471474100020658,0.3471474100020667,0.47835789230252473,1.0,0.34714741000206606,0.47835789230252446,0.7257064544939538,Crescente
3115003,MG,2017,3071,Cascalho Rico,50256000,3715424,330,7.5,5.8,0.0,0.0,16364.7,11258.86,0.4499285105607041,0.4499285105606954,0.6011168872505727,1.0,0.44992851056070426,0.6011168872505727,0.7484875572513296,Decrescente
3115300,MG,2017,75025,Cataguases,1580177000,32321230,2172,5.5,4.1,0.4,1.5,21062.01,14880.86,0.2728346643238593,0.27283466432387016,0.30391096751040747,0.9960000000000017,0.27283466432385933,0.30391096751040736,0.8977453711489238,Crescente
3115359,MG,2017,5316,Catas Altas,610488000,8151244,453,7.0,4.0,0.0,5.3,114839.73,17993.92,0.09307991786765296,0.09307991786765421,0.16022606142718182,1.0,0.09307991786765304,0.1602260614271817,0.5809287018513847,Crescente
3115904,MG,2017,3101,Chácara,36402000,2822515,388,5.6,5.2,0.0,1.7,11738.79,7274.52,0.5571015142654457,0.5571015142659358,0.7063186547541412,1.0,0.5571015142654453,0.7063186547541411,0.7887396297912651,Crescente
3116001,MG,2017,5823,Chalé,68492000,2870564,241,6.1,4.2,0.0,1.3,11762.32,11911.05,0.4603195269419619,0.4603195269419601,0.4799061861855345,1.0,0.4603195269419622,0.47990618618553404,0.9591864830931762,Crescente
3116159,MG,2017,12971,Chapada Gaúcha,182547000,7864631,1181,6.5,4.7,0.0,1.1,14073.47,6659.3,0.5285649754298672,0.528564975429529,0.6828662988417079,1.0,0.5285649754298671,0.6828662988417079,0.7740387486195032,Decrescente
3116209,MG,2017,2789,Chiador,29842000,3512636,405,5.2,3.7,1.9,4.9,10699.89,8673.18,0.4936743149657159,0.4936743149657139,0.4943452966198021,0.981000000000008,0.49434529661980126,0.4936743149657159,0.9986426862788537,Crescente
3116605,MG,2017,28287,Cláudio,656405000,17412370,2103,7.3,5.4,0.0,0.0,23205.18,8279.78,0.3965525288188885,0.3965525288189295,0.7622029208505264,1.0,0.39655252881888947,0.7622029208505265,0.5202715943103232,Crescente
3116902,MG,2017,3138,Comendador Gomes,111171000,3511234,436,6.0,5.2,0.0,1.5,35427.34,8053.29,0.24083706565901924,0.24083706565877008,0.4787229518262636,1.0,0.2408370656589631,0.4787229518262638,0.5030823459377878,Crescente
3117306,MG,2017,26818,Conceição das Alagoas,843266000,21171715,2479,5.3,4.7,0.1,0.8,31444.03,8540.43,0.233541781773377,0.23354178177353804,0.4223549473915563,0.9989999999999986,0.2335417817733776,0.42235494739155643,0.5529514528377606,Crescente
3117504,MG,2017,18126,Conceição do Mato Dentro,811433000,18279795,820,6.2,4.8,0.0,0.7,44766.25,22292.43,0.1556726733240622,0.15567267332405607,0.20885432409721105,1.0,0.15567267332406212,0.20885432409721102,0.7453648565667451,Crescente
3117876,MG,2017,6608,Confins,1059636000,10748364,548,6.5,4.2,0.0,2.4,160356.54,19613.8,0.06423028461011135,0.0642302846100997,0.11899513017428688,1.0,0.06423028461011145,0.11899513017428692,0.5397723798951781,Crescente
3118007,MG,2017,53843,Congonhas,1646715000,69443928,5441,6.4,4.8,0.2,0.8,30583.64,12763.08,0.2505815076411856,0.25058150764112924,0.3296368981213197,0.9979999999999997,0.2505815076411853,0.32963689812131963,0.7601743283877204,Crescente
3118304,MG,2017,127369,Conselheiro Lafaiete,2126337000,61412258,7638,6.7,5.4,0.2,0.3,16694.31,8040.36,0.4572052420187056,0.45720524201871154,0.5912188673088847,0.998000000000005,0.4572052420187053,0.5912188673088843,0.7733265416576038,Crescente
3118601,MG,2017,658580,Contagem,28995183000,337910874,39529,6.1,4.6,0.3,1.7,44026.82,8548.43,0.20351708961797776,0.20351708961798817,0.3329508450586652,0.9970000000000004,0.20351708961797632,0.33295084505866523,0.6112526597796095,Crescente
3119104,MG,2017,24384,Corinto,316814000,13727583,1920,6.2,4.9,0.3,0.3,12992.7,7149.78,0.5158734709410774,0.5158734709410868,0.667672445406528,0.9970000000000016,0.5158734709410772,0.667672445406528,0.772644542230548,Decrescente
3119203,MG,2017,10339,Coroaci,92593000,5966461,918,6.3,4.2,0.0,1.8,8955.7,6499.41,0.6866501263591717,0.6866501263591523,0.775145483944749,1.0,0.6866501263591717,0.7751454839447494,0.8858338732295509,Crescente
3119302,MG,2017,28508,Coromandel,883455000,15451761,974,6.4,5.2,0.0,1.0,30989.72,15864.23,0.23130540596654595,0.23130540596655275,0.309813217012122,1.0,0.23130540596654586,0.30981321701212206,0.7465963143770451,Crescente
3119401,MG,2017,110326,Coronel Fabriciano,1648920000,52422990,4458,6.0,4.7,0.0,0.1,14945.89,11759.31,0.3924608132373016,0.39246081323731513,0.48275325267625974,1.0,0.3924608132373016,0.4827532526762598,0.8129635814188716,Crescente
3119500,MG,2017,9411,Coronel Murta,80173000,6012820,727,5.3,3.9,0.2,0.0,8519.07,8270.73,0.6039087436392175,0.6039087436392285,0.697487439624286,1.0,0.6039087436392192,0.6974874396242859,0.8658345789918793,Crescente
3119609,MG,2017,3125,Coronel Pacheco,42217000,2493970,340,6.0,4.5,0.6,8.1,13509.44,7335.21,0.48225304738647184,0.4822530473864705,0.5350537530661117,0.9940000000000038,0.482253047386472,0.5350537530661116,0.9013170071659777,Crescente
3119955,MG,2017,6295,Córrego Fundo,183148000,4742774,458,7.3,6.0,0.0,0.0,29094.2,10355.4,0.31691583725088907,0.3169158372509002,0.6602181623012643,1.0,0.31691583725088807,0.6602181623012644,0.4800168419272857,Crescente
3120706,MG,2017,4174,Cruzeiro da Fortaleza,92901000,4561527,658,6.5,5.5,0.0,2.8,22257.07,6932.41,0.38379277712715615,0.3837927771271487,0.6591796717742309,1.0,0.3837927771271498,0.6591796717742309,0.5822278713391593,Decrescente
3121209,MG,2017,7186,Delfinópolis,161809000,5706225,665,6.3,5.4,0.6,1.5,22517.26,8580.79,0.3516484919874263,0.35164849198740494,0.4634097854714283,0.9939999999999994,0.3516484919874261,0.46340978547142836,0.7588283696463016,Crescente
3121506,MG,2017,3015,Desterro do Melo,34797000,3257410,412,7.1,5.6,0.0,0.0,11541.29,7906.33,0.6110623421908697,0.6110623421908339,0.8029600965298245,1.0,0.6110623421908707,0.8029600965298245,0.7610120911757823,Decrescente
3121605,MG,2017,48230,Diamantina,725770000,17600667,1193,5.8,4.6,0.0,0.0,15048.1,14753.28,0.35663684109238364,0.35663684109193666,0.41504479930438215,1.0,0.35663684109238364,0.4150447993043822,0.8592731235040395,Crescente
3122306,MG,2017,234937,Divinópolis,6038548000,88929609,8128,6.6,5.0,0.0,1.1,25702.84,10941.14,0.30545244096098206,0.30545244096103386,0.41708550217437607,1.0,0.3054524409609816,0.41708550217437607,0.7323496965695965,Decrescente
3122355,MG,2017,6625,Divisa Alegre,123853000,5424986,831,6.0,3.9,0.0,0.8,18694.79,6528.26,0.40727080526299675,0.40727080526320764,0.6096456230889897,1.0,0.40727080526299597,0.6096456230889894,0.6680451558061093,Crescente
3123205,MG,2017,13923,Dores do Indaiá,212167000,6899358,984,6.5,5.1,1.2,2.0,15238.6,7011.54,0.49392328406769587,0.4939232840676749,0.5528929086995068,0.988,0.49392328406770075,0.5528929086995069,0.8933434961744816,Crescente
3123403,MG,2017,1533,Doresópolis,61548000,2534415,191,5.7,5.0,0.0,3.1,40148.73,13269.19,0.18725063853693955,0.18725063853694357,0.31505943888406296,1.0,0.1872506385369389,0.3150594388840629,0.5943343237078668,Crescente
3123700,MG,2017,11098,Engenheiro Caldas,108083000,6530486,905,6.3,4.5,0.0,3.6,9738.96,7216.01,0.6255884199583579,0.6255884199583522,0.7016496556160057,1.0,0.6255884199583578,0.7016496556160059,0.8915965609776141,Crescente
3124104,MG,2017,69010,Esmeraldas,676083000,39377340,6235,5.5,3.8,0.7,2.2,9796.88,6315.53,0.5991922828016155,0.5991922828016167,0.649570817697385,0.9930000000000004,0.599192282801616,0.6495708176973851,0.9224433525595368,Crescente
3125101,MG,2017,34344,Extrema,7527681000,43195979,4502,6.6,5.6,0.0,0.0,219184.75,9594.84,0.06333154018984531,0.06333154018981214,0.6307857030165627,1.0,0.06333154018981065,0.6307857030165733,0.1004010393497812,Crescente
3125705,MG,2017,15273,Felixlândia,209563000,9920189,1287,5.8,3.7,0.2,1.2,13721.14,7707.99,0.45943573241451,0.4594357324145113,0.5752133087659342,0.9979999999999992,0.45943573241450997,0.5752133087659339,0.7987223616230055,Crescente
3126109,MG,2017,68423,Formiga,1619685000,30761499,3260,7.5,5.3,0.0,0.5,23671.65,9436.04,0.38533788712570505,0.385337887125723,0.5159153531645667,1.0,0.3853378871257053,0.5159153531645668,0.7469013758983636,Crescente
3126406,MG,2017,2932,Fortuna de Minas,36240000,3452912,387,7.1,5.9,0.0,1.2,12360.16,8922.25,0.5740626224114862,0.5740626224115225,0.670781955149939,1.0,0.5740626224114871,0.6707819551499388,0.8558110694602193,Crescente
3127701,MG,2017,280901,Governador Valadares,5887859000,125010392,10068,5.3,3.6,0.9,5.4,20960.62,12416.61,0.2785940851894817,0.278594085189481,0.29667635842142903,0.9909999999999974,0.2785940851894816,0.29667635842142914,0.9390505083446472,Crescente
3127800,MG,2017,15931,Grão Mogol,285748000,10667485,1278,6.4,4.0,0.2,3.5,17936.6,8347.01,0.41088741262233813,0.41088741262234546,0.49909582711684475,0.9980000000000001,0.41088741262233786,0.49909582711684475,0.8232635704368334,Decrescente
3128303,MG,2017,19378,Guaranésia,431590000,9675349,890,6.2,2.9,0.1,5.2,22272.16,10871.18,0.31485751867392087,0.3148575186739307,0.3982714188014571,0.9989999999999986,0.3148575186739208,0.39827141880145683,0.7905601652798514,Crescente
3129509,MG,2017,25100,Ibiá,918417000,15845280,1462,6.8,4.3,0.3,4.4,36590.32,10838.08,0.24733568765475997,0.24733568765475925,0.32478662620462534,0.9970000000000004,0.2473356876547732,0.3247866262046256,0.7615328578798409,Crescente
3129657,MG,2017,6165,Ibiracatu,42359000,4715611,423,5.4,3.9,0.0,2.1,6870.88,11148.02,0.6221492258220096,0.6221492258220084,0.711828761381368,1.0,0.6221492258220095,0.7118287613813677,0.874015296339913,Crescente
3129806,MG,2017,177475,Ibirité,2170421000,74006202,12163,6.1,4.3,0.2,1.5,12229.45,6084.54,0.5600367368958833,0.5600367368958904,0.7022244371635595,0.9979999999999992,0.5600367368958827,0.7022244371635594,0.797518154107533,Crescente
3130507,MG,2017,12358,Ilicínea,183540000,6457903,803,7.1,5.5,0.0,1.8,14851.92,8042.22,0.5199759377469904,0.5199759377469748,0.6599820919082213,1.0,0.5199759377469888,0.6599820919082214,0.7878637073978356,Crescente
3130705,MG,2017,6806,Indianópolis,438090000,8713931,758,5.8,4.5,0.0,0.7,64368.2,11495.95,0.1344837570844355,0.13448375708440133,0.2604384737146425,1.0,0.13448375708443483,0.26043847371464235,0.5163743864963162,Crescente
3131208,MG,2017,19736,Ipanema,230053000,8781859,1112,7.2,5.1,0.1,0.3,11656.52,7897.36,0.6091849926382503,0.6091849926382655,0.6581734284149505,0.9989999999999999,0.6091849926382507,0.6581734284149501,0.9255691073784658,Crescente
3131307,MG,2017,261203,Ipatinga,9666655000,118617355,14611,6.5,5.4,0.1,0.7,37008.21,8118.36,0.25154857066677605,0.2515485706667761,0.4411688464984677,0.9989999999999992,0.2515485706667728,0.44116884649846794,0.5701866137269277,Crescente
3131703,MG,2017,119285,Itabira,5223193000,67813918,6534,6.2,4.5,0.0,1.4,43787.51,10378.62,0.1993042998652854,0.19930429986529657,0.3292051803338286,1.0,0.19930429986528553,0.32920518033382856,0.6054105821274806,Crescente
3131901,MG,2017,50816,Itabirito,3940439000,47516792,4409,6.6,5.6,0.2,0.3,77543.27,10777.23,0.1324490525042453,0.1324490525042588,0.35228143520626837,0.9980000000000001,0.13244905250424985,0.35228143520626853,0.37597511326900757,Crescente
3132107,MG,2017,18443,Itacarambi,189326000,16287897,2227,5.6,4.1,0.7,1.9,10265.47,7313.83,0.5625153340006023,0.562515334000568,0.6038187613139787,0.993000000000027,0.5625153340006022,0.6038187613139785,0.931596316710174,Crescente
3132305,MG,2017,12725,Itaipé,86368000,8397934,1222,5.4,3.3,0.0,5.5,6787.27,6872.29,0.7404712055398196,0.7404712055398333,0.7901967964109083,1.0,0.7404712055398194,0.7901967964109079,0.9370718900697351,Crescente
3132503,MG,2017,34661,Itamarandiba,403732000,16905974,1813,6.8,5.9,0.2,0.9,11648.02,9324.86,0.5791710769286615,0.5791710769286561,0.623200512117845,0.9979999999999997,0.5791710769286617,0.6232005121178451,0.9293494881132934,Crescente
3132602,MG,2017,4362,Itamarati de Minas,56509000,3224236,406,7.6,4.0,0.0,5.2,12954.84,7941.47,0.6044642416973011,0.6044642416973068,0.6931281095163436,1.0,0.6044642416973063,0.6931281095163435,0.8720815580817937,Crescente
3132701,MG,2017,23637,Itambacuri,259491000,12494276,1219,4.6,3.8,0.8,4.6,10978.17,10249.61,0.4397584756398155,0.4397584756398111,0.45468749321422613,0.99199999999999,0.43975847563981524,0.4546874932142261,0.9671664213394653,Crescente
3133303,MG,2017,21559,Itaobim,255053000,10324288,1051,5.8,3.7,0.0,1.8,11830.47,9823.3,0.47517274048492164,0.4751727404849163,0.5133702041041148,1.0,0.4751727404849212,0.5133702041041147,0.9255947008341635,Crescente
3133600,MG,2017,9618,Itapeva,302883000,9902042,1135,6.4,5.1,0.0,0.0,31491.27,8724.27,0.2753369497799834,0.27533694977997053,0.6298865119947004,1.0,0.2753369497799835,0.6298865119947002,0.4371215203641319,Crescente
3133758,MG,2017,16082,Itaú de Minas,509321000,13103692,1469,7.3,5.7,0.0,0.5,31670.25,8920.14,0.31093532361694914,0.31093532361703974,0.5231802654872537,1.0,0.31093532361695203,0.5231802654872538,0.594317760298863,Crescente
3133808,MG,2017,92696,Itaúna,3029964000,39216651,3161,7.5,4.5,0.0,1.9,32687.11,12406.41,0.2836081670678931,0.283608167067893,0.37725233515612683,1.0,0.2836081670678935,0.37725233515612683,0.7517731254082792,Decrescente
3134103,MG,2017,6120,Itueta,81333000,4051025,455,5.4,3.7,0.0,2.2,13289.71,8903.35,0.4331667695936554,0.43316676959365247,0.5252547093567566,1.0,0.433166769593655,0.5252547093567568,0.8246794590840034,Crescente
3134202,MG,2017,104526,Ituiutaba,2895871000,46984779,4442,6.5,5.5,0.0,0.1,27704.79,10577.39,0.2927217351067183,0.2927217351066969,0.49401837935266946,1.0,0.29272173510671756,0.4940183793526691,0.5925320743942409,Crescente
3134400,MG,2017,38484,Iturama,1725983000,27528921,2532,6.6,5.3,0.0,0.5,44849.37,10872.4,0.206056385405722,0.206056385405727,0.3742993032356869,1.0,0.20605638540571586,0.37429930323568644,0.5505123403234695,Crescente
3134905,MG,2017,25453,Jacutinga,633788000,16850971,1746,6.2,5.4,0.3,1.0,24900.33,9651.19,0.31420605504188487,0.3142060550419091,0.4366155341256401,0.9970000000000011,0.31420605504188515,0.43661553412563997,0.7196401192438316,Crescente
3135001,MG,2017,3158,Jaguaraçu,64958000,2849951,347,6.0,4.1,0.0,0.0,20569.35,8213.12,0.3545650487067737,0.35456504870678757,0.6225319237925833,1.0,0.3545650487067739,0.6225319237925832,0.5695531990499311,Crescente
3135100,MG,2017,71653,Janaúba,1096826000,32831232,2633,6.3,4.3,0.0,2.2,15307.47,12469.13,0.38656004482401024,0.3865600448240138,0.4149749291806875,1.0,0.3865600448240111,0.4149749291806874,0.9315262625316217,Crescente
3135209,MG,2017,68584,Januária,676308000,26056083,2571,4.6,4.1,1.7,4.5,9861.02,10134.61,0.4906523865233395,0.4906523865233374,0.4912411703080469,0.9830000000000008,0.49124117030804704,0.4906523865233396,0.9988014364017205,Crescente
3135308,MG,2017,4308,Japaraíba,68416000,3191015,359,7.5,5.4,0.0,2.5,15881.15,8888.62,0.5061211456707758,0.5061211456707765,0.601871996569661,1.0,0.5061211456707763,0.601871996569661,0.8409116033897369,Decrescente
3135357,MG,2017,8683,Japonvar,57654000,5207192,624,7.2,5.0,0.6,2.0,6639.87,8344.86,0.8214804101632075,0.8214804101632072,0.8223229765538743,0.9939999999999997,0.8223229765538742,0.8214804101632076,0.9989753826480712,Crescente
3135407,MG,2017,5209,Jeceaba,770515000,10930924,686,6.0,4.7,0.0,0.4,147919.95,15934.29,0.06531908992113027,0.06531908992114657,0.15557709460750374,1.0,0.06531908992112931,0.15557709460750363,0.41985030049519784,Crescente
3136009,MG,2017,15634,Joaíma,131819000,10885464,1454,6.0,4.5,0.1,0.7,8431.56,7486.56,0.667782564959933,0.6677825649597171,0.7237730312042431,0.9989999999999767,0.6677825649599333,0.7237730312042426,0.9226408503351516,Crescente
3136207,MG,2017,79590,João Monlevade,2590756000,46362315,3996,6.4,5.0,0.1,2.2,32551.28,11602.18,0.24797374406242725,0.24797374406150147,0.3531053401938332,0.9989999999998606,0.24797374406242723,0.35310534019383305,0.7022656296455467,Crescente
3136306,MG,2017,48751,João Pinheiro,1462034000,22348201,1346,5.2,4.4,0.0,0.7,29989.83,16603.42,0.19912263947540282,0.1991226394754038,0.28005627619852363,1.0,0.19912263947540268,0.2800562761985237,0.711009380608384,Crescente
3136405,MG,2017,4669,Joaquim Felício,40378000,4162388,546,6.9,4.7,0.0,0.0,8648.1,7623.42,0.7106013833257089,0.7106013833257074,0.8216241937175355,1.0,0.7106013833257068,0.8216241937175355,0.864873976155095,Decrescente
3136504,MG,2017,10901,Jordânia,82015000,4137090,212,4.8,3.1,2.0,2.1,7523.62,19514.58,0.5178656130745396,0.5178656130745478,0.6130821885281604,0.9799999999999968,0.5178656130745407,0.6130821885281603,0.8446919887165385,Crescente
3136652,MG,2017,25874,Juatuba,1202317000,28214941,3787,6.5,5.6,0.0,0.0,46468.15,7450.47,0.2127834375489168,0.2127834375489254,0.8044458469229153,1.0,0.21278343754892046,0.804445846922916,0.264509336909171,Crescente
3136702,MG,2017,563769,Juiz de Fora,15990009000,278186214,24563,5.2,4.1,0.3,1.7,28362.7,11325.42,0.22498742485769013,0.22498742485769244,0.32984353086268575,0.9970000000000038,0.22498742485769005,0.3298435308626857,0.682103493948325,Crescente
3137403,MG,2017,13056,Lagoa Dourada,202055000,10016597,1658,7.1,5.6,0.0,0.5,15476.03,6041.37,0.5622952390636937,0.5622952390637528,0.8300615929224724,1.0,0.5622952390636942,0.8300615929224723,0.6774138736909515,Crescente
3137601,MG,2017,61752,Lagoa Santa,1661191000,49762987,4767,6.4,4.6,0.1,1.0,26901.01,10439.06,0.29194352741919233,0.29194352741929747,0.39447547325617854,0.9989999999999961,0.29194352741919183,0.39447547325617816,0.7400803021018233,Crescente
3137700,MG,2017,20301,Lajinha,313283000,10222782,1308,6.1,4.2,0.3,2.9,15431.9,7815.58,0.4407619378111468,0.4407619378111502,0.5178622151175606,0.9970000000000007,0.4407619378111471,0.5178622151175606,0.8511181641454356,Decrescente
3138005,MG,2017,6852,Laranjal,75712000,4258326,577,6.2,5.6,0.0,0.5,11049.62,7380.11,0.6208452406556965,0.6208452406557065,0.7781276355995326,1.0,0.6208452406556958,0.778127635599533,0.7978706991653715,Crescente
3138203,MG,2017,102124,Lavras,2486306000,54444610,5916,6.1,4.6,0.2,1.7,24345.95,9202.94,0.3101063519528043,0.3101063519527963,0.4227806963489489,0.9980000000000032,0.31010635195280417,0.4227806963489489,0.7334922209808108,Decrescente
3138401,MG,2017,53354,Leopoldina,1038955000,24086746,2952,5.7,4.1,0.1,1.0,19472.86,8159.47,0.34999753816613327,0.349997538166133,0.5034280544879882,0.9990000000000341,0.34999753816613344,0.5034280544879888,0.6952285138779134,Crescente
3138658,MG,2017,9044,Lontra,65128000,5131984,689,5.6,3.8,0.0,1.4,7201.24,7448.45,0.7131722390645527,0.7131722390645465,0.7497607231200074,1.0,0.7131722390645499,0.7497607231200073,0.9511997855753265,Crescente
3138807,MG,2017,18400,Luz,487070000,11284799,973,6.5,5.4,0.0,0.6,26471.2,11597.94,0.29197123485444515,0.2919712348544235,0.4262863265830894,1.0,0.29197123485444476,0.42628632658308946,0.6849181328304597,Crescente
3139300,MG,2017,19372,Manga,187800000,12864889,1451,5.1,2.7,0.1,7.4,9694.4,8866.22,0.520238523331725,0.5202385233317351,0.5632577947655867,0.9990000000000008,0.5202385233317254,0.5632577947655866,0.9236241880118763,Crescente
3139409,MG,2017,88580,Manhuaçu,2386664000,39082966,3531,5.8,4.6,0.5,3.1,26943.6,11068.53,0.25943256053882063,0.25943256053879277,0.3222604375824568,0.9949999999999891,0.25943256053882074,0.3222604375824569,0.805040055444099,Crescente
3139607,MG,2017,28132,Mantena,376868000,13353177,2452,6.4,5.2,0.3,2.5,13396.42,5445.83,0.5780844509260233,0.578084450926023,0.7462438301356523,0.9969999999999998,0.5780844509260259,0.7462438301356524,0.7746589352985861,Crescente
3139706,MG,2017,7876,Maravilhas,115234000,5023181,729,5.3,4.1,0.5,4.1,14631.03,6890.51,0.4221754868116789,0.42217548681167716,0.5193266192992678,0.9950000000000047,0.4221754868116788,0.5193266192992682,0.8129286486052345,Crescente
3139904,MG,2017,14488,Maria da Fé,157653000,9944336,1343,7.0,5.7,0.0,1.2,10881.63,7404.57,0.6512739056126179,0.6512739056125397,0.7721934415482331,1.0,0.6512739056126166,0.7721934415482328,0.8434077144022697,Crescente
3140001,MG,2017,59857,Mariana,2899109000,52536275,4169,6.1,4.2,0.4,5.6,48433.92,12601.65,0.17336852630535057,0.1733685263053527,0.2383092884509053,0.9960000000000004,0.17336852630534988,0.23830928845090535,0.7274937852079009,Crescente
3140209,MG,2017,2979,Maripá de Minas,57643000,3109771,362,6.4,5.4,0.0,0.0,19349.78,8590.53,0.39496229182599957,0.3949622918259992,0.6691324786222036,1.0,0.3949622918259992,0.6691324786222036,0.5902602316349342,Decrescente
3140506,MG,2017,13436,Martinho Campos,320819000,8107380,615,6.4,3.7,0.0,7.1,23877.57,13182.73,0.2887067894902938,0.288706789490289,0.357267029780104,1.0,0.28870678949029377,0.3572670297801039,0.8080980483085477,Crescente
3140852,MG,2017,10999,Matias Cardoso,132262000,7128663,856,5.1,3.4,1.0,7.7,12024.91,8327.88,0.4557468383554728,0.45574683835538093,0.4719720242171128,0.9899999999999941,0.45574683835547286,0.47197202421711276,0.9656225686500092,Crescente
3141108,MG,2017,37344,Matozinhos,1003673000,943489,2020,6.4,3.7,0.0,0.5,26876.42,467.07,0.5820961176147007,0.5820961176148391,1.0,1.0,0.5820961176147008,1.0,0.5820961176147007,Decrescente
3141306,MG,2017,3765,Medeiros,120499000,3970595,465,6.7,5.4,0.4,1.9,32005.05,8538.91,0.28636412350309115,0.2863641235031285,0.41484833200848775,0.9960000000000004,0.2863641235030871,0.414848332008488,0.6902863080506062,Crescente
3141801,MG,2017,32009,Minas Novas,251498000,15080100,1185,6.3,4.8,0.0,2.5,7857.1,12725.82,0.5931451256516393,0.593145125651637,0.6445467884370275,1.0,0.5931451256516385,0.6445467884370276,0.9202514639627126,Crescente
3142601,MG,2017,8711,Monsenhor Paulo,195527000,4627258,475,6.9,5.5,0.0,2.0,22445.99,9741.6,0.363578011227746,0.36357801122774275,0.5126010035120611,1.0,0.36357801122774275,0.5126010035120613,0.709280724650769,Crescente
3142700,MG,2017,15603,Montalvânia,126213000,6205722,498,5.5,4.9,0.5,0.0,8089.02,12461.29,0.5813070203299988,0.5813070203300134,0.7375896304777683,1.0,0.5813070203299985,0.7375896304777686,0.7881171268005238,Crescente
3142809,MG,2017,21095,Monte Alegre de Minas,551193000,11872174,1415,6.1,5.0,0.7,3.3,26129.08,8390.23,0.30397235509582243,0.3039723550958432,0.38505640941878183,0.9930000000000088,0.303972355095822,0.38505640941878194,0.7894229200200806,Crescente
3143104,MG,2017,48248,Monte Carmelo,1091727000,20127903,1331,6.4,5.3,0.3,1.0,22627.4,15122.39,0.2909166104013292,0.29091661040132,0.3251377809267234,0.9970000000000004,0.29091661040132916,0.32513778092672346,0.8947487110607222,Crescente
3143302,MG,2017,402027,Montes Claros,8967797000,161446700,17571,6.2,4.6,0.2,1.3,22306.45,9188.25,0.3343042104390039,0.3343042104390158,0.44296879800330063,0.9980000000000456,0.33430421043900294,0.44296879800330075,0.7546901992779025,Crescente
3143401,MG,2017,23444,Monte Sião,413101000,18133792,2264,6.5,4.9,0.3,4.1,17620.76,8009.63,0.4287016420947074,0.4287016420947219,0.5101415527687377,0.9969999999999857,0.4287016420947082,0.5101415527687374,0.840358209928158,Crescente
3143500,MG,2017,8860,Morada Nova de Minas,272361000,7618243,916,7.0,4.9,0.2,4.4,30740.52,8316.86,0.3103916983227252,0.3103916983227242,0.42784747751152624,0.9980000000000003,0.31039169832272817,0.42784747751152624,0.7254727785893355,Decrescente
3143609,MG,2017,2595,Morro da Garça,47264000,3677627,393,6.4,5.4,0.0,0.5,18213.49,9357.83,0.4009314338079216,0.4009314338079071,0.5607108506891284,1.0,0.4009314338079218,0.5607108506891283,0.7150413324713911,Crescente
3143906,MG,2017,108537,Muriaé,2100497000,45283208,5610,6.5,5.0,0.3,1.7,19352.82,8071.87,0.40245680078922025,0.40245680078920687,0.5035218610702874,0.9969999999999978,0.4024568007892203,0.5035218610702875,0.7992836694989905,Crescente
3144300,MG,2017,41787,Nanuque,644021000,12307045,1109,4.7,3.7,2.7,6.7,15411.99,11097.43,0.3353786323217886,0.33537863232179066,0.33635517355309763,0.9729999999999973,0.3363551735530977,0.3353786323217886,0.9970966962660532,Crescente
3145000,MG,2017,14934,Nova Ponte,772973000,13230349,1835,7.4,6.1,0.0,0.0,51759.27,7210.0,0.2224053518026866,0.2224053518027044,0.9693295131027939,1.0,0.22240535180269932,0.969329513102794,0.2294424638849321,Crescente
3145109,MG,2017,16645,Nova Resende,296597000,9699818,1293,6.7,5.1,0.1,0.0,17818.98,7501.79,0.4490209441292691,0.44902094412921534,0.7578317974776889,1.0,0.44902094412926963,0.7578317974776889,0.5925073949440457,Decrescente
3145208,MG,2017,94681,Nova Serrana,2603063000,58935567,9358,6.5,5.1,0.1,0.8,27492.98,6297.88,0.3353835994298521,0.33538359942987783,0.5510069176789161,0.9989999999999999,0.3353835994298492,0.5510069176789161,0.6086740268935925,Decrescente
3145406,MG,2017,1873,Olaria,23635000,2086454,221,6.3,5.2,0.0,0.0,12618.79,9440.97,0.48992708995156053,0.489927089951559,0.6518937945803507,1.0,0.4899270899515603,0.6518937945803506,0.7515443374743973,Crescente
3145505,MG,2017,2763,Olímpio Noronha,36589000,2235175,328,6.1,5.1,0.0,4.1,13242.49,6814.56,0.5227876391431389,0.5227876391431563,0.7112220016574373,1.0,0.5227876391431391,0.7112220016574377,0.7350554931158351,Crescente
3145703,MG,2017,2182,Oliveira Fortes,30147000,2420677,187,6.7,6.0,0.0,1.1,13816.22,12944.8,0.4647323085945736,0.46473230859457537,0.5000567760856202,1.0,0.4647323085945739,0.5000567760856202,0.9293590864470193,Decrescente
3145851,MG,2017,4710,Oratórios,53327000,4059595,667,5.8,3.5,0.0,3.5,11322.08,6086.35,0.561138217544633,0.561138217544627,0.7406946765151845,1.0,0.561138217544634,0.7406946765151846,0.757583705319272,Crescente
3145877,MG,2017,7949,Orizânia,80575000,6388638,932,5.9,4.3,1.8,9.5,10136.5,6854.76,0.589243679878062,0.5892436798781183,0.5906295590272742,0.9819999999999919,0.5906295590272744,0.589243679878062,0.9976535560605964,Crescente
3145901,MG,2017,38935,Ouro Branco,3360517000,29605249,3347,6.6,4.7,0.2,1.3,86310.95,8845.31,0.12386152489553662,0.12386152489556147,0.2513301759334018,0.9979999999999994,0.12386152489553005,0.25133017593340173,0.49282392946065423,Crescente
3146107,MG,2017,74659,Ouro Preto,4647154000,61889771,4351,6.0,4.5,0.3,1.9,62245.06,14224.26,0.13681444551309035,0.13681444551310018,0.2137329024340815,0.9970000000000038,0.13681444551309296,0.21373290243408188,0.6401187835611133,Crescente
3146602,MG,2017,1577,Paiva,22165000,1870718,132,6.2,4.2,1.4,1.7,14055.17,14172.11,0.3884615015381333,0.3884615015381344,0.3946507309907543,0.9859999999999993,0.3884615015381337,0.39465073099075415,0.9843171975455786,Crescente
3147006,MG,2017,92386,Paracatu,3509504000,54050814,5270,5.8,4.4,0.3,2.0,37987.4,10256.32,0.20822848770749836,0.20822848770750196,0.31616397702083987,0.9970000000000009,0.2082284877074986,0.3161639770208396,0.658609148548802,Crescente
3147105,MG,2017,92739,Pará de Minas,2745667000,37325684,4087,6.5,4.9,0.0,0.5,29606.39,9132.78,0.2889298388820836,0.288929838882308,0.4558334723659517,1.0,0.28892983888208396,0.45583347236595145,0.6338495446208157,Crescente
3147204,MG,2017,21583,Paraguaçu,481617000,10487980,1125,6.5,3.9,0.0,3.6,22314.65,9322.65,0.3486481501805272,0.3486481501805053,0.4641070426424099,1.0,0.34864815018052797,0.46410704264240993,0.7512235716042718,Crescente
3147303,MG,2017,20983,Paraisópolis,578217000,9757673,1131,6.9,6.8,0.0,3.7,27556.45,8627.47,0.3736098894682522,0.3736098894682537,0.706457729639843,1.0,0.37360988946825135,0.7064577296398441,0.5288496024506959,Crescente
3147709,MG,2017,8324,Passa Tempo,187769000,3850090,506,7.2,4.2,0.0,0.0,22557.54,7608.87,0.40930891416818477,0.4093089141682029,0.7795889812970068,1.0,0.4093089141681865,0.7795889812970069,0.525031682063047,Crescente
3147808,MG,2017,2104,Passa-Vinte,32145000,2384659,243,5.6,4.5,0.0,0.0,15278.04,9813.41,0.39239402447448724,0.3923940244743662,0.5638397961439455,1.0,0.39239402447448707,0.5638397961439455,0.6959317649411021,Decrescente
3147907,MG,2017,114458,Passos,2387556000,47830777,4842,7.0,4.9,0.2,0.8,20859.67,9878.31,0.38392508710595263,0.38392508710595574,0.453780334705311,0.9980000000000003,0.38392508710595263,0.45378033470531093,0.8460593325518988,Crescente
3147956,MG,2017,5976,Patis,44517000,4216965,500,6.0,4.7,0.0,0.0,7449.3,8433.93,0.6955776058597316,0.6955776058597181,0.8193794117498371,1.0,0.6955776058597306,0.8193794117498369,0.8489078391343532,Crescente
3148004,MG,2017,150893,Patos de Minas,4378909000,58271212,3780,7.1,5.5,0.1,0.3,29019.96,15415.66,0.26816313497744526,0.2681631349774009,0.3203891756426237,0.9990000000000061,0.26816313497744476,0.3203891756426237,0.8369918691528029,Decrescente
3148103,MG,2017,89983,Patrocínio,2737824000,43393216,3799,7.4,5.8,0.0,0.3,30426.01,11422.27,0.3018331604741598,0.30183316047417036,0.4595020471133853,1.0,0.3018331604741613,0.4595020471133853,0.6568701105257109,Decrescente
3148707,MG,2017,24748,Pedra Azul,273042000,13756610,1675,5.4,3.9,0.6,1.5,11032.89,8212.9,0.508407963590111,0.5084079635901424,0.5583576406017184,0.9940000000000029,0.5084079635901115,0.5583576406017183,0.9105417865191586,Crescente
3148905,MG,2017,4034,Pedra do Indaiá,79388000,3921357,382,7.1,5.4,0.0,0.7,19679.72,10265.33,0.39815324512622935,0.3981532451262047,0.5053865468197098,1.0,0.3981532451262291,0.5053865468197098,0.787819239811038,Decrescente
3149002,MG,2017,2452,Pedra Dourada,34958000,3021483,395,6.6,5.5,0.0,3.4,14256.93,7649.32,0.5172619178425866,0.5172619178425871,0.6806891614517925,1.0,0.5172619178425866,0.6806891614517924,0.7599091437556552,Crescente
3149309,MG,2017,63837,Pedro Leopoldo,1437510000,34607668,4120,6.3,4.4,0.2,2.8,22518.45,8399.92,0.34774947992301214,0.34774947992298627,0.45541235011108466,0.9979999999999827,0.3477494799230107,0.45541235011108455,0.7635925548312177,Crescente
3149408,MG,2017,1843,Pedro Teixeira,21377000,2198458,259,6.4,5.2,0.0,1.0,11599.02,8488.25,0.5419566899049343,0.5419566899049388,0.628478563301326,1.0,0.5419566899049342,0.628478563301326,0.8623312258386313,Decrescente
3149507,MG,2017,3347,Pequeri,42885000,3030486,404,5.8,3.9,0.0,6.1,12812.97,7501.2,0.4834737095517179,0.48347370955171604,0.616142981605587,1.0,0.4834737095517177,0.616142981605587,0.7846777841919897,Decrescente
3149903,MG,2017,21444,Perdões,478433000,10400245,1074,7.2,5.1,0.0,3.1,22310.81,9683.65,0.38113249144253697,0.38113249144253686,0.4909261283725342,1.0,0.38113249144253686,0.4909261283725343,0.7763540569861838,Crescente
3149952,MG,2017,7060,Periquito,72610000,6978589,870,5.3,4.0,0.8,4.6,10284.7,8021.37,0.5266360815027207,0.5266360815027347,0.5439935262819948,0.9920000000000022,0.5266360815027208,0.5439935262819957,0.9680925526854958,Crescente
3151107,MG,2017,10876,Pirapetinga,588957000,7277278,874,5.8,4.8,0.1,2.0,54151.99,8326.41,0.1640622645526028,0.16406226455258618,0.3294541233547956,0.9990000000000023,0.16406226455260278,0.3294541233547971,0.49798212534714864,Crescente
3151206,MG,2017,56706,Pirapora,1837287000,24874433,3011,5.8,3.5,0.1,4.0,32400.22,8261.19,0.24764507052828683,0.24764507052833926,0.3950942000036252,0.9989999999999992,0.24764507052828794,0.3950942000036252,0.6268000657210724,Decrescente
3151404,MG,2017,27706,Pitangui,509921000,9950729,719,6.5,4.0,0.0,6.6,18404.71,13839.68,0.3364765310954338,0.3364765310954225,0.37144958295029834,1.0,0.3364765310954336,0.3714495829502984,0.9058471096478682,Crescente
3151800,MG,2017,166085,Poços de Caldas,6366825000,137018104,11211,6.2,5.1,0.2,0.6,38334.74,12221.76,0.21102970309083136,0.21102970309083005,0.3227139573530909,0.9979999999999988,0.21102970309083152,0.3227139573530906,0.6539218347471024,Crescente
3152006,MG,2017,31612,Pompéu,731803000,16215211,1819,6.6,3.6,0.1,2.2,23149.53,8914.35,0.3507424803443407,0.35074248034433764,0.4582119995234908,0.9990000000000006,0.35074248034433664,0.458211999523491,0.7654589594098123,Crescente
3152105,MG,2017,60361,Ponte Nova,1649843000,29407496,3260,6.0,4.4,0.2,0.8,27332.93,9020.7,0.2833276051496407,0.283327605149612,0.4172438519384181,0.9980000000000065,0.2833276051496403,0.4172438519384178,0.6790456080619677,Crescente
3152402,MG,2017,16641,Poté,137602000,9881828,1099,5.2,5.2,0.2,0.3,8268.85,8991.65,0.654412134942847,0.6544121349428478,0.7311383254816289,0.9979999999999983,0.6544121349428468,0.7311383254816289,0.8950592687256007,Decrescente
3152501,MG,2017,147137,Pouso Alegre,7390810000,91922604,9314,6.6,5.3,0.1,0.4,50230.81,9869.29,0.19254926033806044,0.19254926033808448,0.3449307602687142,0.9989999999999974,0.1925492603380616,0.3449307602687144,0.5582258311437844,Crescente
3153400,MG,2017,19599,Presidente Olegário,452692000,13132794,1428,7.1,5.8,0.1,1.4,23097.71,9196.63,0.3745778857274452,0.3745778857278798,0.5041492972485592,0.9990000000000021,0.3745778857274408,0.5041492972485593,0.7429899987399332,Crescente
3153707,MG,2017,3557,Quartel Geral,50627000,4327496,386,6.2,5.4,0.5,3.3,14233.06,11211.13,0.43663485201566754,0.4366348520156674,0.4585219614657999,0.9949999999999999,0.43663485201566765,0.4585219614657998,0.9522659517110941,Crescente
3154002,MG,2017,24368,Raul Soares,293270000,10668121,1232,6.5,6.1,0.5,0.0,12035.05,8659.19,0.6041364918006584,0.6041364918006638,0.8117359662517099,1.0,0.6041364918006591,0.8117359662517104,0.7442524625221827,Crescente
3154101,MG,2017,10697,Recreio,98431000,5145350,798,5.8,3.7,0.7,1.1,9201.74,6447.81,0.6446556809653567,0.6446556809653292,0.7226702534505687,0.993000000000004,0.6446556809653567,0.7226702534505687,0.8920467915861875,Decrescente
3154309,MG,2017,17715,Resplendor,221913000,10304511,1647,6.1,4.5,0.6,2.6,12526.84,6256.53,0.5462194565357933,0.5462194565358002,0.6101166885776181,0.9940000000000117,0.5462194565357933,0.6101166885776178,0.8952704732748907,Crescente
3154408,MG,2017,4861,Ressaquinha,171694000,4488034,557,6.7,4.8,0.0,0.0,35320.72,8057.51,0.26933934413672467,0.269339344136714,0.6938370275530228,1.0,0.2693393441367318,0.693837027553023,0.388188196133914,Crescente
3154606,MG,2017,328871,Ribeirão das Neves,3856596000,100884864,10671,5.4,3.7,0.7,4.0,11726.77,9454.12,0.4624087319052361,0.4624087319052369,0.47704691175549857,0.993,0.46240873190523585,0.47704691175549857,0.9693150097201237,Decrescente
3154903,MG,2017,14130,Rio Casca,186960000,10266603,1467,5.7,4.7,0.6,4.1,13231.42,6998.37,0.4809906764793518,0.4809906764793499,0.5648208546157281,0.9940000000000005,0.48099067647935206,0.564820854615728,0.8515809438491616,Crescente
3155504,MG,2017,12462,Rio Paranaíba,499052000,9002640,866,6.7,5.1,0.0,2.3,40045.9,10395.66,0.23043599642866025,0.23043599642865628,0.37905131702938616,1.0,0.2304359964286594,0.37905131702938616,0.6079282304954914,Decrescente
3155603,MG,2017,31016,Rio Pardo de Minas,259982000,15485429,2169,6.3,4.4,0.0,1.4,8382.19,7139.43,0.6976141698639213,0.6976141698639272,0.7383306494805874,1.0,0.69761416986392,0.7383306494805879,0.9448533260195687,Crescente
3155702,MG,2017,14624,Rio Piracicaba,511167000,10987450,997,6.9,5.1,0.0,0.2,34953.98,11020.51,0.25818533392869886,0.25818533392872856,0.4120322346998371,1.0,0.2581853339286984,0.4120322346998371,0.6266144058286732,Decrescente
3155900,MG,2017,5544,Rio Preto,55122000,4260334,515,5.4,5.2,1.4,0.5,9942.64,8272.49,0.5887077289951751,0.5887077289951742,0.6620531200660692,0.9949999999999979,0.588707728995175,0.6620531200660703,0.8892152474659818,Crescente
3156205,MG,2017,2293,Rochedo de Minas,25830000,2372912,316,6.0,5.0,0.0,0.0,11264.72,7509.22,0.5501887027536534,0.5501887027536281,0.7789161954910341,1.0,0.5501887027536533,0.7789161954910342,0.7063516023143037,Crescente
3156452,MG,2017,4580,Rosário da Limeira,47753000,3771781,575,6.3,5.2,0.0,0.0,10426.42,6559.62,0.6348432191570162,0.6348432191570118,0.8966782952789988,1.0,0.634843219157016,0.8966782952789988,0.707994408361905,Decrescente
3156601,MG,2017,10377,Rubim,85337000,6945315,1035,5.8,3.2,0.0,0.5,8223.67,6710.45,0.6916466256202103,0.6916466256201934,0.7831333013345876,1.0,0.6916466256202093,0.7831333013345873,0.8831786675927725,Crescente
3156700,MG,2017,135968,Sabará,2524899000,64918396,9754,5.9,4.5,0.2,3.1,18569.8,6655.57,0.3999463544374302,0.39994635443734006,0.5624008283611082,0.9980000000000034,0.3999463544374292,0.5624008283611084,0.7111411190536714,Crescente
3156908,MG,2017,25998,Sacramento,1531441000,22670035,1244,6.1,5.1,0.1,0.5,58906.11,18223.5,0.136310679515533,0.13631067951549206,0.21765020888666842,0.9990000000000003,0.13631067951553394,0.21765020888666833,0.6262832469253943,Crescente
3157203,MG,2017,30690,Santa Bárbara,766291000,25145801,2709,6.8,5.4,0.2,0.1,24968.75,9282.32,0.33911908165624643,0.3391190816562612,0.5374119034460489,0.999000000000003,0.33911908165624627,0.5374119034460489,0.6310226466546638,Decrescente
3157252,MG,2017,8180,Santa Bárbara do Leste,79345000,6001106,546,5.2,4.4,0.3,8.9,9699.88,10991.04,0.49562786991057556,0.4956278699105787,0.5208138943009488,0.9970000000000013,0.49562786991057545,0.520813894300949,0.9516410282713778,Crescente
3157278,MG,2017,3096,Santa Bárbara do Monte Verde,38743000,3337547,440,5.6,3.4,0.9,6.5,12513.89,7585.33,0.47871466687058706,0.4787146668705866,0.5034471994501222,0.990999999999999,0.4787146668705868,0.5034471994501224,0.9508736316210545,Crescente
3157302,MG,2017,4590,Santa Bárbara do Tugúrio,56009000,3637668,572,6.3,4.5,0.0,0.5,12202.4,6359.56,0.5693034028985942,0.5693034028986027,0.7533021927363052,1.0,0.569303402898594,0.753302192736305,0.7557437219592428,Crescente
3157807,MG,2017,218897,Santa Luzia,3785048000,83427128,14669,6.2,4.4,0.1,1.9,17291.46,5687.31,0.4632539148653388,0.4632539148653573,0.6621524436891322,0.9989999999999979,0.4632539148653402,0.6621524436891323,0.6996182212729666,Crescente
3158409,MG,2017,3876,Santana de Cataguases,38773000,3479453,396,6.5,5.3,0.0,0.6,10003.35,8786.5,0.5918885706856478,0.5918885706856507,0.6577300110883273,1.0,0.5918885706856474,0.6577300110883273,0.8998959462200402,Decrescente
3158508,MG,2017,7965,Santana de Pirapama,83329000,3694624,486,5.6,3.3,0.0,10.5,10461.9,7602.11,0.5464442210507264,0.5464442210509135,0.6355496680640011,1.0,0.5464442210507263,0.6355496680640014,0.859797823064394,Crescente
3158607,MG,2017,4032,Santana do Deserto,39325000,3530556,484,5.1,4.6,0.0,4.4,9753.22,7294.54,0.5722699273698215,0.5722699273698261,0.6915008641851605,1.0,0.5722699273698219,0.6915008641851608,0.8275765902970542,Crescente
3158706,MG,2017,2436,Santana do Garambéu,28649000,2625427,319,5.7,4.6,0.7,3.3,11760.67,8230.18,0.4949416425694508,0.49494164256945633,0.5292073073327672,0.9929999999999977,0.4949416425694509,0.5292073073327674,0.9352509606565768,Crescente
3159001,MG,2017,4301,Santana do Riacho,61255000,3721554,317,6.6,5.1,1.2,2.1,14242.04,11739.92,0.42675787067783383,0.4267578706778333,0.4313299865219622,0.9880000000000013,0.42675787067783366,0.43132998652196214,0.9893999582987594,Crescente
3159100,MG,2017,3887,Santana dos Montes,32700000,2228291,359,6.1,4.7,0.0,1.9,8412.66,6206.94,0.7129007896329562,0.71290078963295,0.8187265779421731,1.0,0.7129007896329567,0.8187265779421727,0.8707434311278809,Crescente
3160009,MG,2017,3668,Santo Antônio do Aventureiro,44598000,2676370,302,7.0,4.7,0.4,0.0,12158.67,8862.15,0.5489353843988963,0.5489353843988951,0.6764620154688376,1.0,0.5489353843988964,0.6764620154688376,0.8114799823881376,Decrescente
3160702,MG,2017,47561,Santos Dumont,906123000,19751656,2027,5.8,5.3,0.4,1.4,19051.81,9744.28,0.372103770794624,0.37210377079462137,0.4520565177994788,0.9960000000000011,0.3721037707946242,0.45205651779947886,0.8231355066086672,Crescente
3160900,MG,2017,3747,São Brás do Suaçuí,51230000,4904458,492,7.5,5.8,0.4,0.9,13672.27,9968.41,0.5261279297677712,0.5261279297677907,0.554206959755459,0.9959999999999891,0.526127929767772,0.5542069597554588,0.9493347575424216,Crescente
3161106,MG,2017,56805,São Francisco,495013000,27275162,3617,5.4,5.1,0.2,2.2,8714.25,7540.82,0.6515892073662775,0.6515892073662726,0.7137286409576552,0.9979999999999997,0.6515892073662771,0.7137286409576552,0.9129368922227903,Decrescente
3161304,MG,2017,6224,São Francisco de Sales,144458000,5381469,779,6.1,4.5,0.5,1.0,23209.83,6908.18,0.3493226538169949,0.34932265381712346,0.5103925932114117,0.9949999999999983,0.349322653816995,0.510392593211412,0.6844195203128675,Crescente
3161700,MG,2017,6898,São Gonçalo do Abaeté,211087000,6733426,664,6.9,4.8,0.0,0.7,30601.19,10140.7,0.29067697888606153,0.29067697888604804,0.408638551569085,1.0,0.29067697888606125,0.40863855156908513,0.7113302887598927,Crescente
3161908,MG,2017,10773,São Gonçalo do Rio Abaixo,3125581000,37161521,1394,7.0,5.1,0.1,1.5,290130.98,26658.19,0.04045261420066805,0.0404526142005972,0.10858335521975397,0.9989999999999981,0.04045261420066461,0.10858335521975389,0.3725489428724959,Crescente
3162401,MG,2017,25856,São João da Ponte,195981000,16501737,2408,5.0,4.0,0.5,4.4,7579.71,6852.88,0.663693857685959,0.6636938576859516,0.7034403754927481,0.9950000000000051,0.6636938576859589,0.7034403754927483,0.9434969626545145,Crescente
3162450,MG,2017,12862,São João das Missões,78291000,6375443,648,4.9,4.2,0.6,6.5,6087.0,9838.65,0.6849029428138149,0.6849029428138075,0.7173037763105697,0.993999999999997,0.6849029428138149,0.7173037763105701,0.9548296906180983,Crescente
3162500,MG,2017,90263,São João del Rei,2033470000,27862404,2432,6.2,4.7,0.0,0.4,22528.28,11456.58,0.3067252806090023,0.30672528060899745,0.423542044986004,1.0,0.30672528060900245,0.4235420449860039,0.7241908666213718,Crescente
3162559,MG,2017,11367,São João do Manhuaçu,148526000,6104106,1084,5.9,5.2,0.3,3.4,13066.42,5631.09,0.5587400905840151,0.5587400905840526,0.7350148152778206,0.9970000000000024,0.5587400905840205,0.7350148152778203,0.7601752767021747,Crescente
3162906,MG,2017,26538,São João Nepomuceno,413804000,14472808,1745,6.4,5.0,0.4,1.5,15592.89,8293.87,0.4497162266991648,0.4497162266991659,0.5217450398633785,0.9960000000000004,0.4497162266991657,0.5217450398633783,0.8619463384202467,Crescente
3162922,MG,2017,30160,São Joaquim de Bicas,602811000,19849416,2634,6.2,4.3,0.2,0.0,19987.1,7535.85,0.38424726569182716,0.38424726569199924,0.6965911428221497,1.0,0.38424726569182677,0.69659114282215,0.5516108978002485,Crescente
3162955,MG,2017,22910,São José da Lapa,490896000,19335259,2340,5.7,4.8,0.1,1.2,21427.15,8262.93,0.3301780211251413,0.3301780211251463,0.49846287212192625,0.9989999999999979,0.33017802112514105,0.4984628721219264,0.6623924059170013,Crescente
3163706,MG,2017,45457,São Lourenço,977055000,23190966,2342,6.8,5.0,0.0,0.6,21494.05,9902.21,0.3657140019401727,0.3657140019401674,0.48336739743844515,1.0,0.36571400194017306,0.4833673974384453,0.756596336199412,Crescente
3164431,MG,2017,3006,São Sebastião da Vargem Alegre,46152000,4113060,459,6.0,4.8,0.0,1.8,15353.29,8960.92,0.4152027967137861,0.41520279671378263,0.5385774126402504,1.0,0.415202796713786,0.53857741264025,0.7709250090499545,Crescente
3164472,MG,2017,6419,São Sebastião do Anta,68162000,5453847,828,6.3,3.4,0.4,6.8,10618.79,6586.77,0.6093537122620588,0.6093537122620694,0.6536246835004157,0.9960000000000007,0.6093537122620596,0.6536246835004157,0.9322685137879608,Decrescente
3164704,MG,2017,70533,São Sebastião do Paraíso,1937801000,28398855,3505,7.0,5.4,0.1,0.6,27473.68,8102.38,0.33950015909859355,0.33950015909863085,0.49326140477597336,0.9990000000000063,0.3395001590985927,0.4932614047759734,0.688276349642206,Crescente
3164902,MG,2017,2249,São Sebastião do Rio Verde,27162000,2781923,268,6.5,5.7,0.0,0.9,12077.37,10380.31,0.5241364953807659,0.5241364953807703,0.5657644713942469,1.0,0.5241364953807659,0.5657644713942466,0.9264217211962874,Crescente
3165578,MG,2017,5439,Senador Amaral,55958000,4467709,367,6.5,4.8,0.0,4.1,10288.29,12173.59,0.511367786018235,0.5113677860182211,0.5236233247133684,1.0,0.5113677860182351,0.5236233247133686,0.976594742600815,Crescente
3165800,MG,2017,1672,Senador José Bento,22674000,2372851,150,6.5,4.6,0.0,0.0,13561.0,15819.01,0.3942614440292218,0.3942614440292098,0.46290989631267004,1.0,0.3942614440292218,0.46290989631267004,0.8517023446025445,Decrescente
3166402,MG,2017,1874,Seritinga,33080000,1943234,186,6.9,4.9,0.0,0.0,17652.08,10447.49,0.40917029357468315,0.4091702935746804,0.5557025194703454,1.0,0.409170293574683,0.5557025194703455,0.7363117481717989,Crescente
3167004,MG,2017,2023,Serranos,27790000,2055875,228,6.3,4.1,2.3,2.0,13737.02,9017.0,0.4618822765066515,0.4618822765066896,0.4834422925526626,0.9799999999999993,0.46188227650665153,0.4834422925526623,0.9554031238513074,Crescente
3167202,MG,2017,236228,Sete Lagoas,8265467000,106505651,7732,5.9,4.1,0.2,2.5,34989.36,13774.66,0.20593681514834777,0.20593681514835013,0.27624018181294624,0.9980000000000003,0.20593681514834777,0.2762401818129473,0.7454991297674289,Crescente
3167509,MG,2017,2651,Simão Pereira,72691000,4063077,297,3.7,4.5,0.0,0.0,27420.22,13680.39,0.223673638385199,0.22367363838520155,0.3711541362080394,1.0,0.2236736383851991,0.3711541362080392,0.6026435288325209,Crescente
3168002,MG,2017,33824,Taiobeiras,439707000,14593783,1409,6.6,4.4,0.2,0.3,12999.85,10357.55,0.47530865121047944,0.47530865121047816,0.5212075752436547,0.9979999999999999,0.4753086512104797,0.5212075752436547,0.911937342791462,Decrescente
3168101,MG,2017,4650,Tapira,681372000,9861534,586,6.2,4.4,0.3,3.9,146531.61,16828.56,0.06759946361309155,0.06759946361309338,0.12062019565736308,0.9970000000000013,0.0675994636130911,0.12062019565736319,0.5604323823608807,Crescente
3168309,MG,2017,4075,Taquaraçu de Minas,47237000,4672738,553,5.7,4.6,0.3,1.2,11591.9,8449.8,0.5011854085109577,0.5011854085109527,0.5646687734635372,0.997,0.5011854085109575,0.5646687734635373,0.887574153316132,Crescente
3168606,MG,2017,141934,Teófilo Otoni,2366137000,48821695,5842,5.9,4.8,0.4,2.0,16670.68,8357.02,0.39936321006382,0.3993632100638164,0.49207717882523583,0.9960000000000011,0.3993632100638199,0.49207717882523594,0.811586530018,Crescente
3168705,MG,2017,88931,Timóteo,2878090000,41666000,3977,6.2,5.0,0.2,0.9,32363.18,10476.74,0.2487801239240758,0.24878012392404522,0.37044211784127595,0.9979999999999957,0.24878012392407575,0.37044211784127584,0.671576238074179,Crescente
3169307,MG,2017,78999,Três Corações,2215991000,31314006,4121,6.3,5.1,0.4,0.7,28050.87,7598.64,0.3060407870108399,0.3060407870108126,0.482470613996183,0.9959999999999953,0.3060407870108401,0.4824706139961821,0.6343200562537497,Crescente
3169356,MG,2017,31687,Três Marias,1668395000,21809588,2733,6.6,4.9,0.2,2.0,52652.35,7980.09,0.19245714623593674,0.1924571462359412,0.3321764160214325,0.9980000000000003,0.19245714623593568,0.3321764160214325,0.5793823310548306,Decrescente
3169604,MG,2017,25538,Tupaciguara,688934000,21146480,1269,6.1,4.5,0.0,3.3,26976.82,16663.89,0.2341995563433838,0.23419955634339068,0.2888419424738503,1.0,0.23419955634338385,0.28884194247385037,0.810822536150845,Crescente
3170107,MG,2017,328272,Uberaba,13153000000,206599531,16438,5.8,5.3,0.2,0.4,40067.38,12568.41,0.20019116182286575,0.20019116182287072,0.323301736979454,0.9980000000000006,0.20019116182286514,0.3233017369794548,0.619208432633902,Crescente
3170206,MG,2017,676613,Uberlândia,34211313000,416331266,36821,5.9,4.5,0.6,2.0,50562.6,11306.9,0.16641866707971803,0.16641866707971759,0.24922328469503188,0.993999999999999,0.16641866707971917,0.2492232846950322,0.6677492726386312,Crescente
3170404,MG,2017,83980,Unaí,2672946000,38507277,3831,5.8,4.3,0.2,1.7,31828.36,10051.49,0.23822638844929656,0.23822638844929928,0.35393169200824715,0.9980000000000001,0.2382263884492958,0.3539316920082472,0.673085778494641,Crescente
3170479,MG,2017,3338,Uruana de Minas,50289000,4229334,579,6.2,4.5,0.0,0.0,15065.61,7304.55,0.4667041116001068,0.4667041116001141,0.7322740285468435,1.0,0.4667041116001073,0.7322740285468435,0.6373353326844798,Decrescente
3170529,MG,2017,16095,Urucuia,129423000,8496808,1171,5.6,4.1,0.2,3.3,8041.19,7256.03,0.6650144592538956,0.6650144592538567,0.7023515974917766,0.9979999999999709,0.665014459253896,0.7023515974917769,0.9468398187300796,Crescente
3170701,MG,2017,134364,Varginha,5442494000,61091325,5755,6.7,5.7,0.2,0.2,40505.6,10615.35,0.2274656263797534,0.22746562637975817,0.4220952051652084,0.9979999999999997,0.22746562637975462,0.4220952051652083,0.5388964944312106,Crescente
3171006,MG,2017,20784,Vazante,644764000,11774504,789,6.7,4.7,0.0,0.0,31022.13,14923.33,0.24563532377515246,0.24563532377514705,0.3746214007113917,1.0,0.24563532377515293,0.3746214007113917,0.6556895129554808,Decrescente
3171204,MG,2017,122365,Vespasiano,2594552000,69376968,11367,6.0,4.8,0.2,1.6,21203.38,6103.37,0.3795269043399869,0.37952690434001557,0.5846000145126385,0.9979999999999992,0.3795269043399869,0.5846000145126383,0.6492078257240308,Crescente
3171303,MG,2017,78381,Viçosa,1557715000,32062806,3096,6.0,4.3,0.6,4.4,19873.63,10356.2,0.33294442256637546,0.3329444225663763,0.3696989803751991,0.9940000000000008,0.33294442256637574,0.3696989803751992,0.9005824744998694,Crescente
3171402,MG,2017,3741,Vieiras,37684000,3104278,429,6.0,4.8,0.4,0.5,10073.24,7236.08,0.597784029974104,0.5977840299741061,0.6880088781550902,0.9959999999999991,0.597784029974104,0.6880088781550895,0.8688609245524186,Crescente
3172004,MG,2017,41932,Visconde do Rio Branco,1130961000,22772503,1950,5.5,4.7,0.2,3.9,26971.31,11678.21,0.24695995853467673,0.24695995853467664,0.34750277446632366,0.9980000000000017,0.24695995853467675,0.3475027744663237,0.7106704656213025,Crescente
3172103,MG,2017,5315,Volta Grande,63066000,3855365,514,5.4,4.4,0.3,0.8,11865.66,7500.71,0.4961248959062168,0.49612489590621933,0.6071475340916496,0.9970000000000016,0.4961248959062172,0.6071475340916492,0.8171405927695429,Crescente
3200102,ES,2017,32361,Afonso Cláudio,440152000,24430296,2425,6.4,4.3,0.2,0.6,13601.31,10074.35,0.4557675371724258,0.45576753717239543,0.504575364181187,0.9980000000000008,0.45576753717242613,0.5045753641811873,0.9032695005076885,Crescente
3200136,ES,2017,10085,Águia Branca,191694000,9104614,1159,6.8,4.4,0.1,1.9,19007.83,7855.58,0.4297954065829013,0.42979540658289944,0.5424062474530947,0.9989999999999999,0.4297954065829007,0.5424062474530945,0.792386534264741,Crescente
3200169,ES,2017,11893,Água Doce do Norte,137382000,9704010,1225,6.1,5.0,0.2,2.7,11551.5,7921.64,0.5348294597021421,0.5348294597021401,0.6142873969765079,0.9980000000000037,0.5348294597021421,0.6142873969765071,0.8706502238765539,Crescente
3200300,ES,2017,15082,Alfredo Chaves,340072000,11790360,1309,6.2,5.4,0.0,0.7,22548.2,9007.15,0.34415187660301005,0.3441518766030287,0.5284416642555203,1.0,0.3441518766030094,0.5284416642555204,0.6512580288078883,Crescente
3200359,ES,2017,8022,Alto Rio Novo,92149000,6667800,725,6.3,5.4,0.2,0.0,11487.04,9196.97,0.5374943773205046,0.5374943773205052,0.6864364643348534,1.0,0.5374943773205049,0.6864364643348534,0.7830213067735681,Decrescente
3200409,ES,2017,28546,Anchieta,804793000,60890456,3828,6.0,4.6,0.2,0.9,28192.85,15906.6,0.22864348531066242,0.2286434853106639,0.2853500245001539,0.998000000000003,0.2286434853106624,0.28535002450015373,0.8012737539139027,Crescente
3200508,ES,2017,7932,Apiacá,95607000,6111608,790,4.9,4.0,0.2,1.0,12053.33,7736.21,0.4633793888512713,0.4633793888512752,0.5788161147667344,0.9980000000000114,0.4633793888512714,0.5788161147667346,0.8005640773115229,Crescente
3200607,ES,2017,98393,Aracruz,5202206000,98786621,10337,6.4,5.2,0.1,0.3,52871.71,9556.6,0.18026236069448887,0.18026236069449025,0.3529464065587921,0.9990000000000017,0.18026236069448823,0.35294640655879217,0.5107357869202774,Crescente
3200706,ES,2017,11804,Atilio Vivacqua,264370000,10662421,1446,5.6,4.7,0.2,0.7,22396.65,7373.74,0.32338903153464593,0.32338903153468807,0.5218505115839168,0.9979999999999986,0.32338903153464543,0.521850511583916,0.6196966839279278,Crescente
3200805,ES,2017,31794,Baixo Guandu,616782000,25606012,2549,5.7,4.1,0.0,0.7,19399.32,10045.51,0.3290401777300268,0.32904017773008104,0.45304509345258875,1.0,0.32904017773002725,0.45304509345258875,0.7262857108162477,Decrescente
3200904,ES,2017,45283,Barra de São Francisco,783726000,29988501,3986,5.9,3.9,0.2,1.3,17307.29,7523.46,0.40238881315765634,0.4023888131576539,0.5419505223790032,0.998000000000005,0.4023888131576561,0.5419505223790035,0.7424825635212748,Crescente
3201001,ES,2017,15460,Boa Esperança,255900000,10238780,1300,5.8,5.6,0.0,0.3,16552.39,7875.98,0.46221137562334463,0.4622113756233652,0.6921001741470646,1.0,0.46221137562334574,0.6921001741470645,0.6678388373373378,Crescente
3201100,ES,2017,10254,Bom Jesus do Norte,142977000,6718293,608,5.5,4.7,0.5,2.8,13943.53,11049.82,0.3998602143566408,0.3998602143566394,0.4328184484996997,0.9950000000000003,0.3998602143566409,0.4328184484996997,0.9238520579302855,Decrescente
3201209,ES,2017,211649,Cachoeiro de Itapemirim,4757488000,99767253,11568,5.7,4.4,0.7,3.0,22478.2,8624.42,0.3124150899058569,0.31241508990585476,0.38216788606928087,0.9929999999999995,0.31241508990585665,0.38216788606928087,0.8174812727441497,Decrescente
3201308,ES,2017,387368,Cariacica,8002899000,192886243,27200,5.3,3.8,0.8,2.4,20659.68,7091.41,0.3272506366747217,0.3272506366747269,0.44194417580535794,0.9919999999999968,0.3272506366747215,0.44194417580535816,0.7404795777167344,Crescente
3201407,ES,2017,38304,Castelo,863784000,28330759,3754,6.4,5.1,0.1,1.0,22550.75,7546.82,0.3649233605814568,0.36492336058141955,0.536803248881499,0.9989999999999932,0.3649233605814575,0.5368032488814989,0.6798084052990051,Crescente
3201506,ES,2017,124525,Colatina,3333083000,82112872,9602,6.0,4.9,0.0,0.1,26766.38,8551.64,0.29226740099624005,0.2922674009962035,0.5223822372861281,1.0,0.29226740099624055,0.5223822372861278,0.5594895464183909,Crescente
3201605,ES,2017,31574,Conceição da Barra,424527000,24595720,3465,6.1,4.5,0.0,0.7,13445.46,7098.33,0.4980250957126884,0.49802509571271825,0.6559749196269167,1.0,0.49802509571268905,0.6559749196269168,0.7592136235878322,Crescente
3201902,ES,2017,34757,Domingos Martins,706255000,30909635,3738,6.2,5.7,0.1,0.7,20319.79,8269.03,0.3997580196144557,0.3997580196144645,0.5588035489341847,0.9989999999999968,0.39975801961445556,0.5588035489341848,0.7153820343069058,Crescente
3202009,ES,2017,6949,Dores do Rio Preto,127312000,4996920,588,5.4,4.7,0.0,0.0,18320.91,8498.16,0.35314240399534996,0.3531424039953402,0.5982055737488066,1.0,0.35314240399534996,0.5982055737488065,0.5903361979432818,Crescente
3202207,ES,2017,20757,Fundão,421892000,15210241,2093,5.4,3.8,0.7,1.5,20325.29,7267.2,0.3346884111340886,0.3346884111340864,0.48247449790308794,0.9930000000000009,0.3346884111340885,0.4824744979030876,0.6936914025273843,Crescente
3202306,ES,2017,31201,Guaçuí,525457000,21498546,2979,5.2,4.3,1.0,2.6,16841.03,7216.7,0.37220164093417185,0.37220164093417324,0.4587727533512495,0.989999999999993,0.3722016409341719,0.4587727533512495,0.8112984875743126,Decrescente
3202405,ES,2017,123166,Guarapari,2161064000,96277002,13560,5.8,4.1,0.6,2.5,17545.95,7100.07,0.40000090917060227,0.4000009091705951,0.4929643186232035,0.994000000000001,0.40000090917060244,0.49296431862320345,0.8114195978478969,Crescente
3202454,ES,2017,25882,Ibatiba,318253000,17987874,2838,5.4,4.7,1.6,9.2,12296.31,6338.22,0.510069727766774,0.5100697277667753,0.5291246276980525,0.9840000000000012,0.5100697277667741,0.5291246276980522,0.9639878793505104,Crescente
3202603,ES,2017,14016,Iconha,332003000,11376158,1091,6.6,4.7,0.0,0.0,23687.43,10427.28,0.3274171296051787,0.32741712960562386,0.5296069831279724,1.0,0.3274171296051786,0.529606983127973,0.6182266096103622,Crescente
3202702,ES,2017,14815,Itaguaçu,251555000,9892647,925,6.4,5.6,0.0,0.5,16979.75,10694.75,0.41246049041774435,0.412460490417749,0.5301503987047828,1.0,0.41246049041774435,0.5301503987047825,0.7780065646002189,Crescente
3202801,ES,2017,34628,Itapemirim,3130547000,71878747,4725,5.6,4.3,0.8,2.9,90405.08,15212.43,0.09344667848143712,0.09344667848143692,0.14457042767120992,0.9920000000000015,0.09344667848143581,0.14457042767120998,0.6463747806982956,Crescente
3203007,ES,2017,29896,Iúna,411720000,24217592,3209,5.2,3.8,0.6,3.0,13771.74,7546.77,0.4295388115755948,0.42953881157559687,0.4939534869673395,0.9939999999999994,0.42953881157559476,0.4939534869673397,0.8695936417268296,Crescente
3203106,ES,2017,12036,Jerônimo Monteiro,141196000,7201900,843,5.6,5.1,0.7,0.0,11731.14,8543.18,0.5158202642147545,0.5158202642147666,0.6936375303252671,1.0,0.515820264214755,0.6936375303252671,0.7436452637919854,Decrescente
3203130,ES,2017,17168,João Neiva,352217000,11087569,1617,6.2,5.4,0.1,0.8,20515.9,6856.88,0.39600106502797616,0.39600106502797905,0.6103229159379224,0.9990000000000014,0.39600106502797566,0.6103229159379223,0.6488385978747265,Crescente
3203163,ES,2017,11457,Laranja da Terra,134529000,5782742,799,5.7,4.8,0.0,0.0,11742.08,7237.47,0.5212791046325256,0.5212791046325329,0.7738631020276667,1.0,0.521279104632526,0.7738631020276667,0.6736063565592886,Decrescente
3203205,ES,2017,169048,Linhares,5481441000,131404004,15803,5.5,4.6,0.3,0.7,32425.35,8315.13,0.2344092516720184,0.2344092516719652,0.41368104994235716,0.9969999999999967,0.23440925167201693,0.4136810499423569,0.5666424693726756,Crescente
3203304,ES,2017,15419,Mantenópolis,167174000,9992503,1193,6.9,5.5,0.0,0.0,10842.08,8375.95,0.6051539644262688,0.6051539644262514,0.7639959823781571,1.0,0.6051539644262689,0.7639959823781572,0.7920905062125498,Crescente
3203320,ES,2017,38670,Marataízes,1611911000,70623024,4890,5.7,4.5,0.6,2.4,41683.76,14442.34,0.1739923727918552,0.17399237279185326,0.23176060669270213,0.9940000000000014,0.17399237279185512,0.23176060669270193,0.7507417903101908,Crescente
3203346,ES,2017,16545,Marechal Floriano,416725000,15649255,1906,6.7,5.6,0.2,0.3,25187.37,8210.52,0.3450031100559703,0.3450031100559725,0.5201439880453138,0.9980000000000001,0.3450031100559722,0.5201439880453138,0.6632838559808835,Decrescente
3203502,ES,2017,19391,Montanha,343194000,17734276,1801,5.5,4.5,0.1,0.0,17698.62,9846.91,0.3479883151626603,0.34798831516264545,0.5290787268515574,1.0,0.3479883151626601,0.5290787268515573,0.6577250180393186,Crescente
3203601,ES,2017,5861,Mucurici,72192000,5945330,530,6.2,4.0,0.0,6.8,12317.35,11217.6,0.45797477182253943,0.45797477182253893,0.48120978969922146,1.0,0.4579747718225397,0.48120978969922157,0.9517154090086052,Crescente
3203700,ES,2017,18745,Muniz Freire,277266000,17274859,1934,5.8,4.7,0.1,0.8,14791.46,8932.19,0.4191541571296454,0.4191541571295048,0.5310594114736078,0.9989999999999529,0.4191541571296455,0.5310594114736079,0.7892792182452004,Crescente
3203809,ES,2017,15806,Muqui,195163000,10317381,1035,5.9,4.7,0.0,0.0,12347.4,9968.48,0.467425093547478,0.4674250935473548,0.5975633856362766,1.0,0.46742509354747774,0.5975633856362766,0.7822184303507329,Decrescente
3203908,ES,2017,50991,Nova Venécia,930594000,39503844,5397,6.1,5.3,0.1,0.8,18250.16,7319.59,0.4173382476292412,0.41733824762924054,0.6031214140547178,0.9990000000000001,0.4173382476292413,0.6031214140547179,0.691963902961964,Crescente
3204054,ES,2017,26537,Pedro Canário,287403000,12138381,1990,5.8,2.9,0.2,6.7,10830.27,6099.69,0.5783596511444056,0.5783596511444044,0.6974633918961826,0.9980000000000003,0.5783596511444058,0.6974633918961824,0.829232986081217,Crescente
3204104,ES,2017,27130,Pinheiros,464113000,21854709,2996,6.0,4.5,0.6,1.5,17107.0,7294.63,0.41688481803366484,0.4168848180336546,0.5264032079389883,0.9940000000000017,0.4168848180336644,0.5264032079389883,0.7919496153260203,Decrescente
3204203,ES,2017,21336,Piúma,472552000,24654592,2375,5.4,4.1,0.2,2.1,22148.11,10380.88,0.2840323037596917,0.2840323037597071,0.38493055218833155,0.9980000000000134,0.2840323037596917,0.38493055218833155,0.7378793451051547,Decrescente
3204252,ES,2017,7901,Ponto Belo,81260000,6809501,625,5.8,3.3,0.6,2.0,10284.77,10895.2,0.5026026901882107,0.5026026901882121,0.5069038559650558,0.9939999999999994,0.5026026901882134,0.506903855965056,0.9915148292398438,Crescente
3204302,ES,2017,11742,Presidente Kennedy,3437934000,54129933,1637,5.9,4.3,0.5,2.2,292789.47,33066.54,0.032262427511141833,0.03226242751107008,0.05766637408627529,0.9949999999999629,0.03226242751114145,0.05766637408627528,0.5594668994251947,Crescente
3204351,ES,2017,19457,Rio Bananal,380375000,20091988,2415,5.9,4.8,0.5,0.5,19549.52,8319.66,0.3595423055093232,0.35954230550934035,0.5182885706755695,0.9950000000000001,0.35954230550932287,0.5182885706755694,0.6937106582162779,Crescente
3204559,ES,2017,39928,Santa Maria de Jetibá,1368187000,29302030,2238,5.9,5.1,0.0,3.6,34266.35,13092.95,0.21722694651854974,0.21722694651855712,0.3398745019364651,1.0,0.2172269465185492,0.33987450193646523,0.6391386976100882,Crescente
3204609,ES,2017,24025,Santa Teresa,466457000,19498809,2332,6.1,4.1,0.2,1.7,19415.48,8361.41,0.37208352116283794,0.3720835211628641,0.4836696389502246,0.9980000000000008,0.3720835211628374,0.48366963895022497,0.7692926973262628,Crescente
3204708,ES,2017,37375,São Gabriel da Palha,569182000,17057733,2731,6.3,4.6,0.4,1.9,15228.95,6245.97,0.498301296945371,0.4983012969454221,0.6147489425843365,0.9959999999999996,0.4983012969453694,0.6147489425843365,0.8105769077870513,Decrescente
3204807,ES,2017,11036,São José do Calçado,164217000,6246586,913,5.4,4.2,0.2,1.1,14880.12,6841.82,0.4264112839264145,0.42641128392641786,0.602081967302046,0.9980000000000052,0.4264112839264145,0.602081967302046,0.7082279607827834,Decrescente
3204906,ES,2017,128449,São Mateus,2111893000,105584667,12141,5.5,4.4,0.2,0.7,16441.49,8696.54,0.37820012380450024,0.3782001238045005,0.5066587203392057,0.9979999999999879,0.3782001238045005,0.5066587203392057,0.7464593198974193,Decrescente
3204955,ES,2017,12579,São Roque do Canaã,217751000,7918148,529,5.5,5.1,0.7,1.3,17310.68,14968.14,0.32966201444948345,0.3296620144494763,0.35514980947119645,0.9930000000000004,0.32966201444948373,0.3551498094711968,0.9282336795853465,Crescente
3205002,ES,2017,502618,Serra,18595239000,306176555,41407,5.6,4.0,0.3,0.9,36996.76,7394.32,0.22105717243594702,0.22105717243595716,0.3894287616530603,0.9970000000000444,0.22105717243594653,0.3894287616530603,0.5676446996302895,Decrescente
3205010,ES,2017,29038,Sooretama,560705000,23681356,3263,5.8,4.3,0.5,2.1,19309.35,7257.54,0.3724503319859247,0.3724503319859434,0.4867507156812325,0.9949999999999999,0.3724503319859258,0.4867507156812325,0.7651767526723847,Decrescente
3205036,ES,2017,21584,Vargem Alta,377215000,14911679,2032,6.0,4.5,0.1,1.2,17476.6,7338.42,0.4102379978352581,0.4102379978352551,0.5673280258841271,0.9990000000000028,0.4102379978352576,0.5673280258841268,0.7231054682975355,Crescente
3205069,ES,2017,24575,Venda Nova do Imigrante,578502000,16689659,1274,5.8,4.8,0.0,1.1,23540.26,13100.2,0.2709072724433641,0.27090727244336577,0.3637748379974571,1.0,0.270907272443364,0.3637748379974572,0.7447114097684179,Crescente
3205101,ES,2017,76776,Viana,2142039000,51996028,8207,5.3,4.0,0.3,1.2,27899.85,6335.57,0.2700058004747151,0.27000580047472045,0.4712305811608629,0.997000000000002,0.27000580047471984,0.47123058116086264,0.572980216626781,Crescente
3205150,ES,2017,9459,Vila Pavão,136966000,8405168,1113,6.8,5.7,0.0,0.2,14479.97,7551.81,0.5313538455565812,0.5313538455565513,0.7611814331408095,1.0,0.531353845556581,0.7611814331408095,0.6980646432271648,Decrescente
3205176,ES,2017,14697,Vila Valério,257152000,12761722,1461,6.7,5.2,0.1,1.3,17496.9,8734.92,0.4300202488046587,0.4300202488046727,0.534265312332664,0.9989999999999992,0.43002024880465917,0.5342653123326644,0.804881467836908,Crescente
3205200,ES,2017,486388,Vila Velha,10959511000,232921585,35516,5.5,4.4,1.0,1.3,22532.45,6558.22,0.32640745185417724,0.3264074518603074,0.5120244120703309,0.9900000000005283,0.3264074518541776,0.512024412070331,0.6374841592696218,Crescente
3205309,ES,2017,363140,Vitória,20252080000,343851838,26288,5.6,4.4,0.6,1.6,55769.35,13080.18,0.14168322287744975,0.14168322287745086,0.22647844908002168,0.9940000000000017,0.14168322287745025,0.2264784490800216,0.6255925164313925,Crescente
3300100,RJ,2017,194619,Angra dos Reis,10106295000,143340438,15563,5.1,3.4,1.0,2.4,51928.61,9210.33,0.14676727482067092,0.1467672748206737,0.24233676793172249,0.9899999999999998,0.14676727482067015,0.24233676793172254,0.6056335407676233,Crescente
3300159,RJ,2017,11292,Aperibé,171697000,9856023,703,5.9,5.1,0.0,0.3,15205.19,14019.95,0.37062652017950193,0.37062652017950093,0.42692686234903354,1.0,0.3706265201795017,0.4269268623490335,0.8681264939391344,Crescente
3300209,RJ,2017,126742,Araruama,2515123000,84129502,14285,5.1,3.8,0.9,1.2,19844.43,5889.36,0.3418577928482978,0.3418577928482884,0.5627541553006169,0.9910000000000011,0.3418577928482988,0.5627541553006166,0.6074727118908279,Crescente
3300233,RJ,2017,32260,Armação dos Búzios,1713499000,50142149,5482,5.9,4.8,0.8,2.5,53115.28,9146.69,0.16688660584595155,0.1668866058459565,0.27435234529230734,0.9920000000000029,0.16688660584594822,0.27435234529230673,0.6082929805762843,Crescente
3300258,RJ,2017,29304,Arraial do Cabo,724388000,25291081,3017,5.0,3.7,1.5,2.8,24719.77,8382.86,0.2593472793908886,0.2593472793908911,0.34440225813614467,0.9849999999999988,0.2593472793908893,0.3444022581361447,0.7530359434762091,Crescente
3300308,RJ,2017,97460,Barra do Piraí,2014883000,44219611,5513,5.2,4.3,0.4,1.6,20673.95,8020.97,0.31080198281529775,0.310801982815301,0.4598179367623214,0.9959999999999933,0.3108019828152986,0.4598179367623208,0.6759240081057352,Crescente
3300407,RJ,2017,179451,Barra Mansa,4884834000,108761732,14968,5.5,4.3,0.4,2.4,27220.99,7266.28,0.2763531706601815,0.2763531706601904,0.424844596243514,0.9960000000000057,0.27635317066018134,0.42484459624351406,0.6504806065646187,Crescente
3300456,RJ,2017,495783,Belford Roxo,8189053000,175365830,28317,4.3,3.4,3.4,6.7,16517.41,6192.95,0.345836638836027,0.3458366388360273,0.3469637795713875,0.9659999999999975,0.3469637795713876,0.345836638836027,0.9967514167134307,Crescente
3300506,RJ,2017,26566,Bom Jardim,654387000,17279507,1887,5.4,4.6,0.1,1.4,24632.5,9157.13,0.27642004555807265,0.27642004555807226,0.4347998747632841,0.9989999999999959,0.27642004555807237,0.434799874763284,0.63574085827086,Crescente
3300605,RJ,2017,36068,Bom Jesus do Itabapoana,728093000,23587425,1964,5.9,4.6,0.2,0.3,20186.68,12009.89,0.3120594469557376,0.31205944695573995,0.3984098276895767,0.9979999999999977,0.31205944695573756,0.39840982768957695,0.7832624229311946,Crescente
3300704,RJ,2017,216030,Cabo Frio,8600620000,171880169,21393,5.0,3.8,1.5,4.9,39812.16,8034.41,0.18305535894688338,0.18305535894688818,0.21954093657703597,0.9849999999999947,0.1830553589468838,0.21954093657703597,0.8338096839750433,Decrescente
3300902,RJ,2017,15124,Cambuci,317613000,10578346,991,5.9,5.1,0.3,2.4,21000.6,10674.42,0.3258402581238214,0.3258402581239423,0.40259661724010043,0.9969999999999956,0.3258402581238222,0.4025966172401006,0.8093467360891831,Crescente
3300936,RJ,2017,15568,Carapebus,368299000,14639008,1568,5.0,4.0,0.1,0.8,23657.44,9336.1,0.26546893172963537,0.26546893172963815,0.4239973272665644,0.9990000000000181,0.26546893172963504,0.42399732726656436,0.626109917817328,Crescente
3300951,RJ,2017,8336,Comendador Levy Gasparian,361375000,8319927,1112,6.2,5.3,0.0,0.0,43351.13,7481.95,0.21478624487574022,0.21478624487574058,0.7400974016647331,1.0,0.21478624487574852,0.740097401664733,0.2902134832423573,Crescente
3301108,RJ,2017,19697,Cantagalo,681590000,14757220,1746,5.6,4.5,0.3,2.3,34603.75,8452.02,0.2262005672753216,0.226200567275325,0.3657745506055145,0.9969999999999958,0.22620056727532345,0.3657745506055145,0.6184152694627392,Decrescente
3301157,RJ,2017,12519,Cardoso Moreira,320020000,12737010,1533,4.6,5.1,0.3,2.2,25562.74,8308.55,0.29968200311672605,0.2996820031167257,0.44745872626112504,0.9970000000000143,0.2996820031167268,0.44745872626112504,0.6697422254356474,Decrescente
3301207,RJ,2017,18264,Carmo,416980000,10298901,1164,5.3,4.7,0.3,1.7,22830.71,8847.85,0.296979150013818,0.2969791500138175,0.4375436601440389,0.9970000000000016,0.2969791500138178,0.43754366014403906,0.6787417509741835,Crescente
3301306,RJ,2017,41999,Casimiro de Abreu,1371161000,40646820,4710,5.7,4.1,0.6,2.4,32647.47,8629.9,0.2393872353220844,0.23938723532213854,0.3389157360929259,0.9939999999999968,0.23938723532208583,0.33891573609292586,0.7063326066879579,Crescente
3301504,RJ,2017,21250,Cordeiro,463597000,13175956,1441,5.5,4.8,0.5,0.0,21816.33,9143.62,0.311668512429519,0.31166851242952043,0.537003298766123,1.0,0.3116685124295189,0.5370032987661228,0.5803847260261573,Crescente
3301603,RJ,2017,11169,Duas Barras,194384000,10242484,1119,5.0,4.4,0.1,0.5,17403.89,9153.25,0.3446649322777172,0.34466493227771494,0.49302916257209406,0.9990000000000001,0.34466493227771716,0.49302916257209406,0.6990761570362848,Decrescente
3301702,RJ,2017,890997,Duque de Caxias,40904756000,546061122,57893,4.6,3.6,1.3,2.7,45908.97,9432.25,0.14551043308040276,0.14551043308040174,0.2414566567234979,0.987000000000006,0.1455104330804029,0.24145665672349775,0.6026358314363345,Crescente
3301801,RJ,2017,13576,Engenheiro Paulo de Frontin,248268000,12607258,1231,5.4,4.2,1.1,0.6,18287.27,10241.48,0.33200057723495086,0.33200057723495063,0.4380066721752809,0.993999999999995,0.3320005772349515,0.43800667217528083,0.7579806389389688,Crescente
3301850,RJ,2017,57921,Guapimirim,921105000,46257790,5962,5.0,3.8,0.5,2.9,15902.78,7758.77,0.3745575461531389,0.3745575461530413,0.46437930727989746,0.9949999999999943,0.37455754615313863,0.4643793072798975,0.8065767364767185,Crescente
3301876,RJ,2017,26936,Iguaba Grande,462238000,22908752,2963,6.1,4.1,0.2,1.4,17160.6,7731.61,0.4142258493738297,0.4142258493738312,0.5362900577404441,0.998000000000001,0.41422584937382967,0.5362900577404442,0.7723914389147756,Crescente
3301900,RJ,2017,232394,Itaboraí,4186706000,125735392,22189,4.9,3.6,1.4,3.1,18015.55,5666.56,0.3563521169861113,0.35635211698610564,0.47219000881516277,0.9859999999999989,0.35635211698611136,0.47219000881516254,0.7546794941305168,Crescente
3302007,RJ,2017,122369,Itaguaí,7568805000,140807896,14081,4.6,3.6,1.3,3.0,61852.31,9999.85,0.11297196548386776,0.11297196548387307,0.19198043389578154,0.9869999999999971,0.11297196548386737,0.19198043389578148,0.5884556211868742,Crescente
3302056,RJ,2017,14723,Italva,327528000,8826577,930,5.6,3.9,0.3,0.0,22246.01,9490.94,0.29942885365542726,0.29942885365543487,0.5232303755847911,1.0,0.2994288536554272,0.523230375584791,0.572269630410446,Crescente
3302106,RJ,2017,22694,Itaocara,503244000,12982271,1241,5.8,4.7,0.4,3.3,22175.2,10461.14,0.3003024923858334,0.3003024923858325,0.3695420125713278,0.9959999999999993,0.3003024923858331,0.3695420125713279,0.8126342395991308,Crescente
3302205,RJ,2017,99997,Itaperuna,2705960000,60196752,6394,6.4,5.3,0.0,0.0,27060.41,9414.57,0.30085058772741335,0.30085058772742374,0.6011347305294169,1.0,0.30085058772741313,0.6011347305294169,0.5004711463975063,Decrescente
3302254,RJ,2017,30703,Itatiaia,4363453000,37650250,3398,5.7,4.4,0.8,3.1,142118.13,11080.12,0.07143839243299434,0.07143839243299081,0.14414856735829473,0.9920000000000002,0.07143839243299405,0.14414856735829445,0.4955886398470235,Crescente
3302270,RJ,2017,101237,Japeri,1615656000,73793960,11349,4.5,3.8,1.5,3.3,15959.15,6502.24,0.36703622802591823,0.3670362280259461,0.43354233029175443,0.9850000000000091,0.36703622802591807,0.43354233029175443,0.8465983650983271,Decrescente
3302304,RJ,2017,7217,Laje do Muriaé,133935000,8109978,614,5.0,3.6,0.2,3.4,18558.27,13208.43,0.29232512564120594,0.2923251256412038,0.33004194523073005,0.9980000000000068,0.2923251256412055,0.3300419452307301,0.8857211329209791,Crescente
3302403,RJ,2017,244139,Macaé,15378420000,420445648,25672,5.9,4.5,0.6,2.7,62990.43,16377.6,0.12895622501506207,0.1289562250150545,0.1794620234817918,0.9939999999999974,0.12895622501506226,0.1794620234817919,0.7185711077650139,Crescente
3302502,RJ,2017,237420,Magé,3856684000,144494947,27836,4.3,3.8,0.8,2.3,16244.14,5190.94,0.37047496058842583,0.37047496058842566,0.5735865587037257,0.9920000000000002,0.37047496058842605,0.5735865587037252,0.6458919843339409,Crescente
3302601,RJ,2017,42415,Mangaratiba,3601509000,61895734,4812,5.3,4.6,0.8,1.3,84911.21,12862.79,0.09584160843618153,0.09584160843619416,0.19350328492046998,0.9920000000000011,0.0958416084361824,0.19350328492047,0.4952970616264862,Crescente
3302700,RJ,2017,153008,Maricá,11456251000,146300177,14126,5.5,4.5,1.0,1.7,74873.54,10356.8,0.11439098682849595,0.11439098682849973,0.2165304330003364,0.99,0.114390986828497,0.2165304330003364,0.5282905744169377,Decrescente
3302809,RJ,2017,18123,Mendes,299499000,13435382,1203,6.1,5.1,0.4,1.0,16525.91,11168.23,0.3799103741433134,0.37991037414330187,0.4291867067227116,0.9959999999999938,0.3799103741433134,0.42918670672271164,0.885186722217763,Crescente
3302858,RJ,2017,171280,Mesquita,2313400000,85401956,8527,4.7,3.5,1.8,3.9,13506.54,10015.48,0.38358850655631943,0.3835885065563207,0.3842766518356809,0.9819999999999962,0.3835885065563192,0.38427665183568077,0.9982092451465001,Crescente
3302908,RJ,2017,24871,Miguel Pereira,654041000,20467660,2382,6.6,4.2,0.1,0.2,26297.33,8592.64,0.3248854205863464,0.32488542058635245,0.4804545951984762,0.9989999999999999,0.3248854205863467,0.4804545951984771,0.6762042112473415,Crescente
3303005,RJ,2017,26551,Miracema,490113000,17527647,2620,5.9,4.7,0.1,0.0,18459.3,6689.94,0.4012045042016784,0.4012045042015758,0.7540711738955518,1.0,0.40120450420167886,0.7540711738955519,0.5320512414352683,Crescente
3303104,RJ,2017,14960,Natividade,246256000,10558728,908,5.1,3.1,0.0,1.7,16460.96,11628.56,0.3358552616631536,0.335855261663153,0.3999473205264365,1.0,0.33585526166315344,0.3999473205264363,0.8397487479628047,Crescente
3303203,RJ,2017,158329,Nilópolis,2644231000,43987352,8709,4.8,3.9,1.4,4.2,16700.86,5050.79,0.3806679746442736,0.38066797464427604,0.4628914535474771,0.986000000000001,0.3806679746442731,0.4628914535474776,0.8223698487559781,Crescente
3303302,RJ,2017,499028,Niterói,27489576000,302835587,20157,5.4,4.2,1.1,2.2,55086.24,15023.84,0.1333463013250979,0.1333463013250966,0.1927201368081304,0.9889999999999959,0.1333463013250978,0.19272013680813047,0.6919168050293347,Crescente
3303401,RJ,2017,185381,Nova Friburgo,5015569000,103797708,11225,5.9,4.8,0.6,1.0,27055.46,9247.01,0.27877754532090054,0.27877754532089455,0.41093533266755444,0.9940000000000005,0.27877754532090016,0.4109353326675542,0.678397604584736,Crescente
3303500,RJ,2017,798647,Nova Iguaçu,16836919000,310794228,48707,4.7,3.8,1.5,2.4,21081.8,6380.89,0.2994472389433641,0.29944723894336256,0.44782216896249427,0.9849999999999988,0.2994472389433648,0.44782216896249427,0.6686744419936103,Decrescente
3303609,RJ,2017,50447,Paracambi,893120000,32660222,3912,5.7,4.0,0.7,3.6,17704.13,8348.73,0.3690879408648104,0.36908794086480895,0.42322836126743246,0.9930000000000004,0.3690879408648128,0.4232283612674326,0.8720775227811082,Crescente
3303708,RJ,2017,42922,Paraíba do Sul,931266000,30961024,4108,5.5,4.7,0.1,0.7,21696.71,7536.76,0.32573490174824377,0.32573490174817393,0.5305562222588388,0.9990000000000008,0.32573490174824427,0.5305562222588388,0.6139498286561037,Decrescente
3303807,RJ,2017,41454,Paraty,1591755000,38258595,4148,5.7,4.3,0.5,3.2,38398.1,9223.38,0.2083036792580974,0.20830367925812232,0.3024833795737732,0.9950000000000023,0.20830367925809812,0.30248337957377314,0.6886450407675833,Crescente
3303856,RJ,2017,26991,Paty do Alferes,534908000,15104360,2548,6.3,5.0,0.0,0.4,19818.01,5927.93,0.4219486197115424,0.42194861971167,0.7129802624499768,1.0,0.4219486197115424,0.7129802624499771,0.59180967823937,Crescente
3303906,RJ,2017,298235,Petrópolis,12817939000,192407622,27126,5.6,4.3,0.3,1.9,42979.33,7093.11,0.19722655766523836,0.19722655766524813,0.3561465654884855,0.9969999999999996,0.19722655766524158,0.3561465654884853,0.5537791931103568,Crescente
3303955,RJ,2017,24282,Pinheiral,409247000,17746513,2400,5.6,3.7,0.4,2.0,16853.92,7394.38,0.3910953056809471,0.3910953056809491,0.511997819232917,0.996,0.3910953056809473,0.5119978192329172,0.7638612724305976,Crescente
3304003,RJ,2017,28222,Piraí,1858360000,36689965,3302,5.5,5.0,0.3,1.1,65847.92,11111.44,0.12716803988661254,0.1271680398866348,0.2572661016908787,0.9970000000000007,0.12716803988661346,0.25726610169087877,0.4943054644619013,Crescente
3304102,RJ,2017,18248,Porciúncula,334102000,14033177,1640,5.2,4.0,0.1,1.4,18308.97,8556.82,0.33756602907591193,0.3375660290759191,0.4833758922759296,0.9989999999999943,0.33756602907591166,0.48337589227592936,0.6983509820618365,Crescente
3304110,RJ,2017,18829,Porto Real,2858922000,23878810,2493,5.5,4.7,0.0,0.0,151836.1,9578.34,0.06912705246339317,0.06912705246337336,0.49817995286205907,1.0,0.06912705246339369,0.49817995286205907,0.13875920150189933,Decrescente
3304128,RJ,2017,13785,Quatis,255484000,16219145,1668,5.5,4.6,0.2,0.1,18533.48,9723.71,0.33715523676824133,0.33715523676824066,0.49926398051948095,0.9990000000000006,0.3371552367682412,0.49926398051948084,0.6753045481419138,Crescente
3304144,RJ,2017,145386,Queimados,3704985000,84599865,11201,5.0,4.1,0.6,1.7,25483.78,7552.89,0.26120456658322067,0.2612045665832199,0.4203972420772472,0.9939999999999862,0.26120456658322067,0.4203972420772473,0.6213279737340066,Crescente
3304151,RJ,2017,23535,Quissamã,1445640000,39623596,2747,5.7,4.5,0.6,1.5,61425.11,14424.32,0.13089806122305936,0.13089806122305667,0.20892298745273155,0.9940000000000005,0.13089806122305922,0.20892298745273158,0.6265373802041521,Crescente
3304201,RJ,2017,126923,Resende,7735583000,87453691,9489,5.8,4.5,0.3,0.6,60947.05,9216.32,0.14616439999208058,0.1461643999920108,0.28663145872454404,0.996999999999998,0.14616439999207753,0.2866314587245441,0.5099384437510265,Crescente
3304300,RJ,2017,58272,Rio Bonito,1600886000,40585052,5084,5.3,3.9,0.5,2.1,27472.65,7982.9,0.2580917693343608,0.25809176933435646,0.3882499301657203,0.9949999999999992,0.25809176933435996,0.3882499301657206,0.6647567694968988,Crescente
3304409,RJ,2017,17988,Rio Claro,359021000,13553781,1948,5.8,4.2,0.3,0.6,19958.92,6957.79,0.3689530219661246,0.36895302196622803,0.5564023393280786,0.9970000000000004,0.3689530219661238,0.5564023393280787,0.6631047281571082,Crescente
3304508,RJ,2017,8984,Rio das Flores,243838000,12255381,1019,5.1,4.0,0.1,1.1,27141.36,12026.87,0.22818465162801913,0.2281846516280244,0.34031177215577546,0.9990000000000043,0.2281846516280194,0.3403117721557753,0.6705164801750353,Crescente
3304524,RJ,2017,141117,Rio das Ostras,5602589000,110054639,16099,6.2,4.9,0.3,0.8,39701.73,6836.12,0.23462761228037912,0.23462761228042395,0.4224498321658394,0.9970000000000051,0.2346276122803803,0.4224498321658394,0.5553975748492481,Decrescente
3304557,RJ,2017,6520266,Rio de Janeiro,337675255000,3887643260,479898,5.7,4.7,1.0,2.9,51788.57,8100.98,0.16811706180895408,0.1681170618089902,0.28384985924422873,0.990000000000003,0.1681170618089239,0.2838498592442281,0.5922745998767737,Crescente
3304607,RJ,2017,10172,Santa Maria Madalena,173484000,12966518,1035,4.7,4.1,0.7,1.4,17055.05,12528.04,0.3162630014639077,0.3162630014639088,0.35442906168618277,0.9930000000000055,0.3162630014639078,0.3544290616861824,0.8923167867761703,Crescente
3304706,RJ,2017,41312,Santo Antônio de Pádua,1049780000,27496526,3895,6.1,4.8,0.1,0.3,25411.02,7059.44,0.32498861244372845,0.32498861244369714,0.5318590870782945,0.9989999999999994,0.3249886124437289,0.5318590870782941,0.6110426997290114,Crescente
3304755,RJ,2017,41191,São Francisco de Itabapoana,939797000,41093379,6229,4.6,3.5,1.1,3.1,22815.59,6597.11,0.2745153451522701,0.2745153451522686,0.3907579821904305,0.9889999999999898,0.27451534515227033,0.39075798219043045,0.702520121568467,Crescente
3304805,RJ,2017,37689,São Fidélis,669862000,26654988,2386,5.2,3.8,0.6,0.4,17773.41,11171.41,0.3262027056588309,0.32620270565883225,0.41987739190901324,0.9960000000000034,0.32620270565883075,0.41987739190901324,0.7768999044595345,Decrescente
3304904,RJ,2017,1049826,São Gonçalo,17228897000,216521783,32250,4.5,3.3,1.8,3.0,16411.19,6713.85,0.35725294566558446,0.3572529456655913,0.4386028355459918,0.9820000000000026,0.3572529456655844,0.43860283554599155,0.814524933977822,Crescente
3305000,RJ,2017,35174,São João da Barra,4693340000,48953188,4605,5.3,4.1,1.5,3.7,133432.08,10630.44,0.07021305264144567,0.07021305264144598,0.11791336003065908,0.9849999999999971,0.07021305264144397,0.11791336003065911,0.5954630808857395,Crescente
3305109,RJ,2017,460461,São João de Meriti,9196061000,88692420,17854,4.6,3.5,2.8,5.3,19971.42,4967.65,0.32055151050579583,0.32055151050583847,0.3315245371032073,0.9719999999999683,0.3205515105057947,0.3315245371032079,0.9669013138716926,Crescente
3305208,RJ,2017,99906,São Pedro da Aldeia,2159191000,55315086,9407,5.3,3.9,0.6,2.0,21612.23,5880.2,0.33379103144597677,0.3337910314459625,0.5058713742441099,0.9939999999999977,0.33379103144597705,0.5058713742441098,0.6598338005283233,Crescente
3305406,RJ,2017,17765,Sapucaia,710790000,15884526,1766,5.4,4.4,0.0,1.3,40010.7,8994.64,0.19226046665743676,0.1922604666574399,0.36771656638528766,1.0,0.19226046665743668,0.36771656638528766,0.5228496190622787,Decrescente
3305505,RJ,2017,85175,Saquarema,2093438000,66970251,9473,5.4,4.0,0.8,2.0,24578.08,7069.59,0.2947319472296889,0.29473194722968626,0.4288040053077421,0.9920000000000002,0.2947319472296881,0.42880400530774476,0.6873348746315161,Crescente
3305554,RJ,2017,84416,Seropédica,4212583000,71814193,11095,4.4,3.5,1.1,1.8,49902.66,6472.66,0.13859172355850818,0.13859172355850605,0.30741078351454765,0.9890000000000125,0.13859172355850882,0.30741078351454815,0.45083559520594885,Crescente
3305604,RJ,2017,21253,Silva Jardim,448748000,29351969,3115,4.8,4.1,0.4,0.8,21114.57,9422.78,0.2848609516022943,0.2848609516022907,0.42913630103897016,0.9960000000000011,0.2848609516022942,0.4291363010389703,0.6638006407582515,Crescente
3305752,RJ,2017,32970,Tanguá,515332000,25594124,3804,4.9,3.8,0.4,2.0,15630.33,6728.21,0.38885736038064345,0.38885736038064306,0.5420695445345057,0.9959999999999993,0.3888573603806443,0.5420695445345056,0.7173569596398724,Crescente
3306008,RJ,2017,79402,Três Rios,3716629000,64943796,6265,5.2,4.4,0.8,1.6,46807.75,10366.13,0.15879704072845985,0.15879704072846051,0.2775243618621736,0.9919999999999991,0.15879704072845818,0.2775243618621736,0.5721913552487436,Decrescente
3306107,RJ,2017,74237,Valença,2200072000,40737617,5769,5.2,4.6,0.3,1.5,29635.79,7061.47,0.24904932394669183,0.24904932394669055,0.44909974635121336,0.9969999999999987,0.2490493239466916,0.44909974635121336,0.5545523594037518,Decrescente
3306156,RJ,2017,10597,Varre-Sai,183085000,10237030,1215,4.9,5.1,0.0,0.0,17277.06,8425.54,0.40043928078550317,0.40043928078549373,0.6390996487354318,1.0,0.40043928078550634,0.639099648735432,0.6265678311321887,Crescente
3306206,RJ,2017,35768,Vassouras,918386000,20964669,2527,4.8,3.8,0.1,0.1,25676.19,8296.27,0.24873670560947936,0.24873670560948272,0.49824982593361267,0.9990000000000755,0.2487367056094798,0.49824982593361256,0.49922085801716126,Crescente
3306305,RJ,2017,265201,Volta Redonda,11311118000,208312067,23974,6.1,4.8,0.3,0.8,42651.11,8689.08,0.20806028468246157,0.20806028468243123,0.35786406808350213,0.9969999999999978,0.2080602846824615,0.357864068083502,0.5813947340304472,Crescente
3500204,SP,2017,3609,Adolfo,100915000,6439286,455,6.5,5.2,0.0,0.0,27962.04,14152.28,0.25983095108292764,0.25983095108293447,0.3985666973801641,1.0,0.2598309510829274,0.3985666973801641,0.6519133504902282,Decrescente
3500303,SP,2017,35508,Aguaí,955578000,24792172,2437,6.1,4.9,0.1,1.9,26911.63,10173.23,0.280817390890009,0.2808173908898916,0.40624913706243543,0.9990000000000094,0.28081739089000957,0.40624913706243526,0.6912442766539363,Crescente
3500501,SP,2017,18509,Águas de Lindóia,475745000,23077400,1473,6.8,5.1,0.0,1.3,25703.44,15666.94,0.2737454911563254,0.2737454911562858,0.32613618592744337,1.0,0.27374549115632535,0.32613618592744337,0.8393594546335514,Decrescente
3500600,SP,2017,3268,Águas de São Pedro,132809000,5201027,431,7.4,6.6,0.0,0.0,40639.23,12067.35,0.24855266418515054,0.24855266418513522,1.0,1.0,0.24855266418515418,1.0,0.24855266418515054,Decrescente
3501004,SP,2017,16219,Altinópolis,524962000,15524302,1222,6.2,3.9,0.2,1.3,32367.1,12704.01,0.2341749502970437,0.23417495029720214,0.31305575154985577,0.9980000000000137,0.23417495029704322,0.31305575154985604,0.7480295415040478,Crescente
3501152,SP,2017,18324,Alumínio,1859450000,21943673,2140,6.6,5.1,0.0,0.2,101476.21,10254.05,0.10552030465812469,0.10552030465815941,0.3625523496823237,1.0,0.10552030465811713,0.3625523496823238,0.2910484644509514,Crescente
3501301,SP,2017,24813,Álvares Machado,522754000,21964926,2487,6.3,4.5,0.1,0.2,21067.75,8831.9,0.3574963652211818,0.35749636522107037,0.5002685159996468,0.999000000000001,0.3574963652211814,0.500268515999647,0.7146089625624854,Crescente
3501608,SP,2017,233868,Americana,10984203000,132464463,6729,6.7,5.8,0.0,0.5,46967.53,19685.61,0.17558905139466538,0.17558905139466402,0.27021677218628176,1.0,0.17558905139466566,0.2702167721862817,0.6498081150699927,Crescente
3501707,SP,2017,39189,Américo Brasiliense,981226000,34985021,3138,6.9,4.8,0.0,0.0,25038.3,11148.83,0.3225032908436628,0.3225032908436564,0.5136929846069442,1.0,0.32250329084366247,0.5136929846069442,0.6278133058220143,Decrescente
3501806,SP,2017,5967,Américo de Campos,104202000,7413275,573,6.2,6.0,0.0,0.0,17463.05,12937.65,0.4050002197182149,0.4050002197182382,0.5348667312603558,1.0,0.40500021971821315,0.5348667312603551,0.7571983749370158,Crescente
3502002,SP,2017,4845,Analândia,160416000,7372809,474,7.1,4.9,0.0,0.0,33109.6,15554.45,0.24607033868904848,0.2460703386890411,0.37696946708321505,1.0,0.24607033868904837,0.376969467083215,0.6527593351074481,Crescente
3502200,SP,2017,24634,Angatuba,987426000,22887155,2473,7.2,5.7,0.0,0.0,40083.87,9254.81,0.25435529779416427,0.2543552977941767,0.7021507469505861,1.0,0.254355297794155,0.7021507469505861,0.362251694381612,Decrescente
3502309,SP,2017,6484,Anhembi,156176000,9681103,873,5.6,4.0,0.2,1.7,24086.37,11089.47,0.2692824370067634,0.2692824370067616,0.3638825500412512,0.9979999999999729,0.26928243700676374,0.3638825500412511,0.7400256950387878,Crescente
3502507,SP,2017,36279,Aparecida,1047692000,33947166,4041,6.7,5.0,0.0,0.0,28878.75,8400.68,0.31028959770247566,0.3102895977024894,0.6669736854635825,1.0,0.31028959770247605,0.6669736854635825,0.4652201495577861,Decrescente
3502754,SP,2017,21038,Araçariguama,2842564000,33341141,2825,6.3,4.8,0.1,0.0,135115.7,11802.17,0.07970040948997324,0.07970040948984308,0.45056501037396396,1.0,0.07970040948997376,0.45056501037396385,0.1768899218867945,Crescente
3502903,SP,2017,32495,Araçoiaba da Serra,655311000,36465448,3726,6.3,5.1,0.0,0.2,20166.52,9786.75,0.3552609966469884,0.3552609966469802,0.5308513063339869,1.0,0.3552609966469883,0.5308513063339869,0.6692288262421168,Decrescente
3503158,SP,2017,2509,Arapeí,29846000,3669282,364,4.8,4.1,0.0,0.0,11895.58,10080.45,0.4408615913067934,0.44086159130679614,0.5554669498710494,1.0,0.4408615913067935,0.5554669498710495,0.7936774481526554,Crescente
3503208,SP,2017,230770,Araraquara,9289707000,160747889,7306,6.1,4.9,0.2,1.7,40255.26,22002.17,0.1650711413714194,0.16507114137141637,0.20294152637559187,0.997999999999995,0.16507114137141943,0.2029415263755918,0.8133926275192971,Crescente
3503307,SP,2017,131282,Araras,5381997000,92923945,5610,6.6,5.4,0.1,0.3,40995.7,16563.98,0.19523383192466545,0.19523383192467,0.2724480903489679,0.9989999999999954,0.1952338319246653,0.27244809034896805,0.716590935449752,Crescente
3503505,SP,2017,3879,Areias,43617000,4468899,518,6.0,4.7,0.0,0.0,11244.39,8627.22,0.5258456855599779,0.5258456855599677,0.6854030800409148,1.0,0.525845685559978,0.6854030800409143,0.7672064816641732,Crescente
3503604,SP,2017,11107,Areiópolis,136809000,10664081,1459,6.3,5.0,0.0,0.6,12317.37,7309.17,0.5379949315099921,0.537994931510053,0.6969230606685116,1.0,0.5379949315099917,0.6969230606685116,0.7719574252485341,Decrescente
3504602,SP,2017,16843,Bady Bassitt,340196000,16056123,1440,7.1,6.2,0.0,0.0,20198.06,11150.09,0.4010298356463818,0.40102983564626493,0.6193452643518382,1.0,0.4010298356463828,0.6193452643518382,0.6475060983409157,Decrescente
3504909,SP,2017,10867,Bananal,201894000,10180916,1260,5.4,3.8,0.5,2.9,18578.63,8080.09,0.34370557351262526,0.3437055735126257,0.4377761120120771,0.9950000000000006,0.34370557351262543,0.4377761120120772,0.7851172416258823,Crescente
3505203,SP,2017,34602,Bariri,1130698000,35645102,2465,6.6,5.5,0.0,0.9,32677.24,14460.49,0.23984244878640043,0.23984244878639574,0.34467362229346177,1.0,0.23984244878640032,0.34467362229346177,0.6958537969644627,Decrescente
3505500,SP,2017,120638,Barretos,4680236000,89534574,6892,6.7,5.0,0.0,0.1,38795.7,12991.09,0.2219456907850521,0.22194569078498558,0.365584218384089,1.0,0.2219456907850521,0.3655842183840889,0.6070986646143247,Crescente
3505609,SP,2017,31921,Barrinha,467961000,29364698,4203,5.8,4.9,0.1,0.8,14659.97,6986.6,0.4626932254935335,0.46269322549352754,0.644661340416897,0.9990000000000014,0.46269322549353337,0.6446613404168969,0.7177306850668502,Crescente
3505708,SP,2017,267534,Barueri,47741849000,727530323,47991,6.5,5.5,0.2,0.8,178451.52,15159.72,0.06290957288122322,0.0629095728812348,0.23752994992437404,0.9980000000000012,0.06290957288122039,0.23752994992437412,0.2648490133612737,Crescente
3505906,SP,2017,61480,Batatais,1533590000,35661000,2471,6.6,4.8,0.0,0.2,24944.53,14431.81,0.27974531313855594,0.2797453131385547,0.37035585915117253,1.0,0.27974531313855594,0.37035585915117253,0.7553419399917445,Decrescente
3506003,SP,2017,371690,Bauru,13869778000,180444097,8285,6.1,4.9,0.2,0.1,37315.45,21779.61,0.1740456252052099,0.17404562520517539,0.23446554615097343,0.9989999999999963,0.17404562520520994,0.23446554615097334,0.7423078915532482,Crescente
3506706,SP,2017,14727,Boa Esperança do Sul,368586000,16413923,1526,5.7,4.2,0.0,0.6,25027.91,10756.17,0.26991420132855926,0.26991420132856575,0.3990882872407892,1.0,0.2699142013285589,0.3990882872407888,0.676327043308357,Crescente
3506904,SP,2017,11236,Bofete,169057000,12302862,1256,5.8,4.8,0.5,1.1,15046.01,9795.27,0.4029618717875473,0.40296187178753573,0.4661070046378152,0.9950000000000038,0.4029618717875472,0.46610700463781496,0.8645265309854454,Crescente
3507001,SP,2017,57910,Boituva,2679117000,63139460,6072,7.1,5.4,0.0,0.1,46263.46,10398.46,0.21862992996074948,0.21862992996073755,0.4788069222008713,1.0,0.21862992996074254,0.4788069222008711,0.4566139707333405,Crescente
3507506,SP,2017,142546,Botucatu,4280452000,95859413,8278,6.6,5.3,0.0,0.3,30028.57,11580.02,0.27055525492378374,0.270555254923782,0.4241316244045457,1.0,0.27055525492378313,0.42413162440454566,0.6379039886583001,Crescente
3507803,SP,2017,24092,Brodowski,649017000,21255317,2415,6.6,5.2,0.3,2.1,26939.11,8801.37,0.3171635766354686,0.31716357663547,0.42844903500075077,0.9969999999999982,0.3171635766354658,0.4284490350007508,0.740259752562899,Crescente
3507902,SP,2017,23858,Brotas,767815000,22279913,1473,6.3,5.6,0.1,0.0,32182.71,15125.53,0.23856185833489324,0.23856185833489366,0.3887985919702727,1.0,0.23856185833489346,0.3887985919702727,0.6135872486727871,Decrescente
3508009,SP,2017,19737,Buri,368329000,22195973,2992,6.2,4.7,0.0,0.0,18661.85,7418.44,0.40446038826721226,0.4044603882672097,0.707615935915938,1.0,0.4044603882672125,0.7076159359159379,0.571581797043164,Crescente
3508504,SP,2017,92587,Caçapava,4184497000,62399850,5558,6.2,4.6,0.1,0.9,45195.3,11227.03,0.1909782421706101,0.1909782421703329,0.30543192698367894,0.9990000000000054,0.19097824217061002,0.30543192698367916,0.6252726886040804,Crescente
3509205,SP,2017,73921,Cajamar,14807216000,96847701,8718,6.0,4.7,0.2,1.1,200311.36,11108.94,0.05933276227440686,0.05933276227440562,0.19713301459624774,0.9980000000000014,0.05933276227440652,0.1971330145962477,0.3009783135307271,Crescente
3509304,SP,2017,10444,Cajobi,153181000,9610844,1013,7.0,6.1,0.0,0.0,14666.89,9487.51,0.5153216272997203,0.5153216272997744,0.728888707925692,1.0,0.5153216272997168,0.7288887079256917,0.7069963105427279,Crescente
3509452,SP,2017,5963,Campina do Monte Alegre,109892000,6482829,817,6.0,4.5,0.0,0.2,18428.98,7934.92,0.38567856020585733,0.38567856020582514,0.5866537504077987,1.0,0.38567856020585706,0.5866537504077987,0.6574211107280263,Decrescente
3509502,SP,2017,1182429,Campinas,58469540000,779380462,18435,6.1,5.1,0.1,0.3,49448.67,42277.22,0.11650123278761429,0.11650123278760705,0.13348128713226587,0.9990000000000017,0.11650123278761439,0.133481287132266,0.8727907506029206,Crescente
3509601,SP,2017,82520,Campo Limpo Paulista,1850600000,66973137,7445,6.2,5.0,0.0,0.0,22426.08,8995.72,0.33597518485138256,0.3359751848513823,0.5876914243661977,1.0,0.33597518485138267,0.5876914243661977,0.571686383230313,Decrescente
3509700,SP,2017,51454,Campos do Jordão,1195953000,64137964,5998,6.9,5.7,0.0,1.1,23243.15,10693.23,0.34684907224397354,0.3468490722440015,0.49252480698178314,1.0,0.3468490722439735,0.49252480698178314,0.7042266040760102,Decrescente
3509957,SP,2017,4975,Canas,129948000,6554051,691,5.9,4.7,0.0,0.7,26120.2,9484.88,0.28336159063063215,0.283361590630268,0.4378252730544336,1.0,0.2833615906306318,0.43782527305443325,0.6472024528273465,Crescente
3510104,SP,2017,2792,Cândido Rodrigues,115154000,3891285,269,7.1,5.7,0.0,0.0,41244.27,14465.74,0.21830308414010363,0.2183030841401129,0.44515410264336597,1.0,0.21830308414010335,0.44515410264336597,0.4903989042082278,Decrescente
3510203,SP,2017,47463,Capão Bonito,839492000,41379836,4778,6.7,4.9,0.0,0.0,17687.29,8660.49,0.4280547449463212,0.4280547449463114,0.645529154571957,1.0,0.42805474494632084,0.6455291545719566,0.6631067580985701,Crescente
3510302,SP,2017,20005,Capela do Alto,282829000,21143090,2593,6.4,5.0,0.0,0.6,14137.92,8153.91,0.4799013904394137,0.47990139043902924,0.6210109872429,1.0,0.4799013904394134,0.6210109872429002,0.7727743957800649,Crescente
3510401,SP,2017,54298,Capivari,1917534000,46145932,4570,6.5,5.6,0.0,0.0,35315.0,10097.58,0.24841856278929356,0.2484185627892953,0.5935580256975295,1.0,0.24841856278929395,0.5935580256975294,0.4185244778677879,Crescente
3510500,SP,2017,116786,Caraguatatuba,2930539000,184212515,12362,6.4,5.2,0.1,0.5,25093.24,14901.51,0.27146809210388995,0.27146809210389083,0.3318137143593324,0.9990000000000034,0.27146809210388995,0.3318137143593324,0.8181340323079832,Decrescente
3510708,SP,2017,12328,Cardoso,259517000,9428876,881,6.8,6.5,0.2,0.0,21051.02,10702.47,0.41375661791714063,0.41375661791716034,0.7065771861027502,1.0,0.41375661791714985,0.7065771861027503,0.5855787959972037,Crescente
3510906,SP,2017,2591,Cássia dos Coqueiros,140370000,4306602,361,5.5,4.7,0.0,0.0,54175.99,11929.65,0.1453242521642002,0.14532425216418854,0.399989687014828,1.0,0.1453242521642002,0.399989687014828,0.3633199976948728,Decrescente
3511102,SP,2017,120691,Catanduva,3948932000,88169042,6178,7.0,5.4,0.0,0.0,32719.36,14271.45,0.2524275138051543,0.25242751380517314,0.42890368532981304,1.0,0.2524275138051553,0.42890368532981304,0.5885412563220243,Decrescente
3511300,SP,2017,8971,Cedral,326781000,10146585,1050,6.8,6.3,0.4,1.5,36426.37,9663.41,0.27044776187341885,0.2704477618733986,0.5181889609724116,0.9960000000000007,0.27044776187342007,0.5181889609724116,0.5219095392651899,Decrescente
3511508,SP,2017,46733,Cerquilho,1780603000,45187938,4208,7.6,6.0,0.0,0.0,38101.62,10738.58,0.269026079656583,0.2690260796565197,0.6530833587621854,1.0,0.2690260796565831,0.6530833587621852,0.4119322228122283,Crescente
3511607,SP,2017,17587,Cesário Lange,417082000,19732461,2480,6.3,5.2,0.0,0.8,23715.36,7956.64,0.34157335831713215,0.3415733583171162,0.5454655675685797,1.0,0.3415733583171326,0.5454655675685796,0.6262051697226282,Crescente
3511706,SP,2017,16772,Charqueada,358822000,15724819,1556,6.7,5.6,0.0,0.0,21394.11,10105.92,0.36519114765258653,0.36519114765258465,0.6047026040529718,1.0,0.3651911476525862,0.6047026040529718,0.6039185960254205,Decrescente
3512001,SP,2017,18376,Colina,953349000,20527236,1939,6.3,4.3,0.0,0.8,51880.12,10586.51,0.1765972524799415,0.1765972524798174,0.2964907767566032,1.0,0.17659725247994118,0.2964907767566031,0.5956247759602812,Crescente
3512100,SP,2017,6225,Colômbia,378779000,10746278,946,6.8,5.1,0.0,1.0,60848.03,11359.7,0.16541002750956413,0.16541002750956157,0.3077683705350885,1.0,0.1654100275095672,0.30776837053508854,0.5374497295546679,Crescente
3512209,SP,2017,27554,Conchal,654583000,23237892,2189,6.5,6.5,0.0,0.0,23756.37,10615.76,0.38041651624347383,0.38041651624347994,0.6556754073389729,1.0,0.3804165162434749,0.6556754073389731,0.580190307559919,Crescente
3512308,SP,2017,17638,Conchas,331222000,18480423,1401,6.1,5.0,0.0,0.0,18778.89,13190.88,0.32699747747413394,0.3269974774741036,0.4495357634865755,1.0,0.3269974774741342,0.44953576348657553,0.727411485435461,Crescente
3512704,SP,2017,4054,Corumbataí,206312000,7173528,546,6.6,4.8,0.0,0.0,50890.97,13138.33,0.1788660117755574,0.1788660117760786,0.4203243717451443,1.0,0.1788660117755571,0.4203243717451441,0.4255428040799152,Crescente
3512803,SP,2017,69086,Cosmópolis,1545884000,55478377,6171,6.8,5.8,0.1,0.4,22376.23,8990.18,0.3755424108229449,0.37554241082294004,0.5181845247035198,0.9989999999999999,0.37554241082294443,0.5181845247035197,0.7247271829235197,Crescente
3512902,SP,2017,7374,Cosmorama,268745000,7761422,651,7.4,5.7,0.0,0.0,36444.94,11922.31,0.2627505654471807,0.26275056544717984,0.5552887821236673,1.0,0.26275056544718006,0.5552887821236673,0.47317823429154743,Decrescente
3513009,SP,2017,237750,Cotia,11654510000,216713190,18950,5.8,3.9,0.2,3.8,49020.02,11436.05,0.16715120565174219,0.1671512056517607,0.2635279668298474,0.998000000000001,0.1671512056517424,0.2635279668298475,0.6342826063681772,Crescente
3513108,SP,2017,34651,Cravinhos,1040651000,26484877,2462,5.6,4.0,0.1,1.6,30032.35,10757.46,0.23476645962143355,0.2347664596214901,0.3505810767404394,0.9990000000000083,0.23476645962143347,0.3505810767404393,0.6696495481279161,Crescente
3513207,SP,2017,8424,Cristais Paulista,199221000,10305373,1077,6.2,4.7,0.0,1.3,23649.22,9568.59,0.3172942574078158,0.31729425740783324,0.4489701813328525,1.0,0.3172942574078159,0.4489701813328525,0.7067156586343175,Decrescente
3513405,SP,2017,81724,Cruzeiro,2115558000,47386370,4914,6.2,5.1,0.2,1.6,25886.62,9643.14,0.29825618542408383,0.29825618542405485,0.42049122302150077,0.9980000000000006,0.29825618542408455,0.420491223021501,0.7093041878042559,Crescente
3513504,SP,2017,128748,Cubatão,11679715000,182451055,10165,6.2,4.8,0.3,0.7,90717.64,17948.95,0.1000143982631031,0.10001439826311047,0.17245726688549365,0.9969999999999984,0.10001439826310321,0.17245726688549354,0.5799372799379315,Crescente
3513702,SP,2017,33346,Descalvado,1621673000,26404686,2722,6.7,4.9,0.1,1.1,48631.71,9700.47,0.20128402853492763,0.2012840285349392,0.32763877269434827,0.9990000000000001,0.20128402853492883,0.32763877269434827,0.6143474011932769,Decrescente
3513900,SP,2017,11384,Divinolândia,299208000,8565537,881,6.7,5.0,0.2,4.5,26283.2,9722.52,0.31770491861725364,0.3177049186170419,0.4133307790047117,0.9979999999999594,0.31770491861725336,0.4133307790047113,0.768645682236096,Crescente
3514106,SP,2017,26891,Dois Córregos,694191000,19532077,2172,6.3,6.0,0.0,0.0,25814.99,8992.67,0.3438316410943488,0.3438316410943363,0.694892696135193,1.0,0.34383164109434844,0.694892696135193,0.4947981796421927,Decrescente
3514304,SP,2017,8909,Dourado,622089000,7269258,725,5.9,5.2,0.0,1.8,69827.03,10026.56,0.13083637731556905,0.13083637731584988,0.32317744806912885,1.0,0.13083637731556996,0.32317744806912896,0.40484377266195465,Crescente
3514601,SP,2017,9468,Dumont,241740000,8711254,1074,7.1,5.2,0.0,0.2,25532.32,8111.04,0.36291811154589315,0.3629181115459357,0.5710603676352779,1.0,0.36291811154589415,0.5710603676352781,0.6355161942838239,Crescente
3514908,SP,2017,17393,Elias Fausto,679147000,19697788,2190,6.9,5.2,0.0,0.0,39047.15,8994.42,0.25036108566531257,0.2503610856653544,0.6552604281321545,1.0,0.25036108566531046,0.6552604281321545,0.3820787505495741,Decrescente
3514924,SP,2017,3537,Elisiário,68566000,3748799,348,7.1,5.5,0.0,0.0,19385.35,10772.41,0.3942162149352916,0.3942162149352959,0.5817087355568789,1.0,0.39421621493529174,0.581708735556879,0.677686599562412,Crescente
3515004,SP,2017,267054,Embu das Artes,11771685000,159599478,13358,6.2,5.3,0.1,0.0,44079.79,11947.86,0.19182870150487527,0.1918287015048725,0.46346138592064823,1.0,0.19182870150487516,0.46346138592064823,0.413904388439643,Decrescente
3515103,SP,2017,68270,Embu-Guaçu,1025718000,45676763,2335,6.1,4.9,0.2,0.0,15024.43,19561.78,0.33002708652961094,0.3300270865295479,0.4087599913356706,1.0,0.33002708652961094,0.4087599913356705,0.8073859808324421,Crescente
3515129,SP,2017,3197,Emilianópolis,62547000,3896309,293,6.4,5.2,0.0,0.0,19564.28,13297.98,0.3309563401876166,0.33095634018761866,0.45167011088442033,1.0,0.33095634018761655,0.4516701108844203,0.7327390770657091,Crescente
3515608,SP,2017,5782,Fernando Prestes,200351000,6059515,639,6.3,5.8,0.0,0.0,34650.81,9482.81,0.26024403319713085,0.26024403319712003,0.6393075396242329,1.0,0.26024403319713135,0.6393075396242329,0.40707174101230686,Decrescente
3515806,SP,2017,1571,Flora Rica,39446000,2846241,176,5.7,4.6,0.0,0.0,25108.85,16171.82,0.2407699335018035,0.24076993350179574,0.34565538071391794,1.0,0.24076993350180337,0.3456553807139179,0.6965606408455624,Crescente
3516903,SP,2017,10951,General Salgado,260507000,8893016,913,6.5,5.4,0.0,0.3,23788.42,9740.43,0.33125838399126023,0.3312583839912697,0.5204815530430782,1.0,0.3312583839912604,0.5204815530430782,0.6364459644237253,Decrescente
3517505,SP,2017,20637,Guapiaçu,556083000,18729336,2167,6.4,5.3,0.0,0.0,26945.92,8642.98,0.3094173361373096,0.3094173361373227,0.6548001962285197,1.0,0.3094173361373112,0.6548001962285197,0.4725370241479365,Decrescente
3517604,SP,2017,17640,Guapiara,316806000,15801517,1539,6.1,5.0,0.0,0.4,17959.52,10267.39,0.36811729459196635,0.368117294591961,0.5057676337304277,1.0,0.3681172945919666,0.5057676337304278,0.7278387742545257,Crescente
3517703,SP,2017,21081,Guará,430888000,23546101,2343,6.5,4.3,0.1,1.3,20439.64,10049.55,0.35868701352034577,0.3586870135198214,0.44265491582414096,0.9990000000000746,0.3586870135203459,0.4426549158241411,0.8103084382391583,Crescente
3517901,SP,2017,10964,Guaraci,387650000,12639953,1242,6.3,4.7,0.0,1.0,35356.62,10177.1,0.23898422847028705,0.23898422848406073,0.37404717911517316,1.0,0.23898422847028614,0.374047179115173,0.6389146658868432,Crescente
3518404,SP,2017,120417,Guaratinguetá,5069867000,81413805,7786,6.3,4.7,0.2,1.4,42102.59,10456.44,0.2083244834105521,0.20832448341050575,0.31878184088823536,0.9980000000000117,0.20832448341055254,0.31878184088823547,0.6535017265415394,Crescente
3518602,SP,2017,39216,Guariba,865122000,37911583,4698,6.3,5.0,0.1,0.3,22060.43,8069.73,0.35740899218254873,0.35740899218259237,0.5244328630695649,0.9990000000000183,0.35740899218254873,0.5244328630695653,0.6815152469480906,Crescente
3518701,SP,2017,315563,Guarujá,8408710000,345331725,20419,6.2,5.2,0.0,0.1,26646.69,16912.27,0.24571146163505295,0.24571146163506066,0.3392592762176194,1.0,0.24571146163505325,0.33925927621761937,0.7242586389220503,Crescente
3518859,SP,2017,7546,Guatapará,218724000,9950164,1029,5.6,4.1,0.0,3.8,28985.42,9669.74,0.24856936294408521,0.2485693629441084,0.39602665386272573,1.0,0.24856936294408497,0.3960266538627257,0.6276581652260369,Crescente
3519055,SP,2017,14012,Holambra,938291000,18673730,1485,7.3,5.0,0.2,0.0,66963.39,12574.9,0.16117470804530565,0.16117470804531817,0.47714333290680755,1.0,0.16117470804530482,0.47714333290680755,0.3377909674717916,Decrescente
3519071,SP,2017,222186,Hortolândia,12411319000,165507413,13127,6.9,5.2,0.0,0.0,55860.04,12608.17,0.17580590231844434,0.17580590231848064,0.4674498757551526,1.0,0.1758059023184527,0.4674498757551524,0.3760957301238655,Crescente
3519402,SP,2017,12096,Ibirá,249562000,12164962,1195,7.5,6.1,0.0,0.0,20631.78,10179.88,0.41222931335048196,0.4122293133504805,0.7015584482655027,1.0,0.4122293133504801,0.7015584482655027,0.5875908334788879,Decrescente
3519600,SP,2017,58715,Ibitinga,1498941000,38064964,2019,6.3,5.3,0.1,0.4,25529.1,18853.37,0.24591707044290634,0.24591707044290625,0.28027094406460384,0.9990000000000006,0.2459170704429063,0.280270944064604,0.8774262036460734,Crescente
3519808,SP,2017,8112,Icém,181695000,9099464,849,5.9,4.3,0.0,0.2,22398.3,10717.86,0.30033126227044166,0.3003312622704453,0.441082878128717,1.0,0.3003312622704416,0.4410828781287169,0.6808953082572361,Crescente
3520103,SP,2017,30073,Igarapava,1087990000,27464463,2488,5.8,4.0,0.1,2.1,36178.3,11038.77,0.21162728008732506,0.21162728008732126,0.3207537250924132,0.9990000000000003,0.21162728008732426,0.3207537250924132,0.6597812076113928,Decrescente
3520400,SP,2017,33354,Ilhabela,6166979000,75905995,4060,6.5,5.1,0.0,0.1,184894.74,18696.06,0.05703110000561756,0.05703110000562126,0.24223738033156542,1.0,0.05703110000561227,0.24223738033156544,0.23543476208153977,Crescente
3520426,SP,2017,10656,Ilha Comprida,693559000,16847122,1551,6.8,5.2,0.0,0.0,65086.24,10862.1,0.1578392976668629,0.1578392976668182,0.5367675219341326,1.0,0.1578392976668647,0.5367675219341325,0.2940552310209103,Crescente
3520905,SP,2017,14766,Ipaussu,383774000,14763012,1738,6.7,5.0,0.0,0.2,25990.38,8494.25,0.3336810940824483,0.3336810940823216,0.5327307411749062,1.0,0.3336810940824477,0.5327307411749062,0.6263597504182589,Decrescente
3521002,SP,2017,34913,Iperó,590074000,34781184,4054,5.9,4.7,0.0,0.1,16901.27,8579.47,0.3897139065817251,0.389713906581713,0.5921156523123463,1.0,0.3897139065817252,0.5921156523123465,0.6581719383025996,Crescente
3521309,SP,2017,15932,Ipuã,399547000,20238446,1584,6.3,4.8,0.0,2.1,25078.27,12776.8,0.2798092817801354,0.2798092817801406,0.3647341168983563,1.0,0.2798092817801356,0.3647341168983562,0.7671596070024685,Crescente
3521903,SP,2017,15246,Itajobi,1302755000,15437694,1467,7.5,5.8,0.0,0.4,85448.97,10523.31,0.13895307069737678,0.13895307069747015,0.394162102988509,1.0,0.1389530706973744,0.394162102988509,0.35252772817032507,Decrescente
3522109,SP,2017,98629,Itanhaém,1849471000,120472992,12082,6.5,5.0,0.0,0.2,18751.8,9971.28,0.3797278170919078,0.37972781709193454,0.5289147320435493,1.0,0.37972781709190756,0.5289147320435492,0.7179376827428624,Crescente
3522406,SP,2017,93570,Itapeva,2381115000,88090846,10254,6.7,5.3,0.1,0.5,25447.42,8590.88,0.3376238192878149,0.33762381928782387,0.4864377593005722,0.9990000000000003,0.33762381928781593,0.4864377593005719,0.6940740368783656,Crescente
3522703,SP,2017,42747,Itápolis,1363657000,27570012,821,8.0,6.4,0.0,0.0,31900.65,33581.01,0.20716034680731416,0.20716034680730847,1.0,1.0,0.20716034680731366,1.0,0.20716034680731416,Decrescente
3523206,SP,2017,50379,Itararé,884729000,33213850,3571,6.5,3.9,0.1,3.1,17561.46,9300.99,0.40546501893360565,0.4054650189335867,0.4863371465961429,0.9989999999999972,0.4054650189336062,0.48633714659614236,0.8337118021344688,Crescente
3523404,SP,2017,116503,Itatiba,5506722000,116572355,10333,7.0,5.9,0.0,0.4,47266.78,11281.56,0.20817979887088336,0.20817979887088842,0.41306153523953065,1.0,0.2081797988708788,0.4130615352395312,0.5039922169227444,Crescente
3523503,SP,2017,20158,Itatinga,326147000,20445823,2007,6.6,4.8,0.1,2.0,16179.53,10187.26,0.41593557761081956,0.41593557761081934,0.4698832119983661,0.9990000000000001,0.41593557761081923,0.4698832119983662,0.8851892704186799,Crescente
3523602,SP,2017,17589,Itirapina,384292000,16750496,1185,6.8,5.3,0.0,0.0,21848.43,14135.44,0.3141549986565047,0.31415499865654456,0.42750429361557407,1.0,0.31415499865650487,0.42750429361557407,0.7348581133526655,Decrescente
3524105,SP,2017,41414,Ituverava,1557919000,34353482,3165,5.2,3.5,0.3,1.4,37618.17,10854.18,0.1852787028427806,0.18527870284277959,0.30319703089508465,0.9970000000000018,0.18527870284278053,0.30319703089508504,0.6110835000455287,Crescente
3524204,SP,2017,6917,Jaborandi,145282000,7236374,754,6.6,5.3,0.0,0.0,21003.61,9597.31,0.3649527643253004,0.36495276432530416,0.6028725757529988,1.0,0.3649527643253005,0.6028725757529988,0.6053563870764361,Decrescente
3524303,SP,2017,76563,Jaboticabal,2743497000,47948463,3985,6.3,5.5,0.0,0.0,35833.2,12032.24,0.23041420668498128,0.2304142066849811,0.480597858082114,1.0,0.23041420668498175,0.4805978580821137,0.47943244608804136,Crescente
3524709,SP,2017,54204,Jaguariúna,11282723000,83886614,5627,7.4,6.4,0.0,0.0,208152.96,14907.88,0.06517401167320072,0.0651740116730587,0.6580447414959577,1.0,0.06517401167320068,0.6580447414959577,0.09904191548592609,Decrescente
3524907,SP,2017,6305,Jambeiro,217160000,10218976,799,6.1,4.5,0.0,0.0,34442.51,12789.71,0.22046041259670648,0.2204604125966986,0.40510440649459273,1.0,0.22046041259670643,0.4051044064945925,0.5442064047250722,Crescente
3525102,SP,2017,42904,Jardinópolis,1109818000,42829657,4582,6.0,4.9,0.2,1.0,25867.47,9347.37,0.2915685771516549,0.2915685771516475,0.42826849170656406,0.9979999999999952,0.2915685771516547,0.42826849170656445,0.680807910920116,Crescente
3525300,SP,2017,146338,Jaú,4582888000,85865569,7165,6.4,5.3,0.0,0.0,31317.14,11984.03,0.2523500081837189,0.25235000818372705,0.47224723235835503,1.0,0.2523500081837191,0.4722472323583549,0.5343599515099504,Crescente
3525409,SP,2017,3202,Jeriquara,81958000,5782983,518,6.6,5.2,0.0,1.0,25595.88,11164.06,0.30437001931786567,0.30437001931782653,0.42340037166936123,1.0,0.3043700193178655,0.4234003716693613,0.7188704585161586,Crescente
3525508,SP,2017,12947,Joanópolis,203316000,12670277,1510,7.1,5.6,0.0,0.0,15703.72,8390.91,0.49457927271551977,0.49457927271547136,0.7565886775093477,1.0,0.4945792727155194,0.7565886775093477,0.6536963708519273,Decrescente
3525706,SP,2017,36198,José Bonifácio,1380626000,26895730,1473,6.3,5.0,0.0,0.0,38140.95,18259.15,0.18853712931030026,0.18853712931033928,0.29487218037976815,1.0,0.18853712931030034,0.29487218037976815,0.6393859504395493,Decrescente
3526407,SP,2017,27890,Laranjal Paulista,990804000,24588095,2625,6.0,4.2,0.5,0.6,35525.42,9366.89,0.23171984870958828,0.23171984870956305,0.3691924541432895,0.9949999999999999,0.2317198487095874,0.36919245414328944,0.6276397204468706,Crescente
3526506,SP,2017,11156,Lavínia,147649000,5902494,533,7.0,5.2,0.0,0.0,13234.94,11074.1,0.47805416803529677,0.47805416803529455,0.5780056832336713,1.0,0.47805416803529743,0.578005683233671,0.8270752034146229,Crescente
3526605,SP,2017,7150,Lavrinhas,100542000,7432100,830,5.8,4.0,0.4,0.9,14061.82,8954.34,0.4340640637446484,0.43406406374464257,0.5112259048842147,0.996000000000005,0.43406406374464845,0.5112259048842152,0.8490650798358069,Crescente
3526803,SP,2017,67185,Lençóis Paulista,2589639000,55655329,4965,6.6,5.4,0.0,0.6,38544.9,11209.53,0.22910302631937093,0.22910302631936708,0.39149492605196895,1.0,0.2291030263193705,0.391494926051969,0.5852004996073913,Crescente
3527009,SP,2017,7695,Lindóia,173414000,9204785,818,6.0,3.9,0.0,0.0,22535.93,11252.79,0.29870370424293785,0.29870370424294207,0.47353572835632024,1.0,0.2987037042429378,0.4735357283563203,0.630794439270215,Crescente
3527207,SP,2017,87980,Lorena,2595033000,51656946,5817,5.7,5.0,0.3,1.7,29495.71,8880.34,0.2604099148043328,0.2604099148043279,0.40624184299451,0.9969999999999984,0.26040991480433207,0.4062418429945099,0.6410218919961231,Crescente
3527405,SP,2017,21461,Lucélia,424803000,14101259,1514,7.3,5.6,0.0,0.0,19794.18,9313.91,0.4233716499882702,0.4233716499883578,0.6951964856864656,1.0,0.42337164998827115,0.6951964856864656,0.6089956705840013,Decrescente
3527603,SP,2017,14021,Luís Antônio,1399477000,18531400,1657,5.7,4.4,0.0,0.1,99812.92,11183.71,0.09152013435217422,0.09152013435217382,0.3509078179536774,1.0,0.0915201343521711,0.3509078179536772,0.2608096191355178,Crescente
3528403,SP,2017,46567,Mairinque,1704623000,62144675,6706,5.8,4.7,0.0,0.0,36605.82,9267.03,0.21957501585336434,0.21957501585337563,0.5370061847476965,1.0,0.21957501585336386,0.5370061847476966,0.40888731282774343,Crescente
3529203,SP,2017,26123,Martinópolis,505031000,18567473,1475,7.0,5.3,0.0,0.0,19332.81,12588.12,0.3640176567708937,0.3640176567708789,0.4838051430983934,1.0,0.36401765677089337,0.48380514309839323,0.752405512764179,Crescente
3529302,SP,2017,82307,Matão,4043395000,65797919,2655,7.1,5.8,0.0,0.0,49125.77,24782.64,0.163101828589161,0.16310182858916147,0.26360137155432656,1.0,0.16310182858916134,0.26360137155432656,0.6187442334894937,Decrescente
3529401,SP,2017,462005,Mauá,16515697000,154147051,2742,5.6,4.3,0.3,2.0,35747.88,56217.01,0.12309765150004254,0.12309765150004272,0.13438125782090465,0.9969999999999947,0.12309765150004243,0.13438125782090465,0.916032886551038,Decrescente
3529708,SP,2017,21973,Miguelópolis,1121579000,18781851,2281,5.4,4.0,0.3,2.2,51043.51,8234.04,0.16076289534405647,0.16076289534406712,0.29203689170037417,0.9969999999999956,0.16076289534405702,0.29203689170037406,0.5504883112815657,Crescente
3530508,SP,2017,68994,Mococa,2206331000,46341905,2323,6.3,5.8,0.2,0.5,31978.59,19949.16,0.2275797832580443,0.22757978325805833,0.25972476692299395,0.9979999999999988,0.22757978325804493,0.25972476692299395,0.8762344306021445,Decrescente
3530607,SP,2017,433901,Mogi das Cruzes,14711581000,274984047,24739,6.8,5.7,0.1,0.0,33905.39,11115.41,0.259707567095139,0.2597075670951312,0.5634626857605155,1.0,0.2597075670951397,0.5634626857605155,0.460913515053099,Decrescente
3530706,SP,2017,149396,Mogi Guaçu,5602515000,144103588,11934,6.8,5.9,0.2,0.9,37501.1,12075.05,0.23922760662661824,0.2392276066266109,0.3696219762386617,0.9979999999999999,0.23922760662661668,0.36962197623866166,0.6472223569091873,Crescente
3530805,SP,2017,92365,Mogi Mirim,4415823000,82324392,5707,6.6,5.4,0.0,0.2,47808.4,14425.16,0.18289023029075316,0.18289023029076704,0.3245914256529062,1.0,0.18289023029075255,0.3245914256529062,0.5634475091967533,Decrescente
3530904,SP,2017,3470,Mombuca,92656000,4457896,541,6.6,4.7,0.0,0.0,26702.02,8240.1,0.325249272227999,0.32524927222879063,0.6701812238965932,1.0,0.32524927222799926,0.6701812238965935,0.48531540519282573,Crescente
3531100,SP,2017,54257,Mongaguá,1013267000,68639856,7763,6.1,4.8,0.0,1.2,18675.32,8841.92,0.3743028468730475,0.37430284687307075,0.5145907643126085,1.0,0.3743028468730475,0.5145907643126083,0.7273796438477517,Crescente
3531209,SP,2017,7871,Monte Alegre do Sul,165430000,7564562,898,6.3,4.7,0.0,0.0,21017.66,8423.79,0.36389123837441256,0.3638912383744573,0.6312651251378305,1.0,0.3638912383744127,0.6312651251378306,0.5764475556842468,Crescente
3531308,SP,2017,49979,Monte Alto,1785482000,34280094,2686,6.6,5.3,0.0,0.0,35724.64,12762.51,0.23297150335451827,0.23297150335452171,0.45335557033839674,1.0,0.23297150335451844,0.45335557033839674,0.5138825209109532,Decrescente
3531407,SP,2017,24393,Monte Aprazível,758349000,19014204,1770,6.6,5.1,0.2,0.0,31088.8,10742.49,0.270265229939585,0.2702652299395747,0.5233265285795057,1.0,0.27026522993958624,0.5233265285795056,0.5164370907646914,Crescente
3531506,SP,2017,19234,Monte Azul Paulista,584605000,15985750,1281,6.8,5.2,0.1,0.6,30394.35,12479.12,0.2694874448221583,0.26948744482215675,0.3544248286855139,0.9990000000000017,0.26948744482215886,0.354424828685514,0.7603514850289405,Crescente
3531803,SP,2017,57240,Monte Mor,2971932000,62978215,6830,6.4,5.3,0.1,0.0,51920.55,9220.82,0.18416342513459547,0.1841634251346011,0.6137659123593256,1.0,0.1841634251345944,0.6137659123593255,0.3000548277871419,Crescente
3531902,SP,2017,32220,Morro Agudo,1417196000,33143006,2923,6.0,5.3,0.0,0.2,43984.98,11338.7,0.1905919613287586,0.19059196132877523,0.3859627196305038,1.0,0.19059196132875852,0.38596271963050366,0.49380925057015673,Crescente
3532009,SP,2017,13232,Morungaba,447153000,11824183,1213,6.2,5.2,0.0,1.7,33793.3,9747.88,0.24613702182246394,0.2461370218224458,0.42683812411538413,1.0,0.2461370218224653,0.42683812411538397,0.5766519153662278,Crescente
3532058,SP,2017,4676,Motuca,85742000,4524648,523,6.8,5.3,0.4,0.4,18336.61,8651.33,0.4254313670504548,0.42543136705057033,0.5368650345916862,0.9960000000000119,0.4254313670504542,0.5368650345916862,0.7924363473848087,Decrescente
3532207,SP,2017,4746,Narandiba,217325000,8632023,623,6.8,5.0,0.3,0.0,45791.19,13855.57,0.19648400029248264,0.19648400029248983,0.4089544854524451,1.0,0.19648400029248284,0.40895448545244517,0.48045444488792777,Crescente
3532801,SP,2017,6733,Nova Aliança,194162000,6579690,441,5.4,3.6,0.0,1.4,28837.37,14919.93,0.2138720082714105,0.21387200827140906,0.2917293543218363,1.0,0.2138720082714102,0.29172935432183617,0.7331178885600472,Crescente
3532827,SP,2017,9504,Nova Campina,235967000,10090291,1266,6.1,4.8,0.0,0.0,24828.18,7970.21,0.3196825705571132,0.31968257055712296,0.6500666706131741,1.0,0.31968257055711335,0.6500666706131741,0.49176889849709293,Decrescente
3532900,SP,2017,10755,Nova Europa,328378000,10506122,1129,6.4,5.0,0.0,1.5,30532.59,9305.69,0.2767858878381164,0.2767858878376412,0.4366031943296369,1.0,0.27678588783811703,0.4366031943296371,0.6339529610247013,Crescente
3533205,SP,2017,3745,Nova Independência,146415000,6143738,523,6.2,4.9,0.0,2.7,39096.13,11747.11,0.2102322645582136,0.21023226455821975,0.3389955624392456,1.0,0.21023226455821387,0.3389955624392454,0.6201622907553286,Crescente
3533254,SP,2017,5527,Novais,61366000,5566088,559,6.5,4.7,0.0,0.4,11102.95,9957.22,0.5293467761849899,0.5293467761849705,0.5740228983357202,1.0,0.5293467761849912,0.5740228983357203,0.9221701394138441,Crescente
3533502,SP,2017,40225,Novo Horizonte,1318549000,34679029,3676,7.7,7.2,0.0,0.6,32779.34,9433.9,0.3382422609022514,0.3382422609021883,0.6997922386287758,1.0,0.3382422609022795,0.6997922386287756,0.4833466881042123,Crescente
3533601,SP,2017,7341,Nuporanga,576476000,8464290,806,6.9,5.6,0.0,3.4,78528.27,10501.6,0.13751023944596674,0.13751023944596466,0.36159592007748353,1.0,0.1375102394459646,0.3615959200774831,0.38028703259843405,Crescente
3534203,SP,2017,6731,Orindiúva,494190000,8590113,732,7.2,5.8,0.0,0.0,73420.0,11735.13,0.14925409123734207,0.1492540912373372,0.5616917869978155,1.0,0.14925409123733707,0.5616917869978152,0.26572240273458464,Crescente
3534302,SP,2017,43306,Orlândia,1783973000,46255626,3958,6.3,5.2,0.2,2.0,41194.59,11686.62,0.20599949355721278,0.20599949355705927,0.31726518604459,0.9979999999999908,0.20599949355721137,0.3172651860445896,0.6492975044802446,Crescente
3534500,SP,2017,2616,Oscar Bressane,86476000,3241668,258,7.1,6.1,0.0,0.0,33056.57,12564.6,0.27047261605442263,0.27047261605442496,0.5421980049211033,1.0,0.270472616054423,0.5421980049211033,0.49884472757102793,Decrescente
3534708,SP,2017,111813,Ourinhos,3007051000,72693734,6805,6.8,5.4,0.0,0.1,26893.57,10682.4,0.3081817249765633,0.3081817249765456,0.48990156832602966,1.0,0.3081817249765631,0.48990156832602966,0.6290686637922095,Decrescente
3534807,SP,2017,8440,Ouro Verde,114284000,8073967,984,6.8,5.0,0.0,0.0,13540.76,8205.25,0.5207485365978316,0.5207485365978282,0.7122129498577181,1.0,0.5207485365978315,0.7122129498577181,0.7311697108313796,Decrescente
3535002,SP,2017,12542,Palestina,383000000,11007137,1092,6.3,4.9,0.0,0.0,30537.39,10079.8,0.26626435373186785,0.26626435373183155,0.527554599147275,1.0,0.26626435373186835,0.5275545991472748,0.5047143066561269,Crescente
3535507,SP,2017,45255,Paraguaçu Paulista,1235308000,45397128,3749,6.6,5.3,0.0,0.0,27296.61,12109.13,0.28381253613890206,0.28381253613890517,0.47781756410236975,1.0,0.2838125361389022,0.47781756410236975,0.5939767757848617,Decrescente
3535705,SP,2017,6369,Paraíso,253743000,6796056,709,6.6,6.0,0.0,0.0,39840.32,9585.41,0.23955978245570683,0.23955978245573334,0.6703213987295217,1.0,0.2395597824557144,0.6703213987295217,0.3573804788415691,Decrescente
3535804,SP,2017,19730,Paranapanema,594063000,22440893,2180,6.1,5.0,0.1,0.1,30109.63,10293.99,0.25900780283118596,0.25900780283123226,0.4358479275409453,0.9989999999999992,0.2590078028311871,0.4358479275409452,0.5942618662718173,Crescente
3536109,SP,2017,6259,Pardinho,294485000,9323255,929,6.4,3.9,0.0,3.4,47049.85,10035.8,0.19599539037262437,0.19599539037260763,0.31948582932119685,1.0,0.19599539037262392,0.3194858293211966,0.6134713104147705,Crescente
3536505,SP,2017,102499,Paulínia,35540436000,328013155,8232,6.6,4.9,0.1,1.8,346739.34,39846.11,0.03040813449683157,0.030408134496831055,0.06476100529715176,0.9989999999999957,0.030408134496830816,0.0647610052971518,0.46954389230534294,Crescente
3536802,SP,2017,6078,Pedra Bela,80217000,6408430,675,6.4,4.8,0.0,2.0,13197.93,9493.97,0.4720370776983275,0.47203707769832154,0.5381637171489158,1.0,0.4720370776983275,0.5381637171489156,0.8771254223511871,Crescente
3537602,SP,2017,66572,Peruíbe,1331036000,57580991,5172,6.0,4.3,0.2,0.6,19993.93,11133.22,0.3239240717914688,0.32392407179147403,0.41190343606101076,0.998000000000001,0.3239240717914686,0.4119034360610107,0.7864077922950113,Crescente
3538105,SP,2017,16656,Pindorama,348853000,14216305,1380,6.3,5.4,0.1,0.6,20944.58,10301.67,0.35098577196204245,0.3509857719620317,0.4623995521873119,0.9989999999999992,0.3509857719620427,0.462399552187312,0.7590530101116162,Crescente
3538204,SP,2017,14763,Pinhalzinho,251348000,14440185,1567,6.4,5.6,0.0,0.0,17025.54,9215.18,0.4323909014747107,0.4323909014747167,0.6561229151347704,1.0,0.4323909014747104,0.6561229151347706,0.6590089928285705,Crescente
3539103,SP,2017,18174,Pirapora do Bom Jesus,401310000,21847982,2860,5.4,4.2,0.1,0.1,22081.55,7639.15,0.3112130347930871,0.31121303479308166,0.5598376090609364,0.9989999999999986,0.3112130347930873,0.5598376090609362,0.5558987637774307,Crescente
3539509,SP,2017,38889,Pitangueiras,1001260000,27726716,2766,6.7,5.1,0.0,0.0,25746.61,10024.12,0.3190017736672908,0.3190017736672483,0.5671415545702791,1.0,0.31900177366729154,0.5671415545702793,0.5624729330739963,Crescente
3539806,SP,2017,115488,Poá,4159458000,132596399,10879,6.7,6.0,0.2,0.0,36016.37,12188.29,0.24804572077276235,0.24804572077283718,0.5319937156246309,1.0,0.24804572077276188,0.5319937156246309,0.46625686260508525,Decrescente
3540200,SP,2017,47638,Pontal,1220293000,29109539,3315,6.5,4.9,0.3,1.8,25615.96,8781.16,0.323819378425125,0.32381937842506775,0.426746532140958,0.997000000000006,0.32381937842512354,0.4267465321409578,0.7588096306267457,Crescente
3540606,SP,2017,52507,Porto Feliz,2046786000,61388043,5155,6.5,5.3,0.0,0.5,38981.2,11908.45,0.22014247197548795,0.22014247197550335,0.3695880732127686,1.0,0.22014247197548736,0.36958807321276854,0.5956427924251599,Crescente
3540705,SP,2017,55432,Porto Ferreira,1972527000,45367212,4167,6.5,5.3,0.0,0.1,35584.63,10887.26,0.24105491554710487,0.24105491554712036,0.43761186167821314,1.0,0.2410549155471046,0.43761186167821314,0.5508418227574429,Decrescente
3540754,SP,2017,23360,Potim,200067000,14114900,1918,5.9,4.2,0.1,1.4,8564.51,7359.18,0.6563936990261412,0.6563936990261477,0.6975079194316344,0.9989999999999999,0.6563936990261423,0.6975079194316338,0.9410555503957644,Crescente
3540804,SP,2017,17002,Potirendaba,551483000,13519822,1798,6.6,4.7,0.0,0.0,32436.36,7519.37,0.2878677449837363,0.2878677449846547,0.734417950311036,1.0,0.2878677449837373,0.734417950311036,0.3919671964197231,Decrescente
3540903,SP,2017,20516,Pradópolis,952646000,24520371,2004,6.2,4.7,0.0,2.3,46434.3,12235.71,0.1832190073286231,0.18321900732843432,0.30045897595592325,1.0,0.1832190073286223,0.3004589759559232,0.6097970837639444,Crescente
3541000,SP,2017,310024,Praia Grande,6693375000,371590561,30307,6.4,5.4,0.4,1.0,21589.86,12260.88,0.32695577464522474,0.32695577464521963,0.38103579525946824,0.9960000000000007,0.3269557746452246,0.38103579525946824,0.8580710230191958,Decrescente
3541208,SP,2017,13420,Presidente Bernardes,254193000,10144721,1005,6.2,5.2,0.0,0.9,18941.36,10094.25,0.3678137212838322,0.367813721283829,0.4911640530447926,1.0,0.3678137212838324,0.49116405304479266,0.748861238935759,Crescente
3541653,SP,2017,3680,Quadra,100880000,5616658,598,5.9,5.2,0.0,0.4,27413.04,9392.4,0.2821233019465827,0.28212330194660096,0.48680881474275484,1.0,0.2821233019465824,0.48680881474275484,0.5795361410940465,Decrescente
3541901,SP,2017,12949,Queluz,333848000,11126620,1129,5.3,4.3,0.4,2.4,25781.76,9855.29,0.25382469351385334,0.2538246935138535,0.3611340045014181,0.9960000000000043,0.25382469351385345,0.36113400450141786,0.7028545923397159,Crescente
3542701,SP,2017,7384,Restinga,165190000,9596525,1112,6.2,4.7,0.2,0.2,22371.34,8629.97,0.34074844470681454,0.3407484447068528,0.5000457123798814,0.9980000000000006,0.3407484447068145,0.5000457123798812,0.6814345894199973,Crescente
3542909,SP,2017,13060,Ribeirão Bonito,273959000,11494627,1367,6.1,4.5,0.0,0.2,20976.95,8408.65,0.353006295287382,0.3530062952874087,0.542558063694872,1.0,0.3530062952873815,0.5425580636948723,0.6506332112794998,Crescente
3543105,SP,2017,4644,Ribeirão Corrente,87934000,7093658,662,6.5,5.1,0.0,0.0,18934.97,10715.5,0.36682645802695685,0.36682645802696023,0.5336209922428168,1.0,0.36682645802695674,0.5336209922428167,0.6874288368701162,Crescente
3543303,SP,2017,121848,Ribeirão Pires,2979802000,63002589,3398,7.0,5.7,0.0,0.0,24455.08,18541.08,0.2773770205197029,0.27737702051970303,0.35190249020625447,1.0,0.27737702051970253,0.35190249020625447,0.788221249463534,Decrescente
3543402,SP,2017,682302,Ribeirão Preto,32670177000,373529940,21946,6.2,5.0,0.5,1.6,47882.28,17020.41,0.16354901689433254,0.16354901689432425,0.21826702570126605,0.9950000000000038,0.1635490168943326,0.2182670257012661,0.7493070305460432,Crescente
3544004,SP,2017,33935,Rio das Pedras,1438219000,29724402,3362,6.2,5.0,0.0,0.0,42381.58,8841.29,0.21177445440526987,0.211774454405273,0.5979565764724437,1.0,0.21177445440526946,0.5979565764724437,0.3541636010671576,Decrescente
3544301,SP,2017,10512,Roseira,286812000,11795896,1363,6.7,5.3,0.0,0.0,27284.25,8654.36,0.32062213241700416,0.3206221324169773,0.6758697350237765,1.0,0.3206221324170043,0.6758697350237765,0.4743845090292806,Decrescente
3545209,SP,2017,116191,Salto,6784937000,73896602,3875,6.8,6.2,0.2,0.0,58394.69,19070.09,0.159321134569905,0.15932113456990749,0.35287671436026363,1.0,0.15932113456990477,0.35287671436026363,0.4514923430375423,Decrescente
3545308,SP,2017,44397,Salto de Pirapora,1594546000,33900630,2755,6.7,5.7,0.1,0.8,35915.62,12305.13,0.23995803156500467,0.23995803156500198,0.3542743113865213,0.9989999999999997,0.23995803156500511,0.35427431138652127,0.6773226955854696,Crescente
3545506,SP,2017,4174,Sandovalina,392449000,7131845,527,5.7,4.9,0.3,1.1,94022.28,13532.91,0.09383940559176605,0.09383940559173082,0.19547142256695735,0.9970000000000053,0.09383940559176655,0.1954714225669576,0.48006713390353534,Crescente
3545605,SP,2017,15331,Santa Adélia,325878000,13841592,1155,6.8,4.8,0.0,0.0,21256.15,11984.06,0.3416980688941478,0.34169806889414495,0.47699783885801345,1.0,0.3416980688941477,0.4769978388580134,0.716351398388327,Crescente
3546009,SP,2017,14667,Santa Branca,234318000,16504221,1765,6.7,4.6,0.0,0.0,15975.86,9350.83,0.4408193327592834,0.4408193327592818,0.6129871798608882,1.0,0.4408193327592836,0.6129871798608877,0.7191330377567167,Crescente
3546256,SP,2017,2110,Santa Cruz da Esperança,56034000,4075095,258,5.9,5.8,0.0,0.0,26556.4,15794.94,0.27850583521053396,0.27850583521052336,0.40628539164997224,1.0,0.2785058352105373,0.4062853916499723,0.6854931064085011,Crescente
3546405,SP,2017,47148,Santa Cruz do Rio Pardo,2043559000,37048507,2369,6.9,5.9,0.0,1.3,43343.49,15638.88,0.2026845116959627,0.20268451169592902,0.3318293542815232,1.0,0.20268451169596324,0.3318293542815232,0.6108094690260755,Decrescente
3546603,SP,2017,31802,Santa Fé do Sul,1042828000,41881452,2564,7.0,5.9,0.0,0.0,32791.27,16334.42,0.2458862188268262,0.24588621882682213,0.4020469680030349,1.0,0.24588621882682582,0.40204696800303485,0.6115858056289833,Crescente
3546702,SP,2017,25637,Santa Gertrudes,1603226000,28485806,2907,6.7,5.7,0.0,0.3,62535.63,9799.04,0.1636039117181862,0.16360391171818078,0.4054083723653398,1.0,0.163603911718184,0.40540837236533955,0.4035533621657722,Crescente
3547304,SP,2017,131887,Santana de Parnaíba,8784815000,223708444,17390,6.6,5.6,0.0,0.0,66608.65,12864.2,0.14569941483437066,0.14569941483436805,0.47047526427899133,1.0,0.14569941483437007,0.4704752642789913,0.3096856007034858,Crescente
3547502,SP,2017,27590,Santa Rita do Passa Quatro,654416000,17811830,1232,6.6,4.9,0.0,0.0,23719.32,14457.65,0.28786354542759696,0.2878635454281441,0.3999117605434253,1.0,0.28786354542759685,0.39991176054342525,0.7198176543656276,Crescente
3548005,SP,2017,22801,Santo Antônio de Posse,1131203000,23245754,2826,5.7,4.6,0.1,1.1,49611.99,8225.67,0.17377112659558777,0.1737711265955802,0.33943366740848213,0.9989999999999959,0.17377112659558885,0.33943366740848263,0.5119442862645316,Crescente
3548054,SP,2017,8285,Santo Antônio do Aracanguá,214169000,12307760,952,6.7,5.8,0.0,0.2,25850.21,12928.32,0.30241863879368047,0.3024186387936808,0.4461860238295541,1.0,0.302418638793681,0.4461860238295538,0.6777859965179149,Crescente
3548203,SP,2017,6800,Santo Antônio do Pinhal,108847000,9489176,1007,6.6,5.0,0.2,1.0,16006.91,9423.21,0.43310399600660515,0.43310399600657845,0.49904180366032935,0.9979999999999888,0.4331039960066053,0.49904180366032946,0.8678711739776324,Crescente
3548500,SP,2017,434742,Santos,22410299000,531515772,19602,6.0,5.0,0.6,1.7,51548.5,27115.38,0.13092010743556937,0.1309201074355432,0.1529034582026076,0.9939999999999988,0.13092010743556937,0.15290345820260762,0.856227249367318,Crescente
3548807,SP,2017,159608,São Caetano do Sul,13225038000,372019429,11873,7.5,6.4,0.1,0.1,82859.49,31333.23,0.1137262552023427,0.11372625520236757,0.18745944004541618,0.9989999999999997,0.11372625520234286,0.18745944004541618,0.606671262726433,Decrescente
3548906,SP,2017,246088,São Carlos,10353399000,136717064,5764,7.0,5.7,0.1,0.0,42071.94,23719.13,0.1805872775367518,0.18058727753675527,0.26901051021509464,1.0,0.18058727753675166,0.26901051021509464,0.6713019405537662,Decrescente
3549607,SP,2017,4181,São José do Barreiro,47515000,5737430,584,4.9,3.9,0.0,0.3,11364.51,9824.37,0.45234629241991325,0.4523462924199156,0.5333286664800694,1.0,0.45234629241991314,0.5333286664800689,0.8481567199553814,Crescente
3549706,SP,2017,54734,São José do Rio Pardo,1789622000,32349300,1855,6.7,4.4,0.1,0.0,32696.72,17438.98,0.22384387980864795,0.22384387980864578,0.3216987783268826,1.0,0.223843879808648,0.3216987783268827,0.6958182464130998,Crescente
3549805,SP,2017,450657,São José do Rio Preto,16518311000,306124652,19490,6.9,4.9,0.0,0.8,36653.84,15706.75,0.22333192219201967,0.223331922192011,0.28988584798444955,1.0,0.22333192219201958,0.28988584798444944,0.770413332505973,Crescente
3549904,SP,2017,703219,São José dos Campos,39396425000,540403264,35732,7.0,5.8,0.0,0.3,56022.98,15123.79,0.17046962846933533,0.17046962846933134,0.31717798705421013,1.0,0.17046962846933286,0.31717798705421013,0.5374573123834085,Decrescente
3550001,SP,2017,10740,São Luís do Paraitinga,172917000,12185646,1296,6.0,4.3,0.3,0.1,16100.28,9402.5,0.3974997522920978,0.39749975229209694,0.532998216891309,0.9990000000000001,0.39749975229209794,0.532998216891309,0.7457806418387276,Decrescente
3550308,SP,2017,12106920,São Paulo,698952189000,10233696749,414907,6.0,4.2,0.5,1.7,57731.63,24665.04,0.12342836113583906,0.12342836113583794,0.1544226663665539,0.994999999999999,0.12342836113583888,0.1544226663665539,0.7992891460820687,Decrescente
3550407,SP,2017,34898,São Pedro,739209000,32101750,3690,6.2,5.0,0.1,0.6,21181.99,8699.66,0.35290426364195593,0.3529042636419493,0.5003532420792811,0.998999999999997,0.35290426364195554,0.500353242079281,0.7053102367747587,Crescente
3550605,SP,2017,88473,São Roque,2780801000,85155106,8513,5.9,4.8,0.1,1.4,31431.07,10002.95,0.24499502977743837,0.24499502977743512,0.38423055336898576,0.9990000000000023,0.24499502977743803,0.38423055336898543,0.6376250603427775,Crescente
3550704,SP,2017,85538,São Sebastião,3383506000,144463689,10266,6.1,5.2,0.1,0.0,39555.59,14072.05,0.19672775541157883,0.19672775541158044,0.38285590940908665,1.0,0.19672775541157855,0.38285590940908665,0.5138428076380365,Decrescente
3551009,SP,2017,360380,São Vicente,5221399000,228812638,27134,5.8,4.8,0.5,1.1,14488.59,8432.69,0.43329489368793006,0.43329489368792085,0.5266490431949876,0.9950000000000037,0.4332948936879301,0.5266490431949877,0.8227393541993128,Crescente
3551504,SP,2017,43790,Serrana,933957000,35680389,3840,6.2,4.2,0.0,1.2,21328.09,9291.77,0.34286441553492203,0.34286441553345554,0.46429694672036914,1.0,0.34286441553492236,0.4642969467203693,0.7384593371909853,Crescente
3551702,SP,2017,122643,Sertãozinho,5514148000,95988626,9977,7.2,6.1,0.0,0.2,44960.97,9620.99,0.23058991991832875,0.2305899199183202,0.5009931819595304,1.0,0.23058991991833103,0.5009931819595302,0.4602655848856553,Crescente
3551900,SP,2017,17115,Severínia,233375000,15765154,1871,6.4,4.8,0.0,0.1,13635.7,8426.06,0.4830009738214121,0.48300097382140106,0.6515459993278164,1.0,0.48300097382141194,0.6515459993278165,0.7413152322625142,Crescente
3552205,SP,2017,659871,Sorocaba,32115160000,480749966,29010,6.7,5.6,0.1,0.0,48668.85,16571.87,0.17628385277769312,0.17628385277768888,0.368762012998572,1.0,0.17628385277769293,0.368762012998572,0.47804233235481275,Decrescente
3552304,SP,2017,7733,Sud Mennucci,178612000,10012995,870,7.0,5.9,0.0,0.0,23097.37,11509.19,0.3490487139492885,0.3490487139492824,0.5706052324349276,1.0,0.3490487139492883,0.5706052324349277,0.6117166371920615,Crescente
3552403,SP,2017,273007,Sumaré,13615800000,133622891,13415,5.9,5.0,0.1,0.4,49873.45,9960.71,0.17279301898400584,0.17279301898401106,0.32721115193867634,0.999000000000001,0.17279301898400853,0.3272111519386764,0.5280780253369528,Crescente
3552601,SP,2017,12251,Tabapuã,241821000,11405387,1151,7.9,6.0,0.0,0.0,19738.88,9909.11,0.4483027961469642,0.44830279614694035,0.9916530092012231,1.0,0.44830279614696517,0.9916530092012237,0.45207627263499384,Crescente
3552700,SP,2017,16159,Tabatinga,279460000,12673361,1100,6.7,4.9,0.1,3.1,17294.39,11521.24,0.3852456756377124,0.38524567563771217,0.4247769137857908,0.9990000000000001,0.38524567563771234,0.42477691378579074,0.9069364721454389,Crescente
3553401,SP,2017,25723,Tanabi,911008000,22308005,1487,7.7,6.2,0.0,0.0,35416.09,15002.02,0.25937617763402915,0.25937617763402887,0.6651317622558062,1.0,0.2593761776340285,0.6651317622558063,0.3899620982680939,Crescente
3553708,SP,2017,56951,Taquaritinga,1465410000,40359772,3000,6.2,5.5,0.1,0.0,25731.07,13453.26,0.2840115961918972,0.2840115961918973,0.4367698719877221,1.0,0.28401159619189714,0.4367698719877213,0.6502545491504985,Crescente
3553856,SP,2017,5715,Taquarivaí,202484000,7945789,918,6.7,4.9,0.0,0.0,35430.27,8655.54,0.26430764051359984,0.2643076405135793,0.6458983249894108,1.0,0.2643076405136003,0.645898324989411,0.4092093604948318,Crescente
3553906,SP,2017,7302,Tarabai,109681000,6589414,782,6.6,5.0,0.0,0.0,15020.68,8426.36,0.4709045583881568,0.47090455838814627,0.6752336983699243,1.0,0.470904558388156,0.6752336983699236,0.6973949308586987,Crescente
3554003,SP,2017,118939,Tatuí,3771558000,78755746,8711,6.4,4.5,0.1,0.7,31710.02,9040.95,0.27138357002357877,0.27138357002301156,0.40437890377055696,0.9989999999999981,0.2713835700235788,0.40437890377055696,0.6711120869390377,Decrescente
3554102,SP,2017,307953,Taubaté,16203121000,319476323,29974,6.4,5.3,0.0,0.3,52615.56,10658.45,0.17715744901446256,0.1771574490144461,0.3669297715462738,1.0,0.17715744901446107,0.36692977154627393,0.4828102344159912,Crescente
3554201,SP,2017,4677,Tejupá,89519000,6448883,464,6.3,5.1,0.0,0.0,19140.26,13898.45,0.3240471665034912,0.3240471665034852,0.4349051697446251,1.0,0.3240471665034913,0.4349051697446255,0.7450984468493916,Crescente
3554300,SP,2017,22914,Teodoro Sampaio,476668000,22515555,1340,6.6,6.0,0.1,0.0,20802.48,16802.65,0.32861111919284547,0.3286111191928482,0.41675925693583143,1.0,0.3286111191928436,0.4167592569358313,0.7884914701329402,Crescente
3554409,SP,2017,9227,Terra Roxa,149621000,6797092,965,6.7,6.6,0.0,0.0,16215.56,7043.62,0.5702450714021656,0.5702450714021811,1.0,1.0,0.5702450714021773,1.0,0.5702450714021656,Decrescente
3554508,SP,2017,41022,Tietê,1772700000,51490212,3825,5.8,4.6,0.1,1.2,43213.4,13461.49,0.17614661045571428,0.17614661045571173,0.2779521175458302,0.9989999999999994,0.17614661045571453,0.27795211754583027,0.633730053978345,Crescente
3554755,SP,2017,1691,Trabiju,44646000,2788083,224,6.6,4.8,0.0,0.0,26402.13,12446.8,0.28648326712669164,0.28648326712702127,0.44367711403974647,1.0,0.28648326712669187,0.44367711403974647,0.6457021515448896,Decrescente
3554805,SP,2017,45904,Tremembé,735914000,35666050,4026,6.3,5.4,0.0,1.0,16031.59,8858.93,0.4412271202915884,0.4412271202916031,0.5801887716208036,1.0,0.441227120291589,0.5801887716208035,0.7604888992577109,Crescente
3554953,SP,2017,6689,Tuiuti,147643000,6493268,741,6.6,5.5,0.0,0.0,22072.51,8762.84,0.36620371873924246,0.3662037187392453,0.6800344989490913,1.0,0.3662037187392422,0.6800344989490913,0.5385075599916839,Decrescente
3555109,SP,2017,15321,Tupi Paulista,281005000,10822703,1005,7.7,6.0,0.0,0.0,18341.17,10768.86,0.4417148546274344,0.441714854627414,0.6916686878008541,1.0,0.4417148546274344,0.6916686878008541,0.6386220200770651,Decrescente
3555356,SP,2017,6080,Ubarana,341912000,7483691,742,6.3,5.0,0.0,1.5,56235.53,10085.84,0.16707264529433757,0.167072645294541,0.3324908412901158,1.0,0.1670726452943374,0.3324908412901158,0.5024879622129437,Decrescente
3555406,SP,2017,88313,Ubatuba,1965559000,87129523,6378,5.8,4.8,0.1,0.4,22256.73,13660.95,0.2778348497067683,0.2778348497067646,0.35585993256878734,0.9990000000000012,0.27783484970676814,0.35585993256878756,0.7807421524002653,Crescente
3555604,SP,2017,10047,Uchoa,395544000,10974545,1080,6.7,5.7,0.0,0.0,39369.36,10161.62,0.23490257789348556,0.23490257789349014,0.6105650994934476,1.0,0.2349025778934899,0.6105650994934477,0.38472978243986,Crescente
3556008,SP,2017,13655,Urupês,382793000,12836209,1274,6.8,5.5,0.0,1.3,28033.17,10075.52,0.30536397043291247,0.3053639704329701,0.4713957555773679,1.0,0.3053639704329125,0.47139575557736785,0.6477868475054492,Crescente
3556206,SP,2017,124024,Valinhos,5751193000,99195740,7903,6.5,5.5,0.1,0.7,46371.61,12551.66,0.1911960349232833,0.1911960349232849,0.31051679212270766,0.999000000000001,0.19119603492328227,0.31051679212270766,0.6157349289107943,Decrescente
3556701,SP,2017,75129,Vinhedo,8704161000,127941519,6450,7.2,5.3,0.0,0.2,115856.21,19835.89,0.09346535658306845,0.0934653565830695,0.2059890652156465,1.0,0.0934653565830704,0.2059890652156465,0.4537394083769502,Decrescente
3556800,SP,2017,18654,Viradouro,346314000,17723267,1501,5.8,4.5,0.0,2.2,18565.13,11807.64,0.3271047307773789,0.3271047307773812,0.4084962085676127,1.0,0.3271047307773789,0.4084962085676125,0.8007534070496466,Crescente
3557105,SP,2017,92768,Votuporanga,2791187000,60163649,3854,6.8,4.2,0.0,0.0,30087.82,15610.7,0.2496224707857208,0.2496224707857183,0.36249734302288183,1.0,0.24962247078572058,0.362497343022882,0.6886187598069207,Crescente
3557303,SP,2017,11067,Estiva Gerbi,320041000,12122234,1400,6.6,4.8,0.0,1.9,28918.5,8658.74,0.302849923929697,0.30284992392948334,0.4554481360615062,1.0,0.30284992392969384,0.4554481360615061,0.6649493102520866,Crescente
4101804,PR,2017,137452,Araucária,16976880000,194738589,13799,5.6,4.8,0.1,0.9,123511.33,14112.51,0.07248448101587358,0.0724844810158648,0.1725492818356848,0.9990000000000088,0.07248448101587349,0.17254928183568505,0.420079876570562,Crescente
4106902,PR,2017,1908359,Curitiba,84726398000,1247420258,92471,6.4,5.2,0.1,0.9,44397.52,13489.85,0.19058160427918572,0.19058160427916687,0.2928762126777138,0.9989999999999988,0.19058160427918594,0.29287621267771374,0.6507240807873499,Crescente
4200101,SC,2017,17847,Abelardo Luz,606397000,19730811,2043,6.7,5.1,0.0,1.8,33977.53,9657.76,0.26536045058010704,0.26536045058011787,0.4204596296785656,1.0,0.26536045058010793,0.4204596296785655,0.6311199265027434,Crescente
4200200,SC,2017,10581,Agrolândia,243184000,9798046,518,6.3,4.9,0.0,0.0,22983.08,18915.15,0.2588295639079368,0.25882956390792466,0.3241849535891174,1.0,0.2588295639079368,0.324184953589118,0.7984009160276632,Crescente
4201257,SC,2017,10542,Apiúna,414989000,12197732,1033,6.5,5.5,0.0,0.4,39365.3,11808.07,0.2192559163647456,0.21925591636475042,0.38906312602802245,1.0,0.2192559163647455,0.3890631260280222,0.5635484364790551,Crescente
4201406,SC,2017,67110,Araranguá,1724987000,33920425,2112,5.7,4.8,0.1,0.5,25703.87,16060.81,0.23675713242326074,0.23675713242326424,0.30306651384332484,0.9989999999999977,0.236757132423261,0.3030665138433249,0.7812051863494763,Crescente
4201901,SC,2017,5688,Aurora,166813000,5829050,297,5.8,5.0,0.0,0.0,29327.18,19626.43,0.20870592461371426,0.2087059246137151,0.2983297243343525,1.0,0.20870592461371432,0.2983297243343525,0.6995813946444286,Decrescente
4201950,SC,2017,12344,Balneário Arroio do Silva,158894000,8958638,851,5.7,3.7,0.1,1.0,12872.16,10527.19,0.4365480827818229,0.43654808278182033,0.4807926041592846,0.9990000000000001,0.4365480827818229,0.4807926041592851,0.9079758694399473,Crescente
4202008,SC,2017,135268,Balneário Camboriú,5149750000,143656982,9798,6.4,5.3,0.2,0.6,38070.72,14661.87,0.20715597059043864,0.20715597059042995,0.2928736360136281,0.9980000000000019,0.20715597059043853,0.29287363601362815,0.707322015767917,Crescente
4202107,SC,2017,27781,Barra Velha,1666892000,23459794,2826,6.1,4.9,0.0,1.3,60001.15,8301.41,0.15831190594119096,0.15831190594114575,0.3515658927342664,1.0,0.15831190594117378,0.3515658927342664,0.45030507569985506,Decrescente
4202305,SC,2017,66558,Biguaçu,1609731000,38052984,2214,5.5,4.5,0.0,0.0,24185.39,17187.44,0.23898849964346236,0.2389884996434594,0.3285905845749444,1.0,0.2389884996434625,0.32859058457494433,0.7273139002220992,Crescente
4202404,SC,2017,348513,Blumenau,16013864000,256884254,19936,6.6,5.4,0.1,0.8,45949.12,12885.45,0.19402496354183366,0.19402496354184182,0.30360627405615354,0.9989999999999954,0.19402496354183324,0.3036062740561538,0.6390677009064304,Crescente
4202453,SC,2017,18623,Bombinhas,598335000,31893404,1996,6.5,5.5,0.3,0.2,32128.82,15978.66,0.23363223553260093,0.23363223553260032,0.308701598392321,0.9980000000000001,0.23363223553260073,0.3087015983923209,0.7568222411199947,Crescente
4202859,SC,2017,3709,Braço do Trombudo,137911000,4996748,352,6.6,4.1,0.0,0.0,37182.8,14195.31,0.21898385781669874,0.2189838578170943,0.38902710141800767,1.0,0.2189838578166991,0.3890271014180077,0.5629012915000019,Crescente
4202909,SC,2017,128818,Brusque,5885107000,90036777,6619,6.3,5.0,0.1,0.4,45685.44,13602.78,0.1832687084540553,0.1832687084540812,0.2854762758552227,0.9990000000000194,0.18326870845405477,0.2854762758552226,0.6419752671391815,Crescente
4203006,SC,2017,77323,Caçador,3074094000,36126264,4876,5.7,3.8,0.0,0.1,39756.53,7409.0,0.21228179958631832,0.21228179958627189,0.5296870391047414,1.0,0.21228179958631593,0.5296870391047412,0.40076834793826493,Crescente
4203204,SC,2017,78731,Camboriú,1350979000,63940575,7618,5.5,4.6,0.6,4.1,17159.43,8393.35,0.3698337436095066,0.36983374360950416,0.4486543231726388,0.994000000000002,0.3698337436095066,0.4486543231726387,0.8243177977072503,Crescente
4203303,SC,2017,12012,Campo Alegre,456444000,11352230,1426,6.7,5.6,0.0,0.0,37999.0,7960.89,0.25502004769029707,0.25502004769029285,0.7676373044157888,1.0,0.2550200476902975,0.7676373044157888,0.33221424522142046,Decrescente
4203600,SC,2017,35710,Campos Novos,1965649000,37546743,2391,5.8,4.6,0.5,3.3,55044.78,15703.36,0.1416587063345705,0.1416587063345766,0.1962164969945259,0.9949999999999803,0.14165870633457042,0.1962164969945259,0.7219510515393746,Decrescente
4203808,SC,2017,54403,Canoinhas,1591335000,42555949,3737,6.6,5.2,0.0,0.7,29250.87,11387.73,0.2767869380035617,0.27678693800355525,0.4015280809726714,1.0,0.2767869380035617,0.40152808097267145,0.6893339497777248,Crescente
4203907,SC,2017,22524,Capinzal,838098000,22180911,2027,6.3,5.6,0.1,0.3,37209.11,10942.73,0.23098146281570037,0.23098146281569837,0.37547400821060695,0.9989999999999997,0.23098146281570017,0.37547400821060706,0.615172975398448,Crescente
4203956,SC,2017,24298,Capivari de Baixo,429811000,19522433,1408,5.7,4.7,0.3,1.0,17689.15,13865.36,0.3218195069518324,0.321819506951841,0.3572892088797009,0.9970000000000011,0.3218195069518325,0.3572892088797014,0.9007255157828987,Crescente
4204103,SC,2017,3850,Caxambu do Sul,122745000,4179699,250,5.0,4.8,1.4,1.9,31881.82,16718.8,0.19986405325082438,0.19986405325082515,0.23668445531765084,0.9860000000000009,0.1998640532508245,0.2366844553176508,0.8444325293040038,Crescente
4204152,SC,2017,2760,Celso Ramos,54227000,4109034,348,6.5,4.5,0.0,2.0,19647.46,11807.57,0.3439034746931743,0.34390347469311544,0.41108383792699116,1.0,0.3439034746931745,0.41108383792699155,0.8365774641674233,Crescente
4204202,SC,2017,213279,Chapecó,8893190000,135241361,9995,6.6,5.3,0.0,0.3,41697.45,13530.9,0.20538697642135917,0.20538697642135792,0.3423117402530583,1.0,0.20538697642135953,0.34231174025305827,0.5999998021380284,Crescente
4204251,SC,2017,16446,Cocal do Sul,706082000,14966456,1131,6.8,5.5,0.0,0.6,42933.36,13232.94,0.2085556780032653,0.20855567800326796,0.34509927741291413,1.0,0.20855567800326594,0.34509927741291424,0.604335307702562,Crescente
4204301,SC,2017,73766,Concórdia,3179422000,57597417,5404,6.7,5.5,0.0,0.1,43101.46,10658.29,0.2166407826987051,0.21664078269871329,0.44356601263902246,1.0,0.21664078269870793,0.44356601263902234,0.48840708378396225,Crescente
4204350,SC,2017,4321,Cordilheira Alta,219814000,5142547,373,6.8,5.8,0.0,1.2,50871.09,13786.99,0.1823020848567092,0.18230208485671853,0.34023224905400057,1.0,0.18230208485670232,0.3402322490540007,0.5358165939989269,Crescente
4204459,SC,2017,2548,Coronel Martins,48556000,2870764,135,5.3,4.8,0.0,1.5,19056.51,21264.92,0.26950882281316696,0.2695088228131654,0.286381908074511,1.0,0.269508822813167,0.2863819080745111,0.9410818742888115,Crescente
4204509,SC,2017,15541,Corupá,520313000,14401145,1741,6.3,5.5,0.1,0.1,33480.02,8271.77,0.26340716336672054,0.26340716336673525,0.5715409394664447,0.9990000000000001,0.2634071633667227,0.5715409394664445,0.46087190816570583,Crescente
4204558,SC,2017,13358,Correia Pinto,616434000,13376225,1208,5.0,4.2,0.0,0.2,46147.18,11073.03,0.15211117611205793,0.15211117611205865,0.31921958651437177,1.0,0.15211117611205835,0.31921958651437143,0.4765095330552646,Crescente
4204608,SC,2017,211369,Criciúma,7149694000,153875925,12548,6.2,5.0,0.3,0.9,33825.65,12262.98,0.23011142848639357,0.23011142848634228,0.32534977143222954,0.9970000000000033,0.23011142848639368,0.3253497714322294,0.7072739823157548,Crescente
4204707,SC,2017,11057,Cunha Porã,519840000,8790895,479,6.5,5.0,0.0,0.0,47014.56,18352.6,0.16936979345662168,0.1693697934566157,0.2984047219466844,1.0,0.1693697934566215,0.2984047219466842,0.5675841600351176,Crescente
4204806,SC,2017,39566,Curitibanos,1495894000,24584927,2312,5.7,4.6,0.0,0.5,37807.56,10633.62,0.20344975219521627,0.20344975219526687,0.35991304979094174,1.0,0.2034497521952165,0.35991304979094174,0.5652747304200045,Decrescente
4205308,SC,2017,10745,Faxinal dos Guedes,434704000,10168343,1219,6.1,5.0,0.2,0.7,40456.4,8341.54,0.21880532448459017,0.2188053244845484,0.38642457279096154,0.9980000000000008,0.2188053244845888,0.3864245727909621,0.5662303587586655,Crescente
4205407,SC,2017,485838,Florianópolis,19516694000,387655329,16232,6.2,5.0,0.3,0.8,40171.2,23882.17,0.1635753378003806,0.16357533780038103,0.1959249064346994,0.9969999999999993,0.16357533780038058,0.19592490643469934,0.8348879209744541,Crescente
4205506,SC,2017,36261,Fraiburgo,907570000,36083643,3864,6.9,4.8,0.3,0.7,25028.82,9338.42,0.342643293499103,0.34264329349905226,0.4385176368272164,0.997,0.34264329349910305,0.4385176368272164,0.7813671896487722,Decrescente
4205803,SC,2017,17479,Garuva,912747000,19279514,2046,6.0,4.8,0.0,0.3,52219.63,9423.03,0.1711592922315678,0.17115929223147053,0.3547089728163033,1.0,0.17115929223156742,0.35470897281630315,0.4825344306139326,Crescente
4205902,SC,2017,67392,Gaspar,2824158000,49257085,4202,6.3,4.7,0.2,1.7,41906.43,11722.3,0.20316174767216438,0.20316174767217232,0.2970954779984386,0.9980000000000117,0.20316174767216494,0.29709547799843883,0.6838264555249546,Crescente
4206009,SC,2017,14229,Governador Celso Ramos,296409000,17335339,1478,6.3,5.4,0.3,0.7,20831.33,11728.92,0.3373715736046454,0.337371573604639,0.4078440375616841,0.9969999999999996,0.3373715736046452,0.4078440375616841,0.8272073207730049,Decrescente
4206306,SC,2017,22732,Guabiruba,902724000,21462565,2345,6.1,5.1,0.0,0.7,39711.6,9152.48,0.21760350055486358,0.21760350055488598,0.4127436063520662,1.0,0.21760350055486338,0.4127436063520659,0.5272122867707124,Crescente
4206405,SC,2017,10259,Guaraciaba,287359000,7956435,702,7.1,5.1,0.0,0.0,28010.43,11333.95,0.30673028017496984,0.30673028017495785,0.523926345184118,1.0,0.30673028017496984,0.523926345184118,0.5854454218506207,Decrescente
4206603,SC,2017,5139,Guarujá do Sul,150699000,4704095,400,6.4,5.0,0.0,0.0,29324.58,11760.24,0.26507764383878735,0.2650776438381872,0.4602999173486385,1.0,0.26507764383878724,0.4602999173486382,0.5758802768543912,Crescente
4206702,SC,2017,22443,Herval d'Oeste,430260000,12551931,1151,6.3,4.2,0.2,2.4,19171.23,10905.24,0.3496029718894707,0.34960297188947265,0.4040117381594403,0.9980000000000003,0.3496029718894705,0.40401173815944,0.8653287488184376,Crescente
4206900,SC,2017,18721,Ibirama,421610000,16672103,1331,6.1,5.1,0.2,0.2,22520.7,12526.0,0.2994712267020693,0.29947122670201715,0.39121017485384485,0.9980000000000065,0.2994712267020695,0.3912101748538448,0.7654995855206247,Crescente
4207007,SC,2017,54845,Içara,2102972000,35847320,3888,6.8,5.7,0.1,0.4,38343.91,9219.99,0.24883971095719148,0.2488397109571785,0.44425940626704696,0.9989999999999994,0.24883971095718876,0.44425940626704685,0.5601225487786576,Crescente
4207106,SC,2017,13857,Ilhota,683687000,13622739,1161,6.3,5.4,0.0,1.1,49338.75,11733.63,0.17970652299766401,0.17970652299766607,0.3502155376777991,1.0,0.1797065229976599,0.3502155376777992,0.5131312111086155,Crescente
4207205,SC,2017,10571,Imaruí,181532000,9088598,966,6.1,4.4,0.3,6.0,17172.64,9408.49,0.3840461105510955,0.38404611055109367,0.4407510353499459,0.9970000000000011,0.3840461105510954,0.4407510353499459,0.8713447723297393,Decrescente
4207304,SC,2017,44076,Imbituba,1548283000,28008689,1679,6.4,5.4,0.0,0.8,35127.58,16681.77,0.21316473958615195,0.2131647395861343,0.29631245021415875,1.0,0.21316473958615184,0.29631245021415875,0.7193917752429502,Decrescente
4207502,SC,2017,66497,Indaial,2500546000,57015451,4822,6.6,5.6,0.0,0.0,37603.89,11824.03,0.2300832336290059,0.23008323362900285,0.5118633743940059,1.0,0.23008323362900657,0.5118633743940059,0.44950126369444,Decrescente
4207577,SC,2017,2917,Iomerê,127194000,5269088,295,7.0,5.0,0.0,0.0,43604.39,17861.32,0.19345322676519908,0.1934532267651782,0.3244616994950177,1.0,0.19345322676519908,0.3244616994950177,0.5962282360792778,Decrescente
4207601,SC,2017,4562,Ipira,84447000,5413281,515,6.9,6.4,0.0,0.0,18510.96,10511.23,0.4476374238001953,0.44763742380018556,0.7310685643739097,1.0,0.44763742380019633,0.7310685643739097,0.6123056654522602,Decrescente
4207650,SC,2017,8930,Iporã do Oeste,256043000,6710740,500,7.9,6.4,0.0,0.4,28672.23,13421.48,0.31725233208262904,0.3172523320826126,0.45880790993280934,1.0,0.31725233208262804,0.4588079099328093,0.6914709298039117,Crescente
4207700,SC,2017,7561,Ipumirim,313269000,7047233,721,6.9,5.5,0.0,0.8,41432.22,9774.25,0.2346697095942691,0.23466970959425315,0.42918434304555014,1.0,0.23466970959426392,0.4291843430455501,0.5467806861942379,Crescente
4207809,SC,2017,10285,Irani,210934000,8986887,671,6.0,4.8,0.0,0.9,20508.9,13393.27,0.3017644740557893,0.3017644740558021,0.37061279273748304,1.0,0.3017644740557893,0.37061279273748315,0.8142311327864464,Crescente
4208005,SC,2017,6275,Itá,240150000,9338644,628,6.8,5.9,0.0,0.0,38270.92,14870.45,0.2236091298398633,0.22360912983986256,0.43372107393248605,1.0,0.2236091298398637,0.43372107393248593,0.5155597532128927,Crescente
4208104,SC,2017,21506,Itaiópolis,704122000,14201256,1559,6.0,4.8,0.0,0.2,32740.72,9109.21,0.2480022935411452,0.24800229354115425,0.451365856335823,1.0,0.24800229354114434,0.4513658563358231,0.5494485018304702,Crescente
4208203,SC,2017,212615,Itajaí,21932201000,209239363,18734,6.4,5.5,0.0,0.1,103154.53,11168.96,0.09984825486877065,0.0998482548687753,0.42328517577738245,1.0,0.09984825486876873,0.42328517577738217,0.23588885362071751,Crescente
4208302,SC,2017,61187,Itapema,1698461000,59228761,6254,6.3,5.1,0.0,0.3,27758.53,9470.54,0.2902614140545349,0.29026141405454847,0.482684752975723,1.0,0.29026141405453504,0.48268475297572305,0.6013477995007931,Crescente
4208401,SC,2017,16683,Itapiranga,753937000,15342965,1000,7.2,5.5,0.0,0.0,45191.93,15342.97,0.20390894216323596,0.2039089421632148,0.4125452894713179,1.0,0.20390894216323524,0.4125452894713179,0.4942704410091505,Decrescente
4208450,SC,2017,19355,Itapoá,714775000,27246986,2698,6.2,5.2,0.0,0.1,36929.73,10098.96,0.22836374862309392,0.22836374862311348,0.4452364766021744,1.0,0.22836374862309364,0.4452364766021744,0.5129044016470834,Decrescente
4208500,SC,2017,24622,Ituporanga,831857000,21590168,809,6.8,5.4,0.0,0.0,33785.11,26687.48,0.18922030259248132,0.18922030259248046,0.23858018986679805,1.0,0.18922030259248138,0.23858018986679813,0.7931098667417655,Crescente
4208708,SC,2017,10539,Jacinto Machado,322630000,9551034,783,6.3,5.0,0.0,0.0,30612.96,12198.0,0.2505680717066891,0.25056807170673645,0.438594236760031,1.0,0.25056807170668927,0.438594236760031,0.5712981400705978,Decrescente
4208807,SC,2017,19527,Jaguaruna,473335000,14691141,1404,5.8,4.7,0.1,1.8,24240.03,10463.78,0.28362487959913624,0.2836248795991313,0.4033894165757637,0.9990000000000012,0.28362487959913646,0.4033894165757639,0.7031044146044582,Crescente
4208906,SC,2017,170835,Jaraguá do Sul,8523055000,121104177,12593,7.1,5.7,0.0,0.2,49890.57,9616.79,0.20933862835601705,0.20933862835599457,0.4553579941668871,1.0,0.20933862835601608,0.4553579941668872,0.45972318711351134,Crescente
4209003,SC,2017,29608,Joaçaba,1577136000,25694332,1817,6.3,5.0,0.1,0.2,53267.23,14141.07,0.16198974303606917,0.16198974303614025,0.27663731668884156,0.999000000000027,0.16198974303606845,0.2766373166888417,0.5855672147741129,Crescente
4209102,SC,2017,577077,Joinville,27388124000,350582388,47482,7.2,6.1,0.1,0.3,47460.09,7383.48,0.2319347442560667,0.23193474425607122,0.632575907084676,0.9989999999999994,0.2319347442560541,0.6325759070846773,0.3666512455793232,Crescente
4209151,SC,2017,4887,José Boiteux,108764000,6015319,491,6.1,4.7,0.0,1.1,22255.78,12251.16,0.29611669695116977,0.29611669695116816,0.38533041426468534,1.0,0.29611669695116977,0.3853304142646854,0.7684747582571194,Crescente
4209300,SC,2017,158508,Lages,5075586000,112337713,7923,5.6,4.4,0.3,2.4,32021.01,14178.68,0.2053263072055192,0.20532630720552006,0.2725782199250283,0.9970000000000013,0.20532630720551914,0.27257821992502834,0.7532748113990674,Crescente
4209607,SC,2017,15149,Lauro Muller,355274000,11220378,1118,6.3,5.1,0.0,0.5,23451.98,10036.12,0.31938423987792397,0.319384239877935,0.4763611640301237,1.0,0.3193842398779239,0.47636116403012385,0.6704665787107008,Crescente
4210035,SC,2017,5705,Luzerna,158733000,6069737,479,7.7,6.4,0.0,0.0,27823.49,12671.68,0.32537803870359683,0.3253780387035869,1.0,1.0,0.32537803870359633,1.0,0.32537803870359683,Decrescente
4210100,SC,2017,55907,Mafra,1660261000,39886382,3252,7.1,5.6,0.0,0.1,29696.84,12265.19,0.2875832862141021,0.2875832862140794,0.448082765594884,1.0,0.2875832862141019,0.448082765594884,0.6418084074987811,Decrescente
4210407,SC,2017,7139,Maracajá,181051000,5401538,606,5.7,5.2,0.0,0.9,25360.83,8913.43,0.3027114154227935,0.302711415422791,0.492826182884623,1.0,0.30271141542279345,0.49282618288462254,0.6142356594184083,Crescente
4210506,SC,2017,25076,Maravilha,1055389000,16922542,846,6.0,4.8,0.0,1.5,42087.61,20003.0,0.16318712716712222,0.16318712716712247,0.22772809682440778,1.0,0.16318712716712222,0.22772809682440778,0.7165875859971264,Decrescente
4210605,SC,2017,16455,Massaranduba,579640000,14860359,1002,7.1,5.7,0.0,0.8,35225.77,14830.7,0.24094776532099074,0.2409477653210454,0.34925448135956294,1.0,0.24094776532099088,0.3492544813595629,0.689891692679331,Crescente
4210803,SC,2017,7047,Meleiro,242069000,6968719,573,7.0,6.1,0.0,0.9,34350.65,12161.81,0.26334738554196413,0.2633473855419678,0.44261185737845193,1.0,0.26334738554196574,0.44261185737845177,0.5949849312708108,Crescente
4211009,SC,2017,11496,Mondaí,581366000,8198940,792,6.5,6.0,0.0,0.0,50571.16,10352.2,0.19358023641705324,0.19358023641710598,0.6149917112287533,1.0,0.1935802364170538,0.6149917112287534,0.3147688544131432,Crescente
4211058,SC,2017,9785,Monte Carlo,137059000,9704061,1177,5.7,4.5,0.1,0.5,14007.05,8244.74,0.4414214298522014,0.4414214298524527,0.5692031450031669,0.999000000000189,0.44142142985220145,0.5692031450031672,0.775507714121547,Crescente
4211207,SC,2017,17532,Morro da Fumaça,635539000,19084065,1891,6.4,5.3,0.0,2.1,36250.23,10092.05,0.23899111963067557,0.238991119630676,0.418054163922592,1.0,0.2389911196306747,0.4180541639225919,0.5716750130849738,Crescente
4211306,SC,2017,77137,Navegantes,4108477000,72833946,8453,6.1,4.9,0.2,1.2,53262.08,8616.34,0.17395426954585713,0.17395426954577867,0.3205425854187057,0.997999999999999,0.17395426954585386,0.32054258541870534,0.5426869235444364,Crescente
4211504,SC,2017,14099,Nova Trento,523649000,10110441,813,6.3,4.7,0.7,0.5,37140.86,12435.97,0.2179989031142225,0.21799890311426257,0.3168092287907008,0.9949999999999948,0.21799890311422143,0.3168092287907007,0.6881078052755936,Crescente
4211603,SC,2017,14837,Nova Veneza,716229000,15143633,867,6.8,5.0,0.0,0.0,48273.17,17466.7,0.17679410673096427,0.17679410673096022,0.3244057263249385,1.0,0.1767941067309648,0.3244057263249386,0.5449783785686934,Crescente
4211702,SC,2017,22723,Orleans,972736000,16826683,834,6.3,5.3,0.0,0.0,42808.43,20175.88,0.17232126187134336,0.17232126187134997,0.27736881860910306,1.0,0.17232126187134367,0.27736881860910306,0.6212712111457502,Decrescente
4211751,SC,2017,18313,Otacílio Costa,695720000,15580932,1645,6.7,5.2,0.0,0.0,37990.5,9471.69,0.2453050862851678,0.2453050862853523,0.6088836839043871,1.0,0.24530508628516862,0.608883683904387,0.40287676081609053,Crescente
4211900,SC,2017,164926,Palhoça,4834031000,113781061,7113,5.7,4.9,0.8,2.4,29310.3,15996.21,0.21962339642148537,0.21962339642148773,0.24903743506434584,0.9920000000000011,0.21962339642148535,0.24903743506434578,0.8818890877379117,Crescente
4212106,SC,2017,16253,Palmitos,575112000,10558416,617,6.2,5.1,0.0,1.7,35384.98,17112.51,0.20113960251970273,0.20113960251958105,0.27863371835959366,1.0,0.20113960251970278,0.27863371835959355,0.7218781836738076,Crescente
4212502,SC,2017,31025,Penha,673741000,25780192,2228,6.2,4.8,0.0,0.0,21716.07,11571.0,0.31254748776772334,0.31254748776771013,0.4729590141541343,1.0,0.31254748776772323,0.4729590141541342,0.660834191577256,Crescente
4212809,SC,2017,21884,Balneário Piçarras,841169000,28400490,2784,6.2,5.3,0.2,1.9,38437.63,10201.33,0.2211481980787641,0.22114819807868022,0.357704565998991,0.9980000000000017,0.22114819807867298,0.35770456599899075,0.6182425920707647,Crescente
4212908,SC,2017,19511,Pinhalzinho,1019819000,14733959,816,5.9,4.8,0.0,0.6,52268.93,18056.32,0.1438405123280895,0.1438405123280638,0.23240400554720567,1.0,0.1438405123280895,0.23240400554720558,0.6189244113474316,Crescente
4213104,SC,2017,4102,Piratuba,653928000,9557934,643,7.1,5.7,0.0,0.0,159416.87,14864.59,0.07424775623638122,0.07424775623638884,0.43320962830283855,1.0,0.07424775623638204,0.43320962830283855,0.17138990314517605,Decrescente
4213203,SC,2017,32334,Pomerode,1919219000,32464754,3257,7.0,5.8,0.0,0.1,59356.06,9967.69,0.17797352680467624,0.17797352680468295,0.5074777946126603,1.0,0.17797352680467035,0.5074777946126608,0.3507020971045976,Crescente
4213302,SC,2017,4767,Ponte Alta,109888000,4614909,308,5.8,4.1,0.0,2.8,23051.81,14983.47,0.26128692278642435,0.261286922786425,0.3173863538682046,1.0,0.26128692278642435,0.31738635386820446,0.8232456109153463,Crescente
4213401,SC,2017,11545,Ponte Serrada,225478000,9576675,559,5.5,4.2,0.4,0.0,19530.36,17131.8,0.2776686115986719,0.27766861159867906,0.32953216401364527,1.0,0.2776686115986721,0.3295321640136454,0.8426145970600132,Crescente
4213500,SC,2017,20294,Porto Belo,945196000,23331252,1851,6.1,4.8,0.1,0.4,46575.15,12604.67,0.17851138394410093,0.17851138394410657,0.291861694348132,0.9989999999999972,0.17851138394410138,0.29186169434813153,0.6116300542378574,Crescente
4213609,SC,2017,35207,Porto União,703090000,16090119,1095,5.7,4.7,0.0,0.5,19970.18,14694.17,0.29113046571072765,0.2911304657107303,0.3531379459832625,1.0,0.29113046571072787,0.35313794598326237,0.8244100330258086,Crescente
4213807,SC,2017,7364,Praia Grande,155814000,5850194,582,6.0,4.6,0.0,0.0,21158.88,10051.88,0.3243774622154304,0.32437746221542674,0.5237682140686409,1.0,0.3243774622154304,0.5237682140686406,0.6193149059116444,Crescente
4214003,SC,2017,16996,Presidente Getúlio,625811000,16398270,831,5.7,3.9,0.0,0.0,36821.08,19733.18,0.17235121161065645,0.17235121161065486,0.2699790049132126,1.0,0.17235121161065647,0.26997900491321264,0.6383874615215374,Crescente
4214409,SC,2017,6246,Rio das Antas,176864000,6774892,782,5.9,5.3,0.2,0.6,28316.36,8663.54,0.2847307664359131,0.28473076643591033,0.45680493768682234,0.9980000000000001,0.28473076643591355,0.4568049376868224,0.6233093010722219,Crescente
4214805,SC,2017,69188,Rio do Sul,2572166000,56237996,2636,6.0,4.7,0.0,1.5,37176.48,21334.6,0.17223647953911114,0.17223647953911178,0.22355778794499512,1.0,0.17223647953911103,0.22355778794499512,0.7704338154459139,Decrescente
4215000,SC,2017,42029,Rio Negrinho,1092653000,36211309,4280,6.0,4.8,0.0,0.1,25997.6,8460.59,0.2992014159078497,0.2992014159078658,0.5272060328720223,1.0,0.29920141590785027,0.5272060328720221,0.5675227468052892,Crescente
4215109,SC,2017,11488,Rodeio,273991000,8888353,767,7.2,5.7,0.0,0.0,23850.19,11588.47,0.34265092927579865,0.3426509292758024,0.5607532102499492,1.0,0.3426509292757986,0.5607532102499494,0.611054779558134,Crescente
4215307,SC,2017,7634,Salete,180699000,5079578,470,6.0,5.1,0.0,0.0,23670.29,10807.61,0.3013364673159757,0.3013364673159111,0.489059057792103,1.0,0.3013364673159757,0.489059057792103,0.6161555798115339,Decrescente
4215406,SC,2017,4655,Salto Veloso,171636000,4213368,459,7.0,6.2,0.0,0.0,36871.32,9179.45,0.2674404082712122,0.2674404082715796,0.7459016817982839,1.0,0.2674404082712032,0.7459016817982838,0.3585464610113814,Crescente
4215653,SC,2017,8356,Santa Rosa do Sul,138941000,5599587,562,5.2,4.7,0.0,0.0,16627.69,9963.68,0.36312398638099797,0.363123986380999,0.5514573584442969,1.0,0.36312398638099774,0.5514573584442967,0.6584806256015847,Crescente
4215703,SC,2017,22609,Santo Amaro da Imperatriz,753919000,15974086,1510,6.1,5.2,0.0,0.2,33345.97,10578.86,0.23990874949617166,0.23990874949617289,0.4338358195336822,1.0,0.23990874949617239,0.43383581953368233,0.5529943326349649,Crescente
4215802,SC,2017,82842,São Bento do Sul,2994813000,62886743,6452,6.8,5.5,0.0,0.0,36150.9,9746.86,0.25662318906250015,0.2566231890624858,0.6234428318453483,1.0,0.2566231890625002,0.6234428318453483,0.4116226475856864,Decrescente
4216206,SC,2017,50701,São Francisco do Sul,3996444000,45379668,3271,5.5,4.1,0.1,0.8,78823.77,13873.33,0.10441974720471034,0.1044197472047039,0.20092508246385726,0.9989999999999943,0.10441974720470977,0.20092508246385712,0.5196949326796645,Crescente
4216305,SC,2017,35065,São João Batista,860361000,22468581,2482,6.4,5.1,0.0,0.0,24536.18,9052.61,0.3255974620720671,0.3255974620720559,0.6070404005031615,1.0,0.32559746207206675,0.6070404005031615,0.5363686861734194,Decrescente
4216404,SC,2017,7268,São João do Sul,188924000,6867378,709,6.0,3.9,0.0,0.5,25993.95,9686.01,0.2870067987668847,0.2870067987669344,0.42945857324477904,1.0,0.2870067987668853,0.42945857324477876,0.6682991483867736,Crescente
4216503,SC,2017,26646,São Joaquim,858627000,17594038,1464,5.0,3.8,0.5,1.5,32223.49,12017.79,0.19637535288230404,0.1963753528822985,0.29335085322925647,0.9950000000000028,0.19637535288230396,0.2933508532292565,0.6694214478007154,Crescente
4216602,SC,2017,239718,São José,10136637000,161741546,10991,6.7,5.6,0.2,0.9,42285.67,14715.82,0.2015735145612341,0.2015735145611986,0.2867116990961148,0.9980000000000012,0.2015735145612345,0.286711699096115,0.7030529803866158,Crescente
4216701,SC,2017,13897,São José do Cedro,389556000,10042718,749,6.8,6.5,0.0,0.5,28031.66,13408.17,0.3163200015340407,0.31632000153411954,0.4670187850155925,1.0,0.31632000153404327,0.4670187850155923,0.6773175120214482,Crescente
4216909,SC,2017,23698,São Lourenço do Oeste,839371000,21175341,2693,6.6,5.5,0.0,0.9,35419.49,7863.1,0.26618087211851077,0.2661808721184968,0.5224330569740129,1.0,0.266180872118515,0.5224330569740133,0.5095023535843202,Crescente
4217204,SC,2017,39793,São Miguel do Oeste,1449729000,27815833,1790,6.7,4.7,0.0,1.5,36431.76,15539.57,0.21853498162859067,0.21853498162861443,0.284027932060329,1.0,0.21853498162859086,0.28402793206032895,0.7694136983054635,Crescente
4217253,SC,2017,5602,São Pedro de Alcântara,71309000,4431791,289,6.7,5.6,0.0,0.0,12729.2,15334.92,0.426647889478207,0.4266478894782058,0.4996724118511051,1.0,0.4266478894782073,0.4996724118511051,0.8538552046482439,Decrescente
4217402,SC,2017,20095,Schroeder,483796000,16238306,1323,6.7,5.7,0.0,0.0,24075.44,12273.85,0.31972997172596934,0.3197299717259735,0.5054917997462348,1.0,0.31972997172596923,0.505491799746235,0.6325126775280608,Crescente
4217709,SC,2017,29710,Sombrio,752082000,22951769,2438,6.0,4.9,0.0,1.1,25314.1,9414.18,0.2952743006408559,0.2952743006406821,0.45555971576593485,1.0,0.2952743006408557,0.45555971576593496,0.648157179886746,Crescente
4218004,SC,2017,36931,Tijucas,1467125000,30662617,2946,5.9,4.1,0.3,2.1,39726.11,10408.22,0.20408691719433816,0.20408691719432034,0.30332859041078186,0.9969999999999993,0.2040869171943381,0.30332859041078175,0.6728245330186451,Crescente
4218202,SC,2017,42801,Timbó,1832567000,26546385,2425,6.9,6.1,0.0,0.6,42815.99,10946.96,0.22562733520395187,0.22562733520332434,0.4519791700090999,1.0,0.2256273352039591,0.45197917000909993,0.49919852545286375,Crescente
4218251,SC,2017,7767,Timbó Grande,187298000,6862594,976,6.2,4.5,0.0,0.3,24114.59,7031.35,0.343642688906316,0.3436426889063557,0.565252836469498,1.0,0.34364268890631566,0.5652528364694979,0.6079450941859352,Crescente
4218301,SC,2017,19146,Três Barras,1043119000,17979112,1781,5.2,3.9,0.2,0.5,54482.35,10094.95,0.14147200436829607,0.14147200436830742,0.2833341647420602,0.9980000000000039,0.14147200436829627,0.2833341647420601,0.4993114914224636,Crescente
4218509,SC,2017,7545,Treze Tílias,614882000,8828434,817,7.3,6.0,0.0,0.0,81495.29,10805.92,0.14035765060312677,0.14035765060312946,0.6326923721345654,1.0,0.14035765060312896,0.6326923721345655,0.22184185677723728,Crescente
4218707,SC,2017,104457,Tubarão,3516205000,66362178,2773,6.1,4.6,0.3,0.8,33661.75,23931.55,0.1810085216824193,0.1810085216815565,0.20314880614975514,0.9970000000010786,0.1810085216824192,0.20314880614975514,0.8910144495212308,Decrescente
4219002,SC,2017,21177,Urussanga,794659000,17473043,823,6.5,5.3,0.0,0.0,37524.63,21230.91,0.18790737217560638,0.1879073721756065,0.27241962160512984,1.0,0.1879073721756064,0.27241962160512984,0.6897717978919179,Decrescente
4219309,SC,2017,52066,Videira,2230367000,41481780,2894,6.5,5.5,0.2,1.4,42837.3,14333.72,0.19574211311651238,0.19574211311651482,0.28500746179511754,0.9980000000000017,0.19574211311651254,0.28500746179511766,0.6867964504635493,Crescente
4219507,SC,2017,49738,Xanxerê,1604050000,27751092,1917,5.9,4.2,0.1,0.9,32249.99,14476.31,0.21347450479642463,0.21347450479643196,0.294354092455599,0.9990000000000123,0.21347450479642488,0.2943540924555993,0.7252302932687289,Crescente
4219705,SC,2017,28210,Xaxim,927592000,25039646,2621,6.4,5.4,0.1,1.8,32881.67,9553.47,0.26065730854776004,0.2606573085475569,0.41535054915402264,0.998999999999999,0.26065730854775987,0.41535054915402253,0.6275598023853861,Crescente
4219853,SC,2017,3300,Zortéa,69089000,4881853,471,5.8,5.0,0.0,2.6,20936.06,10364.87,0.3235762839718505,0.32357628397185817,0.456469757357266,1.0,0.3235762839718504,0.4564697573572663,0.7088668608522875,Crescente
4300034,RS,2017,4759,Aceguá,265550000,6095737,620,5.5,4.0,0.0,1.5,55799.54,9831.83,0.14747611259207274,0.14747611259184115,0.28821263355766297,1.0,0.14747611259207266,0.2882126335576632,0.5116920475401959,Crescente
4300059,RS,2017,3841,Água Santa,278780000,4211691,376,5.7,4.8,0.0,0.0,72580.06,11201.31,0.12022374276851622,0.12022374276852572,0.4381821357853793,1.0,0.12022374276851583,0.43818213578537935,0.274369338569753,Crescente
4300109,RS,2017,17085,Agudo,495479000,11872360,1333,6.1,5.2,0.3,3.3,29000.82,8906.5,0.2779055549112302,0.2779055549112295,0.4135193163392328,0.9969999999999998,0.2779055549112284,0.41351931633923283,0.6720497542205475,Crescente
4300208,RS,2017,7358,Ajuricaba,259932000,5387692,214,5.9,6.1,0.0,0.0,35326.45,25176.13,0.20655594062198646,0.20655594062197546,0.2788012175293198,1.0,0.20655594062198643,0.27880121752932013,0.7408717309502576,Crescente
4300406,RS,2017,78003,Alegrete,2015503000,48542125,3140,5.2,4.0,0.2,1.1,25838.79,15459.28,0.22637727393393947,0.22637727393394114,0.28630754895906174,0.9979999999999959,0.22637727393393928,0.28630754895906185,0.7906786766782334,Crescente
4300455,RS,2017,4037,Alegria,100027000,3084361,176,5.7,4.1,0.0,1.0,24777.56,17524.78,0.2367156388888204,0.23671563888885694,0.2800091215520038,1.0,0.23671563888882038,0.28000912155200364,0.8453854559336459,Crescente
4300505,RS,2017,7433,Alpestre,530638000,6691762,482,6.2,3.9,0.0,0.4,71389.48,13883.32,0.1275291899907707,0.12752918999080218,0.22538899265174445,1.0,0.12752918999077026,0.2253889926517444,0.5658181816705664,Crescente
4300570,RS,2017,3040,Alto Feliz,86839000,3515382,230,6.2,4.5,0.0,0.0,28565.46,15284.27,0.23691962003618264,0.236919620036183,0.358111131608764,1.0,0.23691962003618272,0.35811113160876373,0.6615812777778074,Crescente
4300604,RS,2017,208177,Alvorada,2490757000,86485538,14749,4.8,3.8,2.9,7.2,11964.61,5863.82,0.47925106928488254,0.4792510692848848,0.48110733841914194,0.9709999999999539,0.48110733841914244,0.47925106928488254,0.9961416736224418,Crescente
4300638,RS,2017,6854,Amaral Ferrador,101295000,5437328,558,4.7,4.0,0.3,0.8,14778.96,9744.32,0.3716804233208809,0.37168042332088347,0.4596598689224136,0.9970000000000002,0.37168042332088114,0.4596598689224138,0.8085988106645376,Crescente
4300646,RS,2017,7576,Ametista do Sul,105509000,5622551,661,5.6,4.4,0.0,0.0,13926.74,8506.13,0.4360570728029705,0.43605707280297795,0.6404655909215006,1.0,0.43605707280297046,0.6404655909215003,0.6808438719956407,Crescente
4300802,RS,2017,13306,Antônio Prado,549508000,7991301,527,4.9,3.8,0.6,0.0,41297.76,15163.76,0.1530398932115329,0.15303989321153344,0.3093927600503283,1.0,0.15303989321153288,0.3093927600503283,0.49464600654080665,Decrescente
4300877,RS,2017,5395,Araricá,141834000,10952447,899,6.3,4.8,0.0,0.3,26289.9,12182.92,0.27660851270190295,0.2766085127019031,0.3991711620878097,1.0,0.2766085127019029,0.3991711620878098,0.6929571546580175,Crescente
4300901,RS,2017,6601,Aratiba,879723000,7811430,276,6.6,6.0,0.0,0.0,133271.17,28302.28,0.07305507996953613,0.07305507996954395,0.227024304706061,1.0,0.07305507996953636,0.22702430470606103,0.32179409188863706,Crescente
4301008,RS,2017,20272,Arroio do Meio,1090730000,20159158,1785,6.5,5.2,0.1,2.0,53804.76,11293.65,0.17465919616324055,0.1746591961632419,0.2983145968440953,0.998999999999997,0.17465919616324596,0.29831459684409534,0.5854865903679554,Crescente
4301057,RS,2017,9050,Arroio do Sal,229881000,10881511,1018,6.1,4.0,0.2,1.1,25401.22,10689.11,0.28671564890675133,0.2867156489068129,0.38351339952902214,0.9979999999999994,0.28671564890675155,0.38351339952902164,0.7476026893945704,Crescente
4301073,RS,2017,2906,Arroio do Padre,58752000,3961160,320,4.7,5.1,0.0,0.0,20217.48,12378.63,0.3185534147661227,0.31855341476611854,0.4665616795928112,1.0,0.3185534147661241,0.4665616795928107,0.6827680641156346,Crescente
4301107,RS,2017,14255,Arroio dos Ratos,235707000,10595675,1196,5.4,4.4,0.3,1.9,16535.04,8859.26,0.36903404177499544,0.3690340417749966,0.4690294662716554,0.9969999999999993,0.3690340417749957,0.4690294662716555,0.7868035343460831,Crescente
4301305,RS,2017,18922,Arroio Grande,603210000,11354113,868,4.9,3.6,0.7,0.7,31878.77,13080.78,0.19370600871840474,0.19370600871840335,0.301279466075569,0.9929999999999917,0.19370600871840482,0.30127946607556894,0.6429446096728613,Crescente
4301404,RS,2017,10614,Arvorezinha,256779000,6436262,447,6.0,4.6,0.0,6.1,24192.48,14398.8,0.2610594225948137,0.26105942259481635,0.3323639490959566,1.0,0.2610594225948137,0.3323639490959566,0.7854625127210875,Decrescente
4301602,RS,2017,122209,Bagé,2840943000,88721430,7741,5.4,4.0,0.7,2.3,23246.59,11461.24,0.26728875121163603,0.2672887512116356,0.32081157766780305,0.9929999999999926,0.2672887512116361,0.3208115776678031,0.8331642927438568,Crescente
4301636,RS,2017,12671,Balneário Pinhal,205318000,13149075,1693,4.9,4.1,2.2,3.4,16203.77,7766.73,0.3643971785628588,0.3643971785628574,0.39267592896205883,0.9780000000000014,0.3643971785628587,0.39267592896205883,0.9279845075455787,Decrescente
4301651,RS,2017,6109,Barão,186359000,5379802,359,6.6,5.6,0.0,0.0,30505.65,14985.52,0.2511988242120507,0.25119882421204864,0.40387573435803714,1.0,0.25119882421205053,0.40387573435803714,0.6219705786764652,Decrescente
4301800,RS,2017,5474,Barracão,187339000,5379040,321,5.7,5.1,0.0,2.7,34223.42,16757.13,0.20191772689459322,0.2019177268945911,0.28548901614846556,1.0,0.2019177268945926,0.2854890161484656,0.7072696863041065,Crescente
4301875,RS,2017,4223,Barra do Quaraí,201992000,5118227,434,4.9,4.0,0.0,0.5,47831.4,11793.15,0.14287127422236248,0.14287127422236703,0.2866938353352275,1.0,0.1428712742223628,0.2866938353352276,0.49834093591620093,Crescente
4301958,RS,2017,2516,Barra Funda,119224000,3020777,153,7.5,5.8,0.0,0.0,47386.33,19743.64,0.18974000551234957,0.18974000551234,0.3427884056432133,1.0,0.18974000551234949,0.3427884056432133,0.5535193209242845,Decrescente
4302105,RS,2017,115069,Bento Gonçalves,5548630000,87748074,5655,6.4,4.9,0.0,0.4,48220.02,15516.9,0.17257669951519447,0.1725766995151429,0.2766533546514406,1.0,0.17257669951519367,0.2766533546514406,0.6238012177102507,Decrescente
4302204,RS,2017,6829,Boa Vista do Buricá,199620000,4962043,355,6.5,4.1,0.0,5.3,29231.22,13977.59,0.2534775940595205,0.2534775940595071,0.3241323487417449,1.0,0.2534775940595203,0.32413234874174496,0.782018811277244,Crescente
4302238,RS,2017,2579,Boa Vista do Incra,157093000,4195601,279,5.4,4.9,0.0,0.8,60912.37,15038.0,0.1274013188962239,0.12740131889620643,0.2450202619727316,1.0,0.12740131889622427,0.24502026197273172,0.519962381357679,Crescente
4302352,RS,2017,13189,Bom Princípio,551039000,14225348,1251,6.5,5.4,0.0,0.7,41780.2,11371.18,0.211831343257495,0.2118313432575224,0.3773934508975569,1.0,0.21183134325749314,0.37739345089755666,0.5613010579640303,Crescente
4302402,RS,2017,12204,Bom Retiro do Sul,270481000,10109695,754,6.2,4.8,0.0,2.7,22163.31,13408.08,0.2905954832696755,0.290595483269669,0.3639161027539716,1.0,0.2905954832696752,0.3639161027539716,0.7985232889409537,Decrescente
4302709,RS,2017,21247,Butiá,431541000,15797949,1600,4.3,3.6,0.8,0.9,20310.68,9873.72,0.27653582201882043,0.2765358220188267,0.4077891819902367,0.9919999999999963,0.2765358220188204,0.4077891819902367,0.6781342768073756,Decrescente
4302808,RS,2017,34634,Caçapava do Sul,811817000,24271748,2134,4.9,2.9,0.3,2.3,23439.89,11373.83,0.2527328129838775,0.25273281298387695,0.3356437161335219,0.9969999999999978,0.25273281298387745,0.3356437161335219,0.7529794268018957,Decrescente
4302907,RS,2017,13552,Cacequi,323301000,6734810,715,5.3,4.1,0.0,2.4,23856.33,9419.31,0.2713996112012323,0.27139961120123246,0.43213167166130945,1.0,0.27139961120123207,0.4321316716613096,0.6280484144053814,Crescente
4303004,RS,2017,85495,Cachoeira do Sul,2318936000,51222261,3412,5.3,4.3,0.5,1.5,27123.64,15012.39,0.22136199249523586,0.22136199249523464,0.2717799386603743,0.9949999999999896,0.22136199249523586,0.2717799386603744,0.8144898169686378,Crescente
4303103,RS,2017,127318,Cachoeirinha,5107333000,100293767,8969,5.5,4.2,0.7,2.7,40114.78,11182.27,0.1854529766153452,0.1854529766153454,0.2581504210917493,0.9930000000000042,0.18545297661534535,0.25815042109174935,0.7183911450968865,Crescente
4303509,RS,2017,66215,Camaquã,2019774000,39465464,4452,5.6,4.2,0.7,2.6,30503.27,8864.66,0.24559839705004965,0.24559839705004732,0.3339480329061713,0.9929999999999991,0.24559839705004985,0.3339480329061713,0.7354389690897054,Decrescente
4303806,RS,2017,5641,Campinas do Sul,197137000,4003813,129,5.1,5.5,0.0,0.0,34947.17,31037.31,0.17237293349039118,0.17237293349039065,0.21279925356365934,1.0,0.17237293349039123,0.2127992535636594,0.8100260250152873,Crescente
4303905,RS,2017,64914,Campo Bom,2929536000,62024851,5909,6.7,5.8,0.1,0.9,45129.49,10496.67,0.21003996856057344,0.2100399685605617,0.40262823978333767,0.9990000000000006,0.21003996856057439,0.4026282397833377,0.5216722221809383,Crescente
4304101,RS,2017,3514,Campos Borges,86868000,2832680,198,6.2,4.7,0.0,0.0,24720.55,14306.46,0.2655367809069904,0.26553678090699384,0.3891888074204207,1.0,0.26553678090699045,0.38918880742042045,0.6822826757711575,Crescente
4304200,RS,2017,31603,Candelária,806121000,17090549,1368,5.5,3.4,0.3,10.5,25507.74,12493.09,0.24591372410263632,0.245913724102637,0.30776918836958783,0.9969999999999989,0.24591372410263654,0.3077691883695877,0.7990199584479791,Crescente
4304309,RS,2017,6567,Cândido Godói,219863000,5255553,389,6.8,5.8,0.9,0.0,33479.98,13510.42,0.2506890766399615,0.2506890766399255,0.4704793158091816,1.0,0.2506890766399614,0.4704793158091816,0.5328376152069493,Decrescente
4304408,RS,2017,43062,Canela,1035993000,32600451,2644,5.2,4.5,0.6,3.2,24058.17,12329.97,0.2501602304385907,0.25016023043859054,0.3093093363912833,0.9940000000000024,0.25016023043859065,0.3093093363912833,0.8087703829351351,Decrescente
4304507,RS,2017,56103,Canguçu,1145771000,36971862,4190,5.3,4.6,0.8,2.8,20422.63,8823.83,0.31710032968954543,0.31710032968954416,0.39195400305237926,0.9919999999999978,0.3171003296895452,0.3919540030523794,0.8090243427037263,Crescente
4304606,RS,2017,343853,Canoas,18883627000,196058134,26380,5.1,4.0,1.3,3.1,54917.73,7432.07,0.1450833504684572,0.14508335046845378,0.23707754146640608,0.9870000000000003,0.1450833504684557,0.2370775414664062,0.611965813256991,Crescente
4304622,RS,2017,1758,Capão Bonito do Sul,152236000,3002219,220,7.2,5.3,0.0,0.0,86596.13,13646.45,0.12684442993246503,0.12684442993247463,0.45180578099069935,1.0,0.12684442993246783,0.4518057809906993,0.28074990464780303,Crescente
4304630,RS,2017,48401,Capão da Canoa,1373552000,60555276,5352,5.1,4.3,1.0,2.4,28378.59,11314.51,0.22192170278559561,0.22192170278559517,0.2913809509574203,0.9899999999999998,0.22192170278559553,0.29138095095742017,0.7616204904830076,Crescente
4304655,RS,2017,3449,Capão do Cipó,243149000,4278598,302,5.3,4.0,0.0,1.4,70498.41,14167.54,0.10967182919277357,0.10967182919276751,0.21423668224865855,1.0,0.1096718291927735,0.2142366822486586,0.5119190049138296,Crescente
4304663,RS,2017,25495,Capão do Leão,526626000,22171234,3017,4.7,3.6,0.7,1.9,20656.05,7348.77,0.29854394856232097,0.29854394856231814,0.44376997717008243,0.9930000000000029,0.29854394856232075,0.4437699771700821,0.6727448090700803,Crescente
4304671,RS,2017,4362,Capivari do Sul,218971000,5439372,369,5.6,4.8,0.0,0.0,50199.68,14740.85,0.14929423266697758,0.14929423266697792,0.3283376097406425,1.0,0.14929423266697764,0.3283376097406424,0.4546973244548705,Crescente
4304689,RS,2017,11455,Capela de Santana,195153000,9133767,1088,5.4,3.7,1.5,3.1,17036.49,8395.01,0.36349062537771804,0.36349062537772053,0.3887921173985075,0.9849999999999999,0.36349062537771804,0.38879211739850744,0.9349228266506862,Crescente
4304697,RS,2017,2769,Capitão,68803000,4380848,268,6.3,5.1,0.0,4.4,24847.6,16346.45,0.25929005399568206,0.25929005399568217,0.3143950941161068,1.0,0.25929005399568206,0.3143950941161067,0.824726781200745,Crescente
4304705,RS,2017,62339,Carazinho,2668793000,34525302,2712,6.0,4.6,0.5,3.5,42810.97,12730.57,0.18632631216981815,0.18632631216979545,0.2443380450504854,0.9950000000000012,0.18632631216979262,0.24433804505048465,0.7625759309456667,Crescente
4304804,RS,2017,28091,Carlos Barbosa,2181701000,22511592,1104,7.3,5.7,0.0,0.4,77665.48,20390.93,0.129094445444201,0.12909444544421414,0.22529121946065517,1.0,0.12909444544420018,0.2252912194606552,0.5730114371667558,Crescente
4305009,RS,2017,9335,Catuípe,330437000,7252104,497,5.6,3.6,1.1,10.6,35397.64,14591.76,0.19023080945027634,0.19023080945027904,0.2062561171439411,0.9889999999999989,0.19023080945027623,0.20625611714394104,0.9223038428359384,Crescente
4305108,RS,2017,483377,Caxias do Sul,21811857000,305111795,29957,6.0,5.0,0.3,1.7,45123.9,10184.99,0.18924722587077403,0.18924722587045267,0.3131133810845261,0.9970000000000044,0.18924722587083023,0.3131133810845261,0.6044047853058252,Decrescente
4305132,RS,2017,4694,Cerro Branco,77509000,3631699,349,4.7,4.0,0.0,1.1,16512.36,10406.01,0.3353564674335913,0.3353564674335879,0.4472850173888901,1.0,0.3353564674335915,0.44728501738889004,0.7497601180368111,Crescente
4305207,RS,2017,14069,Cerro Largo,656218000,8363537,498,5.6,5.5,0.0,0.0,46642.83,16794.25,0.17312227655990683,0.17312227655990736,0.32661591983948574,1.0,0.17312227655990636,0.3266159198394857,0.5300484944058672,Crescente
4305306,RS,2017,9597,Chapada,433601000,8185715,534,5.9,4.1,0.0,4.7,45180.89,15329.05,0.167166200149819,0.16716620014981928,0.2523013667368496,1.0,0.16716620014981903,0.2523013667368496,0.6625655750972343,Decrescente
4305355,RS,2017,38899,Charqueadas,1115156000,27539544,2422,5.0,3.7,0.2,0.3,28667.99,11370.58,0.21935184633008373,0.21935184633009225,0.3577619747514141,0.997999999999997,0.21935184633008376,0.35776197475141397,0.6131223042429182,Crescente
4305439,RS,2017,6456,Chuí,230138000,4467132,218,4.5,4.7,0.0,3.1,35647.15,20491.43,0.1700288833992587,0.1700288833992559,0.23286006379967333,1.0,0.1700288833992587,0.2328600637996733,0.7301762295553285,Crescente
4305454,RS,2017,14710,Cidreira,260813000,14961134,1522,4.8,3.2,3.1,6.9,17730.32,9829.92,0.31425975615792723,0.31425975615792473,0.3156899073665138,0.9690000000000005,0.31568990736651403,0.31425975615792723,0.9954697594848156,Crescente
4305587,RS,2017,2499,Colinas,61159000,3279268,218,6.8,4.9,0.0,1.1,24473.39,15042.51,0.2862539288152811,0.28625392881529116,0.3311118106496326,1.0,0.2862539288152811,0.33111181064963247,0.8645234618893797,Crescente
4305702,RS,2017,6836,Condor,318295000,5948190,547,5.8,5.2,0.3,0.0,46561.59,10874.2,0.17874802630021633,0.17874802630024494,0.47902046918070024,1.0,0.17874802630021572,0.4790204691807004,0.3731532111893687,Crescente
4305801,RS,2017,10109,Constantina,274345000,6601667,731,6.3,5.1,0.3,0.3,27138.69,9031.01,0.29908373751235384,0.2990837375123606,0.4555598808547758,0.9970000000000002,0.2990837375123543,0.4555598808547757,0.6565190441071704,Crescente
4305871,RS,2017,2559,Coronel Barros,104719000,3445507,257,6.0,5.3,0.0,1.4,40921.84,13406.64,0.19451488689791852,0.1945148868978964,0.32965395735260117,1.0,0.1945148868979182,0.3296539573526011,0.5900577941185261,Crescente
4305959,RS,2017,4000,Cotiporã,146542000,3396084,236,7.1,5.5,0.0,1.8,36635.5,14390.19,0.23696672635336508,0.23696672635335608,0.34037541663327897,1.0,0.23696672635336496,0.340375416633279,0.6961922476577485,Crescente
4305975,RS,2017,2876,Coxilha,204226000,4490494,337,5.8,4.4,0.0,0.0,71010.43,13324.91,0.12077574067048696,0.12077574067049629,0.3734698714094377,1.0,0.12077574067048691,0.37346987140943766,0.3233881764402881,Crescente
4306007,RS,2017,14195,Crissiumal,332670000,12073947,727,6.8,5.7,0.0,0.6,23435.72,16607.91,0.2934770202371392,0.29347702023713707,0.3511210673635187,1.0,0.29347702023713934,0.3511210673635189,0.8358285717253754,Crescente
4306106,RS,2017,63463,Cruz Alta,3394711000,32575769,2243,5.2,4.0,0.5,1.8,53491.18,14523.3,0.13238913044864203,0.13238913044863876,0.2091780068224078,0.9950000000000124,0.13238913044864184,0.2091780068224079,0.6329017684972993,Crescente
4306205,RS,2017,12258,Cruzeiro do Sul,344258000,8334399,490,5.7,4.6,0.2,1.3,28084.35,17008.98,0.21775400205656434,0.21775400205656378,0.26727460095892525,0.9980000000000008,0.2177540020565644,0.26727460095892536,0.8147201465283593,Crescente
4306403,RS,2017,30753,Dois Irmãos,1806678000,26271165,2202,6.4,5.2,0.3,0.1,58748.02,11930.59,0.1585834757113936,0.15858347571139417,0.37525008858268727,0.9989999999999994,0.15858347571139356,0.37525008858268727,0.4226074304482126,Decrescente
4306502,RS,2017,15279,Dom Feliciano,253149000,14659745,1683,5.7,3.8,0.2,4.3,16568.43,8710.48,0.38091247413429313,0.38091247413427975,0.4753599259060949,0.9979999999999974,0.38091247413429324,0.4753599259060948,0.8013138116517222,Crescente
4306601,RS,2017,39822,Dom Pedrito,1343428000,25383948,2024,4.8,3.4,0.8,5.7,33735.82,12541.48,0.1813508530914648,0.18135085309147017,0.22768523428266668,0.9920000000000007,0.18135085309146484,0.22768523428266674,0.7964980850111751,Crescente
4306734,RS,2017,5110,Doutor Maurício Cardoso,176654000,3629461,382,6.0,5.4,0.0,0.0,34570.25,9501.21,0.24266694364271307,0.24266694364271263,0.5802471105388435,1.0,0.24266694364271313,0.5802471105388437,0.4182131013411884,Crescente
4306767,RS,2017,38581,Eldorado do Sul,1585866000,41299596,4510,5.0,4.0,1.5,2.1,41104.84,9157.34,0.17362700449177448,0.17362700449182158,0.2873917049774863,0.9850000000000283,0.17362700449177446,0.28739170497748556,0.6041475849324742,Crescente
4306809,RS,2017,22128,Encantado,830217000,14509519,722,6.6,5.1,0.0,4.3,37518.84,20096.29,0.19216563270710352,0.19216563270710532,0.2451744102131982,1.0,0.19216563270710357,0.24517441021319814,0.7837915569573537,Crescente
4306908,RS,2017,25872,Encruzilhada do Sul,525828000,16760660,1372,4.6,3.3,0.3,1.6,20324.21,12216.22,0.2703742411798025,0.2703742411797894,0.3403736079525661,0.9970000000000137,0.2703742411798027,0.3403736079525663,0.7943454923140851,Crescente
4307005,RS,2017,103437,Erechim,4456712000,60577754,2954,6.3,4.9,0.6,2.2,43086.25,20507.03,0.1671919541819219,0.16719195418189386,0.18971415561913627,0.9940000000000022,0.167191954181922,0.1897141556191363,0.881283495352718,Crescente
4307054,RS,2017,3215,Ernestina,131689000,3098449,234,5.6,4.0,0.0,0.0,40960.81,13241.24,0.17753103616965546,0.177531036169749,0.3655228252448688,1.0,0.17753103616965482,0.3655228252448686,0.48569069811365395,Crescente
4307450,RS,2017,3204,Esperança do Sul,67536000,3738451,285,5.8,4.5,0.0,0.0,21078.65,13117.37,0.29251627629496046,0.2925162762949609,0.4215380259115335,1.0,0.2925162762949607,0.421538025911533,0.6939261900807726,Crescente
4307500,RS,2017,15843,Espumoso,682297000,10853663,630,6.1,5.0,0.0,0.3,43066.15,17228.04,0.17234579820170123,0.17234579820169207,0.2759593674034242,1.0,0.1723457982017012,0.2759593674034243,0.624533241336756,Crescente
4307609,RS,2017,47287,Estância Velha,1334293000,40514266,4464,6.5,5.4,0.0,0.0,28216.91,9075.78,0.2998797792682225,0.29987977926824066,0.6398338079143516,1.0,0.29987977926822135,0.6398338079143516,0.46868386065083406,Decrescente
4307708,RS,2017,84237,Esteio,3001354000,60275132,7022,5.6,4.4,0.8,2.9,35629.88,8583.76,0.22039717712172927,0.22039717712174814,0.31059574950562274,0.9919999999999995,0.22039717712172624,0.31059574950562324,0.709594955734381,Crescente
4307807,RS,2017,33140,Estrela,1419197000,21077070,1788,5.9,5.3,0.1,1.0,42824.29,11788.07,0.19221099148144422,0.19221099148143508,0.32580841189084364,0.9989999999999994,0.19221099148144632,0.32580841189084364,0.5899509787544747,Decrescente
4307815,RS,2017,3745,Estrela Velha,128824000,4267629,277,6.3,4.8,0.0,0.8,34398.93,15406.6,0.21402214659116814,0.21402214659113222,0.2907512157767714,1.0,0.21402214659116792,0.2907512157767714,0.7361006075912229,Decrescente
4307906,RS,2017,69542,Farroupilha,3208933000,61625957,5471,7.2,6.0,0.0,0.4,46143.81,11264.11,0.21815104400216243,0.21815104400216453,0.4256899603836153,1.0,0.21815104400215862,0.42568996038361534,0.5124646205082525,Crescente
4308078,RS,2017,4194,Fazenda Vilanova,120402000,5592106,573,5.9,5.3,0.6,0.0,28708.15,9759.35,0.2746083675017801,0.27460836750178996,0.549320089713273,1.0,0.27460836750178014,0.549320089713273,0.4999059248772726,Decrescente
4308102,RS,2017,13273,Feliz,391709000,9904899,431,6.6,5.5,0.0,0.6,29511.72,22981.2,0.2168904839976288,0.2168904839976317,0.2517959449667624,1.0,0.21689048399762878,0.2517959449667624,0.8613740146858156,Decrescente
4308201,RS,2017,29603,Flores da Cunha,1486989000,22208206,1690,6.9,5.4,0.1,1.6,50231.02,13140.95,0.18883261405559995,0.1888326140555995,0.28927550178098904,0.998999999999999,0.1888326140555995,0.2892755017809891,0.6527777599313108,Crescente
4308409,RS,2017,7053,Formigueiro,182346000,4310539,404,4.6,5.1,0.0,0.0,25853.68,10669.65,0.28011063109507095,0.2801106310950686,0.47727507424874216,1.0,0.2801106310950714,0.477275074248743,0.5868955791080874,Crescente
4308433,RS,2017,2519,Forquetinha,41306000,2269792,173,6.5,4.3,0.0,0.0,16397.78,13120.18,0.37321179350786343,0.3732117935078421,0.4580538654134563,1.0,0.37321179350786304,0.4580538654134562,0.8147770855966661,Crescente
4308458,RS,2017,4588,Fortaleza dos Valos,249751000,4726454,302,6.9,5.3,0.0,0.0,54435.7,15650.51,0.17005933899333395,0.17005933899330333,0.38182461785589683,1.0,0.17005933899333495,0.38182461785589694,0.44538599933206896,Crescente
4308508,RS,2017,30832,Frederico Westphalen,1092250000,16551957,962,5.6,4.1,0.2,0.5,35425.86,17205.78,0.1812196443010664,0.18121964430106022,0.25397881819463164,0.9979999999999946,0.18121964430106638,0.25397881819463164,0.7135226692888709,Decrescente
4308607,RS,2017,33624,Garibaldi,1836582000,24130676,1491,6.6,5.6,0.0,0.5,54621.16,16184.22,0.1609910809979245,0.16099108099792384,0.2868861728971757,1.0,0.16099108099792508,0.2868861728971758,0.5611670976405897,Crescente
4308904,RS,2017,16648,Getúlio Vargas,513078000,11442938,595,6.4,5.5,0.2,0.4,30819.2,19231.83,0.22390318700671777,0.22390318700671538,0.26405656813171513,0.9980000000000001,0.22390318700671766,0.26405656813171485,0.8479364425240569,Crescente
4309001,RS,2017,17069,Giruá,678446000,15446848,840,5.8,3.8,0.2,2.7,39747.26,18389.1,0.1684002563741002,0.1684002563741022,0.21758344876538568,0.997999999999997,0.16840025637410022,0.2175834487653857,0.773957106248838,Crescente
4309050,RS,2017,7654,Glorinha,327548000,9980431,804,5.7,5.2,0.7,0.3,42794.36,12413.47,0.18682952276003129,0.18682952276001166,0.3175948363233247,0.9969999999999996,0.18682952276003087,0.31759483632332486,0.5882637291049376,Crescente
4309100,RS,2017,35047,Gramado,1834204000,53728121,3064,6.0,4.8,0.0,1.7,52335.55,17535.29,0.1473739346635351,0.14737393466353652,0.23278847813790657,1.0,0.14737393466353524,0.2327884781379065,0.633080880301254,Crescente
4309209,RS,2017,275146,Gravataí,12314666000,166003898,21056,5.4,4.0,0.7,2.3,44756.84,7883.92,0.18052859797067355,0.1805285979706858,0.2935008598963692,0.9929999999999921,0.18052859797067378,0.2935008598963694,0.6150871177495545,Crescente
4309308,RS,2017,99334,Guaíba,5567587000,64447923,6737,5.7,4.5,0.4,1.3,56049.16,9566.26,0.15303298662565923,0.15303298662564846,0.2756946216338347,0.9959999999999993,0.15303298662565934,0.27569462163383485,0.5550815090941847,Crescente
4309407,RS,2017,24836,Guaporé,818670000,18958636,1459,6.9,5.3,0.0,0.1,32963.04,12994.27,0.255604777249205,0.25560477724922714,0.39716040345577797,1.0,0.2556047772492054,0.397160403455778,0.643580717073336,Crescente
4309506,RS,2017,8080,Guarani das Missões,287151000,5437869,466,5.5,5.3,0.0,0.0,35538.49,11669.25,0.22352288596560219,0.22352288596560774,0.4457812576795089,1.0,0.22352288596560277,0.445781257679509,0.5014183124906124,Crescente
4309605,RS,2017,19338,Horizontina,1505773000,18790538,1391,6.5,5.5,0.0,0.3,77866.02,13508.65,0.12524960255577103,0.12524960255577672,0.28486073064797873,1.0,0.12524960255577128,0.2848607306479788,0.4396871491232333,Crescente
4309654,RS,2017,6561,Hulha Negra,174142000,6696739,580,5.6,3.9,0.0,0.4,26541.99,11546.1,0.24930015562849078,0.2493001556284845,0.37660898959204125,1.0,0.24930015562849103,0.3766089895920411,0.661960182890332,Crescente
4309704,RS,2017,4988,Humaitá,140134000,4457643,372,6.7,4.3,0.0,0.0,28094.23,11982.91,0.28339277996058804,0.2833927799605779,0.4665476739688839,1.0,0.283392779960588,0.4665476739688836,0.6074251266752403,Crescente
4310009,RS,2017,20355,Ibirubá,927942000,16115616,721,6.3,4.7,0.0,1.2,45587.91,22351.76,0.15614149256843032,0.15614149256844795,0.20493691218454368,1.0,0.15614149256843024,0.20493691218454366,0.7619002887475266,Crescente
4310108,RS,2017,34903,Igrejinha,1655950000,30080926,2946,7.1,5.9,0.2,1.9,47444.35,10210.77,0.21521379024717968,0.21521379024718185,0.4215784896796557,0.997999999999999,0.21521379024718248,0.4215784896796557,0.5104951877661356,Decrescente
4310207,RS,2017,83330,Ijuí,3165854000,51140714,3670,7.1,5.3,0.0,0.3,37991.77,13934.8,0.2335443910190758,0.23354439101905553,0.34820953952509354,1.0,0.23354439101907543,0.34820953952509365,0.6707007261707876,Crescente
4310330,RS,2017,20578,Imbé,437014000,28612296,2725,5.3,4.2,0.5,1.1,21236.95,10499.93,0.29081979263522434,0.290819792635201,0.3892992081164372,0.9949999999999108,0.2908197926352244,0.38929920811643715,0.7470341232963458,Crescente
4310405,RS,2017,6598,Independência,241283000,4999769,345,6.2,4.7,0.0,1.5,36569.11,14492.08,0.2066138044481223,0.20661380444809052,0.2943040251209314,1.0,0.20661380444812227,0.2943040251209314,0.7020420613113374,Decrescente
4310439,RS,2017,6482,Ipê,196423000,4384348,345,6.6,4.9,0.5,2.3,30302.84,12708.26,0.2603466620062377,0.26034666200623824,0.2995437712221058,0.9950000000000001,0.260346662006238,0.2995437712221058,0.8691439683223985,Decrescente
4310462,RS,2017,1975,Ipiranga do Sul,87716000,2870085,177,6.4,4.8,0.0,1.3,44413.16,16215.17,0.1803443444409013,0.18034434444082795,0.2598366133672306,1.0,0.18034434444090156,0.25983661336723046,0.6940682535221402,Crescente
4310603,RS,2017,39012,Itaqui,1335037000,27275158,2540,4.7,3.5,0.2,1.0,34221.19,10738.25,0.1846432580463445,0.18464325804634713,0.3252625245716258,0.9980000000000008,0.18464325804634366,0.32526252457162563,0.5676745523927837,Crescente
4310801,RS,2017,22514,Ivoti,917702000,24354449,2054,7.1,5.8,0.0,0.2,40761.39,11857.08,0.23303459105893484,0.2330345910589463,0.4235414519372369,1.0,0.23303459105893473,0.42354145193723686,0.5502049208951274,Crescente
4311007,RS,2017,28156,Jaguarão,709334000,19228673,1673,4.3,3.1,0.3,3.0,25193.0,11493.53,0.22322145626444997,0.22322145626444567,0.3164357091651611,0.9969999999999991,0.22322145626444975,0.3164357091651611,0.7054243557194151,Decrescente
4311106,RS,2017,11514,Jaguari,244561000,6320521,510,5.4,4.3,0.7,0.0,21240.32,12393.18,0.28390490059687923,0.2839049005968989,0.4229607731332048,1.0,0.2839049005968791,0.42296077313320496,0.6712322244301078,Crescente
4311205,RS,2017,20012,Júlio de Castilhos,1041112000,13490140,719,5.3,4.4,0.0,2.6,52024.39,18762.36,0.1281814908778288,0.12818149087782846,0.21499707492076445,1.0,0.12818149087782868,0.21499707492076442,0.5962010921547147,Crescente
4311304,RS,2017,28454,Lagoa Vermelha,971882000,15919667,913,5.1,3.9,0.6,4.6,34156.25,17436.66,0.1737312434069868,0.17373124340698826,0.20537452304346532,0.9939999999999999,0.17373124340698692,0.20537452304346532,0.8459240261764038,Decrescente
4311403,RS,2017,79819,Lajeado,3844921000,60538973,4325,6.4,5.5,0.3,1.7,48170.5,13997.45,0.1784609054331502,0.17846090543313375,0.2672817954409559,0.9970000000000004,0.17846090543315046,0.2672817954409559,0.6676882169948355,Decrescente
4311627,RS,2017,5765,Lindolfo Collor,305111000,6195102,603,6.0,5.1,0.0,0.0,52924.72,10273.8,0.1665329157445033,0.16653291574445342,0.5102532655881726,1.0,0.16653291574450385,0.5102532655881726,0.3263730523165581,Decrescente
4311718,RS,2017,4804,Maçambará,255407000,6821471,440,5.2,3.3,0.0,2.2,53165.49,15503.34,0.13072509079439915,0.13072509079439842,0.22561970423774075,1.0,0.1307250907943988,0.2256197042377407,0.5794045836380101,Crescente
4311734,RS,2017,3079,Mampituba,56220000,3043810,300,5.5,4.7,0.0,0.0,18259.18,10146.03,0.3374677326578223,0.33746773265781693,0.5299389270203102,1.0,0.3374677326578223,0.5299389270203102,0.6368049513843105,Decrescente
4311759,RS,2017,7383,Manoel Viana,235516000,4474801,278,4.1,3.9,0.0,2.6,31899.77,16096.41,0.17783290880818178,0.17783290880818137,0.26901658651991467,1.0,0.17783290880818167,0.26901658651991467,0.6610481201500831,Decrescente
4311809,RS,2017,41059,Marau,1886017000,43705571,2572,5.9,4.6,0.3,2.4,45934.31,16992.83,0.160128417330596,0.16012841733058247,0.2167662555467796,0.9970000000000027,0.16012841733059582,0.2167662555467796,0.7387146902855422,Decrescente
4312054,RS,2017,4159,Marques de Souza,86176000,3390332,214,6.4,5.3,0.0,1.8,20720.37,15842.67,0.3008866705425223,0.3008866705425223,0.3440809213915941,1.0,0.30088667054252227,0.34408092139159385,0.8744648477620387,Crescente
4312252,RS,2017,8059,Minas do Leão,164686000,7683089,594,6.3,4.6,0.3,1.5,20435.04,12934.49,0.31452662693523653,0.3145266269352531,0.35171290940780964,0.9970000000000073,0.3145266269352364,0.35171290940780986,0.8942709196111543,Crescente
4312401,RS,2017,63868,Montenegro,3235253000,53202795,3449,5.8,4.7,0.1,0.4,50655.3,15425.57,0.15127728597910883,0.15127728597913995,0.24879555269047804,0.9989999999999986,0.1512772859791086,0.24879555269047812,0.6080385454771778,Crescente
4312450,RS,2017,6566,Morro Redondo,86589000,4331567,375,5.6,3.6,0.0,1.3,13187.48,11550.85,0.4125417035923784,0.41254170359237813,0.4443302096226325,1.0,0.4125417035923792,0.44433020962263237,0.9284574729743181,Crescente
4312500,RS,2017,12794,Mostardas,358027000,10116604,1103,5.2,3.3,0.6,3.3,27983.98,9171.9,0.24032602142700715,0.24032602142700682,0.32950593445245585,0.9939999999999992,0.24032602142700712,0.3295059344524556,0.7293526346539401,Crescente
4312658,RS,2017,17185,Não-Me-Toque,1147124000,15569368,1133,5.4,4.0,0.5,1.2,66751.47,13741.72,0.11743258280524774,0.1174325828052496,0.20503053926193818,0.9949999999999997,0.11743258280524749,0.20503053926193815,0.5727565426495852,Crescente
4312906,RS,2017,9599,Nova Bassano,458306000,6827557,408,6.4,5.1,0.0,0.0,47745.18,16734.21,0.1699972165707431,0.1699972165707365,0.3283871781219267,1.0,0.16999721657074243,0.3283871781219267,0.5176731245810849,Decrescente
4312955,RS,2017,1932,Nova Boa Vista,83886000,2762893,205,6.8,5.1,0.0,1.1,43419.25,13477.53,0.20574448494024028,0.20574448494021613,0.3120746491375344,1.0,0.20574448494024095,0.3120746491375343,0.6592797124304917,Crescente
4313201,RS,2017,20675,Nova Petrópolis,735117000,19748115,1095,7.2,6.4,0.5,1.5,35555.84,18034.81,0.2413658215439036,0.24136582154378924,0.30042910034727005,0.9950000000000148,0.24136582154390768,0.30042910034726983,0.803403602596771,Crescente
4313300,RS,2017,25559,Nova Prata,1162976000,25015894,1248,6.2,4.9,0.0,0.2,45501.62,20044.79,0.16028603710799252,0.16028603710799946,0.24539093333228906,1.0,0.16028603710799275,0.24539093333228904,0.6531864683482246,Crescente
4313375,RS,2017,26450,Nova Santa Rita,1301255000,26739353,3362,5.2,4.4,1.1,1.8,49196.79,7953.41,0.16056057475492921,0.16056057475492863,0.30063589001931307,0.9890000000000004,0.1605605747549305,0.30063589001931307,0.5340698834880117,Decrescente
4313409,RS,2017,249508,Novo Hamburgo,8920279000,152275602,15720,5.9,4.7,0.3,1.8,35751.47,9686.74,0.2248635935732217,0.22486359357322766,0.34599455201985074,0.9969999999999929,0.22486359357322105,0.3459945520198508,0.649905012262507,Crescente
4313508,RS,2017,44468,Osório,1660333000,40423958,2491,5.8,4.6,0.3,1.1,37337.7,16228.0,0.18361344660954573,0.18361344660954343,0.25132188688943224,0.9969999999999455,0.18361344660954582,0.2513218868894323,0.7305907530860036,Crescente
4313706,RS,2017,34844,Palmeira das Missões,1254871000,18715451,984,4.6,3.3,0.0,0.2,36013.98,19019.77,0.1585264510748973,0.15852645107489663,0.23514428258756306,1.0,0.1585264510748973,0.23514428258756317,0.6741667257670413,Crescente
4313904,RS,2017,41781,Panambi,1963000000,29585046,2481,5.9,5.0,0.1,1.7,46983.08,11924.65,0.1740231724397226,0.17402317243981963,0.3010963348831647,0.9989999999999983,0.1740231724396741,0.3010963348831648,0.5779650971415821,Crescente
4313953,RS,2017,9845,Pantano Grande,330364000,7938758,932,5.8,3.9,0.6,3.6,33556.53,8517.98,0.23937124857006833,0.23937124857007228,0.32413328635102334,0.9940000000000008,0.23937124857006833,0.3241332863510234,0.7384963490322893,Crescente
4314001,RS,2017,7404,Paraí,271341000,5587374,316,6.4,4.9,0.0,1.6,36647.89,17681.56,0.19861250986957568,0.1986125098696242,0.26282682064299595,1.0,0.1986125098695757,0.262826820642996,0.7556782423638411,Crescente
4314035,RS,2017,3760,Pareci Novo,89597000,4779558,388,6.4,5.3,0.0,3.6,23828.99,12318.45,0.30284117877026184,0.30284117877026184,0.40525968414940344,1.0,0.302841178770262,0.4052596841494036,0.7472768464642442,Crescente
4314050,RS,2017,56277,Parobé,1145069000,42155858,6137,6.0,5.0,0.4,1.8,20347.02,6869.13,0.37854221485767064,0.37854221485757145,0.5368535530932189,0.9960000000000121,0.3785422148576717,0.5368535530932187,0.7051126190310243,Crescente
4314100,RS,2017,198799,Passo Fundo,8636758000,107976990,10236,5.6,4.3,0.8,2.9,43444.68,10548.75,0.18042077300066026,0.18042077300066092,0.2512539328905561,0.9920000000000011,0.18042077300066037,0.25125393289055603,0.7180813885180054,Crescente
4314159,RS,2017,8485,Paverama,159230000,5777087,521,5.3,3.9,0.3,8.6,18766.06,11088.46,0.3122196000764944,0.3122196000764925,0.3657510481654532,0.9970000000000016,0.31221960007649446,0.3657510481654532,0.85363965911386,Decrescente
4314407,RS,2017,344385,Pelotas,8417418000,174560778,17652,5.2,3.9,0.6,1.2,24441.88,9889.01,0.2608649016979299,0.26086490169792664,0.3806331215428915,0.9939999999999974,0.26086490169792975,0.3806331215428914,0.6853447241809052,Crescente
4314423,RS,2017,5595,Picada Café,296148000,7014124,407,8.0,6.4,0.0,0.0,52930.83,17233.72,0.19591536620398234,0.19591536620396843,1.0,1.0,0.1959153662039828,1.0,0.19591536620398234,Decrescente
4314472,RS,2017,4544,Pinhal Grande,490839000,4372550,302,6.4,5.5,0.0,2.0,108019.15,14478.64,0.09269293358213984,0.09269293358214188,0.2501656627575914,1.0,0.09269293358213775,0.2501656627575915,0.37052620475719955,Crescente
4314506,RS,2017,12913,Pinheiro Machado,283675000,8845066,1002,4.8,3.8,0.8,1.8,21968.17,8827.41,0.2777871303877707,0.2777871303877607,0.39123228000404936,0.991999999999932,0.2777871303877712,0.3912322800040496,0.7100312131322485,Crescente
4314704,RS,2017,10623,Planalto,187002000,7883960,520,5.9,4.8,0.0,0.0,17603.5,15161.46,0.3212609050768483,0.32126090507685107,0.40168680870981166,1.0,0.32126090507684846,0.40168680870981144,0.7997795748103219,Crescente
4314779,RS,2017,3990,Pontão,222571000,4496876,282,5.7,4.8,0.7,0.0,55782.21,15946.37,0.13742356409718562,0.1374235640971893,0.30779506178481864,1.0,0.13742356409718554,0.30779506178481864,0.44647748180332814,Decrescente
4314803,RS,2017,34692,Portão,1099223000,20816671,2912,5.8,4.3,0.2,2.3,31685.2,7148.58,0.26055463382565625,0.2605546338256493,0.4239139578306696,0.9979999999999979,0.260554633825658,0.42391395783067026,0.6146403745680239,Crescente
4315305,RS,2017,23532,Quaraí,445879000,14144959,629,6.3,5.5,0.2,0.5,18947.77,22488.01,0.2848149988280899,0.2848149988280892,0.3099704658887976,0.997999999999999,0.28481499882808925,0.3099704658887974,0.9188456003749329,Crescente
4315354,RS,2017,3826,Quinze de Novembro,135239000,4305710,291,6.8,5.5,0.0,0.7,35347.36,14796.25,0.23046342410069948,0.23046342410069104,0.334240301769104,1.0,0.23046342410069945,0.33424030176910413,0.6895141695387336,Crescente
4315503,RS,2017,16315,Restinga Seca,430282000,9956888,910,4.6,3.6,0.4,3.5,26373.4,10941.64,0.2233923096977897,0.22339230969778814,0.30821705405164573,0.9960000000000002,0.2233923096977898,0.30821705405164557,0.7247889328679309,Crescente
4315602,RS,2017,209378,Rio Grande,9229286000,132084864,14944,5.3,4.3,0.8,1.5,44079.54,8838.66,0.17548218767653737,0.1754821876765344,0.31118669044846525,0.9919999999999989,0.175482187676537,0.31118669044846525,0.5639128955793129,Decrescente
4316006,RS,2017,20920,Rolante,577661000,18236557,1711,6.0,4.5,0.0,0.7,27612.86,10658.42,0.2671082876232772,0.2671082876232686,0.392638735204516,1.0,0.26710828762327715,0.3926387352045159,0.6802902099920095,Crescente
4316204,RS,2017,5497,Rondinha,173178000,4487458,253,6.5,4.7,0.0,0.0,31504.09,17736.99,0.22059893024162855,0.2205989302416057,0.31713047678351514,1.0,0.22059893024162866,0.31713047678351514,0.6956093670940918,Decrescente
4316451,RS,2017,12490,Salto do Jacuí,619014000,8265141,713,4.9,3.0,0.5,4.3,49560.77,11592.06,0.13959100374157485,0.13959100374157424,0.2176853179048234,0.9949999999999999,0.13959100374157415,0.21768531790482362,0.6412513488971588,Crescente
4316501,RS,2017,7434,Salvador do Sul,289990000,6568977,404,6.6,5.0,0.0,3.1,39008.61,16259.84,0.2027211903429083,0.20272119034291114,0.2788831611752888,1.0,0.20272119034290856,0.27888316117528894,0.7269036591832457,Crescente
4316600,RS,2017,16237,Sananduva,526825000,10906020,888,5.8,5.0,0.0,0.0,32445.96,12281.55,0.22576114961783403,0.2257611496178274,0.4098544157699425,1.0,0.22576114961783456,0.4098544157699425,0.5508325418276259,Decrescente
4316709,RS,2017,8694,Santa Bárbara do Sul,585626000,9075894,550,5.3,4.6,0.0,0.0,67359.79,16501.63,0.1100102243406633,0.11001022434065258,0.2808970992562518,1.0,0.11001022434065946,0.2808970992562515,0.39163887641397516,Crescente
4316808,RS,2017,127429,Santa Cruz do Sul,8364420000,88688341,5481,5.9,4.9,0.4,2.6,65639.85,16181.05,0.12537118307803383,0.12537118307798534,0.19326961239479823,0.9960000000000002,0.12537118307803294,0.19326961239479773,0.6486854375323833,Crescente
4316907,RS,2017,278445,Santa Maria,7213745000,136161601,12492,5.7,4.6,0.3,1.2,25907.25,10899.9,0.2631041303105542,0.26310413031055147,0.36889424033291296,0.9969999999999982,0.26310413031055413,0.3688942403329128,0.7132237415068144,Crescente
4316956,RS,2017,6358,Santa Maria do Herval,190770000,5764412,320,7.1,5.5,0.0,0.0,30004.72,18013.79,0.2465987801823626,0.24659878018236445,0.34786710625579387,1.0,0.24659878018236328,0.3478671062557944,0.708887893530909,Crescente
4317004,RS,2017,8414,Santana da Boa Vista,168893000,5840985,455,4.6,2.6,0.0,0.0,20072.85,12837.33,0.27182472579062844,0.27182472579062894,0.4060357089611908,1.0,0.2718247257906287,0.4060357089611913,0.6694601479413469,Crescente
4317103,RS,2017,82312,Sant'Ana do Livramento,2586304000,41190920,2658,4.8,4.1,0.2,2.7,31420.74,15496.96,0.18564357964422623,0.18564357964422665,0.25949419084232794,0.9979999999999988,0.18564357964422626,0.2594941908423279,0.7154055319759574,Crescente
4317202,RS,2017,72753,Santa Rosa,2824253000,54282255,2988,6.4,4.8,0.1,0.5,38819.75,18166.75,0.18956072689065825,0.18956072689065515,0.2471849247910316,0.9990000000000008,0.18956072689065812,0.24718492479103174,0.7668781866487674,Crescente
4317301,RS,2017,31274,Santa Vitória do Palmar,944571000,31121173,2198,4.6,3.2,0.7,3.3,30203.08,14158.86,0.19067866171112424,0.1906786617111428,0.23433272583966816,0.9929999999999961,0.1906786617111241,0.23433272583966833,0.8137090584675216,Crescente
4317400,RS,2017,50658,Santiago,1276635000,26646505,1950,6.1,4.5,0.1,1.1,25201.05,13664.87,0.26293539259543924,0.26293539259544574,0.3321332332504448,0.9990000000000041,0.26293539259543935,0.33213323325044464,0.7916563784424819,Crescente
4317509,RS,2017,79101,Santo Ângelo,2340762000,36249164,2971,5.5,4.3,0.2,1.4,29592.07,12201.0,0.22365525380689194,0.2236552538068923,0.3239410870753456,0.9979999999999939,0.22365525380689202,0.32394108707534586,0.6904195322246106,Crescente
4317608,RS,2017,42333,Santo Antônio da Patrulha,1288248000,30037884,2189,5.8,4.6,0.5,1.7,30431.29,13722.19,0.2223614811628176,0.22236148116281934,0.28280145768049103,0.9949999999999853,0.22236148116281787,0.28280145768049103,0.7862812412163784,Decrescente
4317707,RS,2017,11051,Santo Antônio das Missões,321713000,8677933,707,5.4,4.2,0.0,2.2,29111.66,12274.3,0.22169105282180948,0.22169105282180845,0.34162721956787223,1.0,0.22169105282180926,0.3416272195678725,0.6489267837095322,Crescente
4317806,RS,2017,14334,Santo Augusto,535121000,10247771,723,6.1,4.5,0.3,1.0,37332.29,14173.96,0.201945761543601,0.2019457615430959,0.2755053212898494,0.9969999999999647,0.20194576154360117,0.27550532128984934,0.7330013104579604,Crescente
4317905,RS,2017,14738,Santo Cristo,524974000,10186923,871,6.3,5.1,0.0,0.3,35620.44,11695.66,0.2287584723447471,0.22875847234475888,0.3855335252141762,1.0,0.22875847234474772,0.3855335252141761,0.593355590068761,Crescente
4318002,RS,2017,62808,São Borja,1762674000,39906429,2993,5.3,4.2,0.0,3.4,28064.48,13333.25,0.22015112720638133,0.2201511272063847,0.3265530759261134,1.0,0.22015112720638136,0.32655307592611327,0.6741664477727756,Crescente
4318101,RS,2017,19382,São Francisco de Assis,447033000,10622867,1110,5.8,3.9,0.0,2.2,23064.34,9570.15,0.3017009540394075,0.30170095403941366,0.4326028343910993,1.0,0.30170095403940744,0.43260283439109953,0.6974086391830051,Crescente
4318309,RS,2017,62957,São Gabriel,1742748000,37376067,3960,4.9,3.6,1.0,3.9,27681.56,9438.4,0.22741586764634591,0.22741586764634683,0.2837136553788181,0.9899999999999943,0.22741586764634605,0.2837136553788181,0.8015682831434298,Decrescente
4318424,RS,2017,4831,São João da Urtiga,120807000,3299443,215,6.4,4.8,0.0,0.9,25006.62,15346.25,0.26404549046323816,0.2640454904631329,0.32029683305488954,1.0,0.26404549046323805,0.3202968330548895,0.8243774624458696,Crescente
4318481,RS,2017,4543,São José do Hortêncio,115497000,4088493,387,6.7,5.1,0.0,0.0,25423.07,10564.58,0.31612297213758567,0.31612297213754603,0.5381278763567154,1.0,0.31612297213758556,0.5381278763567156,0.5874495376040199,Crescente
4318507,RS,2017,27206,São José do Norte,422275000,17892651,2006,5.1,3.3,1.9,2.1,15521.39,8919.57,0.3750166962962129,0.37501669629620726,0.42628690788069823,0.9809999999999997,0.37501669629621326,0.4262869078806986,0.8797283926936036,Crescente
4318614,RS,2017,2298,São José do Sul,62529000,3519198,138,5.3,4.5,0.0,1.4,27210.18,25501.43,0.1935072100517013,0.1935072100517003,0.21401331973363807,1.0,0.1935072100517013,0.2140133197336381,0.9041830213770864,Crescente
4318705,RS,2017,230914,São Leopoldo,7932255000,158453715,18223,5.3,4.3,0.8,3.1,34351.56,8695.26,0.2138196710209485,0.21381967102094662,0.30799947014108153,0.991999999999998,0.21381967102094704,0.30799947014108336,0.6942209053898916,Crescente
4318804,RS,2017,44580,São Lourenço do Sul,1093313000,27172400,2748,5.1,4.8,0.0,0.3,24524.74,9888.06,0.2795766218671822,0.279576621867167,0.4671426237454858,1.0,0.279576621867182,0.4671426237454855,0.5984823641772934,Crescente
4318903,RS,2017,35057,São Luiz Gonzaga,1142698000,19421057,1375,5.5,4.3,0.2,1.4,32595.43,14124.41,0.19973407178430352,0.1997340717843042,0.28468181515813407,0.9979999999999941,0.19973407178430364,0.28468181515813384,0.7016046025748288,Crescente
4319000,RS,2017,21364,São Marcos,750822000,15157466,1089,6.2,5.1,0.4,0.6,35144.26,13918.7,0.21538587395007153,0.21538587395007208,0.3056129900476096,0.9959999999999973,0.21538587395007175,0.30561299004760956,0.7047667506427585,Crescente
4319109,RS,2017,5779,São Martinho,227247000,4645429,385,6.7,5.7,0.0,0.0,39322.89,12066.05,0.22492039070219436,0.2249203907021989,0.5141973161320602,1.0,0.22492039070219355,0.5141973161320601,0.43742039027762747,Crescente
4319307,RS,2017,6280,São Paulo das Missões,149744000,5571398,559,6.6,5.2,0.0,0.0,23844.59,9966.72,0.331581666837575,0.33158166683758994,0.5722938439125512,1.0,0.3315816668375749,0.5722938439125512,0.5793905881822521,Decrescente
4319406,RS,2017,16763,São Pedro do Sul,370250000,9310642,907,5.7,4.7,0.0,0.0,22087.34,10265.32,0.30029863115963096,0.30029863115962774,0.5017355883395298,1.0,0.3002986311596311,0.5017355883395298,0.5985196947130162,Decrescente
4319604,RS,2017,24403,São Sepé,824804000,14999699,1242,5.1,4.4,0.2,1.9,33799.29,12077.05,0.19350709895819906,0.19350709895819965,0.3082322802736283,0.9979999999999981,0.19350709895819915,0.30823228027362826,0.6277963449720977,Crescente
4319901,RS,2017,80311,Sapiranga,3089008000,65015413,7724,6.4,5.5,0.1,1.5,38463.07,8417.32,0.2385326402801986,0.23853264028021384,0.44386451893214984,0.998999999999999,0.2385326402801988,0.44386451893214973,0.537399657116232,Crescente
4320008,RS,2017,139476,Sapucaia do Sul,3083371000,67646062,11794,5.4,4.8,1.2,2.3,22106.82,5735.63,0.34201545659129856,0.34201545659123433,0.5173643635526751,0.9880000000000109,0.3420154565912991,0.5173643635526751,0.6610726997946322,Decrescente
4320107,RS,2017,23398,Sarandi,853505000,13838601,1108,6.3,5.0,0.2,1.1,36477.69,12489.71,0.22055822618766732,0.22055822618765858,0.31542661916498116,0.998000000000014,0.22055822618766713,0.3154266191649811,0.6992378346873326,Crescente
4320230,RS,2017,3050,Sede Nova,90128000,2709588,222,6.3,5.3,0.0,2.3,29550.16,12205.35,0.259542262383856,0.2595422623838561,0.3838805867813409,1.0,0.2595422623838557,0.3838805867813409,0.6761015568929819,Decrescente
4320404,RS,2017,16184,Serafina Corrêa,619437000,13267849,782,6.0,5.4,0.0,0.3,38274.65,16966.56,0.1965882912004644,0.19658829120046345,0.30552518901515185,1.0,0.19658829120046392,0.3055251890151517,0.6434438084603068,Crescente
4320503,RS,2017,6065,Sertão,280183000,7602244,355,6.3,4.7,0.0,1.1,46196.7,21414.77,0.15733233059976764,0.15733233059968688,0.21022026218982817,1.0,0.15733233059976753,0.21022026218982814,0.7484165843999238,Crescente
4320677,RS,2017,10408,Sinimbu,197185000,10170176,955,5.6,5.5,0.2,1.5,18945.52,10649.4,0.37709360518362967,0.37709360518364377,0.45071403582014696,0.9979999999999979,0.3770936051836313,0.45071403582014674,0.8366582249817158,Crescente
4320701,RS,2017,15018,Sobradinho,374504000,10000000,931,5.8,4.5,0.6,4.0,24937.01,10741.14,0.27566765569877827,0.27566765569877777,0.32564945987167965,0.993999999999999,0.275667655698778,0.32564945987167965,0.8465165451445968,Decrescente
4320800,RS,2017,31361,Soledade,867908000,18257372,1174,5.5,3.9,0.3,3.1,27674.76,15551.42,0.21903827419500596,0.2190382741948192,0.25894878049178316,0.9970000000000865,0.21903827419500613,0.2589487804917835,0.8458749015114839,Crescente
4320909,RS,2017,22077,Tapejara,969699000,14990129,1317,6.3,4.8,0.0,0.0,43923.5,11382.03,0.1976367993503669,0.19763679935053927,0.4671965236855549,1.0,0.19763679935036793,0.4671965236855549,0.4230271188477115,Decrescente
4321006,RS,2017,10814,Tapera,415412000,6164108,400,6.8,4.7,0.0,0.0,38414.28,15410.27,0.21483193599028214,0.21483193599027742,0.36721207822621543,1.0,0.21483193599028177,0.36721207822621543,0.5850350484875342,Decrescente
4321105,RS,2017,17425,Tapes,362052000,10155886,842,5.6,3.9,0.2,4.1,20777.73,12061.62,0.2924291824852276,0.29242918248522487,0.35115617390008097,0.9979999999999983,0.29242918248522765,0.351156173900081,0.8327610454271446,Crescente
4321204,RS,2017,57544,Taquara,1275866000,30638571,3693,5.8,4.5,0.4,3.2,22172.01,8296.39,0.3249139518262533,0.3249139518262706,0.4214834749979135,0.996,0.3249139518262532,0.4214834749979135,0.7708818283513055,Decrescente
4321303,RS,2017,27207,Taquari,663515000,14248867,1020,5.1,4.4,0.0,2.8,24387.66,13969.48,0.2388161413061357,0.2388161413061359,0.3336817029005309,1.0,0.23881614130613568,0.33368170290053095,0.7157004391617056,Crescente
4321402,RS,2017,14008,Tenente Portela,399270000,7592525,600,5.5,4.9,0.3,0.0,28503.0,12654.21,0.23944235836172686,0.23944235836173144,0.39896511718777206,1.0,0.23944235836172673,0.3989651171877721,0.6001586305326885,Crescente
4321436,RS,2017,10783,Terra de Areia,208097000,8761165,958,5.4,4.4,0.4,0.2,19298.62,9145.27,0.32788477872835753,0.3278847787283596,0.4888958218158827,0.9979999999999986,0.3278847787283577,0.48889582181588265,0.6706639003592024,Crescente
4321451,RS,2017,30846,Teutônia,1294740000,23916103,2251,6.3,4.9,0.3,0.7,41974.32,10624.66,0.20800620064590944,0.20800620064592082,0.3290427696967767,0.9969999999999888,0.2080062006459101,0.32904276969677676,0.6321555122988836,Crescente
4321469,RS,2017,2946,Tio Hugo,105293000,3833314,308,6.9,4.6,0.0,0.7,35741.0,12445.82,0.24519332380388875,0.2451933238038788,0.3367835923962941,1.0,0.24519332380388928,0.33678359239629413,0.7280441486453686,Crescente
4321501,RS,2017,37564,Torres,1107111000,27451905,1801,5.5,4.5,0.4,1.5,29472.66,15242.59,0.21153371069822,0.2115337106982202,0.2705963423293734,0.9960000000000007,0.21153371069822005,0.27059634232937363,0.781731596507459,Crescente
4321600,RS,2017,47521,Tramandaí,951927000,37720561,4933,5.2,4.5,2.0,4.5,20031.71,7646.58,0.3277848219729123,0.32778482197290937,0.3427590745880323,0.9800000000000009,0.3277848219729107,0.3427590745880324,0.9563126005252588,Crescente
4321709,RS,2017,26589,Três Coroas,915626000,24488907,2998,6.5,5.1,0.2,0.5,34436.27,8168.41,0.265641436313597,0.26564143631362863,0.4320912564938837,0.9980000000000003,0.265641436313604,0.4320912564938834,0.6147808647392919,Crescente
4321808,RS,2017,24497,Três de Maio,980796000,15161309,773,6.1,5.2,0.0,0.9,40037.39,19613.6,0.17749017219285362,0.17749017219285307,0.24733817054595722,1.0,0.17749017219285362,0.24733817054595725,0.717601216994021,Crescente
4321907,RS,2017,24632,Três Passos,786603000,17996937,1242,6.3,4.9,0.0,1.3,31934.19,14490.29,0.22955694814334107,0.22955694814329927,0.31460256066636205,1.0,0.22955694814334085,0.3146025606663621,0.729672853447584,Crescente
4322004,RS,2017,28289,Triunfo,8762414000,71503577,2434,5.0,3.8,0.3,2.1,309746.33,29376.98,0.026731457710397803,0.026731457710394035,0.05786014952392024,0.9969999999999956,0.02673145771039791,0.05786014952392033,0.46200118614188207,Crescente
4322202,RS,2017,23705,Tupanciretã,1087289000,22021334,1454,5.4,4.8,0.7,1.7,45867.5,15145.35,0.1566588254251205,0.15665882542511506,0.2299458998130434,0.9930000000000031,0.15665882542512036,0.22994589981304306,0.6812855787056492,Crescente
4322251,RS,2017,4472,Tupandi,448417000,8770704,562,6.9,5.1,0.0,1.1,100272.14,15606.23,0.10519623745603791,0.10519623745603125,0.20776570162023936,1.0,0.10519623745603761,0.20776570162023936,0.5063214796074421,Decrescente
4322327,RS,2017,3585,Turuçu,97356000,4825042,467,6.0,5.8,0.0,0.0,27156.49,10332.0,0.3094954401201577,0.3094954401201241,0.5720358224590774,1.0,0.30949544012015645,0.5720358224590772,0.541042060599795,Crescente
4322400,RS,2017,129784,Uruguaiana,2801210000,79011545,7313,5.3,4.4,0.3,1.0,21583.63,10804.26,0.2854499714168742,0.28544997141687245,0.38969257050530137,0.9970000000000031,0.2854499714168739,0.3896925705053015,0.7325004196172915,Crescente
4322509,RS,2017,65397,Vacaria,2192253000,52038465,4153,5.0,4.0,0.6,2.7,33522.23,12530.33,0.1876593856757336,0.18765938567573506,0.26028227629084,0.9939999999999979,0.18765938567573362,0.26028227629084,0.7209841113654722,Decrescente
4322608,RS,2017,70481,Venâncio Aires,2767040000,40128227,2417,6.3,4.8,0.1,5.3,39259.37,16602.49,0.19134177072159825,0.19134177072160755,0.2556819944171154,0.9989999999999937,0.19134177072159822,0.25568199441711553,0.7483584096635543,Crescente
4322707,RS,2017,26024,Vera Cruz,610087000,17770567,1377,6.1,4.4,0.1,1.8,23443.24,12905.28,0.2809015351025801,0.280901535102582,0.3461450362588225,0.9990000000000028,0.28090153510258015,0.34614503625882254,0.811513977315977,Crescente
4322806,RS,2017,25073,Veranópolis,1416064000,21308333,1496,6.4,5.4,0.1,0.3,56477.65,14243.54,0.15726061575262584,0.1572606157526203,0.26622753334644084,0.9990000000000001,0.15726061575262928,0.2662275333464409,0.5907000443413313,Crescente
4322905,RS,2017,5205,Viadutos,127060000,3460871,260,7.5,5.9,0.0,0.0,24411.14,13311.04,0.3333429956771701,0.3333429956771792,0.5154477233302502,1.0,0.3333429956771699,0.5154477233302502,0.6467057289990111,Decrescente
4323002,RS,2017,253717,Viamão,3454775000,132234985,20382,5.0,3.9,0.9,3.2,13616.65,6487.83,0.4389249807212492,0.43892498072123887,0.5095528016937836,0.9909999999999968,0.43892498072124914,0.5095528016937839,0.8613925372645125,Crescente
4323309,RS,2017,3382,Vila Flores,155477000,3963724,295,6.2,4.4,0.0,0.7,45971.91,13436.35,0.18014264558951787,0.18014264558964302,0.2786858490545339,1.0,0.18014264558951784,0.2786858490545338,0.6464004046156901,Crescente
4323358,RS,2017,2185,Vila Lângaro,95477000,2855625,158,6.2,5.4,0.0,3.2,43696.57,18073.58,0.17587742459230743,0.17587742459230718,0.26527628131510167,1.0,0.17587742459230749,0.2652762813151018,0.6629971730619818,Crescente
4323408,RS,2017,4407,Vila Maria,205674000,3773775,194,6.1,4.6,0.0,0.0,46669.84,19452.45,0.1565947071501826,0.15659470715020055,0.2663504020721347,1.0,0.15659470715018267,0.2663504020721347,0.5879274291756941,Decrescente
4323770,RS,2017,2977,Westfalia,153357000,4358423,296,6.8,5.7,0.0,0.0,51513.94,14724.4,0.17751610108504864,0.1775161010850387,0.42535646762716833,1.0,0.17751610108504925,0.42535646762716833,0.417334905180387,Decrescente
4323804,RS,2017,14650,Xangri-lá,484248000,33762631,2076,5.4,4.3,1.0,3.8,33054.47,16263.31,0.18697962040007204,0.18697962040002214,0.20940294556887912,0.98999999999969,0.18697962040007202,0.20940294556887915,0.8929178139882882,Crescente
5000252,MS,2017,5188,Alcinópolis,164084000,7072893,506,5.6,4.5,0.0,1.7,31627.6,13978.05,0.20811354109753785,0.20811354109753827,0.3116049007475788,1.0,0.2081135410975378,0.3116049007475787,0.6678763414768114,Crescente
5001102,MS,2017,47482,Aquidauana,918064000,29131205,2785,4.3,3.9,2.2,2.9,19334.99,10460.04,0.2891344746642804,0.2891344746642792,0.31723815601241,0.9780000000000023,0.28913447466428066,0.3172381560124099,0.9114114086988002,Crescente
5002209,MS,2017,21483,Bonito,681895000,20679188,1991,5.0,4.7,0.3,1.5,31741.14,10386.33,0.22209824634056877,0.2220982463405675,0.3525875999615502,0.9970000000000018,0.22209824634056913,0.3525875999615505,0.629909407945114,Crescente
5002308,MS,2017,11864,Brasilândia,519080000,15038650,1234,4.9,3.9,0.9,5.5,43752.53,12186.91,0.15151506966158382,0.15151506966158518,0.19811995207596964,0.9909999999999857,0.1515150696615838,0.19811995207596989,0.7647643161325062,Crescente
5002407,MS,2017,29292,Caarapó,1183687000,25546109,2602,5.1,3.7,0.6,2.0,40409.91,9817.87,0.1766261860377959,0.17662618603779964,0.28464290998372443,0.9939999999999997,0.17662618603779642,0.2846429099837246,0.6205184806742426,Crescente
5002605,MS,2017,13694,Camapuã,408816000,11114560,909,4.8,4.3,0.2,1.3,29853.66,12227.24,0.20648299609033352,0.20648299609033346,0.32338470493092664,0.9979999999999986,0.20648299609033363,0.3233847049309268,0.638505757823139,Crescente
5002704,MS,2017,874210,Campo Grande,27042476000,698622484,69979,5.7,5.0,0.2,0.4,30933.62,9983.32,0.24440225193397083,0.24440225193397988,0.4008497450284334,0.9980000000000001,0.24440225193397086,0.4008497450284335,0.6097103839161346,Crescente
5002803,MS,2017,5972,Caracol,117228000,7250816,687,5.5,5.2,1.9,1.8,19629.6,10554.32,0.348963866563571,0.34896386656357486,0.39541049751324947,0.9820000000000009,0.3489638665635704,0.3954104975132496,0.8825356654874289,Crescente
5002902,MS,2017,21748,Cassilândia,553370000,16339419,1383,5.0,3.5,0.0,0.0,25444.64,11814.48,0.24012979724427058,0.24012979724427164,0.4189037438535763,1.0,0.2401297972442712,0.41890374385357654,0.5732338294121467,Crescente
5002951,MS,2017,23940,Chapadão do Sul,1486531000,28013617,2542,5.4,4.6,0.0,0.3,62094.03,11020.31,0.12994487093931562,0.1299448709392731,0.2903416121797301,1.0,0.1299448709393148,0.2903416121797307,0.4475585499569241,Crescente
5003207,MS,2017,109899,Corumbá,2869983000,90770020,9694,4.8,4.2,1.2,2.7,26114.73,9363.53,0.23739420782038775,0.23739420782038795,0.32286130331643315,0.9880000000000007,0.23739420782038767,0.3228613033164331,0.7352823190078003,Crescente
5003256,MS,2017,20159,Costa Rica,1482228000,22040601,2292,6.2,5.6,0.1,0.0,73526.86,9616.32,0.132402141704145,0.13240214170416942,0.6049231839499128,1.0,0.13240214170414585,0.6049231839499128,0.2188743053946297,Decrescente
5003306,MS,2017,33323,Coxim,840011000,19895679,1084,4.7,4.6,1.6,2.7,25208.14,18353.95,0.22378137401376982,0.22378137401377055,0.2330936970094954,0.9839999999999997,0.22378137401376982,0.2330936970094955,0.9600490141295145,Crescente
5003702,MS,2017,218069,Dourados,8329689000,192798477,19175,5.6,4.4,1.1,2.7,38197.49,10054.68,0.20122649709594903,0.20122649709581147,0.27172104859772156,0.9889999999999998,0.2012264970958141,0.27172104859771995,0.7405627872202918,Crescente
5005202,MS,2017,22590,Ladário,294878000,16465673,2601,4.4,3.2,1.4,5.6,13053.47,6330.52,0.42528178477259476,0.42528178477258943,0.44990980511420825,0.9859999999999978,0.4252817847725949,0.4499098051142078,0.9452600942196364,Crescente
5005251,MS,2017,7177,Laguna Carapã,427607000,7167839,968,5.1,4.4,0.0,0.3,59580.19,7404.79,0.13534589260828214,0.13534589260827748,0.3443543093623116,1.0,0.13534589260828184,0.34435430936231193,0.39304254057084637,Crescente
5005400,MS,2017,44994,Maracaju,2386846000,39569513,3683,5.4,4.0,0.1,0.3,53048.1,10743.83,0.14826411479035162,0.14826411479035204,0.286401225962259,0.9989999999999948,0.14826411479035093,0.286401225962259,0.5176797490730343,Decrescente
5005608,MS,2017,27525,Miranda,500881000,24893442,3104,4.4,3.3,0.6,6.8,18197.31,8019.79,0.3115259021352668,0.31152590213526354,0.40253951966972434,0.9939999999999986,0.3115259021352666,0.40253951966972423,0.7739014107009111,Crescente
5005707,MS,2017,53188,Naviraí,1481033000,40204548,3917,6.2,5.3,0.0,0.0,27845.25,10264.12,0.28189499529806405,0.28189499529805523,0.5394882127631387,1.0,0.2818949952980636,0.5394882127631386,0.5225229924010026,Crescente
5006002,MS,2017,20772,Nova Alvorada do Sul,1434427000,28568894,2555,5.4,4.6,0.8,2.8,69055.8,11181.56,0.11875431037467443,0.11875431037467496,0.20055946685562603,0.9919999999999987,0.118754310374672,0.20055946685562656,0.5921152077062533,Crescente
5006200,MS,2017,52625,Nova Andradina,2008457000,40370455,3504,7.2,5.9,0.0,0.3,38165.45,11521.25,0.24990141512382644,0.2499014151238108,0.4392139491230131,1.0,0.24990141512382472,0.43921394912301315,0.5689742222960117,Crescente
5006259,MS,2017,4041,Novo Horizonte do Sul,185797000,5880691,661,5.4,4.5,0.0,2.0,45977.98,8896.66,0.17263394205051652,0.17263394205051466,0.34998560498232223,1.0,0.17263394205051671,0.34998560498232223,0.4932601215391023,Decrescente
5006309,MS,2017,41755,Paranaíba,1192607000,26676850,2013,5.6,4.1,0.2,1.5,28562.02,13252.29,0.2265496545887432,0.22654965458873783,0.3080447316180914,0.9979999999999422,0.22654965458874304,0.3080447316180913,0.7354440161944259,Crescente
5006606,MS,2017,89592,Ponta Porã,2642105000,73316853,7665,5.8,4.7,0.5,2.2,29490.41,9565.15,0.2552849053717081,0.25528490537169723,0.3572756392837185,0.9950000000000001,0.25528490537170845,0.357275639283719,0.7145320791630636,Crescente
5006903,MS,2017,16879,Porto Murtinho,321355000,19212910,2155,4.8,4.3,3.0,5.8,19038.75,8915.5,0.30996476786173116,0.30996476786173155,0.31005136403034506,0.9700000000000003,0.31005136403034494,0.30996476786173116,0.9997207037973056,Crescente
5007109,MS,2017,23881,Ribas do Rio Pardo,967028000,34966016,2289,4.9,4.0,0.8,2.7,40493.61,15275.67,0.15336377744762475,0.15336377744762508,0.20379179720922377,0.9920000000000043,0.1533637774476247,0.20379179720922358,0.7525512780584251,Crescente
5007208,MS,2017,36144,Rio Brilhante,2077345000,44492011,3798,5.2,4.1,0.4,2.8,57474.13,11714.59,0.1316064924685239,0.1316064924685216,0.2243955203483832,0.9960000000000072,0.13160649246852307,0.22439552034838312,0.5864934035412092,Crescente
5007703,MS,2017,10790,Sete Quedas,206944000,7939896,407,4.3,4.7,1.2,5.7,19179.24,19508.34,0.2679897572918372,0.2679897572918425,0.26801087155835346,0.9880000000000045,0.2680108715583537,0.2679897572918371,0.9999212186192542,Crescente
5007901,MS,2017,54575,Sidrolândia,1632387000,46218813,5433,5.0,4.0,0.5,1.2,29910.89,8507.05,0.2249177436270852,0.22491774362708283,0.38364016656355404,0.9950000000000346,0.2249177436270845,0.3836401665635541,0.5862726670196698,Crescente
5007935,MS,2017,18393,Sonora,648634000,17387944,1713,5.6,4.7,0.1,0.1,35265.26,10150.58,0.21316199986579748,0.21316199986579557,0.4050523187183841,0.9990000000000006,0.21316199986579756,0.4050523187183841,0.5262579425301355,Decrescente
5007950,MS,2017,11284,Tacuru,193502000,10213130,1520,4.1,4.1,5.1,8.2,17148.35,6719.16,0.3439790430937607,0.3439790430937391,0.3456876735500415,0.9489999999999554,0.3456876735500414,0.3439790430937607,0.9950573000224914,Crescente
5008008,MS,2017,20855,Terenos,466114000,19236071,1915,6.1,5.5,0.5,0.4,22350.23,10044.95,0.3416053564588772,0.341605356458871,0.46413197923585897,0.9960000000000007,0.3416053564588772,0.46413197923585936,0.7360090916839902,Crescente
5008305,MS,2017,117477,Três Lagoas,10135687000,97066471,8802,6.2,5.2,0.6,3.7,86278.05,11027.77,0.11318599236710396,0.11318599236710451,0.2679677652976874,0.9940000000000001,0.11318599236710103,0.26796776529768734,0.4223865965421803,Crescente
5100250,MT,2017,50189,Alta Floresta,1491733000,32323435,2267,5.6,5.0,0.1,0.2,29722.31,14258.24,0.2292911879695995,0.2292911879695927,0.3291416754246758,0.9990000000000019,0.22929118796959932,0.32914167542467593,0.6966337145660938,Crescente
5100300,MT,2017,18164,Alto Araguaia,839473000,13604439,1149,6.3,4.8,0.2,0.0,46216.31,11840.24,0.1883600429755706,0.1883600429756041,0.4491163057915395,1.0,0.1883600429755708,0.4491163057915395,0.41940147918610476,Decrescente
5100805,MT,2017,9694,Apiacás,141799000,6295722,718,5.9,4.3,0.2,1.1,14627.5,8768.42,0.42818173498029044,0.4281817349803425,0.5196974242203002,0.9979999999999921,0.4281817349802902,0.5196974242202999,0.8239058248608595,Crescente
5101308,MT,2017,9455,Arenápolis,169760000,5388718,541,5.2,4.8,0.0,1.9,17954.52,9960.66,0.3487236306188819,0.34872363061888,0.4780318147956579,1.0,0.348723630618882,0.47803181479565804,0.729498790301121,Crescente
5101704,MT,2017,33644,Barra do Bugres,1309168000,16947016,1638,5.1,4.4,0.4,1.4,38912.38,10346.16,0.1797114493135893,0.17971144931359,0.3119054901387141,0.9959999999999967,0.17971144931358912,0.31190549013871416,0.5761727670573096,Crescente
5101803,MT,2017,58974,Barra do Garças,1754791000,32763492,3793,5.7,4.4,0.5,5.0,29755.33,8637.88,0.25634285798471396,0.2563428579847147,0.3463977857456789,0.9949999999999994,0.25634285798471323,0.34639778574567875,0.740024528254109,Crescente
5102504,MT,2017,91271,Cáceres,1816340000,56232138,5725,5.0,4.4,0.2,0.7,19900.52,9822.21,0.30455065748672805,0.3045506574867287,0.4396562409770136,0.998000000000001,0.3045506574867281,0.4396562409770136,0.6927017726620893,Decrescente
5102637,MT,2017,33551,Campo Novo do Parecis,2934609000,35122578,3196,5.9,5.3,0.5,0.8,87467.11,10989.54,0.10649735687931776,0.10649735687933161,0.2958531594470879,0.9949999999999997,0.1064973568793172,0.2958531594470892,0.3599669412973241,Crescente
5102678,MT,2017,39933,Campo Verde,2427577000,35746863,3570,6.3,5.3,0.0,0.0,60791.25,10013.13,0.1569216835895928,0.1569216835896053,0.5588821876874701,1.0,0.15692168358959543,0.5588821876874703,0.28077775074367595,Crescente
5102793,MT,2017,10136,Carlinda,162902000,8380118,918,5.3,4.9,0.0,0.0,16071.63,9128.67,0.394704246833944,0.39470424683394223,0.605737713985934,1.0,0.3947042468339438,0.605737713985934,0.6516091663447416,Decrescente
5103056,MT,2017,11716,Cláudia,409208000,10644956,716,5.7,4.0,0.4,3.3,34927.28,14867.26,0.19406588352493148,0.19406588352493337,0.24198559689360732,0.9960000000000019,0.1940658835249313,0.24198559689360716,0.8019728695268401,Crescente
5103205,MT,2017,32298,Colíder,850349000,23180716,2033,6.3,5.5,0.0,0.0,26328.22,11402.22,0.2930995779212282,0.29309957792122826,0.5071528853091312,1.0,0.29309957792122915,0.5071528853091318,0.5779314017755643,Crescente
5103403,MT,2017,590118,Cuiabá,23307786000,369795462,29365,5.7,4.6,0.1,0.5,39496.82,12593.07,0.18822547676168275,0.18822547676168416,0.30694615954451965,0.9989999999999932,0.18822547676168272,0.3069461595445199,0.6132198462459747,Crescente
5103437,MT,2017,5049,Curvelândia,104924000,3557789,329,5.8,4.9,0.0,1.6,20781.14,10813.95,0.317333030136723,0.3173330301367205,0.4369590363616814,1.0,0.3173330301367229,0.43695903636168143,0.7262306159840093,Crescente
5103957,MT,2017,2964,Glória D'Oeste,68123000,2618282,167,5.7,4.9,1.4,0.0,22983.47,15678.34,0.26033691261991937,0.2603369126199182,0.36146549344081885,1.0,0.2603369126199193,0.36146549344081885,0.7202261829801554,Decrescente
5104500,MT,2017,2648,Indiavaí,57092000,3467613,338,4.9,3.8,0.0,3.1,21560.42,10259.21,0.2747572265749421,0.2747572265749436,0.41155140590990685,1.0,0.2747572265749419,0.4115514059099066,0.6676133834787324,Crescente
5104609,MT,2017,12789,Itiquira,1093849000,16026813,1620,6.0,4.7,0.1,0.5,85530.46,9893.09,0.11197451461684041,0.11197451461675571,0.23486117227469905,0.999000000000005,0.11197451461684028,0.23486117227469885,0.47676895049247403,Crescente
5104807,MT,2017,26633,Jaciara,937450000,16459117,1048,6.1,4.9,0.0,0.0,35198.81,15705.26,0.20300486250164143,0.20300486250164093,0.3317723234592786,1.0,0.20300486250164138,0.3317723234592786,0.6118800398567846,Decrescente
5105002,MT,2017,8776,Jauru,273732000,7944786,443,5.3,3.6,0.0,0.6,31190.98,17934.05,0.19164070134782263,0.19164070134782163,0.25877075250828924,1.0,0.19164070134782266,0.2587707525082891,0.7405809949162774,Crescente
5105259,MT,2017,61515,Lucas do Rio Verde,3721722000,59477292,5909,6.7,5.8,0.0,0.2,60501.05,10065.54,0.16739502108335907,0.1673950210833558,0.4460092803732795,1.0,0.16739502108336213,0.4460092803732791,0.375317349771872,Crescente
5105507,MT,2017,15534,Vila Bela da Santíssima Trindade,321398000,13143970,2088,4.5,3.9,1.4,5.7,20689.97,6295.0,0.29444415761574544,0.2944441576157451,0.3652695657457585,0.9859999999999989,0.2944441576157455,0.3652695657457585,0.8061009874025196,Decrescente
5105580,MT,2017,10422,Marcelândia,288470000,8682512,787,5.5,5.1,0.0,0.0,27678.95,11032.42,0.26396123314507536,0.26396123314507614,0.45785194213931724,1.0,0.26396123314507564,0.45785194213931707,0.5765209423634072,Crescente
5105606,MT,2017,15870,Matupá,609651000,10878001,774,6.1,5.0,0.0,0.0,38415.31,14054.26,0.19885274176457218,0.19885274176451662,0.37166257775220496,1.0,0.19885274176457232,0.37166257775220496,0.5350356846988006,Decrescente
5106182,MT,2017,6338,Nova Lacerda,178510000,6783782,1003,5.6,4.4,0.4,1.1,28165.04,6763.49,0.27902134402680945,0.27902134402681583,0.46718715580595216,0.9959999999999962,0.27902134402680606,0.4671871558059523,0.5972367616688117,Crescente
5106216,MT,2017,12388,Nova Canaã do Norte,355232000,11770145,1274,5.6,5.0,0.0,1.9,28675.49,9238.73,0.26240522776111985,0.2624052277611518,0.4484521612148134,1.0,0.2624052277611192,0.44845216121481374,0.5851353844528021,Crescente
5106299,MT,2017,10884,Paranaíta,597149000,13825264,1246,5.2,5.2,0.3,0.0,54864.85,11095.72,0.15491397541954138,0.15491397541953478,0.45605555167953904,1.0,0.15491397541954172,0.45605555167953893,0.33968224890373944,Crescente
5106372,MT,2017,16965,Pedra Preta,716620000,14341043,1334,5.9,3.4,0.1,0.5,42241.08,10750.41,0.19331379782645372,0.1933137978265885,0.31894603879646005,0.9990000000000014,0.1933137978264574,0.3189460387964602,0.6061018928340404,Crescente
5106422,MT,2017,33630,Peixoto de Azevedo,499935000,18706174,2459,5.5,4.6,0.2,1.1,14865.74,7607.23,0.4213649585780551,0.4213649585780567,0.5746204723261793,0.9980000000000037,0.4213649585780553,0.5746204723261794,0.7332926320433467,Crescente
5106653,MT,2017,6387,Pontal do Araguaia,85707000,1752128,378,5.3,4.9,0.0,0.0,13418.98,4635.26,0.5412142131408195,0.5412142131408241,1.0,1.0,0.5412142131408206,1.0,0.5412142131408195,Decrescente
5106752,MT,2017,43832,Pontes e Lacerda,1189255000,19421120,1928,5.3,4.9,0.2,1.2,27132.12,10073.2,0.2632458308762343,0.2632458308761212,0.39865224908115204,0.9979999999999928,0.2632458308762343,0.3986522490811522,0.6603395101444578,Crescente
5106802,MT,2017,5283,Porto dos Gaúchos,404714000,7721316,358,6.7,5.9,0.4,0.0,76606.85,21567.92,0.11982647410271653,0.119826474102731,0.2963122683247341,1.0,0.11982647410271703,0.2963122683247341,0.4043925510751937,Decrescente
5106828,MT,2017,11603,Porto Esperidião,190909000,10546762,1048,4.6,4.1,0.2,0.7,16453.42,10063.7,0.3429949509021206,0.34299495090211907,0.4450701398484256,0.998000000000001,0.3429949509021208,0.4450701398484254,0.7706537019511847,Crescente
5107040,MT,2017,59293,Primavera do Leste,3491841000,51973683,3996,5.7,4.9,0.0,0.4,58891.29,13006.43,0.1384794682566424,0.1384794682566702,0.28242109207411664,1.0,0.13847946825664376,0.28242109207411664,0.4903297669435426,Decrescente
5107107,MT,2017,18452,São José dos Quatro Marcos,365858000,11320204,930,6.0,4.5,0.0,0.0,19827.55,12172.26,0.31843044927276126,0.3184304492727557,0.4580338724925216,1.0,0.31843044927276126,0.45803387249252125,0.6952115736330403,Crescente
5107180,MT,2017,9796,Ribeirão Cascalheira,290093000,6525780,780,5.2,4.6,0.4,1.4,29613.41,8366.38,0.24099527361604914,0.24099527361604417,0.40247473551522445,0.9960000000000014,0.24099527361604856,0.4024747355152246,0.5987836063984021,Crescente
5107206,MT,2017,5019,Rio Branco,82333000,4884063,419,5.0,5.7,0.4,2.9,16404.26,11656.47,0.4161063055254419,0.41610630552544287,0.44921935120931994,0.996,0.4161063055254417,0.44921935120931994,0.9262875795650028,Decrescente
5107248,MT,2017,4360,Santa Carmem,310661000,6352438,663,6.5,4.8,0.0,1.5,71252.52,9581.35,0.14265179684776086,0.14265179684753118,0.29251045959788924,1.0,0.1426517968477608,0.2925104595978891,0.4876810116255762,Crescente
5107602,MT,2017,222316,Rondonópolis,9603781000,140824737,10530,5.7,4.8,0.0,0.3,43198.78,13373.67,0.17367789198322056,0.17367789198320746,0.3149492056321048,1.0,0.17367789198322087,0.3149492056321047,0.5514473092086327,Crescente
5107743,MT,2017,2421,Santa Cruz do Xingu,83504000,4020425,367,4.8,4.3,0.6,0.0,34491.53,10954.84,0.188184450308642,0.18818445030863823,0.4231243906802867,1.0,0.18818445030864211,0.4231243906802867,0.44474971061366775,Decrescente
5107750,MT,2017,3347,Salto do Céu,56863000,3567432,282,5.7,4.6,0.0,0.0,16989.24,12650.47,0.34186776833550786,0.34186776833550037,0.45698594745528615,1.0,0.34186776833550786,0.45698594745528615,0.7480925184662445,Decrescente
5107768,MT,2017,3231,Santa Rita do Trivelato,572772000,5347293,455,6.6,4.9,0.0,0.0,177273.91,11752.29,0.0699710880924715,0.06997108809296076,0.4698965310617022,1.0,0.06997108809247429,0.4698965310617023,0.14890743699336564,Crescente
5107883,MT,2017,1575,Serra Nova Dourada,36068000,2949383,277,4.2,3.9,4.0,4.4,22900.32,10647.59,0.24851468194137497,0.2485146819413706,0.2540931584960869,0.9600000000000032,0.24851468194137483,0.25409315849608693,0.9780455460204851,Crescente
5107958,MT,2017,98828,Tangará da Serra,3015954000,59602035,7194,6.2,5.3,0.6,0.5,30517.2,8284.96,0.2769703068488032,0.27697030684880813,0.4595393781677243,0.9949999999999997,0.2769703068488026,0.4595393781677243,0.602712890358035,Decrescente
5108402,MT,2017,274013,Várzea Grande,7895656000,131459583,15935,5.3,3.9,0.4,0.7,28814.9,8249.74,0.24704681745581264,0.24704681745580348,0.41988098716865085,0.9959999999999944,0.2470468174558132,0.419880987168651,0.5883734320091587,Crescente
5108808,MT,2017,4457,Nova Guarita,89165000,3895405,367,5.7,4.5,0.0,0.0,20005.61,10614.18,0.31813492369631635,0.3181349236963118,0.5007909782052621,1.0,0.31813492369631635,0.500790978205262,0.6352648860337906,Crescente
5108857,MT,2017,3159,Nova Marilândia,161511000,4154045,370,6.2,5.7,0.0,0.0,51127.26,11227.15,0.17998117352089252,0.17998117352090873,0.5264371900477484,1.0,0.1799811735208919,0.5264371900477484,0.3418853700373411,Decrescente
5108956,MT,2017,8822,Nova Monte Verde,175209000,5277083,524,6.3,4.9,0.0,0.0,19860.46,10070.77,0.3541103179207533,0.3541103179207335,0.5406864679223278,1.0,0.35411031792075326,0.5406864679223278,0.6549272802803398,Decrescente
5200050,GO,2017,8207,Abadia de Goiás,234042000,11475088,1626,6.1,4.8,0.3,1.1,28517.36,7057.25,0.29805682047227994,0.29805682047219234,0.4710981133193704,0.9969999999999989,0.2980568204722823,0.4710981133193706,0.6326852348700004,Crescente
5200134,GO,2017,22076,Acreúna,672439000,13300546,1381,6.2,5.0,0.2,10.2,30460.18,9631.1,0.26609969845365794,0.266099698453659,0.3923764692752636,0.9980000000000001,0.26609969845367526,0.3923764692752623,0.6781744556322545,Crescente
5200803,GO,2017,8645,Alvorada do Norte,119073000,7135206,934,5.6,5.2,0.4,0.0,13773.63,7639.41,0.4924947126280746,0.4924947126280586,0.7371094959637388,1.0,0.4924947126280754,0.7371094959637383,0.6681432206814255,Crescente
5201108,GO,2017,375142,Anápolis,14211153000,254727215,25839,6.3,5.1,0.3,1.2,37882.06,9858.25,0.228915441653022,0.22891544165302122,0.3542003216240893,0.9970000000000064,0.22891544165302538,0.35420032162408943,0.6462880682981665,Crescente
5201405,GO,2017,542090,Aparecida de Goiânia,12888083000,211186167,30577,5.5,4.3,1.1,4.4,23774.8,6906.7,0.30950899172905083,0.3095089917290525,0.3654222997721257,0.9889999999999978,0.3095089917290543,0.3654222997721256,0.8469898851877897,Crescente
5201454,GO,2017,2517,Aparecida do Rio Doce,88026000,5176260,463,5.6,4.7,0.5,0.9,34972.59,11179.83,0.20886066901415343,0.20886066901416092,0.3324947089668308,0.9949999999999972,0.20886066901415365,0.3324947089668311,0.6281623838862022,Crescente
5201702,GO,2017,19884,Aragarças,236972000,10083536,1302,6.1,4.1,0.0,0.0,11917.72,7744.65,0.5266092939249658,0.5266092939249687,0.7319903742694072,1.0,0.5266092939249656,0.7319903742694073,0.7194210640414086,Crescente
5203203,GO,2017,10435,Barro Alto,806369000,21849674,1167,6.4,5.4,0.0,0.0,77275.42,18722.94,0.11602332232601512,0.11602332232601688,0.3070138894628102,1.0,0.11602332232601274,0.30701388946281044,0.3779090337867905,Crescente
5204300,GO,2017,15287,Caçu,844418000,14223196,1272,6.2,5.4,0.1,2.9,55237.65,11181.76,0.16357366868147322,0.1635736686814727,0.3177664347449604,0.999000000000001,0.16357366868147288,0.3177664347449604,0.5147606883425481,Decrescente
5204508,GO,2017,84900,Caldas Novas,2337684000,63994103,6505,5.7,4.9,0.1,0.6,27534.56,9837.68,0.26497721343303726,0.2649772134330841,0.41816628689143914,0.998999999999999,0.264977213433038,0.41816628689143936,0.633664696890853,Crescente
5204656,GO,2017,3740,Campinaçu,51925000,2810926,425,5.2,4.8,1.4,1.1,13883.69,6613.94,0.47217563457845546,0.4721756345784619,0.6352065274723788,0.9889999999999998,0.4721756345784551,0.6352065274723788,0.7433419118933525,Decrescente
5204904,GO,2017,19786,Campos Belos,261632000,15596947,2399,5.3,4.4,0.4,3.5,13223.09,6501.44,0.4635186164879355,0.46351861648793696,0.5892914103522868,0.9960000000000021,0.4635186164879357,0.5892914103522867,0.7865694431399186,Crescente
5205109,GO,2017,102393,Catalão,6234400000,71948079,4373,6.6,5.1,0.2,2.4,60886.97,16452.8,0.14780144621811575,0.14780144621812086,0.21839527120091828,0.9980000000000017,0.14780144621814092,0.21839527120091765,0.6767612018583592,Crescente
5205471,GO,2017,9110,Chapadão do Céu,995607000,15651838,1639,6.7,5.8,0.0,0.0,109287.27,9549.63,0.10477812525029101,0.10477812525028402,0.6594585248099206,1.0,0.10477812525028153,0.6594585248099206,0.15888508724713474,Decrescente
5205497,GO,2017,66777,Cidade Ocidental,742656000,54884358,8556,5.0,4.3,0.5,0.8,11121.43,6414.72,0.5237384021285603,0.523738402128558,0.6879418830112063,0.9950000000000042,0.5237384021285599,0.6879418830112061,0.7613119873383676,Crescente
5205513,GO,2017,19583,Cocalzinho de Goiás,301347000,18198017,2873,5.8,4.6,0.4,0.1,15388.19,6334.15,0.4539411894281981,0.4539411894281982,0.7244018208909818,0.9989999999999892,0.45394118942819817,0.7244018208909817,0.6266428056045894,Crescente
5206206,GO,2017,55347,Cristalina,2294295000,62659526,6989,5.7,5.2,0.6,1.4,41452.92,8965.45,0.20298965324296148,0.2029896532430129,0.3598575390455109,0.9939999999999997,0.20298965324296114,0.3598575390455106,0.5640833697172857,Crescente
5206305,GO,2017,3029,Cristianópolis,72099000,4690831,572,5.4,4.8,0.0,2.6,23802.91,8200.75,0.29905967151469554,0.29905967151468643,0.5025557224272981,1.0,0.2990596715146959,0.5025557224272978,0.5950776365061863,Crescente
5207352,GO,2017,3809,Edealina,267719000,4603196,534,5.8,4.6,0.0,7.1,70285.9,8620.22,0.13071192669635023,0.13071192669635573,0.2938406613107515,1.0,0.13071192669635057,0.2938406613107516,0.4448394790335559,Crescente
5207501,GO,2017,3379,Estrela do Norte,49312000,2860177,324,6.1,5.8,0.0,0.0,14593.67,8827.71,0.5039438659074655,0.503943865907423,0.7290414793570787,1.0,0.503943865907467,0.7290414793570791,0.6912416922448357,Crescente
5208004,GO,2017,115789,Formosa,2307202000,75613517,11062,5.2,3.8,0.5,2.3,19925.92,6835.43,0.3329602495464316,0.332960249546431,0.4798085969774128,0.9950000000000049,0.33296024954643155,0.4798085969774128,0.6939439010554158,Decrescente
5208152,GO,2017,3777,Gameleira de Goiás,137564000,5640183,539,5.1,5.2,0.0,0.3,36421.5,10464.16,0.21993072063417785,0.2199307206341862,0.41696486802056615,1.0,0.21993072063417815,0.4169648680205655,0.5274562379277722,Crescente
5208707,GO,2017,1466105,Goiânia,49049178000,823755334,66856,5.8,4.7,0.7,1.7,33455.43,12321.34,0.2166011503898309,0.21660115038984004,0.2920157059789544,0.9930000000000009,0.21660115038983063,0.2920157059789545,0.7417448649335368,Crescente
5208806,GO,2017,41169,Goianira,894441000,33862733,4486,5.7,4.4,0.6,1.6,21726.08,7548.54,0.3334401301006815,0.33344013010055273,0.46242591301910446,0.9940000000000017,0.33344013010068146,0.46242591301910413,0.7210671390011526,Crescente
5209101,GO,2017,34312,Goiatuba,1539601000,42892546,2328,5.9,4.1,0.2,0.0,44870.63,18424.63,0.15832082654478472,0.15832082654478813,0.27380147710379066,1.0,0.1583208265447847,0.2738014771037906,0.5782321856677552,Crescente
5209408,GO,2017,4145,Guarani de Goiás,51948000,4606892,423,5.3,3.7,0.3,0.0,12532.69,10891.0,0.4260608623184221,0.42606086231842094,0.5110208756364563,1.0,0.4260608623184243,0.5110208756364562,0.8337445349718446,Crescente
5209937,GO,2017,6148,Inaciolândia,228575000,7552065,748,6.1,5.6,0.0,2.0,37178.76,10096.34,0.234522312214174,0.2345223122141403,0.44482209762545066,1.0,0.23452231221417338,0.44482209762545066,0.5272272071601232,Decrescente
5210000,GO,2017,52311,Inhumas,1119164000,28627149,2732,6.2,4.8,0.1,2.4,21394.43,10478.46,0.3277961559860493,0.3277961559860378,0.42295684696461744,0.9989999999999997,0.32779615598604944,0.42295684696461755,0.775010874841024,Crescente
5210109,GO,2017,26747,Ipameri,1357816000,23448898,1880,6.1,5.7,0.1,4.4,50765.17,12472.82,0.1779712216433138,0.17797122164331605,0.3278905344607722,0.9989999999999997,0.1779712216433182,0.3278905344607722,0.5427763321560773,Decrescente
5210406,GO,2017,40872,Itaberaí,1264393000,30663522,3551,7.0,4.8,0.0,0.1,30935.43,8635.18,0.30595921039800344,0.30595921039803453,0.5580991509920131,1.0,0.30595921039800356,0.5580991509920131,0.5482165845516256,Decrescente
5210901,GO,2017,21691,Itapaci,331348000,11988446,1606,6.0,5.1,0.4,0.3,15275.83,7464.79,0.4572284146160567,0.45722841461604,0.626601901971161,0.9969999999999973,0.45722841461605623,0.626601901971161,0.7296952230398758,Decrescente
5212105,GO,2017,7468,Joviânia,218829000,6366547,705,6.2,5.6,0.2,0.5,29302.22,9030.56,0.290292938977927,0.2902929389779262,0.4553287107911397,0.9979999999999994,0.2902929389779251,0.4553287107911396,0.6375458698256457,Crescente
5212204,GO,2017,19239,Jussara,440456000,15256116,960,6.5,5.6,0.1,0.7,22893.91,15891.79,0.2954759982064069,0.2954759982064113,0.33482109071145166,0.9989999999999999,0.2954759982064069,0.33482109071145166,0.8824892051410456,Decrescente
5213087,GO,2017,30696,Minaçu,912556000,25276839,2222,6.1,4.6,0.4,1.5,29728.82,11375.72,0.25295126837108106,0.2529512683710846,0.331957202389524,0.9960000000000004,0.2529512683710817,0.3319572023895239,0.7619996389602776,Crescente
5213707,GO,2017,8236,Montes Claros de Goiás,258763000,8074126,780,6.1,5.5,0.0,0.3,31418.53,10351.44,0.26218243660179497,0.26218243660179613,0.4642377213264972,1.0,0.26218243660179585,0.46423772132649654,0.5647590115095423,Crescente
5213756,GO,2017,12566,Montividiu,774097000,16350018,1411,6.1,4.6,0.2,0.8,61602.5,11587.54,0.14635361984239442,0.1463536198420581,0.25415903758429503,0.9980000000000167,0.14635361984239628,0.2541590375842949,0.5758348049844751,Crescente
5213806,GO,2017,45382,Morrinhos,1275042000,25015197,2317,6.7,5.5,0.7,5.6,28095.76,10796.37,0.2940181595453206,0.2940181595453211,0.35289892305880843,0.9929999999999977,0.2940181595453214,0.3528989230588083,0.8331511952399024,Crescente
5214002,GO,2017,15125,Mozarlândia,535343000,12159470,1499,5.6,4.5,1.8,7.1,35394.58,8111.72,0.2244170054828947,0.22441700548289134,0.2686116813525649,0.981999999999996,0.22441700548289428,0.26861168135256497,0.8354700151269195,Crescente
5214507,GO,2017,28271,Nerópolis,735497000,25383864,2613,5.8,4.7,0.2,2.6,26015.95,9714.45,0.27733160906730275,0.2773316090673205,0.3983032585351161,0.9979999999999997,0.2773316090673022,0.3983032585351161,0.6962825513586703,Decrescente
5214606,GO,2017,45913,Niquelândia,1001427000,43521827,2895,5.6,4.6,0.5,1.2,21811.4,15033.45,0.26812461277343413,0.2681246127734306,0.30418254476378953,0.9950000000000107,0.2681246127734342,0.30418254476378953,0.8814595623218423,Decrescente
5214838,GO,2017,12810,Nova Crixás,355141000,14217697,1270,5.1,4.1,0.4,5.9,27723.73,11195.04,0.22525636604575636,0.22525636604575117,0.30806240166936927,0.9959999999999938,0.2252563660457562,0.30806240166936905,0.7312036938786018,Crescente
5215306,GO,2017,15472,Orizona,485431000,11618646,1239,6.3,5.1,0.8,1.5,31374.81,9377.44,0.2666446172151095,0.266644617215091,0.3765175762746934,0.9920000000000033,0.26664461721510935,0.37651757627469334,0.7081863743342898,Crescente
5215603,GO,2017,32148,Padre Bernardo,486212000,32724322,4456,5.0,4.5,1.1,3.4,15124.18,7343.88,0.40412961200310193,0.4041296120031022,0.4623786642061631,0.9890000000000004,0.40412961200310166,0.4623786642061631,0.8740230535873312,Decrescente
5216403,GO,2017,11221,Paraúna,904073000,12660621,984,6.1,5.5,0.0,0.4,80569.74,12866.48,0.11560050007388852,0.11560050007389205,0.28722903315851667,1.0,0.11560050007389187,0.2872290331585165,0.40246801934569976,Crescente
5217203,GO,2017,11022,Piranhas,362805000,7832885,630,5.9,5.0,0.6,2.3,32916.44,12433.15,0.2244507727840566,0.22445077278402287,0.2919367312819273,0.9940000000000012,0.2244507727840567,0.29193673128192726,0.7688336161005427,Crescente
5217609,GO,2017,88863,Planaltina,1017599000,79033814,12217,5.2,4.0,0.8,2.5,11451.32,6469.17,0.5142337735348848,0.5142337735348795,0.5797345643979606,0.9919999999999844,0.514233773534885,0.5797345643979605,0.8870158950569099,Crescente
5217708,GO,2017,17991,Pontalina,500150000,11413279,1237,5.9,4.9,1.3,1.0,27800.01,9226.58,0.2737882955925773,0.2737882955925607,0.4101958103677061,0.990000000000005,0.27378829559257734,0.41019581036770625,0.6674575621509861,Crescente
5218003,GO,2017,45305,Porangatu,921992000,30338271,3085,5.3,4.4,0.4,1.7,20350.78,9834.12,0.3043173243482678,0.3043173243482707,0.40472413609431085,0.9960000000000009,0.3043173243482678,0.4047241360943107,0.7519129629505324,Crescente
5218300,GO,2017,35574,Posse,494560000,27474647,3552,6.5,5.5,0.3,1.0,13902.29,7734.98,0.520153121566101,0.5201531215661215,0.6122347312240839,0.9969999999999998,0.520153121566101,0.612234731224084,0.8495975400254121,Crescente
5218508,GO,2017,48508,Quirinópolis,1674391000,32389631,3683,6.7,5.4,0.3,0.4,34517.83,8794.36,0.26857304359574535,0.26857304359573064,0.4293078283558075,0.9970000000000071,0.26857304359574,0.4293078283558074,0.6255954954847779,Crescente
5218789,GO,2017,4112,Rio Quente,307176000,5801785,457,5.4,4.6,1.0,0.7,74702.33,12695.37,0.10886020126017339,0.10886020126018388,0.22139071099889127,0.9930000000000002,0.1088602012601727,0.22139071099889102,0.4917107893506813,Crescente
5218805,GO,2017,217048,Rio Verde,9502776000,294917500,17355,7.1,5.5,0.0,0.1,43781.91,16993.23,0.19906171937095862,0.19906171937090214,0.31400582647381875,1.0,0.19906171937095798,0.31400582647381886,0.6339427570703248,Crescente
5218904,GO,2017,19994,Rubiataba,422121000,16736929,1324,7.5,6.2,0.1,0.0,21112.38,12641.19,0.38039718808894657,0.38039718808894174,0.6747728885101364,1.0,0.3803971880889466,0.6747728885101364,0.5637410669074804,Decrescente
5219704,GO,2017,9622,Santa Terezinha de Goiás,130882000,7043126,873,5.9,5.6,0.0,2.6,13602.37,8067.73,0.5254752492243772,0.5254752492243753,0.6679526120728632,1.0,0.5254752492243807,0.6679526120728627,0.7866954028275528,Crescente
5219753,GO,2017,71887,Santo Antônio do Descoberto,653446000,54224515,8345,4.6,4.1,0.7,2.6,9089.9,6497.84,0.5930403127223026,0.5930403127222993,0.641356769130244,0.993,0.5930403127223025,0.6413567691302435,0.9246652429139179,Crescente
5219803,GO,2017,12585,São Domingos,147985000,9510823,966,5.3,4.7,0.3,7.6,11758.84,9845.57,0.46512578475142147,0.4651257847514198,0.5116809209535658,0.9970000000000024,0.46512578475142136,0.5116809209535654,0.9090152978239165,Crescente
5220108,GO,2017,33118,São Luís de Montes Belos,830761000,20260099,1748,6.4,5.0,0.0,0.0,25084.88,11590.45,0.29495747982560655,0.29495747982507237,0.4670429103269266,1.0,0.29495747982560644,0.46704291032692685,0.6315425698660933,Crescente
5220264,GO,2017,4037,São Miguel do Passa Quatro,135671000,4715860,562,4.7,4.8,0.3,0.0,33606.89,8391.21,0.22576100318923265,0.22576100318924053,0.55239470827208,1.0,0.22576100318923048,0.55239470827208,0.40869508669883,Decrescente
5220405,GO,2017,19697,São Simão,1793947000,22458555,1929,6.4,5.4,0.4,1.6,91077.17,11642.59,0.11067879478377364,0.11067879478380988,0.2913954645897458,0.9960000000000004,0.11067879478378047,0.2913954645897456,0.37982332683042186,Crescente
5220454,GO,2017,105459,Senador Canedo,3383026000,113880875,15521,5.6,4.2,0.8,3.7,32079.06,7337.21,0.2477226291214487,0.24772262912145165,0.33698310137122756,0.9919999999999954,0.24772262912144544,0.3369831013712272,0.735118847542899,Crescente
5221403,GO,2017,121266,Trindade,2065331000,50749203,6890,5.7,4.7,0.8,1.0,17031.41,7365.63,0.397896042377911,0.3978960423779307,0.5555304913125458,0.9920000000000027,0.397896042377911,0.555530491312546,0.71624519013854,Crescente
5221551,GO,2017,5050,Turvelândia,390997000,6911056,710,5.7,4.8,0.0,2.1,77425.15,9733.88,0.11622175930753055,0.11622175930752782,0.27875827744462517,1.0,0.11622175930752864,0.2787582774446251,0.4169266662605841,Crescente
5221577,GO,2017,2961,Uirapuru,44365000,3834011,320,5.3,5.0,0.0,0.9,14983.11,11981.28,0.3860368539796527,0.38603685397965576,0.4444840402352523,1.0,0.38603685397965265,0.4444840402352518,0.8685055458354248,Crescente
5221601,GO,2017,40082,Uruaçu,805178000,19365620,1709,6.3,4.9,0.1,0.7,20088.27,11331.55,0.3355155649270229,0.3355155649270236,0.41858781374764137,0.9990000000000008,0.335515564927023,0.4185878137476415,0.8015416452837751,Crescente
5221700,GO,2017,14195,Uruana,213196000,7574877,758,6.4,5.2,0.2,0.5,15019.09,9993.24,0.4347049809780367,0.43470498097803767,0.5015548520083455,0.9980000000000006,0.43470498097803656,0.5015548520083455,0.8667147356612623,Decrescente
5221858,GO,2017,159500,Valparaíso de Goiás,2493363000,112641313,16540,5.2,4.1,0.6,2.0,15632.37,6810.24,0.4003385062387773,0.4003385062387779,0.5263853819394515,0.9940000000000058,0.4003385062387772,0.5263853819394516,0.7605425985876391,Crescente
5222054,GO,2017,8397,Vicentinópolis,350839000,5937027,930,6.7,5.5,0.6,0.0,41781.47,6383.9,0.2458847708662265,0.24588477086622434,0.9426560181685019,1.0,0.24588477086626076,0.9426560181685019,0.26084251956929005,Decrescente
